approval_no,name,company_name,country,region,city,address,latitude,longitude,geocode_confidence,geocode_formatted,scope,primary_species,email,phone,website,business_no,status,verified,verification_level,admin_notes
A51,Fjordfisk As   Son Fiskemottak (Mattilsynet #A51),Fjordfisk As   Son Fiskemottak,Norway,,Son,"Storgata 23, 1555 Son, Norway",59.523989,10.686404,10,"Storgata 23, 1555 Son, Norway",FFPP,,,,,915067506,approved,true,documentation_verified,Mattilsynet approved establishment #A51. Scope: Fresh fishery products processing. Business #915067506.
A232,Mowi Logistics (Mattilsynet #A232),Mowi Logistics,Norway,,Gardermoen,"Kurillvegen 8, 2060 Gardermoen, Norway",60.175377,11.133497,10,"Kurillvegen 8, 2060 Gardermoen, Norway",RW,,,,,993493791,approved,true,documentation_verified,Mattilsynet approved establishment #A232. Scope: Rewrapping/relabelling. Business #993493791.
A234,Faun Pharma As (Mattilsynet #A234),Faun Pharma As,Norway,,Vestby,"Støttumveien 9, 1543 Vestby, Norway",59.605947,10.750712,10,"Støttumveien 9B, 1543 Vestby, Norway",PP-MA,,,,,983386156,approved,true,documentation_verified,Mattilsynet approved establishment #A234. Scope: Processing plant - marine animal products. Business #983386156.
A240,Norway King Crab Hub As (Mattilsynet #A240),Norway King Crab Hub As,Norway,,Oppaker,"Industrivegen 27, 2166 Oppaker, Norway",60.190479,11.545815,10,"Industrivegen 27, 2166 Oppaker, Norway",PP-C,,,,,914075890,approved,true,documentation_verified,Mattilsynet approved establishment #A240. Scope: Processing plant - crustacean. Business #914075890.
A241,Alimenta As Avd Produksjon (Mattilsynet #A241),Alimenta As Avd Produksjon,Norway,,Frogner,"Jeksleveien 2, 2016 Frogner, Norway",60.040379,11.12043,10,"Jeksleveien 2, 2016 Frogner, Norway",RW,,,,,926457896,approved,true,documentation_verified,Mattilsynet approved establishment #A241. Scope: Rewrapping/relabelling. Business #926457896.
A242,Vitalis Pharma (Mattilsynet #A242),Vitalis Pharma,Norway,,Asker,"Drengsrudhagen 6, 1385 Asker, Norway",59.8248152,10.401294,10,"Drengsrudhagen 6, 1385 Asker, Norway",PP-MA,,,,,821099412,approved,true,documentation_verified,Mattilsynet approved establishment #A242. Scope: Processing plant - marine animal products. Business #821099412.
A244,Sanomega E&E As (Mattilsynet #A244),Sanomega E&E As,Norway,,Son,"Sagaveien 50, 1555 Son, Norway",59.5245067,10.6887706,10,"Sagaveien 50, 1555 Son, Norway",PP-MA,,,,,932869624,approved,true,documentation_verified,Mattilsynet approved establishment #A244. Scope: Processing plant - marine animal products. Business #932869624.
A245,Maskinpakking As (Mattilsynet #A245),Maskinpakking As,Norway,,Åros,"Johan Follestads Vei 18, 3474 Åros, Norway",59.695543,10.492434,10,"Johan Follestads vei 18, 3474 Åros, Norway",RW,,,,,974092557,approved,true,documentation_verified,Mattilsynet approved establishment #A245. Scope: Rewrapping/relabelling. Business #974092557.
A246,Oslo Salmon Processing As Avd. Gardemoen (Mattilsynet #A246),Oslo Salmon Processing As Avd. Gardemoen,Norway,,Gardermoen,"Maren Furulunds Veg 20b, 2060 Gardermoen, Norway",60.174736,11.136295,10,"Maren Furulunds veg 20B, 2060 Gardermoen, Norway",FFPP-P,,,,,936316611,approved,true,documentation_verified,Mattilsynet approved establishment #A246. Scope: Fresh fishery products processing - pelagic. Business #936316611.
AA61,Fiskernes Salgslag (Mattilsynet #AA61),Fiskernes Salgslag,Norway,,Grimstad,"Storg 2, 4876 Grimstad, Norway",58.3405,8.5934,7,"4876 Nordland, Norway","FFPP, FFPP-P",,,,,971687347,approved,true,documentation_verified,"Mattilsynet approved establishment #AA61. Scope: Fresh fishery products processing, Fresh fishery products processing - pelagic. Business #971687347."
AA74,Arendal Fiskemottak As (Mattilsynet #AA74),Arendal Fiskemottak As,Norway,,Arendal,"Kystveien 28, 4841 Arendal, Norway",58.461733,8.777141,10,"Kystveien 28, 4841 Arendal, Norway","FFPP, FFPP-P",,,,,983597564,approved,true,documentation_verified,"Mattilsynet approved establishment #AA74. Scope: Fresh fishery products processing, Fresh fishery products processing - pelagic. Business #983597564."
AA202,Ferdigmat As (Mattilsynet #AA202),Ferdigmat As,Norway,,Arendal,"Holmen 6, 4842 Arendal, Norway",58.4713264,8.7982881,10,"Holmen 6, 4842 Arendal, Norway",PP,,,,,971783176,approved,true,documentation_verified,Mattilsynet approved establishment #AA202. Scope: Processing plant. Business #971783176.
AA415,Eco Marine As (Mattilsynet #AA415),Eco Marine As,Norway,,Kolbjørnsvik,"Langodden 14, 4816 Kolbjørnsvik, Norway",58.4475694,8.7757749,10,"Langodden 14, 4816 Kolbjørnsvik, Norway",PP-MA,,,,,993907367,approved,true,documentation_verified,Mattilsynet approved establishment #AA415. Scope: Processing plant - marine animal products. Business #993907367.
AA447,Hos Oss Lillesand As (Mattilsynet #AA447),Hos Oss Lillesand As,Norway,,Lillesand,"Havnegata 3, 4790 Lillesand, Norway",58.2477141,8.3779554,10,"Havnegata 3, 4790 Lillesand, Norway","FFPP, PP",,,,,919335068,approved,true,documentation_verified,"Mattilsynet approved establishment #AA447. Scope: Fresh fishery products processing, Processing plant. Business #919335068."
AG2,Maxi Catering As (Mattilsynet #AG2),Maxi Catering As,Norway,,Kristiansand S,"Stålveien 9, 4629 Kristiansand S, Norway",58.1465135,7.9599529,10,"Stålveien 9, 4629 Kristiansand, Norway",PP,,,,,924803096,approved,true,documentation_verified,Mattilsynet approved establishment #AG2. Scope: Processing plant. Business #924803096.
AG8,Fjord Service Flekkefjord As (Mattilsynet #AG8),Fjord Service Flekkefjord As,Norway,,Flekkefjord,"Abelnes 60, 4404 Flekkefjord, Norway",58.238769,6.655206,10,"Abelnes 60, 4404 Flekkefjord, Norway",FFPP-SA,,,,,916646410,approved,true,documentation_verified,Mattilsynet approved establishment #AG8. Scope: Fresh fishery products processing - salmon/aquaculture. Business #916646410.
AG10,Nødings Delikatesse (Mattilsynet #AG10),Nødings Delikatesse,Norway,,Mandal,"Sommerkroveien 5a, 4515 Mandal, Norway",58.026739,7.473829,10,"Sommerkroveien 5A, 4515 Mandal, Norway",FFPP-P,,,,,982958792,approved,true,documentation_verified,Mattilsynet approved establishment #AG10. Scope: Fresh fishery products processing - pelagic. Business #982958792.
AG18,Sirdal Stun As (Mattilsynet #AG18),Sirdal Stun As,Norway,,Tonstad,"Tonstadveien 9, 4440 Tonstad, Norway",58.6673065,6.7160264,10,"Tonstadveien 9, 4440 Tonstad, Norway",FFPP-SA,,,,,928697029,approved,true,documentation_verified,Mattilsynet approved establishment #AG18. Scope: Fresh fishery products processing - salmon/aquaculture. Business #928697029.
AG20,Domstein Sjømat As Avd Kristiansand (Mattilsynet #AG20),Domstein Sjømat As Avd Kristiansand,Norway,,Flekkerøy,"Østerøya 242, 4625 Flekkerøy, Norway",58.0780535,8.0136497,10,"Østerøya 242, 4625 Flekkerøy, Norway",FFPP,,,,,979195095,approved,true,documentation_verified,Mattilsynet approved establishment #AG20. Scope: Fresh fishery products processing. Business #979195095.
AG28,Rtka As (Mattilsynet #AG28),Rtka As,Norway,,Risør,"Hestemyrveien 24, 4950 Risør, Norway",58.713776,9.174089,10,"Hestemyrveien 24B, 4950 Risør, Norway",RW,,,,,930926957,approved,true,documentation_verified,Mattilsynet approved establishment #AG28. Scope: Rewrapping/relabelling. Business #930926957.
AG31,Sørlandskrabbe Avd Hæstad (Mattilsynet #AG31),Sørlandskrabbe Avd Hæstad,Norway,,Høvåg,"Kastoddveien 32, 4770 Høvåg, Norway",58.1699,8.2474,7,"4770 Nordland, Norway",PP-C,,,,,927414651,approved,true,documentation_verified,Mattilsynet approved establishment #AG31. Scope: Processing plant - crustacean. Business #927414651.
BU50,Hansens Røkeri As (Mattilsynet #BU50),Hansens Røkeri As,Norway,,Drammen,"Frydenhaugveien 2, 3041 Drammen, Norway",59.730042,10.218971,10,"Frydenhaugveien 2, 3041 Drammen, Norway","FFPP-P, PP",,,,,973133802,approved,true,documentation_verified,"Mattilsynet approved establishment #BU50. Scope: Fresh fishery products processing - pelagic, Processing plant. Business #973133802."
BU200,Torgersen Mat Og Pølsemakeri As (Mattilsynet #BU200),Torgersen Mat Og Pølsemakeri As,Norway,,Hokksund,"Stasjonsgata 34, 3300 Hokksund, Norway",59.7703017,9.9096067,10,"Stasjonsgata 34, 3300 Hokksund, Norway",PP,,,,,875395882,approved,true,documentation_verified,Mattilsynet approved establishment #BU200. Scope: Processing plant. Business #875395882.
BU242,Norgescatering As (Mattilsynet #BU242),Norgescatering As,Norway,,Tranby,"Dølasletta 3, 3408 Tranby, Norway",59.8178209,10.2737468,10,"Dølasletta 3, 3408 Tranby, Norway",PP,,,,,985684642,approved,true,documentation_verified,Mattilsynet approved establishment #BU242. Scope: Processing plant. Business #985684642.
BU308,Ferskvannsfisk As (Mattilsynet #BU308),Ferskvannsfisk As,Norway,,Krokkleiva,"Høgkastveien 24, 3531 Krokkleiva, Norway",60.0422731,10.2724531,10,"Høgkastveien 24, 3531 Krokkleiva, Norway","FFPP, PP",,,,,994171852,approved,true,documentation_verified,"Mattilsynet approved establishment #BU308. Scope: Fresh fishery products processing, Processing plant. Business #994171852."
BU309,Skarvheimen Fjellfisk Da (Mattilsynet #BU309),Skarvheimen Fjellfisk Da,Norway,,Ål,"V/Kirsti Skrattegard, 3570 Ål, Norway",60.6282,8.5628,7,"3570 Hedmark, Norway",PP,,,,,985347611,approved,true,documentation_verified,Mattilsynet approved establishment #BU309. Scope: Processing plant. Business #985347611.
F50,Willy Myhre (Mattilsynet #F50),Willy Myhre,Norway,,Varangerbotn,"Tufteveien 7, 9840 Varangerbotn, Norway",70.1559778,28.8552953,10,"Tufteveien 7, 9840 Varangerbotn, Norway",PP-ST,,,,,912135748,approved,true,documentation_verified,Mattilsynet approved establishment #F50. Scope: Processing plant - smoked/traditional. Business #912135748.
F55,Kirkenes Processing As (Mattilsynet #F55),Kirkenes Processing As,Norway,,Jarfjord,"Timberveien 85, 9911 Jarfjord, Norway",69.732419,30.107761,10,"Timberveien 85, 9911 Jarfjord, Norway","FFPP-P, FFPP-SA",,,,,990457719,approved,true,documentation_verified,"Mattilsynet approved establishment #F55. Scope: Fresh fishery products processing - pelagic, Fresh fishery products processing - salmon/aquaculture. Business #990457719."
F62,Gunnar Ingebrigtsen (Mattilsynet #F62),Gunnar Ingebrigtsen,Norway,,Kviby,"Storekorsnesveien 230, 9519 Kviby, Norway",70.2190276,23.2336589,10,"Storekorsnesveien 230, 9519 Kviby, Norway",PP-ST,,,,,,approved,true,documentation_verified,Mattilsynet approved establishment #F62. Scope: Processing plant - smoked/traditional.
F69,Norway Shrimp As (Mattilsynet #F69),Norway Shrimp As,Norway,,Bugøynes,"nan, 9935 Bugøynes, Norway",69.972965,29.6420545,7,"Bugøynes - Buođggák - Pykeijä, Finnmark, Norway","FFPP, FFPP-P, PP-C",,,,,976273052,approved,true,documentation_verified,"Mattilsynet approved establishment #F69. Scope: Fresh fishery products processing, Fresh fishery products processing - pelagic, Processing plant - crustacean. Business #976273052."
F90,Kranes Kjøkken As (Mattilsynet #F90),Kranes Kjøkken As,Norway,,Breivikbotn,"Strandgaten 21, 9593 Breivikbotn, Norway",70.5887,22.2849,7,"9593 Vestfold, Norway","FFPP-P, PP",,,,,994325361,approved,true,documentation_verified,"Mattilsynet approved establishment #F90. Scope: Fresh fishery products processing - pelagic, Processing plant. Business #994325361."
F100,Vardø Videregående Skole (Mattilsynet #F100),Vardø Videregående Skole,Norway,,Vardø,"Kaigata 6, 9952 Vardø, Norway",70.371646,31.103855,10,"Kaigata 6, 9952 Vardø, Norway","FFPP, FFPP-P, PP-KL, PP-SA, PP-ST",,,,,974622777,approved,true,documentation_verified,"Mattilsynet approved establishment #F100. Scope: Fresh fishery products processing, Fresh fishery products processing - pelagic, PP-KL, PP-SA, Processing plant - smoked/traditional. Business #974622777."
F101,Seagourmet Norway As (Mattilsynet #F101),Seagourmet Norway As,Norway,,Båtsfjord,"Havnegata 16, 9990 Båtsfjord, Norway",70.63797,29.731743,10,"Havnegata 16, 9990 Båtsfjord, Norway","FFPP, FFPP-P, PP-C",,,,,994572709,approved,true,documentation_verified,"Mattilsynet approved establishment #F101. Scope: Fresh fishery products processing, Fresh fishery products processing - pelagic, Processing plant - crustacean. Business #994572709."
F104,Arctic Catch As (Mattilsynet #F104),Arctic Catch As,Norway,,Vardø,"Svartneset, 9950 Vardø, Norway",70.3705,31.1107,7,"9950 Vestfold, Norway","FFPP, PP",,,,,993277525,approved,true,documentation_verified,"Mattilsynet approved establishment #F104. Scope: Fresh fishery products processing, Processing plant. Business #993277525."
F106,Hansen Bjarne (Mattilsynet #F106),Hansen Bjarne,Norway,,Bugøynes,"Vestersandveien 4, 9935 Bugøynes, Norway",69.971786,29.632924,10,"Vestersandveien 4, 9935 Bugøynes, Norway",PP-ST,,,,,998952301,approved,true,documentation_verified,Mattilsynet approved establishment #F106. Scope: Processing plant - smoked/traditional. Business #998952301.
F158,Arctic Catch As (Mattilsynet #F158),Arctic Catch As,Norway,,Vardø,"Svartneset, 9950 Vardø, Norway",70.3705,31.1107,7,"9950 Vestfold, Norway","FFPP, FFPP-P, PP-C",,,,,993277525,approved,true,documentation_verified,"Mattilsynet approved establishment #F158. Scope: Fresh fishery products processing, Fresh fishery products processing - pelagic, Processing plant - crustacean. Business #993277525."
F161,Lerøy Norway Seafoods As Avd Båtsfjord (Mattilsynet #F161),Lerøy Norway Seafoods As Avd Båtsfjord,Norway,,Båtsfjord,"Holmen, 9990 Båtsfjord, Norway",70.6313012,29.7213964,9,"Nedre Holmen, 9990 Båtsfjord, Norway","FFPP, FFPP-P, MSM, PP, PP-SA",,,,,974071037,approved,true,documentation_verified,"Mattilsynet approved establishment #F161. Scope: Fresh fishery products processing, Fresh fishery products processing - pelagic, MSM, Processing plant, PP-SA. Business #974071037."
F162,Båtsfjordbruket As (Mattilsynet #F162),Båtsfjordbruket As,Norway,,Båtsfjord,"Fomavegen 7, 9990 Båtsfjord, Norway",70.633539,29.719066,10,"Fomavegen 7, 9990 Båtsfjord, Norway","FFPP, FFPP-P, PP, PP-C",,,,,973235885,approved,true,documentation_verified,"Mattilsynet approved establishment #F162. Scope: Fresh fishery products processing, Fresh fishery products processing - pelagic, Processing plant, Processing plant - crustacean. Business #973235885."
F201,Coast Berlevåg As (Mattilsynet #F201),Coast Berlevåg As,Norway,,Berlevåg,"Samfunnsgata 12, 9981 Berlevåg, Norway",70.8553781,29.0823382,9,"Samfunnsgata, 9980 Berlevåg, Norway","FFPP, PP, PP-C",,,,,889886102,approved,true,documentation_verified,"Mattilsynet approved establishment #F201. Scope: Fresh fishery products processing, Processing plant, Processing plant - crustacean. Business #889886102."
F202,Lerøy Norway Seafoods As Avd Berlevåg (Mattilsynet #F202),Lerøy Norway Seafoods As Avd Berlevåg,Norway,,Berlevåg,"Storgata 18a, 9980 Berlevåg, Norway",70.8584072,29.087707,10,"Storgata 18A, 9980 Berlevåg, Norway","FFPP, FFPP-P, PP",,,,,986004475,approved,true,documentation_verified,"Mattilsynet approved establishment #F202. Scope: Fresh fishery products processing, Fresh fishery products processing - pelagic, Processing plant. Business #986004475."
F205,Berle Fisk As (Mattilsynet #F205),Berle Fisk As,Norway,,Berlevåg,"Storgata 22 Postboks 310, 9980 Berlevåg, Norway",70.8588098,29.0911219,10,"Storgata 22, 9980 Berlevåg, Norway","FFPP, FFPP-P",,,,,974453614,approved,true,documentation_verified,"Mattilsynet approved establishment #F205. Scope: Fresh fishery products processing, Fresh fishery products processing - pelagic. Business #974453614."
F226,Skjånesbruket (Mattilsynet #F226),Skjånesbruket,Norway,,Skjånes,"Skjånes Kai, 9771 Skjånes, Norway",70.800956,28.099633,9,"Skjånes kai, 8074, 9771 Skjånes, Norway","FFPP, FFPP-P, PP, PP-C, PP-ST",,,,,974097532,approved,true,documentation_verified,"Mattilsynet approved establishment #F226. Scope: Fresh fishery products processing, Fresh fishery products processing - pelagic, Processing plant, Processing plant - crustacean, Processing plant - smoked/traditional. Business #974097532."
F242,North Cape Food As Avd Gjesvær (Mattilsynet #F242),North Cape Food As Avd Gjesvær,Norway,,Gjesvær,"Kobbenesvegen 4, 9765 Gjesvær, Norway",71.098914,25.3923062,10,"Kobbenesvegen 4, 9765 Gjesvær, Norway","FFPP, FFPP-P",,,,,931617168,approved,true,documentation_verified,"Mattilsynet approved establishment #F242. Scope: Fresh fishery products processing, Fresh fishery products processing - pelagic. Business #931617168."
F243,Gamst Shilova As (Mattilsynet #F243),Gamst Shilova As,Norway,,Vadsø,"Ørtangen 12, 9800 Vadsø, Norway",70.070481,29.749856,10,"Ørtangen 12, 9800 Vadsø, Norway",FFPP,,,,,925805211,approved,true,documentation_verified,Mattilsynet approved establishment #F243. Scope: Fresh fishery products processing. Business #925805211.
F251,Isanlegget As (Mattilsynet #F251),Isanlegget As,Norway,,Mehamn,"Industriveien, 9770 Mehamn, Norway",71.0357,27.8492,7,"9770 Vestfold, Norway","FFPP, PP",,,,,982123224,approved,true,documentation_verified,"Mattilsynet approved establishment #F251. Scope: Fresh fishery products processing, Processing plant. Business #982123224."
F260,Lerøy Norway Seafoods As Avd Kjøllefjord (Mattilsynet #F260),Lerøy Norway Seafoods As Avd Kjøllefjord,Norway,,Kjøllefjord,"Strandveien 79/81, 9790 Kjøllefjord, Norway",70.9457025,27.3420104,9,"Strandvegen, 9790 Kjøllefjord, Norway","FFPP, FFPP-P, PP, PP-C, PP-SA",,,,,971655534,approved,true,documentation_verified,"Mattilsynet approved establishment #F260. Scope: Fresh fishery products processing, Fresh fishery products processing - pelagic, Processing plant, Processing plant - crustacean, PP-SA. Business #971655534."
F261,Nordkyn Eiendom As (Mattilsynet #F261),Nordkyn Eiendom As,Norway,,Mehamn,"Værveien 71, 9770 Mehamn, Norway",71.037166,27.8490383,10,"Værveien 71, 9770 Mehamn, Norway","FFPP, FFPP-P, PP, PP-C, PP-SA, PP-ST",,,,,985951373,approved,true,documentation_verified,"Mattilsynet approved establishment #F261. Scope: Fresh fishery products processing, Fresh fishery products processing - pelagic, Processing plant, Processing plant - crustacean, PP-SA, Processing plant - smoked/traditional. Business #985951373."
F293,Storbukt Fiskeindustri As Avd Hovedanlegg Honningsvåg (Mattilsynet #F293),Storbukt Fiskeindustri As Avd Hovedanlegg Honningsvåg,Norway,,Honningsvåg,"Nordkappveien 2b, 9750 Honningsvåg, Norway",70.9919882,25.9670145,10,"Nordkappveien 2B, 9750 Honningsvåg, Norway","FFPP, PP-C, PP-SA, PP-ST",,,,,974200201,approved,true,documentation_verified,"Mattilsynet approved establishment #F293. Scope: Fresh fishery products processing, Processing plant - crustacean, PP-SA, Processing plant - smoked/traditional. Business #974200201."
F295,Gamvik Seafood As (Mattilsynet #F295),Gamvik Seafood As,Norway,,Gamvik,"Strandveien 16, 9775 Gamvik, Norway",71.0630828,28.2600867,10,"Strandveien 16, 9775 Gamvik, Norway","FFPP, FFPP-P, PP",,,,,995736586,approved,true,documentation_verified,"Mattilsynet approved establishment #F295. Scope: Fresh fishery products processing, Fresh fishery products processing - pelagic, Processing plant. Business #995736586."
F313,Nordvågen As Avd Nordvågen (Mattilsynet #F313),Nordvågen As Avd Nordvågen,Norway,,Nordvågen,"Hovedveien 45, 9760 Nordvågen, Norway",70.9838186,26.0305957,10,"Hovedveien 45, 9760 Nordvågen, Norway","FFPP, FFPP-P, PP, PP-C, PP-SA, PP-ST",,,,,976772172,approved,true,documentation_verified,"Mattilsynet approved establishment #F313. Scope: Fresh fishery products processing, Fresh fishery products processing - pelagic, Processing plant, Processing plant - crustacean, PP-SA, Processing plant - smoked/traditional. Business #976772172."
F323,Storbukt Fiskeindustri As Avd Hovedanlegg Honningsvåg (Mattilsynet #F323),Storbukt Fiskeindustri As Avd Hovedanlegg Honningsvåg,Norway,,Honningsvåg,"Nordkappveien 2b, 9750 Honningsvåg, Norway",70.9919882,25.9670145,10,"Nordkappveien 2B, 9750 Honningsvåg, Norway","FFPP, FFPP-P, PP-C, PP-SA, PP-ST",,,,,974200201,approved,true,documentation_verified,"Mattilsynet approved establishment #F323. Scope: Fresh fishery products processing, Fresh fishery products processing - pelagic, Processing plant - crustacean, PP-SA, Processing plant - smoked/traditional. Business #974200201."
F343,Jangaard Export As Avd Gjesvær (Mattilsynet #F343),Jangaard Export As Avd Gjesvær,Norway,,Gjesvær,"Kobbenesvegen 27, 9765 Gjesvær, Norway",71.0972662,25.398429,10,"Kobbenesvegen 27, 9765 Gjesvær, Norway","FFPP, FFPP-P, PP, PP-SA",,,,,980122247,approved,true,documentation_verified,"Mattilsynet approved establishment #F343. Scope: Fresh fishery products processing, Fresh fishery products processing - pelagic, Processing plant, PP-SA. Business #980122247."
F348,Even Harald Einarsen (Mattilsynet #F348),Even Harald Einarsen,Norway,,Varangerbotn,"Mortensnes, 9840 Varangerbotn, Norway",70.1728,28.556,7,"9840 Vestfold, Norway",PP-ST,,,,,,approved,true,documentation_verified,Mattilsynet approved establishment #F348. Scope: Processing plant - smoked/traditional.
F352,Tobø Fisk As (Mattilsynet #F352),Tobø Fisk As,Norway,,Havøysund,"Strandgata 105, 9690 Havøysund, Norway",70.9949737,24.6827739,10,"Strandgata 105, 9690 Havøysund, Norway","FFPP, FFPP-P, PP, PP-SA",,,,,974084376,approved,true,documentation_verified,"Mattilsynet approved establishment #F352. Scope: Fresh fishery products processing, Fresh fishery products processing - pelagic, Processing plant, PP-SA. Business #974084376."
F357,Aalesundfisk Skarsvåg As (Mattilsynet #F357),Aalesundfisk Skarsvåg As,Norway,,Skarsvåg,"Børnesveien 52, 9763 Skarsvåg, Norway",71.1141162,25.8321214,10,"Børnesveien 52, 9763 Skarsvåg, Norway","FFPP, FFPP-P, PP, PP-SA, PP-ST",,,,,917855374,approved,true,documentation_verified,"Mattilsynet approved establishment #F357. Scope: Fresh fishery products processing, Fresh fishery products processing - pelagic, Processing plant, PP-SA, Processing plant - smoked/traditional. Business #917855374."
F377,Tufjordbruket As (Mattilsynet #F377),Tufjordbruket As,Norway,,Tufjord,"nan, 9670 Tufjord, Norway",71.0050632,23.9089886,7,"Tufjord, Finnmark, Norway","FFPP, PP, PP-MA, PP-SA, PP-ST",,,,,989697838,approved,true,documentation_verified,"Mattilsynet approved establishment #F377. Scope: Fresh fishery products processing, Processing plant, Processing plant - marine animal products, PP-SA, Processing plant - smoked/traditional. Business #989697838."
F405,Øystein Kristiansen (Mattilsynet #F405),Øystein Kristiansen,Norway,,Varangerbotn,"Perlarsenvik, 9840 Varangerbotn, Norway",70.1728,28.556,7,"9840 Vestfold, Norway",PP-ST,,,,,973588737,approved,true,documentation_verified,Mattilsynet approved establishment #F405. Scope: Processing plant - smoked/traditional. Business #973588737.
F412,Lerøy Norway Seafoods As Avd Rypefjord (Mattilsynet #F412),Lerøy Norway Seafoods As Avd Rypefjord,Norway,,Rypefjord,"Havneveien 44, 9610 Rypefjord, Norway",70.6347734,23.6640032,10,"Havneveien 44, 9610 Rypefjord, Norway","FFPP, FFPP-P, PP, PP-KL, PP-SA, PP-ST",,,,,930739219,approved,true,documentation_verified,"Mattilsynet approved establishment #F412. Scope: Fresh fishery products processing, Fresh fishery products processing - pelagic, Processing plant, PP-KL, PP-SA, Processing plant - smoked/traditional. Business #930739219."
F421,Johan Kvalsvik As (Mattilsynet #F421),Johan Kvalsvik As,Norway,,Akkarfjord,"Akkarfjord 36, 9650 Akkarfjord, Norway",70.7936208,23.4075774,10,"Akkarfjord 36, 9650 Akkarfjord, Norway","FFPP, FFPP-P, PP, PP-SA, PP-ST",,,,,873190272,approved,true,documentation_verified,"Mattilsynet approved establishment #F421. Scope: Fresh fishery products processing, Fresh fishery products processing - pelagic, Processing plant, PP-SA, Processing plant - smoked/traditional. Business #873190272."
F430,Cermaq Norway As Avd Slakteri Rypefjord (Mattilsynet #F430),Cermaq Norway As Avd Slakteri Rypefjord,Norway,,Rypefjord,"Havneveien 36, 9610 Rypefjord, Norway",70.6340252,23.6667787,10,"Havneveien 36, 9610 Rypefjord, Norway","FFPP-P, FFPP-SA",,,,,981487575,approved,true,documentation_verified,"Mattilsynet approved establishment #F430. Scope: Fresh fishery products processing - pelagic, Fresh fishery products processing - salmon/aquaculture. Business #981487575."
F433,Nergård Sørøya As (Mattilsynet #F433),Nergård Sørøya As,Norway,,Breivikbotn,"Strandgata 40, 9593 Breivikbotn, Norway",70.589777,22.282136,10,"Strandgata 40, 9593 Breivikbotn, Norway","FFPP, PP, PP-MA, PP-SA",,,,,976050932,approved,true,documentation_verified,"Mattilsynet approved establishment #F433. Scope: Fresh fishery products processing, Processing plant, Processing plant - marine animal products, PP-SA. Business #976050932."
F440,Nergård Sørøya As (Mattilsynet #F440),Nergård Sørøya As,Norway,,Breivikbotn,"Strandgata 40, 9593 Breivikbotn, Norway",70.589777,22.282136,10,"Strandgata 40, 9593 Breivikbotn, Norway","FFPP, FFPP-P, PP, PP-SA, PP-ST",,,,,976050932,approved,true,documentation_verified,"Mattilsynet approved establishment #F440. Scope: Fresh fishery products processing, Fresh fishery products processing - pelagic, Processing plant, PP-SA, Processing plant - smoked/traditional. Business #976050932."
F443,Embla Båtsfjord As (Mattilsynet #F443),Embla Båtsfjord As,Norway,,Båtsfjord,"Nedre Holmen 18, 9990 Båtsfjord, Norway",70.6328,29.726276,10,"Nedre Holmen 18, 9990 Båtsfjord, Norway",PP-ST,,,,,898292592,approved,true,documentation_verified,Mattilsynet approved establishment #F443. Scope: Processing plant - smoked/traditional. Business #898292592.
F444,Vidar Hansen (Mattilsynet #F444),Vidar Hansen,Norway,,Bugøynes,"Tyttebærveien 8b, 9935 Bugøynes, Norway",69.971307,29.607296,10,"Tyttebærveien 8B, 9935 Bugøynes, Norway",PP-ST,,,,,994128191,approved,true,documentation_verified,Mattilsynet approved establishment #F444. Scope: Processing plant - smoked/traditional. Business #994128191.
F447,Lerøy Norway Seafoods As Avd Sørvær (Mattilsynet #F447),Lerøy Norway Seafoods As Avd Sørvær,Norway,,Sørvær,"Havneveien 13, 9595 Sørvær, Norway",70.6297701,21.9797552,10,"Havneveien 13, 9595 Sørvær, Norway","FFPP, FFPP-P, PP",,,,,988236101,approved,true,documentation_verified,"Mattilsynet approved establishment #F447. Scope: Fresh fishery products processing, Fresh fishery products processing - pelagic, Processing plant. Business #988236101."
F466,Even Einarsen (Mattilsynet #F466),Even Einarsen,Norway,,Varangerbotn,"Mortensnes, 9840 Varangerbotn, Norway",70.1728,28.556,7,"9840 Vestfold, Norway",PP-ST,,,,,998951070,approved,true,documentation_verified,Mattilsynet approved establishment #F466. Scope: Processing plant - smoked/traditional. Business #998951070.
F478,Tom Egil Hansen (Mattilsynet #F478),Tom Egil Hansen,Norway,,Bugøynes,"C/O 4/1/92/3, 9935 Bugøynes, Norway",69.9739,29.6378,7,"9935 Vestfold, Norway",PP-ST,,,,,987578904,approved,true,documentation_verified,Mattilsynet approved establishment #F478. Scope: Processing plant - smoked/traditional. Business #987578904.
F480,Cermaq Finnmark As Avd Lakseslakteri (Mattilsynet #F480),Cermaq Finnmark As Avd Lakseslakteri,Norway,,Alta,"Kvenvikveien 99, 9541 Alta, Norway",69.946891,23.095627,10,"Kvenvikveien 99, 9541 Alta, Norway","FFPP-P, FFPP-SA",,,,,999068723,approved,true,documentation_verified,"Mattilsynet approved establishment #F480. Scope: Fresh fishery products processing - pelagic, Fresh fishery products processing - salmon/aquaculture. Business #999068723."
F500,Stappan Sjøprodukter (Mattilsynet #F500),Stappan Sjøprodukter,Norway,,Gjesvær,"Kobbenesveien 8, 9765 Gjesvær, Norway",71.0981268,25.3950507,10,"Kobbenesvegen 8, 9765 Gjesvær, Norway","FFPP, PP-C, PP-KL, PP-ST",,,,,982610524,approved,true,documentation_verified,"Mattilsynet approved establishment #F500. Scope: Fresh fishery products processing, Processing plant - crustacean, PP-KL, Processing plant - smoked/traditional. Business #982610524."
F607,Askur As Avd Kvalsund (Mattilsynet #F607),Askur As Avd Kvalsund,Norway,,Kvalsund,"Skjåholmveien 192, 9620 Kvalsund, Norway",70.562396,23.696506,10,"Skjåholmveien 192, 9620 Kvalsund, Norway","PP-KL, PP-ST",,,,,989759175,approved,true,documentation_verified,"Mattilsynet approved establishment #F607. Scope: PP-KL, Processing plant - smoked/traditional. Business #989759175."
F610,Sigmund Marjavara (Mattilsynet #F610),Sigmund Marjavara,Norway,,Vadsø,"Terje Wolds Gate 22, 9803 Vadsø, Norway",70.080141,29.722469,10,"Terje Wolds gate 22, 9803 Vadsø, Norway",PP-ST,,,,,,approved,true,documentation_verified,Mattilsynet approved establishment #F610. Scope: Processing plant - smoked/traditional.
F621,Gunnar A Noste (Mattilsynet #F621),Gunnar A Noste,Norway,,Varangerbotn,"Suovka 48, 9840 Varangerbotn, Norway",70.18388,28.588902,10,"Suovka 48, 9840 Varangerbotn, Norway",PP-ST,,,,,996145727,approved,true,documentation_verified,Mattilsynet approved establishment #F621. Scope: Processing plant - smoked/traditional. Business #996145727.
F622,Norway King Crab Production As (Mattilsynet #F622),Norway King Crab Production As,Norway,,Bugøynes,"Nesseveien 16, 9935 Bugøynes, Norway",69.972174,29.644457,10,"Nesseveien 16, 9935 Bugøynes, Norway","FFPP, FFPP-P",,,,,991795286,approved,true,documentation_verified,"Mattilsynet approved establishment #F622. Scope: Fresh fishery products processing, Fresh fishery products processing - pelagic. Business #991795286."
F633,North Capelin Honningsvåg (Mattilsynet #F633),North Capelin Honningsvåg,Norway,,Honningsvåg,"Kobbhullveien 12, 9750 Honningsvåg, Norway",70.9961824,25.9594309,10,"Kobbhullveien 12, 9750 Honningsvåg, Norway","FFPP, FFPP-P, PP",,,,,876415992,approved,true,documentation_verified,"Mattilsynet approved establishment #F633. Scope: Fresh fishery products processing, Fresh fishery products processing - pelagic, Processing plant. Business #876415992."
F646,Ørjan Mikkelsen Trane (Mattilsynet #F646),Ørjan Mikkelsen Trane,Norway,,Varangerbotn,"Tangnesveien 10, 9840 Varangerbotn, Norway",70.166641,28.568368,10,"Tangnesveien 10, 9840 Varangerbotn, Norway",PP-ST,,,,,995592916,approved,true,documentation_verified,Mattilsynet approved establishment #F646. Scope: Processing plant - smoked/traditional. Business #995592916.
F650,Oskar Kristoffersen (Mattilsynet #F650),Oskar Kristoffersen,Norway,,Alta,"Raigressveien 1, 9516 Alta, Norway",69.9553738,23.3678541,10,"Raigressveien 1, 9516 Alta, Norway",PP-ST,,,,,985055920,approved,true,documentation_verified,Mattilsynet approved establishment #F650. Scope: Processing plant - smoked/traditional. Business #985055920.
F652,Tor Oskar Mathisen (Mattilsynet #F652),Tor Oskar Mathisen,Norway,,Varangerbotn,"Várjjatgeaidnu 42, 9840 Varangerbotn, Norway",70.174182,28.566265,10,"Várjjatgeaidnu 42, 9840 Varangerbotn, Norway",PP-ST,,,,,993664200,approved,true,documentation_verified,Mattilsynet approved establishment #F652. Scope: Processing plant - smoked/traditional. Business #993664200.
F653,Olav Nordstrand (Mattilsynet #F653),Olav Nordstrand,Norway,,Skjånes,"Odden 8, 9771 Skjånes, Norway",70.7987155,28.092924,10,"Odden 8, 9771 Skjånes, Norway",PP-ST,,,,,,approved,true,documentation_verified,Mattilsynet approved establishment #F653. Scope: Processing plant - smoked/traditional.
F654,Øyvind Nilsen (Mattilsynet #F654),Øyvind Nilsen,Norway,,Alta,"Smibakken 10, 9515 Alta, Norway",69.973154,23.373179,10,"Smibakken 10, 9515 Alta, Norway",PP-ST,,,,,984144318,approved,true,documentation_verified,Mattilsynet approved establishment #F654. Scope: Processing plant - smoked/traditional. Business #984144318.
F656,Edgar Olsen (Mattilsynet #F656),Edgar Olsen,Norway,,Varangerbotn,"Njidgogáddi 36, 9840 Varangerbotn, Norway",70.155018,28.56687,10,"Njiđgogáddi 36, 9840 Varangerbotn, Norway",PP-ST,,,,,993710253,approved,true,documentation_verified,Mattilsynet approved establishment #F656. Scope: Processing plant - smoked/traditional. Business #993710253.
F661,Svend Knutsen (Mattilsynet #F661),Svend Knutsen,Norway,,Talvik,"Langnesveien 343, 9540 Talvik, Norway",70.1123246,22.9863202,10,"Langnesveien 343, 9540 Talvik, Norway",PP-ST,,,,,980934071,approved,true,documentation_verified,Mattilsynet approved establishment #F661. Scope: Processing plant - smoked/traditional. Business #980934071.
F662,Partrederiet Karl Torgeir Ans (Mattilsynet #F662),Partrederiet Karl Torgeir Ans,Norway,,Nervei,"nan, 9773 Nervei, Norway",70.665933,27.8512472,7,"Nervei - Njereveadji, Finnmark, Norway",PP-ST,,,,,978888364,approved,true,documentation_verified,Mattilsynet approved establishment #F662. Scope: Processing plant - smoked/traditional. Business #978888364.
F664,Pettersen Eivind M (Mattilsynet #F664),Pettersen Eivind M,Norway,,Nervei,"nan, 9773 Nervei, Norway",70.665933,27.8512472,7,"Nervei - Njereveadji, Finnmark, Norway",PP-ST,,,,,973678868,approved,true,documentation_verified,Mattilsynet approved establishment #F664. Scope: Processing plant - smoked/traditional. Business #973678868.
F665,Arnulf Pettersen (Mattilsynet #F665),Arnulf Pettersen,Norway,,Nervei,"nan, 9773 Nervei, Norway",70.665933,27.8512472,7,"Nervei - Njereveadji, Finnmark, Norway",PP-ST,,,,,978343716,approved,true,documentation_verified,Mattilsynet approved establishment #F665. Scope: Processing plant - smoked/traditional. Business #978343716.
F666,Anut-Jakt Og Fiske V/Olaf Nilsen Inngår I Dødsbo (Mattilsynet #F666),Anut-Jakt Og Fiske V/Olaf Nilsen Inngår I Dødsbo,Norway,,Nervei,"nan, 9773 Nervei, Norway",70.665933,27.8512472,7,"Nervei - Njereveadji, Finnmark, Norway",PP-ST,,,,,998947936,approved,true,documentation_verified,Mattilsynet approved establishment #F666. Scope: Processing plant - smoked/traditional. Business #998947936.
F667,Sverre Pedersen (Mattilsynet #F667),Sverre Pedersen,Norway,,Tana,"Smalfjordveien 111, 9845 Tana, Norway",70.441325,28.063649,10,"Smalfjordveien 111, 9841 Tana, Norway",PP-ST,,,,,993913472,approved,true,documentation_verified,Mattilsynet approved establishment #F667. Scope: Processing plant - smoked/traditional. Business #993913472.
F668,Tone Nilsen (Mattilsynet #F668),Tone Nilsen,Norway,,Nervei,"nan, 9773 Nervei, Norway",70.665933,27.8512472,7,"Nervei - Njereveadji, Finnmark, Norway",PP-ST,,,,,,approved,true,documentation_verified,Mattilsynet approved establishment #F668. Scope: Processing plant - smoked/traditional.
F670,Kristian Nilsen (Mattilsynet #F670),Kristian Nilsen,Norway,,Nervei,"nan, 9773 Nervei, Norway",70.665933,27.8512472,7,"Nervei - Njereveadji, Finnmark, Norway",PP-ST,,,,,974066785,approved,true,documentation_verified,Mattilsynet approved establishment #F670. Scope: Processing plant - smoked/traditional. Business #974066785.
F671,Mikalsen Edvart (Mattilsynet #F671),Mikalsen Edvart,Norway,,Skjånes,"nan, 9771 Skjånes, Norway",70.7998884,28.0975593,7,"Skjånes, 9771 Skjånes, Norway",PP-ST,,,,,978369154,approved,true,documentation_verified,Mattilsynet approved establishment #F671. Scope: Processing plant - smoked/traditional. Business #978369154.
F673,Albert Martin Mikalsen (Mattilsynet #F673),Albert Martin Mikalsen,Norway,,Skjånes,"nan, 9771 Skjånes, Norway",70.7998884,28.0975593,7,"Skjånes, 9771 Skjånes, Norway",PP-ST,,,,,969617560,approved,true,documentation_verified,Mattilsynet approved establishment #F673. Scope: Processing plant - smoked/traditional. Business #969617560.
F675,Stein Inge Kristiansen (Mattilsynet #F675),Stein Inge Kristiansen,Norway,,Skjånes,"nan, 9771 Skjånes, Norway",70.7998884,28.0975593,7,"Skjånes, 9771 Skjånes, Norway",PP-ST,,,,,973678833,approved,true,documentation_verified,Mattilsynet approved establishment #F675. Scope: Processing plant - smoked/traditional. Business #973678833.
F676,Frank Einar Nordstrand (Mattilsynet #F676),Frank Einar Nordstrand,Norway,,Skjånes,"nan, 9771 Skjånes, Norway",70.7998884,28.0975593,7,"Skjånes, 9771 Skjånes, Norway",PP-ST,,,,,994248219,approved,true,documentation_verified,Mattilsynet approved establishment #F676. Scope: Processing plant - smoked/traditional. Business #994248219.
F677,Idun Karine Pedersen (Mattilsynet #F677),Idun Karine Pedersen,Norway,,Tana,"Smalfjordveien 111, 9841 Tana, Norway",70.441325,28.063649,10,"Smalfjordveien 111, 9841 Tana, Norway",PP-ST,,,,,,approved,true,documentation_verified,Mattilsynet approved establishment #F677. Scope: Processing plant - smoked/traditional.
F678,Lyder Fisk As (Mattilsynet #F678),Lyder Fisk As,Norway,,Veidnesklubben,"nan, 9717 Veidnesklubben, Norway",70.6574907,26.5882346,7,"Veidnes - Sáltesávju, Finnmark, Norway",PP-ST,,,,,995316137,approved,true,documentation_verified,Mattilsynet approved establishment #F678. Scope: Processing plant - smoked/traditional. Business #995316137.
F679,Mikalsen Gjermund (Mattilsynet #F679),Mikalsen Gjermund,Norway,,Skjånes,"nan, 9771 Skjånes, Norway",70.7998884,28.0975593,7,"Skjånes, 9771 Skjånes, Norway",PP-ST,,,,,973678841,approved,true,documentation_verified,Mattilsynet approved establishment #F679. Scope: Processing plant - smoked/traditional. Business #973678841.
F681,Arnt Viktor Pettersen (Mattilsynet #F681),Arnt Viktor Pettersen,Norway,,Øksfjorden,"Øksfjordveien 265, 9552 Øksfjorden, Norway",70.164203,22.302475,10,"Øksfjordveien 265, 9552 Loppa, Norway",PP-ST,,,,,985079358,approved,true,documentation_verified,Mattilsynet approved establishment #F681. Scope: Processing plant - smoked/traditional. Business #985079358.
F682,Arilds Fiskebåtrederi As (Mattilsynet #F682),Arilds Fiskebåtrederi As,Norway,,Alta,"Marienlund 5, 9511 Alta, Norway",69.9688406,23.2565476,10,"Marienlund 5, 9511 Alta, Norway",PP-ST,,,,,979857470,approved,true,documentation_verified,Mattilsynet approved establishment #F682. Scope: Processing plant - smoked/traditional. Business #979857470.
F683,Arvid Arild (Mattilsynet #F683),Arvid Arild,Norway,,Kongshus,"Årøyveien 43, 9533 Kongshus, Norway",70.1395994,23.2410372,10,"Årøyveien 43, 9533 Kongshus, Norway",PP-ST,,,,,995134810,approved,true,documentation_verified,Mattilsynet approved establishment #F683. Scope: Processing plant - smoked/traditional. Business #995134810.
F685,Trond Henriksen (Mattilsynet #F685),Trond Henriksen,Norway,,Korsfjorden,"Elvebukt 14, 9536 Korsfjorden, Norway",70.2827281,23.5456401,10,"Elvebukt 14, 9536 Korsfjorden, Norway",PP-ST,,,,,994362542,approved,true,documentation_verified,Mattilsynet approved establishment #F685. Scope: Processing plant - smoked/traditional. Business #994362542.
F686,Rita Murberg Henriksen (Mattilsynet #F686),Rita Murberg Henriksen,Norway,,Korsfjorden,"Elvebukt 14, 9536 Korsfjorden, Norway",70.2827281,23.5456401,10,"Elvebukt 14, 9536 Korsfjorden, Norway",PP-ST,,,,,991723099,approved,true,documentation_verified,Mattilsynet approved establishment #F686. Scope: Processing plant - smoked/traditional. Business #991723099.
F687,Evertsen Herleif (Mattilsynet #F687),Evertsen Herleif,Norway,,Korsfjorden,"Rakaluftveien 33, 9536 Korsfjorden, Norway",70.2672001,23.363253,10,"Rakaluftveien 33, 9536 Korsfjorden, Norway",PP-ST,,,,,978166342,approved,true,documentation_verified,Mattilsynet approved establishment #F687. Scope: Processing plant - smoked/traditional. Business #978166342.
F689,Borg Kurt Arnold (Mattilsynet #F689),Borg Kurt Arnold,Norway,,Korsfjorden,"Lamvikveien 69, 9536 Korsfjorden, Norway",70.242387,23.334482,10,"Lamvikveien 69, 9536 Korsfjorden, Norway",PP-ST,,,,,974815761,approved,true,documentation_verified,Mattilsynet approved establishment #F689. Scope: Processing plant - smoked/traditional. Business #974815761.
F692,Ingebrigtsen Roger (Mattilsynet #F692),Ingebrigtsen Roger,Norway,,Kviby,"Nyvollveien 236, 9519 Kviby, Norway",70.225573,23.383576,10,"Nyvollveien 236, 9519 Kviby, Norway",PP-ST,,,,,878136462,approved,true,documentation_verified,Mattilsynet approved establishment #F692. Scope: Processing plant - smoked/traditional. Business #878136462.
F696,Arnt Ring (Mattilsynet #F696),Arnt Ring,Norway,,Russenes,"Vestre Porsangerveien 6808, 9713 Russenes, Norway",70.524656,25.08326,10,"Vestre Porsangerveien 6808, 9713 Porsanger, Norway",PP-ST,,,,,978086411,approved,true,documentation_verified,Mattilsynet approved establishment #F696. Scope: Processing plant - smoked/traditional. Business #978086411.
F699,Nadezda Levicheva (Mattilsynet #F699),Nadezda Levicheva,Norway,,Alta,"Nordre Ringvei 10, 9511 Alta, Norway",69.967395,23.261264,10,"Nordre ringvei 10, 9511 Alta, Norway",PP-ST,,,,,,approved,true,documentation_verified,Mattilsynet approved establishment #F699. Scope: Processing plant - smoked/traditional.
F701,Kjell Holmgren (Mattilsynet #F701),Kjell Holmgren,Norway,,Hammerfest,"Jupiters Vei 3, 9602 Hammerfest, Norway",70.6890296,23.6894658,10,"Jupiters vei 3, 9602 Hammerfest, Norway",PP-ST,,,,,,approved,true,documentation_verified,Mattilsynet approved establishment #F701. Scope: Processing plant - smoked/traditional.
F702,Marbakken As (Mattilsynet #F702),Marbakken As,Norway,,Rypefjord,"Markveien 18, 9610 Rypefjord, Norway",70.644709,23.679543,10,"Markveien 18, 9610 Rypefjord, Norway",PP-ST,,,,,920681271,approved,true,documentation_verified,Mattilsynet approved establishment #F702. Scope: Processing plant - smoked/traditional. Business #920681271.
F704,Anne-Karin Halvorsen (Mattilsynet #F704),Anne-Karin Halvorsen,Norway,,Alta,"Aronnesveien 84 A, 9514 Alta, Norway",69.9666623,23.3275155,10,"Aronnesveien 84A, 9514 Alta, Norway",PP-ST,,,,,,approved,true,documentation_verified,Mattilsynet approved establishment #F704. Scope: Processing plant - smoked/traditional.
F705,Harder Småvik (Mattilsynet #F705),Harder Småvik,Norway,,Alta,"Breverudsvingen 17, 9513 Alta, Norway",69.9578462,23.2302172,10,"Breverudsvingen 17, 9513 Alta, Norway",PP-ST,,,,,976780353,approved,true,documentation_verified,Mattilsynet approved establishment #F705. Scope: Processing plant - smoked/traditional. Business #976780353.
F706,Finn Hjalmar Seipæjærvi (Mattilsynet #F706),Finn Hjalmar Seipæjærvi,Norway,,Bugøynes,"Evertsveien 5, 9935 Bugøynes, Norway",69.973328,29.636983,10,"Evertsveien 5, 9935 Bugøynes, Norway",PP-ST,,,,,977436931,approved,true,documentation_verified,Mattilsynet approved establishment #F706. Scope: Processing plant - smoked/traditional. Business #977436931.
F707,Storbukt Fiskeindustri As Avd Vardø (Mattilsynet #F707),Storbukt Fiskeindustri As Avd Vardø,Norway,,Kiberg,"Havnegata 14, 9960 Kiberg, Norway",70.284562,31.000074,10,"Havnegata 14, 9960 Kiberg, Norway",FFPP,,,,,920210376,approved,true,documentation_verified,Mattilsynet approved establishment #F707. Scope: Fresh fishery products processing. Business #920210376.
F710,Bjørn Gunnvald Kristensen (Mattilsynet #F710),Bjørn Gunnvald Kristensen,Norway,,Tana,"Postboks 1, 9846 Tana, Norway",70.1986333,28.1881116,7,"9845 Tana, Norway",PP-ST,,,,,997604954,approved,true,documentation_verified,Mattilsynet approved establishment #F710. Scope: Processing plant - smoked/traditional. Business #997604954.
F713,Edmar Persen (Mattilsynet #F713),Edmar Persen,Norway,,Børselv,"nan, 9716 Børselv, Norway",70.3179105,25.5658813,7,"Bissojohka - Børselv - Pyssyjoki, Finnmark, Norway",PP-ST,,,,,981645316,approved,true,documentation_verified,Mattilsynet approved establishment #F713. Scope: Processing plant - smoked/traditional. Business #981645316.
F714,Josefsen Hedly (Mattilsynet #F714),Josefsen Hedly,Norway,,Indre Billefjord,"nan, 9710 Indre Billefjord, Norway",70.3153099,25.0462155,7,"9710 Billávuotna - Indre Billefjord - Pillavuono, Norway",PP-ST,,,,,978343589,approved,true,documentation_verified,Mattilsynet approved establishment #F714. Scope: Processing plant - smoked/traditional. Business #978343589.
F715,Roald Wilhelmsen (Mattilsynet #F715),Roald Wilhelmsen,Norway,,Russenes,"Smørfjord, 9713 Russenes, Norway",70.5,25.0667,7,"9713 Vestfold, Norway",PP-ST,,,,,978564607,approved,true,documentation_verified,Mattilsynet approved establishment #F715. Scope: Processing plant - smoked/traditional. Business #978564607.
F716,Gunn Inger Johansen (Mattilsynet #F716),Gunn Inger Johansen,Norway,,Nervei,"nan, 9773 Nervei, Norway",70.665933,27.8512472,7,"Nervei - Njereveadji, Finnmark, Norway",PP-ST,,,,,,approved,true,documentation_verified,Mattilsynet approved establishment #F716. Scope: Processing plant - smoked/traditional.
F720,North Cape King Crab As Avd Honningsvåg (Mattilsynet #F720),North Cape King Crab As Avd Honningsvåg,Norway,,Repvåg,"Repvåg 47, 9768 Repvåg, Norway",70.7478392,25.6738853,10,"Repvåg 47, 9768 Repvåg, Norway","FFPP, FFPP-P",,,,,972374490,approved,true,documentation_verified,"Mattilsynet approved establishment #F720. Scope: Fresh fishery products processing, Fresh fishery products processing - pelagic. Business #972374490."
F721,Jørn Harangen (Mattilsynet #F721),Jørn Harangen,Norway,,Lakselv,"Karkoveien 5, 9700 Lakselv, Norway",70.0618424,24.9458454,10,"Karkoveien 5, 9700 Lakselv, Norway",PP-ST,,,,,,approved,true,documentation_verified,Mattilsynet approved establishment #F721. Scope: Processing plant - smoked/traditional.
F732,Lars Henry Malvin Johnsen (Mattilsynet #F732),Lars Henry Malvin Johnsen,Norway,,Øksfjord,"Bukta, 9550 Øksfjord, Norway",70.2396,22.3479,7,"9550 Vestfold, Norway",PP-ST,,,,,,approved,true,documentation_verified,Mattilsynet approved establishment #F732. Scope: Processing plant - smoked/traditional.
F738,Finnmarksrøya As (Mattilsynet #F738),Finnmarksrøya As,Norway,,Kirkenes,"Ropelv, 9900 Kirkenes, Norway",69.7271,30.0458,7,"9900 Vestfold, Norway","FFPP-P, FFPP-SA",,,,,916082061,approved,true,documentation_verified,"Mattilsynet approved establishment #F738. Scope: Fresh fishery products processing - pelagic, Fresh fishery products processing - salmon/aquaculture. Business #916082061."
F742,Tor Ivar Hauge (Mattilsynet #F742),Tor Ivar Hauge,Norway,,Varangerbotn,"Abelsborg, 9840 Varangerbotn, Norway",70.1728,28.556,7,"9840 Vestfold, Norway",PP-ST,,,,,,approved,true,documentation_verified,Mattilsynet approved establishment #F742. Scope: Processing plant - smoked/traditional.
F744,Jan Erik Gundersen (Mattilsynet #F744),Jan Erik Gundersen,Norway,,Loppa,"nan, 9586 Loppa, Norway",70.3400618,21.4457015,7,"9586 Loppa, Norway",PP-ST,,,,,,approved,true,documentation_verified,Mattilsynet approved establishment #F744. Scope: Processing plant - smoked/traditional.
F746,Helmer Olsen (Mattilsynet #F746),Helmer Olsen,Norway,,nan,"nan, nan nan, Norway",61.1529386,8.7876653,1,Norway,PP-ST,,,,,,approved,true,documentation_verified,Mattilsynet approved establishment #F746. Scope: Processing plant - smoked/traditional.
F748,Enk Sverre Hugo Olsen (Mattilsynet #F748),Enk Sverre Hugo Olsen,Norway,,Revsneshamn,"Revsneshamn, 9624 Revsneshamn, Norway",70.6849995,24.349034,9,"Revsneshamn, Revsneshamn - Áhpenjárgohppi, 9624 Revsneshamn, Norway",PP-ST,,,,,998193222,approved,true,documentation_verified,Mattilsynet approved establishment #F748. Scope: Processing plant - smoked/traditional. Business #998193222.
F749,Jan Harald Lorentzen (Mattilsynet #F749),Jan Harald Lorentzen,Norway,,Hammerfest,"Langstrand, 9600 Hammerfest, Norway",70.6923578,23.1745604,7,"Langstrand, Finnmark, Norway",PP-ST,,,,,991179585,approved,true,documentation_verified,Mattilsynet approved establishment #F749. Scope: Processing plant - smoked/traditional. Business #991179585.
F750,Pedersen Alf Sigurd (Mattilsynet #F750),Pedersen Alf Sigurd,Norway,,Kvalfjord,"Kvalfjordveien 14, 9531 Kvalfjord, Norway",64.907633,11.0417011,8,"Kvalfjordveien, Nærøysund, Norway",PP-ST,,,,,972664960,approved,true,documentation_verified,Mattilsynet approved establishment #F750. Scope: Processing plant - smoked/traditional. Business #972664960.
F751,Kvalfjord Kystfiske As (Mattilsynet #F751),Kvalfjord Kystfiske As,Norway,,Kvalfjord,"Kvalfjordveien 11, 9531 Kvalfjord, Norway",64.907633,11.0417011,8,"Kvalfjordveien, Nærøysund, Norway",PP-ST,,,,,994813331,approved,true,documentation_verified,Mattilsynet approved establishment #F751. Scope: Processing plant - smoked/traditional. Business #994813331.
F753,Solveig Othilie Berg (Mattilsynet #F753),Solveig Othilie Berg,Norway,,Loppa,"nan, 9586 Loppa, Norway",70.3400618,21.4457015,7,"9586 Loppa, Norway",PP-ST,,,,,,approved,true,documentation_verified,Mattilsynet approved establishment #F753. Scope: Processing plant - smoked/traditional.
F755,Thor-Svein Berg (Mattilsynet #F755),Thor-Svein Berg,Norway,,Loppa,"Rektindveien 154, 9586 Loppa, Norway",70.34243,21.442179,10,"Rektindveien 154, 9586 Loppa, Norway",PP-ST,,,,,,approved,true,documentation_verified,Mattilsynet approved establishment #F755. Scope: Processing plant - smoked/traditional.
F756,Jan Inge Nilsen (Mattilsynet #F756),Jan Inge Nilsen,Norway,,Alta,"Kvenvikveien 88, 9541 Alta, Norway",69.946175,23.099321,10,"Kvenvikveien 88, 9541 Alta, Norway",PP-ST,,,,,985669996,approved,true,documentation_verified,Mattilsynet approved establishment #F756. Scope: Processing plant - smoked/traditional. Business #985669996.
F757,Mevær As (Mattilsynet #F757),Mevær As,Norway,,Loppa,"Mønesveien 23, 9586 Loppa, Norway",70.341701,21.446951,10,"Mønesveien 23, 9586 Loppa, Norway",PP-ST,,,,,877943712,approved,true,documentation_verified,Mattilsynet approved establishment #F757. Scope: Processing plant - smoked/traditional. Business #877943712.
F758,Odd Olsen (Mattilsynet #F758),Odd Olsen,Norway,,Skavnakk,"nan, 9587 Skavnakk, Norway",70.2357404,21.4225814,8,"Skavnakk, 9587 Loppa, Norway",PP-ST,,,,,978342604,approved,true,documentation_verified,Mattilsynet approved establishment #F758. Scope: Processing plant - smoked/traditional. Business #978342604.
F759,Bjørg Sølvi Pettersen (Mattilsynet #F759),Bjørg Sølvi Pettersen,Norway,,Nordvågen,"Hovedveien 29, 9760 Nordvågen, Norway",70.9856483,26.0304265,10,"Hovedveien 29, 9760 Nordvågen, Norway",PP-ST,,,,,,approved,true,documentation_verified,Mattilsynet approved establishment #F759. Scope: Processing plant - smoked/traditional.
F763,Ellens Northern Light Fishing Vekve (Mattilsynet #F763),Ellens Northern Light Fishing Vekve,Norway,,Alta,"Øvreveien 62, 9515 Alta, Norway",69.9738893,23.3408677,10,"Øvreveien 62, 9515 Alta, Norway",PP-ST,,,,,916228384,approved,true,documentation_verified,Mattilsynet approved establishment #F763. Scope: Processing plant - smoked/traditional. Business #916228384.
F768,Moen Magnar (Mattilsynet #F768),Moen Magnar,Norway,,Korsfjorden,"Elveveien 1, 9536 Korsfjorden, Norway",70.3248264,23.513187,10,"Elveveien 1, 9536 Korsfjorden, Norway",PP-ST,,,,,978086187,approved,true,documentation_verified,Mattilsynet approved establishment #F768. Scope: Processing plant - smoked/traditional. Business #978086187.
F769,Kristian Ragnar Larsen (Mattilsynet #F769),Kristian Ragnar Larsen,Norway,,Havøysund,"Lomvannsveien 60, 9690 Havøysund, Norway",71.0023453,24.6558716,10,"Lomvannsveien 60, 9690 Havøysund, Norway",PP-ST,,,,,,approved,true,documentation_verified,Mattilsynet approved establishment #F769. Scope: Processing plant - smoked/traditional.
F770,Ingolv Jenvald Kvivesen (Mattilsynet #F770),Ingolv Jenvald Kvivesen,Norway,,Nuvsvåg,"Nuvsvågveien 1357, 9582 Nuvsvåg, Norway",70.283286,22.139226,10,"Nuvsvågveien 1357, 9582 Nuvsvåg, Norway",PP-ST,,,,,,approved,true,documentation_verified,Mattilsynet approved establishment #F770. Scope: Processing plant - smoked/traditional.
F771,Lerøy Norway Seafoods As Avd Forsøl (Mattilsynet #F771),Lerøy Norway Seafoods As Avd Forsøl,Norway,,Forsøl,"Leirbuktveien 40, 9612 Forsøl, Norway",70.7212922,23.8092741,10,"Leirbuktveien 40, 9612 Forsøl, Norway","FFPP, FFPP-P, PP",,,,,973100254,approved,true,documentation_verified,"Mattilsynet approved establishment #F771. Scope: Fresh fishery products processing, Fresh fishery products processing - pelagic, Processing plant. Business #973100254."
F772,Tor Harald Mikkola (Mattilsynet #F772),Tor Harald Mikkola,Norway,,Nordvågen,"Hovedveien 29, 9760 Nordvågen, Norway",70.9856483,26.0304265,10,"Hovedveien 29, 9760 Nordvågen, Norway",PP-ST,,,,,,approved,true,documentation_verified,Mattilsynet approved establishment #F772. Scope: Processing plant - smoked/traditional.
F780,Carina Prytz-Wallmann (Mattilsynet #F780),Carina Prytz-Wallmann,Norway,,Hasvik,"Hasfjordveien 65, 9590 Hasvik, Norway",70.520052,22.255236,10,"Hasfjordveien 65, 9590 Hasvik, Norway",PP-ST,,,,,,approved,true,documentation_verified,Mattilsynet approved establishment #F780. Scope: Processing plant - smoked/traditional.
F791,Storbukt Fiskeindustri As   Avd Tana (Mattilsynet #F791),Storbukt Fiskeindustri As   Avd Tana,Norway,,Tana,"Tanafjordveien 5431, 9841 Tana, Norway",70.442679,27.822542,10,"Tanafjordveien 5431, 9841 Tana, Norway",FFPP,,,,,975224171,approved,true,documentation_verified,Mattilsynet approved establishment #F791. Scope: Fresh fishery products processing. Business #975224171.
F797,Toralf Pettersen (Mattilsynet #F797),Toralf Pettersen,Norway,,Rypefjord,"Klokkarøya 2, 9610 Rypefjord, Norway",70.5995108,23.6259076,10,"Klokkarøya 2, 9610 Rypefjord, Norway",PP-ST,,,,,,approved,true,documentation_verified,Mattilsynet approved establishment #F797. Scope: Processing plant - smoked/traditional.
F804,Lyder Fisk As (Mattilsynet #F804),Lyder Fisk As,Norway,,Veidnesklubben,"Holmbuktveien 247, 9717 Veidnesklubben, Norway",70.65502,26.60953,9,"Lebesby, Finnmark, Norway",FFPP,,,,,995316137,approved,true,documentation_verified,Mattilsynet approved establishment #F804. Scope: Fresh fishery products processing. Business #995316137.
F805,Norway King Crab Trollbukt As (Mattilsynet #F805),Norway King Crab Trollbukt As,Norway,,Lebesby,"nan, 9740 Lebesby, Norway",70.5596323,27.0988009,7,"9740 Lebesby, Norway","FFPP, FFPP-P",,,,,915565824,approved,true,documentation_verified,"Mattilsynet approved establishment #F805. Scope: Fresh fishery products processing, Fresh fishery products processing - pelagic. Business #915565824."
F807,North Cape King Crab As Avd Honningsvåg (Mattilsynet #F807),North Cape King Crab As Avd Honningsvåg,Norway,,Indre Billefjord,"Vestkaiveien 22, 9710 Indre Billefjord, Norway",70.323091,25.061932,10,"Vestkaiveien 22, 9710 Billávuotna - Indre Billefjord - Pillavuono, Norway","FFPP, FFPP-P, PP-C",,,,,972374490,approved,true,documentation_verified,"Mattilsynet approved establishment #F807. Scope: Fresh fishery products processing, Fresh fishery products processing - pelagic, Processing plant - crustacean. Business #972374490."
F810,Coast Kjøllefjord As (Mattilsynet #F810),Coast Kjøllefjord As,Norway,,Kjøllefjord,"Moloveien 10, 9790 Kjøllefjord, Norway",70.94892,27.335738,10,"Moloveien 10, 9790 Kjøllefjord, Norway","FFPP, FFPP-P, PP-ST",,,,,916092946,approved,true,documentation_verified,"Mattilsynet approved establishment #F810. Scope: Fresh fishery products processing, Fresh fishery products processing - pelagic, Processing plant - smoked/traditional. Business #916092946."
F819,Arctic Resource Norge As (Mattilsynet #F819),Arctic Resource Norge As,Norway,,Havøysund,"Strandgata 21, 9690 Havøysund, Norway",70.9987201,24.6995971,10,"Strandgata 21, 9690 Havøysund, Norway","FFPP, FFPP-P",,,,,912969878,approved,true,documentation_verified,"Mattilsynet approved establishment #F819. Scope: Fresh fishery products processing, Fresh fishery products processing - pelagic. Business #912969878."
F827,Lerøy Norway Seafoods As Avd Båtsfjord (Mattilsynet #F827),Lerøy Norway Seafoods As Avd Båtsfjord,Norway,,Båtsfjord,"Holmen, 9990 Båtsfjord, Norway",70.6313012,29.7213964,9,"Nedre Holmen, 9990 Båtsfjord, Norway","FFPP, FFPP-P, PP",,,,,974071037,approved,true,documentation_verified,"Mattilsynet approved establishment #F827. Scope: Fresh fishery products processing, Fresh fishery products processing - pelagic, Processing plant. Business #974071037."
F830,Lauritzen Fisk As (Mattilsynet #F830),Lauritzen Fisk As,Norway,,Kjøllefjord,"Mollaveien 6, 9790 Kjøllefjord, Norway",70.946306,27.322999,10,"Mollavegen 6, 9790 Kjøllefjord, Norway",PP-ST,,,,,993829412,approved,true,documentation_verified,Mattilsynet approved establishment #F830. Scope: Processing plant - smoked/traditional. Business #993829412.
F833,Nervei Torsk As (Mattilsynet #F833),Nervei Torsk As,Norway,,Nervei,"Nervei Mellom 1, 9773 Nervei, Norway",70.6674,27.8514,7,"9773 Vestfold, Norway",PP-ST,,,,,920789307,approved,true,documentation_verified,Mattilsynet approved establishment #F833. Scope: Processing plant - smoked/traditional. Business #920789307.
F835,Tvedt-Hansen (Mattilsynet #F835),Tvedt-Hansen,Norway,,Tana,"Lismaveien 35, 9845 Tana, Norway",70.1967508,28.1781119,10,"Lismaveien 35, 9845 Tana, Norway",PP-ST,,,,,918144099,approved,true,documentation_verified,Mattilsynet approved establishment #F835. Scope: Processing plant - smoked/traditional. Business #918144099.
F836,Aalesundfisk Vardø As (Mattilsynet #F836),Aalesundfisk Vardø As,Norway,,Vardø,"Svartnes Havnelageret, 9950 Vardø, Norway",70.3705,31.1107,7,"9950 Vestfold, Norway","FFPP, FFPP-P, PP-ST",,,,,920170854,approved,true,documentation_verified,"Mattilsynet approved establishment #F836. Scope: Fresh fishery products processing, Fresh fishery products processing - pelagic, Processing plant - smoked/traditional. Business #920170854."
F837,Aalesundfisk Mehamn As (Mattilsynet #F837),Aalesundfisk Mehamn As,Norway,,Mehamn,"Værveien 93, 9770 Mehamn, Norway",71.035631,27.8473408,10,"Værveien 93, 9770 Mehamn, Norway","FFPP, FFPP-P",,,,,917799539,approved,true,documentation_verified,"Mattilsynet approved establishment #F837. Scope: Fresh fishery products processing, Fresh fishery products processing - pelagic. Business #917799539."
F842,S. Skjåvik As (Mattilsynet #F842),S. Skjåvik As,Norway,,Tana,"Masjokdalen 131, 9841 Tana, Norway",70.2875,28.117136,10,"Masjokdalen 131, 9841 Tana, Norway",PP-ST,,,,,820050002,approved,true,documentation_verified,Mattilsynet approved establishment #F842. Scope: Processing plant - smoked/traditional. Business #820050002.
F844,Kongsfjordbruket As (Mattilsynet #F844),Kongsfjordbruket As,Norway,,Kongsfjord,"nan, 9982 Kongsfjord, Norway",70.7202395,29.3191592,7,"9982 Kongsfjord, Norway","FFPP, PP, PP-SA, PP-ST",,,,,919009861,approved,true,documentation_verified,"Mattilsynet approved establishment #F844. Scope: Fresh fishery products processing, Processing plant, PP-SA, Processing plant - smoked/traditional. Business #919009861."
F845,Arktis Fisch As (Mattilsynet #F845),Arktis Fisch As,Norway,,Båtsfjord,"Fjordvegen 21, 9990 Båtsfjord, Norway",70.621949,29.6921945,10,"Fjordvegen 21, 9990 Båtsfjord, Norway",FFPP,,,,,989923579,approved,true,documentation_verified,Mattilsynet approved establishment #F845. Scope: Fresh fishery products processing. Business #989923579.
F849,Svein Eilif Svendsen (Mattilsynet #F849),Svein Eilif Svendsen,Norway,,Kjøllefjord,"Christian Horsts Vei 15, 9790 Kjøllefjord, Norway",70.944414,27.3539,10,"Christian Horsts vei 15, 9790 Kjøllefjord, Norway",PP-ST,,,,,,approved,true,documentation_verified,Mattilsynet approved establishment #F849. Scope: Processing plant - smoked/traditional.
F855,Synnøve Helen Nuth Pedersen (Mattilsynet #F855),Synnøve Helen Nuth Pedersen,Norway,,Kvalfjord,"Kvalfjordveien 11, 9531 Kvalfjord, Norway",64.907633,11.0417011,8,"Kvalfjordveien, Nærøysund, Norway",PP-ST,,,,,,approved,true,documentation_verified,Mattilsynet approved establishment #F855. Scope: Processing plant - smoked/traditional.
F857,Stig Arnt Arvola As (Mattilsynet #F857),Stig Arnt Arvola As,Norway,,Vadsø,"Blåbærnes, 9800 Vadsø, Norway",70.0744,29.7487,7,"9800 Vestfold, Norway","FFPP, FFPP-P, PP, PP-SA, RW",,,,,985573255,approved,true,documentation_verified,"Mattilsynet approved establishment #F857. Scope: Fresh fishery products processing, Fresh fishery products processing - pelagic, Processing plant, PP-SA, Rewrapping/relabelling. Business #985573255."
F861,Lyder Fisk Dyfjord As (Mattilsynet #F861),Lyder Fisk Dyfjord As,Norway,,Dyfjord,"Tørrfiskveien 18, 9782 Dyfjord, Norway",70.898707,27.226401,10,"Tørrfiskveien 18, 9782 Dyfjord, Norway","FFPP, PP-ST",,,,,920871577,approved,true,documentation_verified,"Mattilsynet approved establishment #F861. Scope: Fresh fishery products processing, Processing plant - smoked/traditional. Business #920871577."
F862,Kontepella As (Mattilsynet #F862),Kontepella As,Norway,,Tana,"Masjokdalen 131, 9841 Tana, Norway",70.2875,28.117136,10,"Masjokdalen 131, 9841 Tana, Norway",PP-ST,,,,,922284490,approved,true,documentation_verified,Mattilsynet approved establishment #F862. Scope: Processing plant - smoked/traditional. Business #922284490.
F864,Storbukt Fiskeindustri As Avd Alta (Mattilsynet #F864),Storbukt Fiskeindustri As Avd Alta,Norway,,Kviby,"Korsnesveien 22, 9519 Kviby, Norway",70.2151301,23.1916745,10,"Korsnesveien 22, 9519 Kviby, Norway",FFPP,,,,,920210538,approved,true,documentation_verified,Mattilsynet approved establishment #F864. Scope: Fresh fishery products processing. Business #920210538.
F865,Vargsundværing As (Mattilsynet #F865),Vargsundværing As,Norway,,Korsfjorden,"Jenshaugen 16, 9536 Korsfjorden, Norway",70.245152,23.38013,10,"Jenshaugen 16, 9536 Korsfjorden, Norway",PP-ST,,,,,987662727,approved,true,documentation_verified,Mattilsynet approved establishment #F865. Scope: Processing plant - smoked/traditional. Business #987662727.
F2424,Nordic Betula As (Mattilsynet #F2424),Nordic Betula As,Norway,,Vestre Jakobselv,"Bygdeveien 59, 9802 Vestre Jakobselv, Norway",70.119869,29.333812,10,"Bygdeveien 59, 9802 Vestre, Norway","FFPP-P, PP",,,,,925069620,approved,true,documentation_verified,"Mattilsynet approved establishment #F2424. Scope: Fresh fishery products processing - pelagic, Processing plant. Business #925069620."
F2428,Lyder Fisk Billefjord (Mattilsynet #F2428),Lyder Fisk Billefjord,Norway,,Indre Billefjord,"Vestre Porsangerveien 3339, 9710 Indre Billefjord, Norway",70.324496,25.064204,10,"Vestre Porsangerveien 3339, 9710 Billávuotna - Indre Billefjord - Pillavuono, Norway",FFPP,,,,,933625559,approved,true,documentation_verified,Mattilsynet approved establishment #F2428. Scope: Fresh fishery products processing. Business #933625559.
F2429,Rutanord As (Mattilsynet #F2429),Rutanord As,Norway,,Mehamn,"Værveien 48, 9770 Mehamn, Norway",71.0395715,27.8522822,10,"Værveien 48, 9770 Mehamn, Norway","FFPP-P, PP, PP-C",,,,,927463687,approved,true,documentation_verified,"Mattilsynet approved establishment #F2429. Scope: Fresh fishery products processing - pelagic, Processing plant, Processing plant - crustacean. Business #927463687."
F2432,Truls Bjørnar Halvari (Mattilsynet #F2432),Truls Bjørnar Halvari,Norway,,Tana,"Deanugeaidnu 2199, 9843 Tana, Norway",70.090847,27.923223,10,"Deanugeaidnu 2199, 9843 Buolbmát - Polmak - Pulmanki, Norway",PP-ST,,,,,973525948,approved,true,documentation_verified,Mattilsynet approved establishment #F2432. Scope: Processing plant - smoked/traditional. Business #973525948.
FI102,Noraker Rakfisk As (Mattilsynet #FI102),Noraker Rakfisk As,Norway,,Aurdal,"Oslovegen 749, 2910 Aurdal, Norway",60.9447956,9.3542037,10,"Oslovegen 749, 2910 Aurdal, Norway",PP,,,,,989293338,approved,true,documentation_verified,Mattilsynet approved establishment #FI102. Scope: Processing plant. Business #989293338.
FI104,Norsk Kvalitetsmat As (Mattilsynet #FI104),Norsk Kvalitetsmat As,Norway,,Rindal,"Gammelmeieriet, 6657 Rindal, Norway",63.0565,9.2124,7,"6657 Sogn og Fjordane, Norway",PP,,,,,977457343,approved,true,documentation_verified,Mattilsynet approved establishment #FI104. Scope: Processing plant. Business #977457343.
FI126,Wangensten As (Mattilsynet #FI126),Wangensten As,Norway,,Leira I Valdres,"Elvebakken, 2920 Leira I Valdres, Norway",60.91667,9.16667,9,"Nord-Aurdal, Innlandet, Norway",PP,,,,,972308757,approved,true,documentation_verified,Mattilsynet approved establishment #FI126. Scope: Processing plant. Business #972308757.
FI127,Haadem Fisk As (Mattilsynet #FI127),Haadem Fisk As,Norway,,Leira I Valdres,"nan, 2920 Leira I Valdres, Norway",60.9712844,9.2915438,7,"2920 Leira, Norway",PP,,,,,999325084,approved,true,documentation_verified,Mattilsynet approved establishment #FI127. Scope: Processing plant. Business #999325084.
FI128,Trøsvik Gård V/Audun Trøsvik (Mattilsynet #FI128),Trøsvik Gård V/Audun Trøsvik,Norway,,Lomen,"nan, 2967 Lomen, Norway",61.1342978,8.8917686,8,"Lomen, Stee, Innlandet, Norway",PP,,,,,978551637,approved,true,documentation_verified,Mattilsynet approved establishment #FI128. Scope: Processing plant. Business #978551637.
FI129,Hande Valdres Rakfisken As (Mattilsynet #FI129),Hande Valdres Rakfisken As,Norway,,Røn,"nan, 2960 Røn, Norway",61.0332412,9.0566533,7,"Røn, Innlandet, Norway",PP,,,,,978618197,approved,true,documentation_verified,Mattilsynet approved establishment #FI129. Scope: Processing plant. Business #978618197.
FI130,Røn Gard Da (Mattilsynet #FI130),Røn Gard Da,Norway,,Røn,"nan, 2960 Røn, Norway",61.0332412,9.0566533,7,"Røn, Innlandet, Norway",PP,,,,,973309161,approved,true,documentation_verified,Mattilsynet approved establishment #FI130. Scope: Processing plant. Business #973309161.
FI131,Lofoss Fisk As (Mattilsynet #FI131),Lofoss Fisk As,Norway,,Lomen,"nan, 2967 Lomen, Norway",61.1342978,8.8917686,8,"Lomen, Stee, Innlandet, Norway",PP,,,,,972795100,approved,true,documentation_verified,Mattilsynet approved establishment #FI131. Scope: Processing plant. Business #972795100.
H55,Lerøy Fossen As (Mattilsynet #H55),Lerøy Fossen As,Norway,,Valestrandsfossen,"nan, 5281 Valestrandsfossen, Norway",60.5057028,5.4327556,7,"5281 Valestrandsfossen, Norway","FFPP-P, FFPP-SA, PP",,,,,972064009,approved,true,documentation_verified,"Mattilsynet approved establishment #H55. Scope: Fresh fishery products processing - pelagic, Fresh fishery products processing - salmon/aquaculture, Processing plant. Business #972064009."
H57,Biomega Norway As (Mattilsynet #H57),Biomega Norway As,Norway,,Skogsvåg,"Skaganeset, 5382 Skogsvåg, Norway",60.2679157,5.1051972,9,"Skaganeset, 5382 Skogsvåg, Norway",PP-MA,,,,,983090842,approved,true,documentation_verified,Mattilsynet approved establishment #H57. Scope: Processing plant - marine animal products. Business #983090842.
H65,Vågen Seafood As (Mattilsynet #H65),Vågen Seafood As,Norway,,Fjell,"Apalvågvegen 42, 5357 Fjell, Norway",60.3513696,4.9860669,10,"Apalvågvegen 42, 5357 Fjell, Norway",FFPP-P,,,,,976567110,approved,true,documentation_verified,Mattilsynet approved establishment #H65. Scope: Fresh fishery products processing - pelagic. Business #976567110.
H66,Sotra Fiskeindustri As (Mattilsynet #H66),Sotra Fiskeindustri As,Norway,,Glesvær,"Porsvika 57a, 5381 Glesvær, Norway",60.2113802,5.052629,10,"Porsvika 57A, 5381 Glesvær, Norway","FFPP-P, FFPP-SA, PP",,,,,972088358,approved,true,documentation_verified,"Mattilsynet approved establishment #H66. Scope: Fresh fishery products processing - pelagic, Fresh fishery products processing - salmon/aquaculture, Processing plant. Business #972088358."
H72,Lerøy Austevoll As (Mattilsynet #H72),Lerøy Austevoll As,Norway,,Storebø,"Bjånesøyvegen 13, 5392 Storebø, Norway",60.091956,5.2248,10,"Bjånesøyvegen 13, 5392 Storebø, Norway","FFPP-P, FFPP-SA",,,,,996653811,approved,true,documentation_verified,"Mattilsynet approved establishment #H72. Scope: Fresh fishery products processing - pelagic, Fresh fishery products processing - salmon/aquaculture. Business #996653811."
H73,Bergen Røkeri As (Mattilsynet #H73),Bergen Røkeri As,Norway,,Manger,"Mangersnesvegen 91, 5936 Manger, Norway",60.6343904,5.0296523,10,"Mangersnesvegen 91, 5936 Manger, Norway",PP,,,,,914257697,approved,true,documentation_verified,Mattilsynet approved establishment #H73. Scope: Processing plant. Business #914257697.
H77,Domstein Sjømat As Avd Espehaugen (Mattilsynet #H77),Domstein Sjømat As Avd Espehaugen,Norway,,Blomsterdalen,"Espehaugen 55, 5258 Blomsterdalen, Norway",60.2741852,5.2325078,10,"Espehaugen 55, 5258 Blomsterdalen, Norway","FFPP-P, PP",,,,,891342632,approved,true,documentation_verified,"Mattilsynet approved establishment #H77. Scope: Fresh fishery products processing - pelagic, Processing plant. Business #891342632."
H79,Smp Marine Produkter As (Mattilsynet #H79),Smp Marine Produkter As,Norway,,Bøvågen,"Bøvågen 31, 5937 Bøvågen, Norway",60.6997446,4.9229339,10,"Bøvågen 31, 5937 Bøvågen, Norway",FFPP-P,,,,,972034843,approved,true,documentation_verified,Mattilsynet approved establishment #H79. Scope: Fresh fishery products processing - pelagic. Business #972034843.
H81,Brandasund Fiskemottak As (Mattilsynet #H81),Brandasund Fiskemottak As,Norway,,Brandasund,"Kvarven, 5423 Brandasund, Norway",59.89722,5.08778,7,"Hordaland, Norway",FFPP,,,,,984375514,approved,true,documentation_verified,Mattilsynet approved establishment #H81. Scope: Fresh fishery products processing. Business #984375514.
H82,Seashore Industri As (Mattilsynet #H82),Seashore Industri As,Norway,,Bremnes,"Øklandsvegen 90, 5430 Bremnes, Norway",59.800288,5.132359,10,"Øklandsvegen 90, 5430 Bremnes, Norway","FFPP-P, FFPP-SA, PP",,,,,972189685,approved,true,documentation_verified,"Mattilsynet approved establishment #H82. Scope: Fresh fishery products processing - pelagic, Fresh fishery products processing - salmon/aquaculture, Processing plant. Business #972189685."
H84,Inka As (Mattilsynet #H84),Inka As,Norway,,Lepsøy,"Røtingavegen 244, 5216 Lepsøy, Norway",60.1397267,5.3753271,10,"Røtingavegen 244, 5216 Lepsøy, Norway",FFPP-P,,,,,984816162,approved,true,documentation_verified,Mattilsynet approved establishment #H84. Scope: Fresh fishery products processing - pelagic. Business #984816162.
H85,Nordhordland Fisk As (Mattilsynet #H85),Nordhordland Fisk As,Norway,,Manger,"Bøvågen, 5936 Manger, Norway",60.6414,5.0414,7,"5936 Oslo County, Norway","FFPP, FFPP-P",,,,,981569857,approved,true,documentation_verified,"Mattilsynet approved establishment #H85. Scope: Fresh fishery products processing, Fresh fishery products processing - pelagic. Business #981569857."
H88,Bømlo Fersk Fisk As (Mattilsynet #H88),Bømlo Fersk Fisk As,Norway,,Urangsvåg,"Hillesdalen 21, 5427 Urangsvåg, Norway",59.8070757,5.1776037,10,"Hillesdalen 21, 5427 Urangsvåg, Norway",FFPP,,,,,920240895,approved,true,documentation_verified,Mattilsynet approved establishment #H88. Scope: Fresh fishery products processing. Business #920240895.
H92,Bømlo Edelfisk As (Mattilsynet #H92),Bømlo Edelfisk As,Norway,,Bømlo,"nan, 5443 Bømlo, Norway",59.6065082,5.2101297,7,"5443 Bømlo, Norway","PP, PP-C",,,,,972208671,approved,true,documentation_verified,"Mattilsynet approved establishment #H92. Scope: Processing plant, Processing plant - crustacean. Business #972208671."
H95,Espevær Røykeri As (Mattilsynet #H95),Espevær Røykeri As,Norway,,Espevær,"Espevær, 5444 Espevær, Norway",59.5894396,5.1478481,9,"Espeværvegen, 5444 Espevær, Norway","FFPP-P, PP",,,,,983723624,approved,true,documentation_verified,"Mattilsynet approved establishment #H95. Scope: Fresh fishery products processing - pelagic, Processing plant. Business #983723624."
H100,Orkla Foods Norge As Avd Toro Arna (Mattilsynet #H100),Orkla Foods Norge As Avd Toro Arna,Norway,,Indre Arna,"Ekrevegen 60, 5261 Indre Arna, Norway",60.411219,5.4692286,10,"Ekrevegen 60, 5261 Indre, Norway",PP,,,,,973163094,approved,true,documentation_verified,Mattilsynet approved establishment #H100. Scope: Processing plant. Business #973163094.
H108,Leiren Laks As (Mattilsynet #H108),Leiren Laks As,Norway,,Stamnes,"Stamnes, 5727 Stamnes, Norway",64.4984942,10.8626223,9,"Stamnes, 7770 Flatanger, Norway",PP,,,,,977527430,approved,true,documentation_verified,Mattilsynet approved establishment #H108. Scope: Processing plant. Business #977527430.
H111,Viking Fjord As (Mattilsynet #H111),Viking Fjord As,Norway,,Sunde I Sunnhordland,"Sundsvegen 119, 5450 Sunde I Sunnhordland, Norway",59.8349102,5.7108025,10,"Sundsvegen 119, 5450 Sunde, Norway","FFPP-P, FFPP-SA",,,,,979768273,approved,true,documentation_verified,"Mattilsynet approved establishment #H111. Scope: Fresh fishery products processing - pelagic, Fresh fishery products processing - salmon/aquaculture. Business #979768273."
H112,Sekkingstad As (Mattilsynet #H112),Sekkingstad As,Norway,,Skogsvåg,"Skaganeset, 5382 Skogsvåg, Norway",60.2679157,5.1051972,9,"Skaganeset, 5382 Skogsvåg, Norway","FFPP-P, FFPP-S, FFPP-SA",,,,,972292222,approved,true,documentation_verified,"Mattilsynet approved establishment #H112. Scope: Fresh fishery products processing - pelagic, FFPP-S, Fresh fishery products processing - salmon/aquaculture. Business #972292222."
H122,Hav Line As (Mattilsynet #H122),Hav Line As,Norway,,Bergen,"Christian Michelsens Gate 6b, 5012 Bergen, Norway",60.3930996,5.3219706,10,"Christian Michelsens gate 6B, 5012 Bergen, Norway","FFPP-P, FFPP-SA",,,,,917486565,approved,true,documentation_verified,"Mattilsynet approved establishment #H122. Scope: Fresh fishery products processing - pelagic, Fresh fishery products processing - salmon/aquaculture. Business #917486565."
H123,Nordic Caviar As (Mattilsynet #H123),Nordic Caviar As,Norway,,Steinsland,"Toft, 5379 Steinsland, Norway",60.1959,5.099,7,"5379 Oslo County, Norway",PP,,,,,981265424,approved,true,documentation_verified,Mattilsynet approved establishment #H123. Scope: Processing plant. Business #981265424.
H131,Fjordfisk Skånevik (Mattilsynet #H131),Fjordfisk Skånevik,Norway,,Skånevik,"Sardinfabrikken, 5593 Skånevik, Norway",59.7333,5.9833,7,"5593 Oslo County, Norway","FFPP, FFPP-P, PP, PP-C, PP-SA",,,,,983441483,approved,true,documentation_verified,"Mattilsynet approved establishment #H131. Scope: Fresh fishery products processing, Fresh fishery products processing - pelagic, Processing plant, Processing plant - crustacean, PP-SA. Business #983441483."
H132,Halstensen Granit As (Mattilsynet #H132),Halstensen Granit As,Norway,,Bekkjarvik,"Halstensen Granit As, 5399 Bekkjarvik, Norway",60.0028,5.2003,7,"5399 Oslo County, Norway",PP-MA,,,,,998381851,approved,true,documentation_verified,Mattilsynet approved establishment #H132. Scope: Processing plant - marine animal products. Business #998381851.
H144,Lerøy Norge As Avd Bergen (Mattilsynet #H144),Lerøy Norge As Avd Bergen,Norway,,Bergen,"Skuteviksboder 1-2, 5035 Bergen, Norway",60.393,5.3242,7,"5035 Oslo County, Norway",FFPP-P,,,,,971656891,approved,true,documentation_verified,Mattilsynet approved establishment #H144. Scope: Fresh fishery products processing - pelagic. Business #971656891.
H200,Trolltunga Arctic Trout As (Mattilsynet #H200),Trolltunga Arctic Trout As,Norway,,Tyssedal,"Naustbakken 3, 5770 Tyssedal, Norway",60.1191434,6.5560633,10,"Naustbakken 3, 5770 Tyssedal, Norway","FFPP-P, FFPP-SA",,,,,982348005,approved,true,documentation_verified,"Mattilsynet approved establishment #H200. Scope: Fresh fishery products processing - pelagic, Fresh fishery products processing - salmon/aquaculture. Business #982348005."
H217,Brødrene Hjønnevåg As (Mattilsynet #H217),Brødrene Hjønnevåg As,Norway,,Uskedalen,"Børnes 20, 5463 Uskedalen, Norway",59.9328727,5.8340442,10,"Børnes 20, 5463 Uskedalen, Norway","FFPP-P, PP",,,,,971706694,approved,true,documentation_verified,"Mattilsynet approved establishment #H217. Scope: Fresh fishery products processing - pelagic, Processing plant. Business #971706694."
H300,Scalmarin As (Mattilsynet #H300),Scalmarin As,Norway,,Rong,"Svartevikvegen 5, 5337 Rong, Norway",60.5173167,4.9045178,10,"Svartevikvegen 5, 5337 Rong, Norway",FFPP,,,,,815798082,approved,true,documentation_verified,Mattilsynet approved establishment #H300. Scope: Fresh fishery products processing. Business #815798082.
H786,Napier As (Mattilsynet #H786),Napier As,Norway,,Bømlo,"Hovlandsvegen 18, 5443 Bømlo, Norway",59.6020566,5.2107271,10,"Hovlandsvegen 18, 5443 Bømlo, Norway",FFPP-SA,,,,,976173023,approved,true,documentation_verified,Mattilsynet approved establishment #H786. Scope: Fresh fishery products processing - salmon/aquaculture. Business #976173023.
H793,Tubilah As Avd Bømlo (Mattilsynet #H793),Tubilah As Avd Bømlo,Norway,,Bremnes,"Stavlandsveien 5, 5430 Bremnes, Norway",59.7933732,5.1715147,10,"Stavlandsvegen 5, 5430 Bremnes, Norway",FFPP-S,,,,,980654206,approved,true,documentation_verified,Mattilsynet approved establishment #H793. Scope: FFPP-S. Business #980654206.
H801,Taupo As (Mattilsynet #H801),Taupo As,Norway,,Bømlo,"Hovlandsvegen 18, 5443 Bømlo, Norway",59.6020566,5.2107271,10,"Hovlandsvegen 18, 5443 Bømlo, Norway",FFPP-SA,,,,,920709176,approved,true,documentation_verified,Mattilsynet approved establishment #H801. Scope: Fresh fishery products processing - salmon/aquaculture. Business #920709176.
H805,Thermo Service As (Mattilsynet #H805),Thermo Service As,Norway,,Storebø,"Alfabygget, 5392 Storebø, Norway",60.0928583,5.2238832,9,"Alfabygget, 5392 Storebø, Norway",FFPP-SA,,,,,915561640,approved,true,documentation_verified,Mattilsynet approved establishment #H805. Scope: Fresh fishery products processing - salmon/aquaculture. Business #915561640.
H806,Hauglaks (Mattilsynet #H806),Hauglaks,Norway,,Bergen,"Christian Michelsens Gate 6b, 5012 Bergen, Norway",60.3930996,5.3219706,10,"Christian Michelsens gate 6B, 5012 Bergen, Norway","FFPP-P, FFPP-SA",,,,,921449526,approved,true,documentation_verified,"Mattilsynet approved establishment #H806. Scope: Fresh fishery products processing - pelagic, Fresh fishery products processing - salmon/aquaculture. Business #921449526."
H815,Seivik As (Mattilsynet #H815),Seivik As,Norway,,Torangsvåg,"Austevollshellevegen 67, 5384 Torangsvåg, Norway",60.106058,5.17567,10,"Austevollshellevegen 67, 5384 Torangsvåg, Norway",FFPP-SA,,,,,995410559,approved,true,documentation_verified,Mattilsynet approved establishment #H815. Scope: Fresh fishery products processing - salmon/aquaculture. Business #995410559.
H816,Konrad Sekkingstad As (Mattilsynet #H816),Konrad Sekkingstad As,Norway,,Fjell,"Apalvågvegen 42, 5357 Fjell, Norway",60.3513696,4.9860669,10,"Apalvågvegen 42, 5357 Fjell, Norway",FFPP,,,,,974101998,approved,true,documentation_verified,Mattilsynet approved establishment #H816. Scope: Fresh fishery products processing. Business #974101998.
H819,Taupiri As (Mattilsynet #H819),Taupiri As,Norway,,Bømlo,"Hovlandsvegen 18, 5443 Bømlo, Norway",59.6020566,5.2107271,10,"Hovlandsvegen 18, 5443 Bømlo, Norway",FFPP-SA,,,,,920971172,approved,true,documentation_verified,Mattilsynet approved establishment #H819. Scope: Fresh fishery products processing - salmon/aquaculture. Business #920971172.
H822,Seistar Prosessfartøy As (Mattilsynet #H822),Seistar Prosessfartøy As,Norway,,Torangsvåg,"Austevollshellevegen 67, 5384 Torangsvåg, Norway",60.106058,5.17567,10,"Austevollshellevegen 67, 5384 Torangsvåg, Norway",FFPP-SA,,,,,994212923,approved,true,documentation_verified,Mattilsynet approved establishment #H822. Scope: Fresh fishery products processing - salmon/aquaculture. Business #994212923.
H823,Seivik As (Mattilsynet #H823),Seivik As,Norway,,Torangsvåg,"Austevollshellevegen 67, 5384 Torangsvåg, Norway",60.106058,5.17567,10,"Austevollshellevegen 67, 5384 Torangsvåg, Norway",FFPP-SA,,,,,995410559,approved,true,documentation_verified,Mattilsynet approved establishment #H823. Scope: Fresh fishery products processing - salmon/aquaculture. Business #995410559.
H824,Fylkesnes Fisk As (Mattilsynet #H824),Fylkesnes Fisk As,Norway,,Bremnes,"Fylkesnesvegen 164, 5430 Bremnes, Norway",59.7623419,5.1745599,10,"Fylkesnesvegen 164, 5430 Bremnes, Norway",FFPP-SA,,,,,972254592,approved,true,documentation_verified,Mattilsynet approved establishment #H824. Scope: Fresh fishery products processing - salmon/aquaculture. Business #972254592.
HE224,Primar As (Mattilsynet #HE224),Primar As,Norway,,Folldal,"Folldal Industriområde, 2580 Folldal, Norway",62.1325,9.9968,7,"2580 Buskerud, Norway","PP, PP-KL",,,,,993948047,approved,true,documentation_verified,"Mattilsynet approved establishment #HE224. Scope: Processing plant, PP-KL. Business #993948047."
HE227,Femundfisk As (Mattilsynet #HE227),Femundfisk As,Norway,,Elgå,"Elgå, 2446 Elgå, Norway",62.1658989,11.9449513,9,"Elgå, Femundveien, 2446 Elgå, Norway","FFPP, FFPP-P, PP",,,,,971960086,approved,true,documentation_verified,"Mattilsynet approved establishment #HE227. Scope: Fresh fishery products processing, Fresh fishery products processing - pelagic, Processing plant. Business #971960086."
HE2268,Salsus As (Mattilsynet #HE2268),Salsus As,Norway,,Kongsvinger,"Norvald Strands Veg 162, 2212 Kongsvinger, Norway",60.2085386,11.9328316,10,"Norvald Strands veg 162, 2212 Kongsvinger, Norway","PP, PP-C",,,,,813538512,approved,true,documentation_verified,"Mattilsynet approved establishment #HE2268. Scope: Processing plant, Processing plant - crustacean. Business #813538512."
IL3,Sykehuset Innlandet Hf (Mattilsynet #IL3),Sykehuset Innlandet Hf,Norway,,Lillehammer,"Anders Sandvigs Gate 17, 2609 Lillehammer, Norway",61.1124326,10.4736491,10,"Anders Sandvigs gate 17, 2609 Lillehammer, Norway",FFPP-P,,,,,874632562,approved,true,documentation_verified,Mattilsynet approved establishment #IL3. Scope: Fresh fishery products processing - pelagic. Business #874632562.
IL6,First Seafood As Avd Kongsvinger (Mattilsynet #IL6),First Seafood As Avd Kongsvinger,Norway,,Kongsvinger,"Stømnervegen 1, 2212 Kongsvinger, Norway",60.2073759,11.9536342,10,"Stømnervegen 1, 2212 Kongsvinger, Norway",FFPP-P,,,,,929066294,approved,true,documentation_verified,Mattilsynet approved establishment #IL6. Scope: Fresh fishery products processing - pelagic. Business #929066294.
M36,Ramoen As (Mattilsynet #M36),Ramoen As,Norway,,Ålesund,"Ystenesgata 6b, 6003 Ålesund, Norway",62.4708584,6.1719356,10,"Ystenesgata 6B, 6003 Ålesund, Norway",PP-MA,,,,,971838329,approved,true,documentation_verified,Mattilsynet approved establishment #M36. Scope: Processing plant - marine animal products. Business #971838329.
M75,Veidholmen Fisk As (Mattilsynet #M75),Veidholmen Fisk As,Norway,,Smøla,"Skjærsgårdsveien 789, 6570 Smøla, Norway",63.3304,8.0793,7,"6570 Sogn og Fjordane, Norway","FFPP, FFPP-P, PP-KL, PP-SA",,,,,974108038,approved,true,documentation_verified,"Mattilsynet approved establishment #M75. Scope: Fresh fishery products processing, Fresh fishery products processing - pelagic, PP-KL, PP-SA. Business #974108038."
M89,Hopmark Fisk As (Mattilsynet #M89),Hopmark Fisk As,Norway,,Smøla,"Vikan Industriområde 98, 6570 Smøla, Norway",63.3755111,8.2030725,8,"Vikan industriområde, Vikan, Møre og Romsdal, Norway",FFPP,,,,,932406519,approved,true,documentation_verified,Mattilsynet approved establishment #M89. Scope: Fresh fishery products processing. Business #932406519.
M94,Atlantic Dawn Seafoods As (Mattilsynet #M94),Atlantic Dawn Seafoods As,Norway,,Smøla,"Vikan Industriområde 96, 6570 Smøla, Norway",63.3755111,8.2030725,8,"Vikan industriområde, Vikan, Møre og Romsdal, Norway","FFPP, FFPP-P, PP",,,,,885796532,approved,true,documentation_verified,"Mattilsynet approved establishment #M94. Scope: Fresh fishery products processing, Fresh fishery products processing - pelagic, Processing plant. Business #885796532."
M96,Kongshaug Krabbe As (Mattilsynet #M96),Kongshaug Krabbe As,Norway,,Smøla,"Hestøya, 6570 Smøla, Norway",63.3042699,8.0837948,8,"Hestøya, Smøla, Møre og Romsdal, Norway","FFPP, FFPP-P, PP-C",,,,,916295391,approved,true,documentation_verified,"Mattilsynet approved establishment #M96. Scope: Fresh fishery products processing, Fresh fishery products processing - pelagic, Processing plant - crustacean. Business #916295391."
M116,Lofotkompaniet As (Mattilsynet #M116),Lofotkompaniet As,Norway,,Kristiansund N,"Skippergata 27, 6507 Kristiansund N, Norway",63.108473,7.74203,10,"Skippergata 27, 6507 Kristiansund, Norway",RW,,,,,971797053,approved,true,documentation_verified,Mattilsynet approved establishment #M116. Scope: Rewrapping/relabelling. Business #971797053.
M129,Lm Processing As (Mattilsynet #M129),Lm Processing As,Norway,,Frei,"Vågahammeren 6, 6520 Frei, Norway",63.0895679,7.8037861,10,"Vågahammeren 6, 6520 Frei, Norway",FFPP-P,,,,,972096237,approved,true,documentation_verified,Mattilsynet approved establishment #M129. Scope: Fresh fishery products processing - pelagic. Business #972096237.
M132,Fortuna Oils As (Mattilsynet #M132),Fortuna Oils As,Norway,,Kristiansund N,"Fiskeribasen 5, 6512 Kristiansund N, Norway",63.121433,7.760072,10,"Fiskeribasen 5, 6512 Kristiansund, Norway",PP-MA,,,,,987152303,approved,true,documentation_verified,Mattilsynet approved establishment #M132. Scope: Processing plant - marine animal products. Business #987152303.
M150,Peder B. Sørvik As (Mattilsynet #M150),Peder B. Sørvik As,Norway,,Averøy,"Reksundveien 424, 6533 Averøy, Norway",63.0726638,7.4922108,10,"Reksundveien 424, 6533 Averøy, Norway","FFPP, PP, PP-KL, PP-SA, PP-ST",,,,,971779446,approved,true,documentation_verified,"Mattilsynet approved establishment #M150. Scope: Fresh fishery products processing, Processing plant, PP-KL, PP-SA, Processing plant - smoked/traditional. Business #971779446."
M152,Ole Løvold As (Mattilsynet #M152),Ole Løvold As,Norway,,Averøy,"Langøyneset, 6530 Averøy, Norway",63.0638045,7.4980139,7,"6533 Averøy, Norway","FFPP, FFPP-P, PP, PP-KL, PP-SA",,,,,971896965,approved,true,documentation_verified,"Mattilsynet approved establishment #M152. Scope: Fresh fishery products processing, Fresh fishery products processing - pelagic, Processing plant, PP-KL, PP-SA. Business #971896965."
M155,Sigurd Folland As (Mattilsynet #M155),Sigurd Folland As,Norway,,Averøy,"Reksundveien 207, 6533 Averøy, Norway",63.0685458,7.4901615,10,"Reksundveien 207, 6533 Averøy, Norway",FFPP,,,,,971689064,approved,true,documentation_verified,Mattilsynet approved establishment #M155. Scope: Fresh fishery products processing. Business #971689064.
M157,Jangaard Export As Avd Nordmøre (Mattilsynet #M157),Jangaard Export As Avd Nordmøre,Norway,,Averøy,"nan, 6530 Averøy, Norway",63.0808202,7.6314048,7,"6530 Averøy, Norway","FFPP, FFPP-P, PP, PP-KL, PP-SA, PP-ST",,,,,972002003,approved,true,documentation_verified,"Mattilsynet approved establishment #M157. Scope: Fresh fishery products processing, Fresh fishery products processing - pelagic, Processing plant, PP-KL, PP-SA, Processing plant - smoked/traditional. Business #972002003."
M158,Edward Johnsen As (Mattilsynet #M158),Edward Johnsen As,Norway,,Averøy,"nan, 6530 Averøy, Norway",63.0808202,7.6314048,7,"6530 Averøy, Norway","FFPP, FFPP-P, PP",,,,,971715979,approved,true,documentation_verified,"Mattilsynet approved establishment #M158. Scope: Fresh fishery products processing, Fresh fishery products processing - pelagic, Processing plant. Business #971715979."
M161,Jangaard Export As Avd Nordmøre (Mattilsynet #M161),Jangaard Export As Avd Nordmøre,Norway,,Averøy,"nan, 6530 Averøy, Norway",63.0808202,7.6314048,7,"6530 Averøy, Norway","FFPP, FFPP-P, PP, PP-KL, PP-SA, PP-ST",,,,,972002003,approved,true,documentation_verified,"Mattilsynet approved establishment #M161. Scope: Fresh fishery products processing, Fresh fishery products processing - pelagic, Processing plant, PP-KL, PP-SA, Processing plant - smoked/traditional. Business #972002003."
M162,Strømsholm Fiskeindustri As (Mattilsynet #M162),Strømsholm Fiskeindustri As,Norway,,Tustna,"Tømmervåg, 6590 Tustna, Norway",63.16172,8.10915,9,"Tustna, Aure, Møre og Romsdal fylke, Norway","FFPP, FFPP-P, PP, PP-KL, PP-SA",,,,,874154172,approved,true,documentation_verified,"Mattilsynet approved establishment #M162. Scope: Fresh fishery products processing, Fresh fishery products processing - pelagic, Processing plant, PP-KL, PP-SA. Business #874154172."
M168,Pure Norwegian Seafood As (Mattilsynet #M168),Pure Norwegian Seafood As,Norway,,Averøy,"Hendnesveien 99, 6533 Averøy, Norway",63.0575569,7.5135747,10,"Hendnesveien 99, 6533 Averøy, Norway","FFPP, FFPP-P, FFPP-S, FFPP-SA",,,,,972277959,approved,true,documentation_verified,"Mattilsynet approved establishment #M168. Scope: Fresh fishery products processing, Fresh fishery products processing - pelagic, FFPP-S, Fresh fishery products processing - salmon/aquaculture. Business #972277959."
M190,Romsdal Processing As (Mattilsynet #M190),Romsdal Processing As,Norway,,Midsund,"Utsidevegen 21, 6475 Midsund, Norway",62.6730752,6.6669135,10,"Utsidevegen 21, 6475 Midsund, Norway",FFPP-P,,,,,989292994,approved,true,documentation_verified,Mattilsynet approved establishment #M190. Scope: Fresh fishery products processing - pelagic. Business #989292994.
M198,As Møre Codfish Comp Avd Bud (Mattilsynet #M198),As Møre Codfish Comp Avd Bud,Norway,,Bud,"Kaivegen 12, 6430 Bud, Norway",62.9058193,6.9096652,10,"Kaivegen 12, 6430 Bud, Norway","FFPP, FFPP-P, PP-KL, PP-SA",,,,,982495725,approved,true,documentation_verified,"Mattilsynet approved establishment #M198. Scope: Fresh fishery products processing, Fresh fishery products processing - pelagic, PP-KL, PP-SA. Business #982495725."
M199,Vikomar As (Mattilsynet #M199),Vikomar As,Norway,,Bud,"Indre Harøyvegen 32, 6430 Bud, Norway",62.883661,6.965134,10,"Indre Harøyvegen 32, 6430 Bud, Norway","FFPP, FFPP-P, PP",,,,,972215597,approved,true,documentation_verified,"Mattilsynet approved establishment #M199. Scope: Fresh fishery products processing, Fresh fishery products processing - pelagic, Processing plant. Business #972215597."
M200,Vikenco As (Mattilsynet #M200),Vikenco As,Norway,,Aukra,"Rindarøyvegen 383, 6480 Aukra, Norway",62.845519,6.7752623,10,"Rindarøyvegen 383, 6480 Aukra, Norway","FFPP-P, FFPP-S, FFPP-SA, PP",,,,,988029653,approved,true,documentation_verified,"Mattilsynet approved establishment #M200. Scope: Fresh fishery products processing - pelagic, FFPP-S, Fresh fishery products processing - salmon/aquaculture, Processing plant. Business #988029653."
M212,O Skarsbø As (Mattilsynet #M212),O Skarsbø As,Norway,,Bud,"Håsundvegen 81, 6430 Bud, Norway",62.8923057,6.9562,10,"Håsundvegen 81, 6430 Bud, Norway","FFPP, FFPP-P, PP, PP-KL, PP-SA",,,,,971766832,approved,true,documentation_verified,"Mattilsynet approved establishment #M212. Scope: Fresh fishery products processing, Fresh fishery products processing - pelagic, Processing plant, PP-KL, PP-SA. Business #971766832."
M269,Horsgaard & Co A/S (Mattilsynet #M269),Horsgaard & Co A/S,Norway,,Molde,"Hamnegata 43, 6413 Molde, Norway",62.73684,7.161728,10,"Hamnegata 43, 6413 Molde, Norway","FFPP, PP, PP-C",,,,,974085925,approved,true,documentation_verified,"Mattilsynet approved establishment #M269. Scope: Fresh fishery products processing, Processing plant, Processing plant - crustacean. Business #974085925."
M294,Scanprod As (Mattilsynet #M294),Scanprod As,Norway,,Valderøya,"Sætrehamna 9, 6050 Valderøya, Norway",62.527189,6.1245064,10,"Sætrehamna 9, 6050 Valderøya, Norway","FFPP, PP-KL, PP-SA",,,,,984011199,approved,true,documentation_verified,"Mattilsynet approved establishment #M294. Scope: Fresh fishery products processing, PP-KL, PP-SA. Business #984011199."
M296,Seafood Farmers Of Norway As (Mattilsynet #M296),Seafood Farmers Of Norway As,Norway,,Valderøya,"Blomvika 102, 6050 Valderøya, Norway",62.5239459,6.136289,10,"Blomvika 102, 6050 Valderøya, Norway","FFPP-P, PP",,,,,972147958,approved,true,documentation_verified,"Mattilsynet approved establishment #M296. Scope: Fresh fishery products processing - pelagic, Processing plant. Business #972147958."
M301,Bedre Helse As (Mattilsynet #M301),Bedre Helse As,Norway,,Elnesvågen,"Malmefjordvegen 18, 6440 Elnesvågen, Norway",62.8355262,7.2354108,10,"Malmefjordvegen 18, 6440 Elnesvågen, Norway",PP,,,,,933640124,approved,true,documentation_verified,Mattilsynet approved establishment #M301. Scope: Processing plant. Business #933640124.
M303,Hofseth Aqua Avd 31 Slakteri Ålesund (Mattilsynet #M303),Hofseth Aqua Avd 31 Slakteri Ålesund,Norway,,Ålesund,"Fjordgata 52, 6005 Ålesund, Norway",62.4717044,6.1319053,10,"Fjordgata 52, 6005 Ålesund, Norway","FFPP-P, FFPP-S, FFPP-SA, PP-MA",,,,,930296473,approved,true,documentation_verified,"Mattilsynet approved establishment #M303. Scope: Fresh fishery products processing - pelagic, FFPP-S, Fresh fishery products processing - salmon/aquaculture, Processing plant - marine animal products. Business #930296473."
M310,Jangaard Export As Avd Kleivane (Mattilsynet #M310),Jangaard Export As Avd Kleivane,Norway,,Ålesund,"Aarsæthervegen 41, 6006 Ålesund, Norway",62.4620895,6.1252227,10,"Aarsæthervegen 41, 6006 Ålesund, Norway",PP-KL,,,,,971805730,approved,true,documentation_verified,Mattilsynet approved establishment #M310. Scope: PP-KL. Business #971805730.
M314,Pelagia Liavåg (Mattilsynet #M314),Pelagia Liavåg,Norway,,Hjørungavåg,"Liavaagen, 6063 Hjørungavåg, Norway",62.35,6.0667,7,"6063 Sogn og Fjordane, Norway","FFPP, FFPP-P, PP",,,,,973167502,approved,true,documentation_verified,"Mattilsynet approved establishment #M314. Scope: Fresh fishery products processing, Fresh fishery products processing - pelagic, Processing plant. Business #973167502."
M317,Fjordlaks As (Mattilsynet #M317),Fjordlaks As,Norway,,Ålesund,"Fjordgata 52, 6005 Ålesund, Norway",62.4717044,6.1319053,10,"Fjordgata 52, 6005 Ålesund, Norway","FFPP, PP, PP-KL, PP-SA",,,,,973170856,approved,true,documentation_verified,"Mattilsynet approved establishment #M317. Scope: Fresh fishery products processing, Processing plant, PP-KL, PP-SA. Business #973170856."
M325,Marine Sales As (Mattilsynet #M325),Marine Sales As,Norway,,Ålesund,"Postboks 383, 6001 Ålesund, Norway",62.4711412,6.1551755,4,"6004 Ålesund, Norway","FFPP, FFPP-P, PP, PP-SA",,,,,886102232,approved,true,documentation_verified,"Mattilsynet approved establishment #M325. Scope: Fresh fishery products processing, Fresh fishery products processing - pelagic, Processing plant, PP-SA. Business #886102232."
M327,Brødrene Sperre As  Avd Vest (Mattilsynet #M327),Brødrene Sperre As  Avd Vest,Norway,,Ålesund,"Aarsæthervegen 17, 6006 Ålesund, Norway",62.4633951,6.1165899,10,"Aarsæthervegen 17, 6006 Ålesund, Norway",PP-KL,,,,,971655518,approved,true,documentation_verified,Mattilsynet approved establishment #M327. Scope: PP-KL. Business #971655518.
M341,Olav E Fiskerstrand As (Mattilsynet #M341),Olav E Fiskerstrand As,Norway,,Fiskarstrand,"Fiskarstrandvegen 262, 6035 Fiskarstrand, Norway",62.4399138,6.250643,10,"Fiskarstrandvegen 262, 6035 Fiskarstrand, Norway","FFPP, FFPP-P, PP-KL, PP-SA",,,,,971687371,approved,true,documentation_verified,"Mattilsynet approved establishment #M341. Scope: Fresh fishery products processing, Fresh fishery products processing - pelagic, PP-KL, PP-SA. Business #971687371."
M343,Brødr Remø As (Mattilsynet #M343),Brødr Remø As,Norway,,Fiskarstrand,"Fiskarstrandvegen 168, 6035 Fiskarstrand, Norway",62.442943,6.2726007,10,"Fiskarstrandvegen 168, 6035 Fiskarstrand, Norway","FFPP-P, PP, PP-C, PP-KL, PP-M",,,,,972066265,approved,true,documentation_verified,"Mattilsynet approved establishment #M343. Scope: Fresh fishery products processing - pelagic, Processing plant, Processing plant - crustacean, PP-KL, Processing plant - mollusc. Business #972066265."
M359,Brødrene Sperre As Avd Fiskarstrand (Mattilsynet #M359),Brødrene Sperre As Avd Fiskarstrand,Norway,,Fiskarstrand,"Tranvågen 6, 6035 Fiskarstrand, Norway",62.4382873,6.2791632,10,"Tranvågen 6, 6035 Fiskarstrand, Norway","FFPP, FFPP-P, PP-KL, PP-SA",,,,,971783583,approved,true,documentation_verified,"Mattilsynet approved establishment #M359. Scope: Fresh fishery products processing, Fresh fishery products processing - pelagic, PP-KL, PP-SA. Business #971783583."
M360,Abs As (Mattilsynet #M360),Abs As,Norway,,Ellingsøy,"Lyngholmvegen 8, 6057 Ellingsøy, Norway",62.4969821,6.3615178,10,"Lyngholmvegen 8, 6057 Ellingsøy, Norway","FFPP-P, PP-KL, PP-SA",,,,,994995766,approved,true,documentation_verified,"Mattilsynet approved establishment #M360. Scope: Fresh fishery products processing - pelagic, PP-KL, PP-SA. Business #994995766."
M361,Jacob Bjørge As (Mattilsynet #M361),Jacob Bjørge As,Norway,,Ellingsøy,"Bjørge Industriveg 7, 6057 Ellingsøy, Norway",62.4968691,6.3594426,10,"Bjørge industriveg 7, 6057 Ellingsøy, Norway","FFPP, PP-KL, PP-SA",,,,,871667012,approved,true,documentation_verified,"Mattilsynet approved establishment #M361. Scope: Fresh fishery products processing, PP-KL, PP-SA. Business #871667012."
M363,Brødr Aarseth As (Mattilsynet #M363),Brødr Aarseth As,Norway,,Ellingsøy,"Lyngholmvegen 96, 6057 Ellingsøy, Norway",62.4966238,6.3790412,10,"Lyngholmvegen 96, 6057 Ellingsøy, Norway","FFPP, PP-KL, PP-SA",,,,,999236162,approved,true,documentation_verified,"Mattilsynet approved establishment #M363. Scope: Fresh fishery products processing, PP-KL, PP-SA. Business #999236162."
M364,Mathias Bjørge As (Mattilsynet #M364),Mathias Bjørge As,Norway,,Ellingsøy,"Årset, 6057 Ellingsøy, Norway",62.51667,6.33333,9,"Ellingsøya, Ålesund, Møre og Romsdal fylke, Norway","FFPP-P, PP-KL, PP-SA",,,,,995477645,approved,true,documentation_verified,"Mattilsynet approved establishment #M364. Scope: Fresh fishery products processing - pelagic, PP-KL, PP-SA. Business #995477645."
M367,Gustav Stokke As (Mattilsynet #M367),Gustav Stokke As,Norway,,Ellingsøy,"Gustav Stokkes Veg 21, 6057 Ellingsøy, Norway",62.5024524,6.4017692,10,"Gustav Stokkes veg 21, 6057 Ellingsøy, Norway","FFPP, FFPP-P, PP-KL, PP-SA",,,,,935032407,approved,true,documentation_verified,"Mattilsynet approved establishment #M367. Scope: Fresh fishery products processing, Fresh fishery products processing - pelagic, PP-KL, PP-SA. Business #935032407."
M369,Brødrene Sperre As (Mattilsynet #M369),Brødrene Sperre As,Norway,,Ellingsøy,"Ellingsøyvegen 680, 6057 Ellingsøy, Norway",62.491998,6.3017473,10,"Ellingsøyvegen 680, 6057 Ellingsøy, Norway","FFPP, FFPP-P, PP, PP-KL, PP-SA",,,,,974103540,approved,true,documentation_verified,"Mattilsynet approved establishment #M369. Scope: Fresh fishery products processing, Fresh fishery products processing - pelagic, Processing plant, PP-KL, PP-SA. Business #974103540."
M371,Firmenich Bjørge Biomarin As (Mattilsynet #M371),Firmenich Bjørge Biomarin As,Norway,,Ellingsøy,"Ellingsøyvegen 920, 6057 Ellingsøy, Norway",62.4964254,6.3462183,10,"Ellingsøyvegen 920, 6057 Ellingsøy, Norway",PP-MA,,,,,972160571,approved,true,documentation_verified,Mattilsynet approved establishment #M371. Scope: Processing plant - marine animal products. Business #972160571.
M373,Nils Sperre As (Mattilsynet #M373),Nils Sperre As,Norway,,Ellingsøy,"Ellingsøyvegen 700, 6057 Ellingsøy, Norway",62.4917943,6.3068102,10,"Ellingsøyvegen 700, 6057 Ellingsøy, Norway","FFPP, PP, PP-KL, PP-SA",,,,,971771437,approved,true,documentation_verified,"Mattilsynet approved establishment #M373. Scope: Fresh fishery products processing, Processing plant, PP-KL, PP-SA. Business #971771437."
M374,Marine Sales Stokksund As (Mattilsynet #M374),Marine Sales Stokksund As,Norway,,Tjørvåg,"Hagemannsvegen 6, 6070 Tjørvåg, Norway",62.3060392,5.7263699,10,"Hagemannsvegen 6, 6070 Tjørvåg, Norway","FFPP, FFPP-P, PP",,,,,992634162,approved,true,documentation_verified,"Mattilsynet approved establishment #M374. Scope: Fresh fishery products processing, Fresh fishery products processing - pelagic, Processing plant. Business #992634162."
M392,Njardar As (Mattilsynet #M392),Njardar As,Norway,,Leinøy,"Nærøy, 6094 Leinøy, Norway",62.3404695,5.681118,9,"Nærøyvegen, 6094 Leinøy, Norway",PP,,,,,971986107,approved,true,documentation_verified,Mattilsynet approved establishment #M392. Scope: Processing plant. Business #971986107.
M394,Mowi Avd Eggebønes Processing (Mattilsynet #M394),Mowi Avd Eggebønes Processing,Norway,,Fosnavåg,"Eggesbønes, 6092 Fosnavåg, Norway",62.3419,5.634,7,"6092 Sogn og Fjordane, Norway",FFPP-SA,,,,,971856211,approved,true,documentation_verified,Mattilsynet approved establishment #M394. Scope: Fresh fishery products processing - salmon/aquaculture. Business #971856211.
M395,Karsten Flem As (Mattilsynet #M395),Karsten Flem As,Norway,,Longva,"Longvafjordvegen 249, 6293 Longva, Norway",62.6802215,6.239852,10,"Longvafjordvegen 249, 6293 Longva, Norway","FFPP, PP-KL, PP-SA",,,,,971688378,approved,true,documentation_verified,"Mattilsynet approved establishment #M395. Scope: Fresh fishery products processing, PP-KL, PP-SA. Business #971688378."
M408,Lofotprodukt As Avd Gjerdsvika (Mattilsynet #M408),Lofotprodukt As Avd Gjerdsvika,Norway,,Gjerdsvika,"Gjerdsvikvegen 208, 6083 Gjerdsvika, Norway",62.254577,5.569517,10,"Gjerdsvikvegen 208, 6083 Gjerdsvika, Norway",PP,,,,,973488724,approved,true,documentation_verified,Mattilsynet approved establishment #M408. Scope: Processing plant. Business #973488724.
M416,Finefish As Avd Sandshamn (Mattilsynet #M416),Finefish As Avd Sandshamn,Norway,,Sandshamn,"Sandshamna 91, 6089 Sandshamn, Norway",62.252209,5.486071,10,"Sandshamna 91, 6089 Sandshamn, Norway","FFPP, FFPP-P, PP",,,,,977058333,approved,true,documentation_verified,"Mattilsynet approved establishment #M416. Scope: Fresh fishery products processing, Fresh fishery products processing - pelagic, Processing plant. Business #977058333."
M421,Berg Lipidtech As (Mattilsynet #M421),Berg Lipidtech As,Norway,,Eidsnes,"Sjukenesstranda 62, 6037 Eidsnes, Norway",62.4295629,6.3337751,10,"Sjukenesstranda 62, 6037 Eidsnes, Norway",PP-MA,,,,,924301392,approved,true,documentation_verified,Mattilsynet approved establishment #M421. Scope: Processing plant - marine animal products. Business #924301392.
M422,Korsneset Klippfisk As (Mattilsynet #M422),Korsneset Klippfisk As,Norway,,Fiskarstrand,"Korsnesveien, 6035 Fiskarstrand, Norway",62.0,10.0,1,Norway,PP-KL,,,,,971824700,approved,true,documentation_verified,Mattilsynet approved establishment #M422. Scope: PP-KL. Business #971824700.
M425,Jakob Og Johan Dybvik As (Mattilsynet #M425),Jakob Og Johan Dybvik As,Norway,,Fiskarstrand,"Tingstadvika 5, 6035 Fiskarstrand, Norway",62.4420055,6.2580881,10,"Tingstadvika 5, 6035 Fiskarstrand, Norway","PP, PP-KL, PP-SA",,,,,971679026,approved,true,documentation_verified,"Mattilsynet approved establishment #M425. Scope: Processing plant, PP-KL, PP-SA. Business #971679026."
M426,Rafael Dybvik As (Mattilsynet #M426),Rafael Dybvik As,Norway,,Fiskarstrand,"Tingstadvika 3, 6035 Fiskarstrand, Norway",62.4421882,6.2573186,10,"Tingstadvika 3, 6035 Fiskarstrand, Norway","PP-KL, PP-ST",,,,,971679034,approved,true,documentation_verified,"Mattilsynet approved establishment #M426. Scope: PP-KL, Processing plant - smoked/traditional. Business #971679034."
M428,Epax Norway As Avd Ålesund (Mattilsynet #M428),Epax Norway As Avd Ålesund,Norway,,Ålesund,"Aarsæthervegen 17, 6006 Ålesund, Norway",62.4633951,6.1165899,10,"Aarsæthervegen 17, 6006 Ålesund, Norway",PP-MA,,,,,971655526,approved,true,documentation_verified,Mattilsynet approved establishment #M428. Scope: Processing plant - marine animal products. Business #971655526.
M434,Hans Fauske & Sønn As (Mattilsynet #M434),Hans Fauske & Sønn As,Norway,,Valderøya,"Nordstrand, 6050 Valderøya, Norway",62.4974,6.11893,9,"Valderøya, Giske, Møre og Romsdal fylke, Norway",PP-KL,,,,,971686227,approved,true,documentation_verified,Mattilsynet approved establishment #M434. Scope: PP-KL. Business #971686227.
M435,Johan Giskeødegård As (Mattilsynet #M435),Johan Giskeødegård As,Norway,,Valderøya,"Sætrehamna 15, 6050 Valderøya, Norway",62.5290083,6.1217069,10,"Sætrehamna 15, 6050 Valderøya, Norway","FFPP, PP-KL, PP-SA",,,,,971693312,approved,true,documentation_verified,"Mattilsynet approved establishment #M435. Scope: Fresh fishery products processing, PP-KL, PP-SA. Business #971693312."
M448,Grytestranda Fiskeindustri As (Mattilsynet #M448),Grytestranda Fiskeindustri As,Norway,,Vatne,"Grytafjordvegen 762, 6265 Vatne, Norway",62.53388,6.3634951,10,"Grytafjordvegen 762, 6265 Vatne, Norway","FFPP, PP-KL, PP-SA",,,,,873295082,approved,true,documentation_verified,"Mattilsynet approved establishment #M448. Scope: Fresh fishery products processing, PP-KL, PP-SA. Business #873295082."
M449,Ingolf Engeset As (Mattilsynet #M449),Ingolf Engeset As,Norway,,Vatne,"Grytafjordvegen 926, 6265 Vatne, Norway",62.530886,6.334926,10,"Grytafjordvegen 926, 6265 Vatne, Norway","FFPP, PP-KL, PP-SA",,,,,974170809,approved,true,documentation_verified,"Mattilsynet approved establishment #M449. Scope: Fresh fishery products processing, PP-KL, PP-SA. Business #974170809."
M459,Volda Mat As (Mattilsynet #M459),Volda Mat As,Norway,,Volda,"Furene Industriområde, 6100 Volda, Norway",62.1476,6.0741,7,"6100 Sogn og Fjordane, Norway",PP,,,,,925564141,approved,true,documentation_verified,Mattilsynet approved establishment #M459. Scope: Processing plant. Business #925564141.
M460,Cryonor As (Mattilsynet #M460),Cryonor As,Norway,,Volda,"Fiskerihavna Rovde, Co/ Volda Fiskemat As, 6100 Volda, Norway",62.1476,6.0741,7,"6100 Sogn og Fjordane, Norway","FFPP, MSM",,,,,889477202,approved,true,documentation_verified,"Mattilsynet approved establishment #M460. Scope: Fresh fishery products processing, MSM. Business #889477202."
M461,Norsk Sjømat Stranda As (Mattilsynet #M461),Norsk Sjømat Stranda As,Norway,,Stranda,"Svemorka 26, 6200 Stranda, Norway",62.2694191,6.8750892,10,"Svemorka 26, 6200 Stranda, Norway","FFPP-P, PP",,,,,976586905,approved,true,documentation_verified,"Mattilsynet approved establishment #M461. Scope: Fresh fishery products processing - pelagic, Processing plant. Business #976586905."
M465,Ode Processing As (Mattilsynet #M465),Ode Processing As,Norway,,Vartdal,"Hamnevegen 85, 6170 Vartdal, Norway",62.3065781,6.0936581,10,"Hamnevegen 85, 6170 Vartdal, Norway","FFPP-P, FFPP-S, FFPP-SA",,,,,972123943,approved,true,documentation_verified,"Mattilsynet approved establishment #M465. Scope: Fresh fishery products processing - pelagic, FFPP-S, Fresh fishery products processing - salmon/aquaculture. Business #972123943."
M480,Hofseth As (Mattilsynet #M480),Hofseth As,Norway,,Syvde,"Syvdefjordvegen 432, 6140 Syvde, Norway",62.087033,5.725724,10,"Syvdefjordvegen 432, 6140 Syvde, Norway",FFPP-P,,,,,983860524,approved,true,documentation_verified,Mattilsynet approved establishment #M480. Scope: Fresh fishery products processing - pelagic. Business #983860524.
M509,Waterline As (Mattilsynet #M509),Waterline As,Norway,,Eidsnes,"Kongshaugstranda 101, 6037 Eidsnes, Norway",62.4240794,6.3628809,10,"Kongshaugstranda 101, 6037 Eidsnes, Norway","FFPP-P, PP",,,,,985418179,approved,true,documentation_verified,"Mattilsynet approved establishment #M509. Scope: Fresh fishery products processing - pelagic, Processing plant. Business #985418179."
M931,Gjendemsjø Seafood As (Mattilsynet #M931),Gjendemsjø Seafood As,Norway,,Brattvåg,"Hellandshamna 88, 6270 Brattvåg, Norway",62.6126766,6.4593656,10,"Hellandshamna 88, 6270 Brattvåg, Norway",PP,,,,,993085421,approved,true,documentation_verified,Mattilsynet approved establishment #M931. Scope: Processing plant. Business #993085421.
M946,Hofseth Biocare Asa Avd Midsund (Mattilsynet #M946),Hofseth Biocare Asa Avd Midsund,Norway,,Midsund,"Stormyrvegen 52, 6475 Midsund, Norway",62.6911647,6.669804,10,"Stormyrvegen 52, 6475 Midsund, Norway","PP, PP-MA",,,,,996267911,approved,true,documentation_verified,"Mattilsynet approved establishment #M946. Scope: Processing plant, Processing plant - marine animal products. Business #996267911."
M955,Pharma Marine As (Mattilsynet #M955),Pharma Marine As,Norway,,Søvik,"Terøy Industriområde 3, 6280 Søvik, Norway",62.5581807,6.2647181,10,"Terøy industriområde 3, 6280 Søvik, Norway",PP-MA,,,,,991046127,approved,true,documentation_verified,Mattilsynet approved establishment #M955. Scope: Processing plant - marine animal products. Business #991046127.
M962,Sande Sjømat Da (Mattilsynet #M962),Sande Sjømat Da,Norway,,Sandshamn,"nan, 6089 Sandshamn, Norway",62.2530933,5.4801807,7,"6089 Sandshamn, Norway",PP,,,,,993428809,approved,true,documentation_verified,Mattilsynet approved establishment #M962. Scope: Processing plant. Business #993428809.
M976,Ellingsøy Klippfisk As (Mattilsynet #M976),Ellingsøy Klippfisk As,Norway,,Ellingsøy,"Kokkervika 11, 6057 Ellingsøy, Norway",62.5000984,6.3909439,10,"Kokkervika 11, 6057 Ellingsøy, Norway",PP-KL,,,,,994761447,approved,true,documentation_verified,Mattilsynet approved establishment #M976. Scope: PP-KL. Business #994761447.
M2005,Brødrene Sperre As  Avd Hoff (Mattilsynet #M2005),Brødrene Sperre As  Avd Hoff,Norway,,Ellingsøy,"Ellingsøyvegen 172, 6057 Ellingsøy, Norway",62.4951541,6.2083864,10,"Ellingsøyvegen 172, 6057 Ellingsøy, Norway","FFPP, PP-KL, PP-SA",,,,,997674197,approved,true,documentation_verified,"Mattilsynet approved establishment #M2005. Scope: Fresh fishery products processing, PP-KL, PP-SA. Business #997674197."
M2009,Klippfiskbua.No (Mattilsynet #M2009),Klippfiskbua.No,Norway,,Godøya,"6055 Godøya, 6055 Godøya, Norway",67.2360939,14.6911147,8,"Godøya, Bodø, Nordland, Norway",RW,,,,,998001137,approved,true,documentation_verified,Mattilsynet approved establishment #M2009. Scope: Rewrapping/relabelling. Business #998001137.
M2013,Silver Seafood (Mattilsynet #M2013),Silver Seafood,Norway,,Midsund,"Vølvegen 78, 6475 Midsund, Norway",62.696506,6.6420593,10,"Vølvegen 78, 6475 Midsund, Norway","FFPP, FFPP-P, PP, PP-C, RW",,,,,998996899,approved,true,documentation_verified,"Mattilsynet approved establishment #M2013. Scope: Fresh fishery products processing, Fresh fishery products processing - pelagic, Processing plant, Processing plant - crustacean, Rewrapping/relabelling. Business #998996899."
M2014,As Havstrand (Mattilsynet #M2014),As Havstrand,Norway,,Ålesund,"Kjøpmannsgata 37, 6005 Ålesund, Norway",62.468035,6.121634,10,"Kjøpmannsgata 37, 6005 Ålesund, Norway",PP-MA,,,,,977989442,approved,true,documentation_verified,Mattilsynet approved establishment #M2014. Scope: Processing plant - marine animal products. Business #977989442.
M2020,Bacalaofabrikken As (Mattilsynet #M2020),Bacalaofabrikken As,Norway,,Barstadvik,"nan, 6174 Barstadvik, Norway",62.3596702,6.2676938,7,"6174 Barstadvik, Norway","FFPP-P, PP",,,,,985547068,approved,true,documentation_verified,"Mattilsynet approved establishment #M2020. Scope: Fresh fishery products processing - pelagic, Processing plant. Business #985547068."
M2021,Gc Rieber Vivomega As (Mattilsynet #M2021),Gc Rieber Vivomega As,Norway,,Kristiansund N,"Teistholmsundet 6, 6512 Kristiansund N, Norway",63.1193735,7.757612,10,"Teistholmsundet 6, 6512 Kristiansund, Norway",PP-MA,,,,,995672472,approved,true,documentation_verified,Mattilsynet approved establishment #M2021. Scope: Processing plant - marine animal products. Business #995672472.
M2022,Møre Star Fish E Måseidvåg (Mattilsynet #M2022),Møre Star Fish E Måseidvåg,Norway,,Mauseidvåg,"Svingen 7, 6036 Mauseidvåg, Norway",62.4221473,6.2755471,10,"Svingen 7, 6036 Mauseidvåg, Norway","FFPP-P, PP",,,,,972184632,approved,true,documentation_verified,"Mattilsynet approved establishment #M2022. Scope: Fresh fishery products processing - pelagic, Processing plant. Business #972184632."
M2032,Drågen Smokehouse As (Mattilsynet #M2032),Drågen Smokehouse As,Norway,,Bud,"Drågen, 6430 Bud, Norway",62.9167,6.9167,7,"6430 Sogn og Fjordane, Norway","FFPP-P, PP, RW",,,,,993778575,approved,true,documentation_verified,"Mattilsynet approved establishment #M2032. Scope: Fresh fishery products processing - pelagic, Processing plant, Rewrapping/relabelling. Business #993778575."
M2035,Dalen Og Helland Fiskemat As (Mattilsynet #M2035),Dalen Og Helland Fiskemat As,Norway,,Godøya,"Geilereset 7, 6055 Godøya, Norway",62.4669143,6.0145736,10,"Geilereset 7, 6055 Godøya, Norway",PP,,,,,999517331,approved,true,documentation_verified,Mattilsynet approved establishment #M2035. Scope: Processing plant. Business #999517331.
M2047,Fosnavaag Pelagic As (Mattilsynet #M2047),Fosnavaag Pelagic As,Norway,,Fosnavåg,"Nørvågvegen 7, 6090 Fosnavåg, Norway",62.338438,5.6415532,10,"Nørvågvegen 7, 6090 Fosnavåg, Norway","FFPP, FFPP-P, PP",,,,,981968638,approved,true,documentation_verified,"Mattilsynet approved establishment #M2047. Scope: Fresh fishery products processing, Fresh fishery products processing - pelagic, Processing plant. Business #981968638."
M2076,Kd Norway As (Mattilsynet #M2076),Kd Norway As,Norway,,Brattvåg,"Strandgata 60, 6270 Brattvåg, Norway",62.595485,6.446669,10,"Strandgata 60, 6270 Brattvåg, Norway",PP-MA,,,,,979457197,approved,true,documentation_verified,Mattilsynet approved establishment #M2076. Scope: Processing plant - marine animal products. Business #979457197.
M2092,Hofseth Aalesund As (Mattilsynet #M2092),Hofseth Aalesund As,Norway,,Ålesund,"Havnegata 11, 6005 Ålesund, Norway",62.4700307,6.1233042,10,"Havnegata 11, 6005 Ålesund, Norway",FFPP-P,,,,,916053916,approved,true,documentation_verified,Mattilsynet approved establishment #M2092. Scope: Fresh fishery products processing - pelagic. Business #916053916.
M2103,Juvikprodukt As (Mattilsynet #M2103),Juvikprodukt As,Norway,,Aukra,"Juvikvegen 34, 6480 Aukra, Norway",62.8451469,6.8890856,10,"Juvikvegen 34, 6480 Aukra, Norway",PP,,,,,919979062,approved,true,documentation_verified,Mattilsynet approved establishment #M2103. Scope: Processing plant. Business #919979062.
M2104,Opplæringskonsulent O. Giskeødegård As (Mattilsynet #M2104),Opplæringskonsulent O. Giskeødegård As,Norway,,Giske,"Øygarden, 6052 Giske, Norway",62.5048,6.0481,7,"6052 Sogn og Fjordane, Norway","FFPP-P, PP",,,,,994337904,approved,true,documentation_verified,"Mattilsynet approved establishment #M2104. Scope: Fresh fishery products processing - pelagic, Processing plant. Business #994337904."
M2107,Seagems Norway As (Mattilsynet #M2107),Seagems Norway As,Norway,,Ellingsøy,"Bjørge Industriveg 41, 6057 Ellingsøy, Norway",62.4964394,6.3510751,10,"Bjørge industriveg 41, 6057 Ellingsøy, Norway",PP-MA,,,,,920314643,approved,true,documentation_verified,Mattilsynet approved establishment #M2107. Scope: Processing plant - marine animal products. Business #920314643.
M2158,Demari As (Mattilsynet #M2158),Demari As,Norway,,Kristiansund N,"Omagata 115, 6517 Kristiansund N, Norway",63.107898,7.7795272,10,"Omagata 115, 6517 Kristiansund, Norway",FFPP,,,,,920676871,approved,true,documentation_verified,Mattilsynet approved establishment #M2158. Scope: Fresh fishery products processing. Business #920676871.
M2161,Volt Collector As (Mattilsynet #M2161),Volt Collector As,Norway,,Fosnavåg,"Eggesbøvegen 40, 6092 Fosnavåg, Norway",62.3238654,5.654332,10,"Eggesbøvegen 40, 6092 Fosnavåg, Norway","FFPP-S, FFPP-SA",,,,,922296170,approved,true,documentation_verified,"Mattilsynet approved establishment #M2161. Scope: FFPP-S, Fresh fishery products processing - salmon/aquaculture. Business #922296170."
M2166,Silver Seafood (Mattilsynet #M2166),Silver Seafood,Norway,,Kristiansund N,"Strandgata 60, 6512 Kristiansund N, Norway",63.11625,7.754679,10,"Strandgata 60, 6512 Kristiansund, Norway",FFPP,,,,,998996899,approved,true,documentation_verified,Mattilsynet approved establishment #M2166. Scope: Fresh fishery products processing. Business #998996899.
M2177,Charvest As (Mattilsynet #M2177),Charvest As,Norway,,Leinøy,"Myrane 26, 6094 Leinøy, Norway",62.37079,5.670288,10,"Myrane 26, 6094 Leinøy, Norway",FFPP-SA,,,,,922700931,approved,true,documentation_verified,Mattilsynet approved establishment #M2177. Scope: Fresh fishery products processing - salmon/aquaculture. Business #922700931.
M2186,Silver Seafood (Mattilsynet #M2186),Silver Seafood,Norway,,Midsund,"Sjøvikvegen 55, 6475 Midsund, Norway",62.6923688,6.6398201,10,"Sjøvikvegen 55, 6475 Midsund, Norway","FFPP, FFPP-P, PP, PP-C",,,,,998996899,approved,true,documentation_verified,"Mattilsynet approved establishment #M2186. Scope: Fresh fishery products processing, Fresh fishery products processing - pelagic, Processing plant, Processing plant - crustacean. Business #998996899."
M2187,Norcoast As (Mattilsynet #M2187),Norcoast As,Norway,,Godøya,"Geilevika, 6055 Godøya, Norway",62.47639,6.04038,7,"Godøya, Giske, Møre og Romsdal fylke, Norway","FFPP, FFPP-P",,,,,921104049,approved,true,documentation_verified,"Mattilsynet approved establishment #M2187. Scope: Fresh fishery products processing, Fresh fishery products processing - pelagic. Business #921104049."
M2201,Volt Harvest Ii As (Mattilsynet #M2201),Volt Harvest Ii As,Norway,,Fosnavåg,"Eggesbøvegen 40, 6092 Fosnavåg, Norway",62.3238654,5.654332,10,"Eggesbøvegen 40, 6092 Fosnavåg, Norway","FFPP-S, FFPP-SA",,,,,934855825,approved,true,documentation_verified,"Mattilsynet approved establishment #M2201. Scope: FFPP-S, Fresh fishery products processing - salmon/aquaculture. Business #934855825."
M2203,Volt Harvest I As (Mattilsynet #M2203),Volt Harvest I As,Norway,,Fosnavåg,"Eggesbøvegen 40, 6092 Fosnavåg, Norway",62.3238654,5.654332,10,"Eggesbøvegen 40, 6092 Fosnavåg, Norway","FFPP-S, FFPP-SA",,,,,934855817,approved,true,documentation_verified,"Mattilsynet approved establishment #M2203. Scope: FFPP-S, Fresh fishery products processing - salmon/aquaculture. Business #934855817."
M2227,Boreas Seafood As (Mattilsynet #M2227),Boreas Seafood As,Norway,,Eidsnes,"Kildehaugen 10, 6037 Eidsnes, Norway",62.4306246,6.3537395,10,"Kildehaugen 10, 6037 Eidsnes, Norway",FFPP-P,,,,,928854620,approved,true,documentation_verified,Mattilsynet approved establishment #M2227. Scope: Fresh fishery products processing - pelagic. Business #928854620.
M2229,Volt Harvest Iii As (Mattilsynet #M2229),Volt Harvest Iii As,Norway,,Fosnavåg,"Eggesbøvegen 40, 6092 Fosnavåg, Norway",62.3238654,5.654332,10,"Eggesbøvegen 40, 6092 Fosnavåg, Norway",FFPP-SA,,,,,934855833,approved,true,documentation_verified,Mattilsynet approved establishment #M2229. Scope: Fresh fishery products processing - salmon/aquaculture. Business #934855833.
M2231,Sølvtrans Rederi Ii As (Mattilsynet #M2231),Sølvtrans Rederi Ii As,Norway,,Ålesund,"Skansekaia 4b, 6002 Ålesund, Norway",62.475168,6.1513847,10,"Skansekaia 4B, 6002 Ålesund, Norway",FFPP-SA,,,,,923903046,approved,true,documentation_verified,Mattilsynet approved establishment #M2231. Scope: Fresh fishery products processing - salmon/aquaculture. Business #923903046.
M2235,Gjerde Seafood As (Mattilsynet #M2235),Gjerde Seafood As,Norway,,Kjerstad,"Lausundvegen 112, 6292 Kjerstad, Norway",62.600805,6.222075,10,"Lausundvegen 112, 6292 Kjerstad, Norway","FFPP, PP-C",,,,,832106992,approved,true,documentation_verified,"Mattilsynet approved establishment #M2235. Scope: Fresh fishery products processing, Processing plant - crustacean. Business #832106992."
M2238,Charvest As (Mattilsynet #M2238),Charvest As,Norway,,Eidsnes,"Grøthaugvegen 12, 6037 Eidsnes, Norway",62.427379,6.3030501,10,"Grøthaugvegen 12, 6037 Eidsnes, Norway",FFPP-SA,,,,,922700931,approved,true,documentation_verified,Mattilsynet approved establishment #M2238. Scope: Fresh fishery products processing - salmon/aquaculture. Business #922700931.
M2240,Poseidon Frozen As (Mattilsynet #M2240),Poseidon Frozen As,Norway,,Eidsnes,"Kongshaugstranda 3, 6037 Eidsnes, Norway",62.4303547,6.3527751,10,"Kongshaugstranda 3, 6037 Eidsnes, Norway","FFPP-P, RW",,,,,930502316,approved,true,documentation_verified,"Mattilsynet approved establishment #M2240. Scope: Fresh fishery products processing - pelagic, Rewrapping/relabelling. Business #930502316."
M2241,Fsv Rederi As (Mattilsynet #M2241),Fsv Rederi As,Norway,,Molde,"Øvre Veg 24, 6415 Molde, Norway",62.738524,7.1665992,10,"Øvre veg 24, 6415 Molde, Norway",FFPP-SA,,,,,922064512,approved,true,documentation_verified,Mattilsynet approved establishment #M2241. Scope: Fresh fishery products processing - salmon/aquaculture. Business #922064512.
M2242,Frost Seafood Norge As (Mattilsynet #M2242),Frost Seafood Norge As,Norway,,Moltustranda,"Legemyrane 4, 6076 Moltustranda, Norway",62.2987408,5.6605997,10,"Legemyrane 4, 6076 Moltustranda, Norway",FFPP-P,,,,,931768913,approved,true,documentation_verified,Mattilsynet approved establishment #M2242. Scope: Fresh fishery products processing - pelagic. Business #931768913.
M2250,Pronofa Møre As (Mattilsynet #M2250),Pronofa Møre As,Norway,,Vevang,"Årsbogvegen 115, 6494 Vevang, Norway",62.9985771,7.3134693,10,"Årsbogvegen 115, 6494 Vevang, Norway","FFPP, PP-M",,,,,934777964,approved,true,documentation_verified,"Mattilsynet approved establishment #M2250. Scope: Fresh fishery products processing, Processing plant - mollusc. Business #934777964."
M2251,Fsv Rederi As (Mattilsynet #M2251),Fsv Rederi As,Norway,,Molde,"Øvre Veg 24, 6415 Molde, Norway",62.738524,7.1665992,10,"Øvre veg 24, 6415 Molde, Norway",FFPP-SA,,,,,922064512,approved,true,documentation_verified,Mattilsynet approved establishment #M2251. Scope: Fresh fishery products processing - salmon/aquaculture. Business #922064512.
M2252,Pretio As (Mattilsynet #M2252),Pretio As,Norway,,Ålesund,"Fjordgata 50, 6005 Ålesund, Norway",62.4720632,6.13453,10,"Fjordgata 50, 6005 Ålesund, Norway",FFPP-P,,,,,930197270,approved,true,documentation_verified,Mattilsynet approved establishment #M2252. Scope: Fresh fishery products processing - pelagic. Business #930197270.
M2254,Roaldsnes As (Mattilsynet #M2254),Roaldsnes As,Norway,,Valderøya,"Nordstrandfjørå 71, 6050 Valderøya, Norway",62.5169809,6.1352293,10,"Nordstrandfjørå 71, 6050 Valderøya, Norway",PP-MA,,,,,824195862,approved,true,documentation_verified,Mattilsynet approved establishment #M2254. Scope: Processing plant - marine animal products. Business #824195862.
N45,Prestfjord As (Mattilsynet #N45),Prestfjord As,Norway,,Sortland,"Havnegata 19, 8400 Sortland, Norway",68.6995047,15.4189016,10,"Havnegata 19B, 8400 Sortland, Norway",PP-MA,,,,,973437267,approved,true,documentation_verified,Mattilsynet approved establishment #N45. Scope: Processing plant - marine animal products. Business #973437267.
N51,Bleik Fisk As (Mattilsynet #N51),Bleik Fisk As,Norway,,Bleik,"Fiskeværsveien 118, 8481 Bleik, Norway",69.272929,15.947779,10,"Fiskeværsveien 118, 8481 Bleik, Norway",FFPP,,,,,917136750,approved,true,documentation_verified,Mattilsynet approved establishment #N51. Scope: Fresh fishery products processing. Business #917136750.
N55,Saga Fisk As (Mattilsynet #N55),Saga Fisk As,Norway,,Svolvær,"H. Chr. Størmers Gate 22, 8300 Svolvær, Norway",68.2348073,14.5720934,10,"H. Chr. Størmers gate 22, 8300 Svolvær, Norway","FFPP-P, PP-ST",,,,,996723526,approved,true,documentation_verified,"Mattilsynet approved establishment #N55. Scope: Fresh fishery products processing - pelagic, Processing plant - smoked/traditional. Business #996723526."
N63,Andenes Fiskemottak As (Mattilsynet #N63),Andenes Fiskemottak As,Norway,,Andenes,"Hamnegata 69, 8480 Andenes, Norway",69.3225416,16.1235903,9,"Hamnegata, 8480 Andenes, Norway","FFPP, PP-SA",,,,,995507412,approved,true,documentation_verified,"Mattilsynet approved establishment #N63. Scope: Fresh fishery products processing, PP-SA. Business #995507412."
N69,Jangaard Export As   Avd Sjøanlegget (Mattilsynet #N69),Jangaard Export As   Avd Sjøanlegget,Norway,,Andenes,"nan, 8480 Andenes, Norway",69.3122989,16.1057085,7,"Merket, Andenes, Nordland, Norway","FFPP, FFPP-P, PP-SA",,,,,972315109,approved,true,documentation_verified,"Mattilsynet approved establishment #N69. Scope: Fresh fishery products processing, Fresh fishery products processing - pelagic, PP-SA. Business #972315109."
N71,Vitux As Avd Andenes (Mattilsynet #N71),Vitux As Avd Andenes,Norway,,Andenes,"Hamnegata 71a, 8480 Andenes, Norway",69.3258297,16.1339947,10,"Hamnegata 71A, 8480 Andenes, Norway",PP-MA,,,,,884205182,approved,true,documentation_verified,Mattilsynet approved establishment #N71. Scope: Processing plant - marine animal products. Business #884205182.
N75,Jangaard Export As Avd Framnes (Mattilsynet #N75),Jangaard Export As Avd Framnes,Norway,,Andenes,"Hamnegata 2a, 8480 Andenes, Norway",69.3240323,16.1165905,10,"Hamnegata 2A, 8480 Andenes, Norway","FFPP, FFPP-P, PP-SA",,,,,971690313,approved,true,documentation_verified,"Mattilsynet approved establishment #N75. Scope: Fresh fishery products processing, Fresh fishery products processing - pelagic, PP-SA. Business #971690313."
N100,Prestfjord As (Mattilsynet #N100),Prestfjord As,Norway,,Sortland,"Havnegata 19, 8400 Sortland, Norway",68.6995047,15.4189016,10,"Havnegata 19B, 8400 Sortland, Norway",PP-MA,,,,,973437267,approved,true,documentation_verified,Mattilsynet approved establishment #N100. Scope: Processing plant - marine animal products. Business #973437267.
N112,J. M. Nilsen Fisk As (Mattilsynet #N112),J. M. Nilsen Fisk As,Norway,,Nordmela,"nan, 8489 Nordmela, Norway",69.1364699,15.6770842,7,"Nordmela, Nordland, Norway","FFPP, FFPP-P, PP, PP-SA, PP-ST",,,,,973186876,approved,true,documentation_verified,"Mattilsynet approved establishment #N112. Scope: Fresh fishery products processing, Fresh fishery products processing - pelagic, Processing plant, PP-SA, Processing plant - smoked/traditional. Business #973186876."
N117,Balseth Arne (Mattilsynet #N117),Balseth Arne,Norway,,Ørnes,"Gammelveien 16, 8150 Ørnes, Norway",66.874799,13.705878,10,"Gammelveien 16, 8150 Ørnes, Norway",PP-ST,,,,,969708272,approved,true,documentation_verified,Mattilsynet approved establishment #N117. Scope: Processing plant - smoked/traditional. Business #969708272.
N119,Gunnar Klo As Avd Stø (Mattilsynet #N119),Gunnar Klo As Avd Stø,Norway,,Stø,"Bårdholmen, 8438 Stø, Norway",69.0167,15.1333,7,"8438 Troms, Norway","FFPP, PP, PP-ST",,,,,923613439,approved,true,documentation_verified,"Mattilsynet approved establishment #N119. Scope: Fresh fishery products processing, Processing plant, Processing plant - smoked/traditional. Business #923613439."
N126,Myremar As (Mattilsynet #N126),Myremar As,Norway,,Myre,"Havnegata 25, 8430 Myre, Norway",68.9123151,15.0810206,9,"Havnegata, 8430 Myre, Norway","FFPP, FFPP-P, PP, PP-SA, PP-ST",,,,,979630476,approved,true,documentation_verified,"Mattilsynet approved establishment #N126. Scope: Fresh fishery products processing, Fresh fishery products processing - pelagic, Processing plant, PP-SA, Processing plant - smoked/traditional. Business #979630476."
N127,Gunnar Klo As Avd Myre (Mattilsynet #N127),Gunnar Klo As Avd Myre,Norway,,Myre,"Havnegata 3, 8430 Myre, Norway",68.9123432,15.0769548,10,"Havnegata 3, 8430 Myre, Norway","FFPP, FFPP-P, PP",,,,,973186752,approved,true,documentation_verified,"Mattilsynet approved establishment #N127. Scope: Fresh fishery products processing, Fresh fishery products processing - pelagic, Processing plant. Business #973186752."
N136,Alsvåg Lakseslakteri As (Mattilsynet #N136),Alsvåg Lakseslakteri As,Norway,,Alsvåg,"Anna Eriksens Vei 8, 8432 Alsvåg, Norway",68.901971,15.284451,10,"Anna Eriksens vei 8, 8432 Alsvåg, Norway","FFPP, FFPP-S, FFPP-SA",,,,,978661130,approved,true,documentation_verified,"Mattilsynet approved establishment #N136. Scope: Fresh fishery products processing, FFPP-S, Fresh fishery products processing - salmon/aquaculture. Business #978661130."
N137,Vesterålen Havbruk Produksjonslag As (Mattilsynet #N137),Vesterålen Havbruk Produksjonslag As,Norway,,Myre,"Bolstad Vei 7, 8430 Myre, Norway",68.9152,15.0716,7,"8430 Troms, Norway","FFPP, FFPP-P, PP, PP-KL, PP-SA, PP-ST",,,,,971771054,approved,true,documentation_verified,"Mattilsynet approved establishment #N137. Scope: Fresh fishery products processing, Fresh fishery products processing - pelagic, Processing plant, PP-KL, PP-SA, Processing plant - smoked/traditional. Business #971771054."
N137,Vesterålen Havbruk Produksjonslag As (Mattilsynet #N137),Vesterålen Havbruk Produksjonslag As,Norway,,Myre,"Bolstads Vei 7, 8430 Myre, Norway",68.910419,15.066315,10,"Bolstads vei 7, 8430 Myre, Norway",PP-SA,,,,,971771054,approved,true,documentation_verified,Mattilsynet approved establishment #N137. Scope: PP-SA. Business #971771054.
N141,Myre Fiskemottak As Avd Myre (Mattilsynet #N141),Myre Fiskemottak As Avd Myre,Norway,,Myre,"Bolstads Vei 15, 8430 Myre, Norway",68.911694,15.0636291,10,"Bolstads vei 15, 8430 Myre, Norway","FFPP, FFPP-P, PP, PP-ST",,,,,989281682,approved,true,documentation_verified,"Mattilsynet approved establishment #N141. Scope: Fresh fishery products processing, Fresh fishery products processing - pelagic, Processing plant, Processing plant - smoked/traditional. Business #989281682."
N142,Myre Saltfish Group As (Mattilsynet #N142),Myre Saltfish Group As,Norway,,Myre,"Terminalveien 2, 8430 Myre, Norway",68.9111406,15.056032,10,"Terminalveien 2, 8430 Myre, Norway",PP-SA,,,,,995681293,approved,true,documentation_verified,Mattilsynet approved establishment #N142. Scope: PP-SA. Business #995681293.
N143,Orkla Health Ocean As Avd Myre (Mattilsynet #N143),Orkla Health Ocean As Avd Myre,Norway,,Myre,"Terminalveien 3, 8430 Myre, Norway",68.911942,15.058241,10,"Terminalveien 3, 8430 Myre, Norway","FFPP-P, PP-MA",,,,,995085224,approved,true,documentation_verified,"Mattilsynet approved establishment #N143. Scope: Fresh fishery products processing - pelagic, Processing plant - marine animal products. Business #995085224."
N150,Vesteraalens As (Mattilsynet #N150),Vesteraalens As,Norway,,Sortland,"Havnegata 17, 8400 Sortland, Norway",68.6996628,15.4166351,10,"Havnegata 17, 8400 Sortland, Norway","FFPP-P, PP, PP-MA",,,,,971788518,approved,true,documentation_verified,"Mattilsynet approved establishment #N150. Scope: Fresh fishery products processing - pelagic, Processing plant, Processing plant - marine animal products. Business #971788518."
N152,Sigerfjord Fisk As (Mattilsynet #N152),Sigerfjord Fisk As,Norway,,Sortland,"Sigerfjordveien 425, 8406 Sortland, Norway",68.642089,15.528434,10,"Sigerfjordveien 425, 8406 Sortland, Norway","FFPP, FFPP-P, FFPP-SA, PP",,,,,972187496,approved,true,documentation_verified,"Mattilsynet approved establishment #N152. Scope: Fresh fishery products processing, Fresh fishery products processing - pelagic, Fresh fishery products processing - salmon/aquaculture, Processing plant. Business #972187496."
N153,Vesterålen Havbruk Bø As (Mattilsynet #N153),Vesterålen Havbruk Bø As,Norway,,Straumsjøen,"Handkleppveien 8, 8475 Straumsjøen, Norway",68.6970085,14.468073,10,"Handkleppveien 8, 8475 Straumsjøen, Norway","FFPP-P, FFPP-S",,,,,929721411,approved,true,documentation_verified,"Mattilsynet approved establishment #N153. Scope: Fresh fishery products processing - pelagic, FFPP-S. Business #929721411."
N161,Lerøy Norway Seafoods As Avd Melbu (Mattilsynet #N161),Lerøy Norway Seafoods As Avd Melbu,Norway,,Melbu,"Villaveien 1, 8445 Melbu, Norway",68.497923,14.79928,10,"Villaveien 1, 8445 Melbu, Norway","FFPP, FFPP-P, MSM, PP, PP-SA, RW",,,,,973186558,approved,true,documentation_verified,"Mattilsynet approved establishment #N161. Scope: Fresh fishery products processing, Fresh fishery products processing - pelagic, MSM, Processing plant, PP-SA, Rewrapping/relabelling. Business #973186558."
N169,Nordlaks Produkter As Avd Stokmarknes (Mattilsynet #N169),Nordlaks Produkter As Avd Stokmarknes,Norway,,Stokmarknes,"Industriveien 14, 8450 Stokmarknes, Norway",68.5737389,14.9542038,10,"Industriveien 14, 8450 Stokmarknes, Norway","FFPP-P, FFPP-SA, PP, PP-MA",,,,,973149636,approved,true,documentation_verified,"Mattilsynet approved establishment #N169. Scope: Fresh fishery products processing - pelagic, Fresh fishery products processing - salmon/aquaculture, Processing plant, Processing plant - marine animal products. Business #973149636."
N217,Lerøy Norway Seafoods As Avd Skårvågen (Mattilsynet #N217),Lerøy Norway Seafoods As Avd Skårvågen,Norway,,Straumsjøen,"Skårvågen Postboks 14, 8475 Straumsjøen, Norway",68.6947074,14.4658427,8,"Straumsjøen, Straume, Nordland, Norway","FFPP, FFPP-P, PP-SA, PP-ST",,,,,990782865,approved,true,documentation_verified,"Mattilsynet approved establishment #N217. Scope: Fresh fishery products processing, Fresh fishery products processing - pelagic, PP-SA, Processing plant - smoked/traditional. Business #990782865."
N220,Bø Fiskemottak As (Mattilsynet #N220),Bø Fiskemottak As,Norway,,Straumsjøen,"Straumsjøveien 30, 8475 Straumsjøen, Norway",68.6950364,14.4602104,10,"Straumsjøveien 30, 8475 Straumsjøen, Norway",FFPP,,,,,929384946,approved,true,documentation_verified,Mattilsynet approved establishment #N220. Scope: Fresh fishery products processing. Business #929384946.
N234,Egil Kristoffersen & Sønner As Avd Produksjon (Mattilsynet #N234),Egil Kristoffersen & Sønner As Avd Produksjon,Norway,,Straumsjøen,"Jernskarveien 52, 8475 Straumsjøen, Norway",68.6888,14.472,7,"8475 Troms, Norway","FFPP-S, FFPP-SA",,,,,973186655,approved,true,documentation_verified,"Mattilsynet approved establishment #N234. Scope: FFPP-S, Fresh fishery products processing - salmon/aquaculture. Business #973186655."
N235,Hovden Fiskeindustri As (Mattilsynet #N235),Hovden Fiskeindustri As,Norway,,Straumsjøen,"Handkleppveien 8, 8475 Straumsjøen, Norway",68.6970085,14.468073,10,"Handkleppveien 8, 8475 Straumsjøen, Norway","FFPP, PP-ST",,,,,829932822,approved,true,documentation_verified,"Mattilsynet approved establishment #N235. Scope: Fresh fishery products processing, Processing plant - smoked/traditional. Business #829932822."
N238,Stiftelsen Tinden Handelsted (Mattilsynet #N238),Stiftelsen Tinden Handelsted,Norway,,Myre,"Storgata 30, 8430 Myre, Norway",68.9144758,15.0809723,10,"Storgata 30, 8430 Myre, Norway",PP-ST,,,,,919465972,approved,true,documentation_verified,Mattilsynet approved establishment #N238. Scope: Processing plant - smoked/traditional. Business #919465972.
N263,Notø As (Mattilsynet #N263),Notø As,Norway,,Gimsøysand,"Barstrandveien 274, 8314 Gimsøysand, Norway",68.283596,14.267758,10,"Barstrandveien 274, 8314 Gimsøysand, Norway","PP, PP-ST",,,,,972307734,approved,true,documentation_verified,"Mattilsynet approved establishment #N263. Scope: Processing plant, Processing plant - smoked/traditional. Business #972307734."
N275,Lofothau As (Mattilsynet #N275),Lofothau As,Norway,,Bøstad,"Mærvollveien 73, 8360 Bøstad, Norway",68.249748,13.628764,10,"Mærvollveien 73, 8360 Bøstad, Norway","PP, PP-ST",,,,,987787902,approved,true,documentation_verified,"Mattilsynet approved establishment #N275. Scope: Processing plant, Processing plant - smoked/traditional. Business #987787902."
N278,Steinfjorden Sjømat As (Mattilsynet #N278),Steinfjorden Sjømat As,Norway,,Bøstad,"Tangstad, 8360 Bøstad, Norway",68.25,13.7667,7,"8360 Troms, Norway","FFPP, FFPP-P, PP, PP-C, PP-SA, PP-ST",,,,,911860929,approved,true,documentation_verified,"Mattilsynet approved establishment #N278. Scope: Fresh fishery products processing, Fresh fishery products processing - pelagic, Processing plant, Processing plant - crustacean, PP-SA, Processing plant - smoked/traditional. Business #911860929."
N288,Napp Sjømat As (Mattilsynet #N288),Napp Sjømat As,Norway,,Napp,"nan, 8382 Napp, Norway",68.1331694,13.4319333,7,"8382 Napp, Norway","FFPP, PP, PP-SA, PP-ST",,,,,991927921,approved,true,documentation_verified,"Mattilsynet approved establishment #N288. Scope: Fresh fishery products processing, Processing plant, PP-SA, Processing plant - smoked/traditional. Business #991927921."
N289,Jentoft As (Mattilsynet #N289),Jentoft As,Norway,,Leknes,"C/O Vestvågøy Regnskap As, 8370 Leknes, Norway",68.1475,13.6115,7,"8370 Troms, Norway","FFPP, PP, PP-ST",,,,,998271096,approved,true,documentation_verified,"Mattilsynet approved establishment #N289. Scope: Fresh fishery products processing, Processing plant, Processing plant - smoked/traditional. Business #998271096."
N300,Lofotterminalen As (Mattilsynet #N300),Lofotterminalen As,Norway,,Leknes,"Leknes Havn, 8370 Leknes, Norway",68.1475,13.6115,7,"8370 Troms, Norway",FFPP,,,,,976743253,approved,true,documentation_verified,Mattilsynet approved establishment #N300. Scope: Fresh fishery products processing. Business #976743253.
N304,Steinfjorden Sjømat As (Mattilsynet #N304),Steinfjorden Sjømat As,Norway,,Bøstad,"Eggumsveien, 8360 Bøstad, Norway",68.2594029,13.778099,9,"Eggumsveien, 8360 Bøstad, Norway",FFPP,,,,,911860929,approved,true,documentation_verified,Mattilsynet approved establishment #N304. Scope: Fresh fishery products processing. Business #911860929.
N315,Ballstad Fisk As (Mattilsynet #N315),Ballstad Fisk As,Norway,,Ballstad,"Kræmmervika, 8373 Ballstad, Norway",68.0690897,13.5343217,9,"Kræmmervika Rorbuer, Ballstadlandet, 8373 Ballstad, Norway","FFPP, PP, PP-SA, PP-ST",,,,,979469713,approved,true,documentation_verified,"Mattilsynet approved establishment #N315. Scope: Fresh fishery products processing, Processing plant, PP-SA, Processing plant - smoked/traditional. Business #979469713."
N318,Orkla Health Ocean As Avd Ballstad (Mattilsynet #N318),Orkla Health Ocean As Avd Ballstad,Norway,,Ballstad,"Moloveien 95, 8373 Ballstad, Norway",68.0732047,13.5488327,9,"Moloveien, 8373 Ballstad, Norway",PP-MA,,,,,971714522,approved,true,documentation_verified,Mattilsynet approved establishment #N318. Scope: Processing plant - marine animal products. Business #971714522.
N319,Lofoten Fish Export As (Mattilsynet #N319),Lofoten Fish Export As,Norway,,Ballstad,"Jacob Jentofts Vei 45, 8373 Ballstad, Norway",68.07314,13.540865,10,"Jacob Jentofts vei 45, 8373 Ballstad, Norway","FFPP, PP, PP-SA, PP-ST",,,,,994466208,approved,true,documentation_verified,"Mattilsynet approved establishment #N319. Scope: Fresh fishery products processing, Processing plant, PP-SA, Processing plant - smoked/traditional. Business #994466208."
N322,Nic Haug As (Mattilsynet #N322),Nic Haug As,Norway,,Ballstad,"Ballstadlandet 100, 8373 Ballstad, Norway",68.0756355,13.5299414,10,"Ballstadlandet 100, 8373 Ballstad, Norway","FFPP, FFPP-P, PP, PP-SA, PP-ST",,,,,971702133,approved,true,documentation_verified,"Mattilsynet approved establishment #N322. Scope: Fresh fishery products processing, Fresh fishery products processing - pelagic, Processing plant, PP-SA, Processing plant - smoked/traditional. Business #971702133."
N324,Kaikanten Delikatesser As (Mattilsynet #N324),Kaikanten Delikatesser As,Norway,,Ballstad,"Ballstadlandet 200, 8373 Ballstad, Norway",68.069645,13.537935,10,"Ballstadlandet 200, 8373 Ballstad, Norway",PP,,,,,989899562,approved,true,documentation_verified,Mattilsynet approved establishment #N324. Scope: Processing plant. Business #989899562.
N350,Lofotprodukt As Avd Leknes (Mattilsynet #N350),Lofotprodukt As Avd Leknes,Norway,,Leknes,"Havet 45, 8370 Leknes, Norway",68.128116,13.563504,10,"Havet 45, 8370 Leknes, Norway","FFPP-P, PP",,,,,973960822,approved,true,documentation_verified,"Mattilsynet approved establishment #N350. Scope: Fresh fishery products processing - pelagic, Processing plant. Business #973960822."
N368,Ottar Statle As (Mattilsynet #N368),Ottar Statle As,Norway,,Leknes,"Mortsund, 8370 Leknes, Norway",68.1475,13.6115,7,"8370 Troms, Norway",PP-MA,,,,,873240792,approved,true,documentation_verified,Mattilsynet approved establishment #N368. Scope: Processing plant - marine animal products. Business #873240792.
N375,Lofoten Sjøprodukter As (Mattilsynet #N375),Lofoten Sjøprodukter As,Norway,,Leknes,"Mortsundveien 379, 8370 Leknes, Norway",68.086236,13.635126,10,"Mortsundveien 379, 8370 Leknes, Norway","FFPP, FFPP-P, FFPP-SA, PP, PP-SA, PP-ST",,,,,972115177,approved,true,documentation_verified,"Mattilsynet approved establishment #N375. Scope: Fresh fishery products processing, Fresh fishery products processing - pelagic, Fresh fishery products processing - salmon/aquaculture, Processing plant, PP-SA, Processing plant - smoked/traditional. Business #972115177."
N410,The Qrill Company As Avd Stamsund (Mattilsynet #N410),The Qrill Company As Avd Stamsund,Norway,,Stamsund,"J.M.Johansens Vei 99, 8340 Stamsund, Norway",68.1259594,13.8513649,10,"J.M. Johansens vei 99, 8340 Stamsund, Norway","PP-C, PP-MA",,,,,988364754,approved,true,documentation_verified,"Mattilsynet approved establishment #N410. Scope: Processing plant - crustacean, Processing plant - marine animal products. Business #988364754."
N411,Jangaard Export As Stamsund (Mattilsynet #N411),Jangaard Export As Stamsund,Norway,,Stamsund,"Buøyveien 27, 8340 Stamsund, Norway",68.124786,13.857475,10,"Buøyveien 27, 8340 Stamsund, Norway","FFPP, PP, PP-SA",,,,,973118676,approved,true,documentation_verified,"Mattilsynet approved establishment #N411. Scope: Fresh fishery products processing, Processing plant, PP-SA. Business #973118676."
N413,Lerøy Norway Seafoods As Avd Stamsund (Mattilsynet #N413),Lerøy Norway Seafoods As Avd Stamsund,Norway,,Stamsund,"Buøyveien 7, 8340 Stamsund, Norway",68.126398,13.856861,10,"Buøyveien 7, 8340 Stamsund, Norway","FFPP, FFPP-P, MSM, PP",,,,,974087499,approved,true,documentation_verified,"Mattilsynet approved establishment #N413. Scope: Fresh fishery products processing, Fresh fishery products processing - pelagic, MSM, Processing plant. Business #974087499."
N439,Bjørn Gjertsen As (Mattilsynet #N439),Bjørn Gjertsen As,Norway,,Fredvang,"Fredvang, 8387 Fredvang, Norway",68.08322,13.166629,9,"Fredvang, Hovdanveien, 8387 Fredvang, Norway","FFPP, PP, PP-SA, PP-ST",,,,,873261072,approved,true,documentation_verified,"Mattilsynet approved establishment #N439. Scope: Fresh fishery products processing, Processing plant, PP-SA, Processing plant - smoked/traditional. Business #873261072."
N445,Holmøy Produkter As (Mattilsynet #N445),Holmøy Produkter As,Norway,,Sortland,"Lilandveien 10, 8407 Sortland, Norway",68.733531,15.518725,10,"Lilandveien 10, 8407 Sortland, Norway","FFPP-P, FFPP-SA",,,,,927212587,approved,true,documentation_verified,"Mattilsynet approved establishment #N445. Scope: Fresh fishery products processing - pelagic, Fresh fishery products processing - salmon/aquaculture. Business #927212587."
N457,Sufi As Avd Sund I Lofoten (Mattilsynet #N457),Sufi As Avd Sund I Lofoten,Norway,,Sund I Lofoten,"Sundveien 157, 8384 Sund I Lofoten, Norway",68.001918,13.2024532,10,"Sundveien 157, 8384 Sund, Norway","FFPP, FFPP-P, PP, PP-SA, PP-ST",,,,,975925811,approved,true,documentation_verified,"Mattilsynet approved establishment #N457. Scope: Fresh fishery products processing, Fresh fishery products processing - pelagic, Processing plant, PP-SA, Processing plant - smoked/traditional. Business #975925811."
N458,Jm Langaas Drift As (Mattilsynet #N458),Jm Langaas Drift As,Norway,,Sund I Lofoten,"Sundveien 86, 8384 Sund I Lofoten, Norway",68.007147,13.211179,10,"Sundveien 86, 8384 Sund, Norway","FFPP, FFPP-P, PP, PP-SA, PP-ST",,,,,971725419,approved,true,documentation_verified,"Mattilsynet approved establishment #N458. Scope: Fresh fishery products processing, Fresh fishery products processing - pelagic, Processing plant, PP-SA, Processing plant - smoked/traditional. Business #971725419."
N460,Steinar Mikkelsen (Mattilsynet #N460),Steinar Mikkelsen,Norway,,Stamsund,"Justadbakken 10, 8340 Stamsund, Norway",68.136494,13.842226,10,"Justadbakken 10, 8340 Stamsund, Norway","FFPP, PP, PP-SA, PP-ST",,,,,978964176,approved,true,documentation_verified,"Mattilsynet approved establishment #N460. Scope: Fresh fishery products processing, Processing plant, PP-SA, Processing plant - smoked/traditional. Business #978964176."
N484,H. Sverdrup (Mattilsynet #N484),H. Sverdrup,Norway,,Reine,"Reineveien 170, 8390 Reine, Norway",67.935486,13.086847,10,"Reineveien 170, 8390 Reine, Norway","FFPP, FFPP-P, PP, PP-SA, PP-ST",,,,,994739042,approved,true,documentation_verified,"Mattilsynet approved establishment #N484. Scope: Fresh fishery products processing, Fresh fishery products processing - pelagic, Processing plant, PP-SA, Processing plant - smoked/traditional. Business #994739042."
N491,Kvalvik Maskin As (Mattilsynet #N491),Kvalvik Maskin As,Norway,,Reine,"Kvalvik, 8390 Reine, Norway",67.940972,13.095966,9,"Kvalvik, Moskenesveien, 8390 Reine, Norway",PP-ST,,,,,973507001,approved,true,documentation_verified,Mattilsynet approved establishment #N491. Scope: Processing plant - smoked/traditional. Business #973507001.
N506,Olsen Yngve As (Mattilsynet #N506),Olsen Yngve As,Norway,,Sørvågen,"Postboks 28, 8392 Sørvågen, Norway",70.9802638,25.977841,7,"9750 Honningsvåg, Norway","FFPP, FFPP-P, PP, PP-SA, PP-ST",,,,,872236872,approved,true,documentation_verified,"Mattilsynet approved establishment #N506. Scope: Fresh fishery products processing, Fresh fishery products processing - pelagic, Processing plant, PP-SA, Processing plant - smoked/traditional. Business #872236872."
N522,Gadus Norway As Avd Henningsvær (Mattilsynet #N522),Gadus Norway As Avd Henningsvær,Norway,,Henningsvær,"Hellandsgata 85, 8312 Henningsvær, Norway",68.1552406,14.2100518,10,"Hellandsgata 85, 8312 Henningsvær, Norway",FFPP,,,,,916770839,approved,true,documentation_verified,Mattilsynet approved establishment #N522. Scope: Fresh fishery products processing. Business #916770839.
N523,Brødrene Hardy As (Mattilsynet #N523),Brødrene Hardy As,Norway,,Værøy,"Venes, 8063 Værøy, Norway",67.6585472,12.7148556,8,"Røssnesvågen, 8063 Værøy, Norway","FFPP, PP, PP-SA, PP-ST",,,,,989830058,approved,true,documentation_verified,"Mattilsynet approved establishment #N523. Scope: Fresh fishery products processing, Processing plant, PP-SA, Processing plant - smoked/traditional. Business #989830058."
N524,Christensen Kjell P (Mattilsynet #N524),Christensen Kjell P,Norway,,Værøy,"nan, 8063 Værøy, Norway",67.6642456,12.6974773,7,"8063 Værøy, Norway","FFPP, PP, PP-ST",,,,,978242103,approved,true,documentation_verified,"Mattilsynet approved establishment #N524. Scope: Fresh fishery products processing, Processing plant, Processing plant - smoked/traditional. Business #978242103."
N528,Brødrene Berg As (Mattilsynet #N528),Brødrene Berg As,Norway,,Værøy,"Nedre Vågen 16, 8063 Værøy, Norway",67.6561934,12.7115405,10,"Nedre Vågen 16, 8063 Værøy, Norway","FFPP, PP, PP-SA, PP-ST",,,,,972321788,approved,true,documentation_verified,"Mattilsynet approved establishment #N528. Scope: Fresh fishery products processing, Processing plant, PP-SA, Processing plant - smoked/traditional. Business #972321788."
N530,Bensvik Brygge As (Mattilsynet #N530),Bensvik Brygge As,Norway,,Værøy,"nan, 8063 Værøy, Norway",67.6642456,12.6974773,7,"8063 Værøy, Norway","FFPP, PP, PP-SA, PP-ST",,,,,876345382,approved,true,documentation_verified,"Mattilsynet approved establishment #N530. Scope: Fresh fishery products processing, Processing plant, PP-SA, Processing plant - smoked/traditional. Business #876345382."
N533,Brødrene Andreassen Værøy As (Mattilsynet #N533),Brødrene Andreassen Værøy As,Norway,,Værøy,"Vågen 6, 8063 Værøy, Norway",67.6547788,12.7168898,10,"Nedre Vågen 6, 8063 Værøy, Norway","FFPP, FFPP-P, PP, PP-SA, PP-ST",,,,,980618943,approved,true,documentation_verified,"Mattilsynet approved establishment #N533. Scope: Fresh fishery products processing, Fresh fishery products processing - pelagic, Processing plant, PP-SA, Processing plant - smoked/traditional. Business #980618943."
N538,Astrup Lofoten As (Mattilsynet #N538),Astrup Lofoten As,Norway,,Værøy,"nan, 8063 Værøy, Norway",67.6642456,12.6974773,7,"8063 Værøy, Norway","FFPP, PP, PP-SA, PP-ST",,,,,971660694,approved,true,documentation_verified,"Mattilsynet approved establishment #N538. Scope: Fresh fishery products processing, Processing plant, PP-SA, Processing plant - smoked/traditional. Business #971660694."
N541,Lofoten Viking As (Mattilsynet #N541),Lofoten Viking As,Norway,,Værøy,"Røstnesvågen, 8063 Værøy, Norway",67.6561835,12.7220988,9,"Røstnesvågen, 8063 Værøy, Norway","FFPP, FFPP-P, PP, PP-ST",,,,,972000337,approved,true,documentation_verified,"Mattilsynet approved establishment #N541. Scope: Fresh fishery products processing, Fresh fishery products processing - pelagic, Processing plant, Processing plant - smoked/traditional. Business #972000337."
N554,John Greger As (Mattilsynet #N554),John Greger As,Norway,,Røst,"Gleaveien 4b, 8064 Røst, Norway",67.507362,12.065172,10,"Gleaveien 4B, 8064 Røst, Norway","FFPP, FFPP-P, PP, PP-SA, PP-ST",,,,,871801622,approved,true,documentation_verified,"Mattilsynet approved establishment #N554. Scope: Fresh fishery products processing, Fresh fishery products processing - pelagic, Processing plant, PP-SA, Processing plant - smoked/traditional. Business #871801622."
N555,Røst Sjømat As (Mattilsynet #N555),Røst Sjømat As,Norway,,Røst,"Tyvsøyveien 1, 8064 Røst, Norway",67.5054046,12.0715802,10,"Tyvsøyveien 1, 8064 Røst, Norway","FFPP, FFPP-P, PP, PP-SA, PP-ST",,,,,978692370,approved,true,documentation_verified,"Mattilsynet approved establishment #N555. Scope: Fresh fishery products processing, Fresh fishery products processing - pelagic, Processing plant, PP-SA, Processing plant - smoked/traditional. Business #978692370."
N556,Glea As (Mattilsynet #N556),Glea As,Norway,,Røst,"Glea, 8064 Røst, Norway",67.5082287,12.0742844,9,"Gleaveien, 8064 Røst, Norway","FFPP, FFPP-P, PP, PP-SA, PP-ST",,,,,973213148,approved,true,documentation_verified,"Mattilsynet approved establishment #N556. Scope: Fresh fishery products processing, Fresh fishery products processing - pelagic, Processing plant, PP-SA, Processing plant - smoked/traditional. Business #973213148."
N559,Røst Fiskeindustri As (Mattilsynet #N559),Røst Fiskeindustri As,Norway,,Røst,"Tyvsøy, 8064 Røst, Norway",67.5076763,12.0810674,9,"Tyvsøyveien, 8064 Røst, Norway","FFPP, FFPP-P, PP, PP-SA, PP-ST",,,,,972320846,approved,true,documentation_verified,"Mattilsynet approved establishment #N559. Scope: Fresh fishery products processing, Fresh fishery products processing - pelagic, Processing plant, PP-SA, Processing plant - smoked/traditional. Business #972320846."
N560,Røst Trandamperi As (Mattilsynet #N560),Røst Trandamperi As,Norway,,Røst,"Gleaveien 6, 8064 Røst, Norway",67.507336,12.068039,10,"Gleaveien 6, 8064 Røst, Norway",PP-MA,,,,,981180437,approved,true,documentation_verified,Mattilsynet approved establishment #N560. Scope: Processing plant - marine animal products. Business #981180437.
N566,John Greger As (Mattilsynet #N566),John Greger As,Norway,,Røst,"Tyvsøyveien 15, 8064 Røst, Norway",67.5074508,12.079979,10,"Tyvsøyveien 15, 8064 Røst, Norway","FFPP, FFPP-P, PP, PP-SA, PP-ST",,,,,871801622,approved,true,documentation_verified,"Mattilsynet approved establishment #N566. Scope: Fresh fishery products processing, Fresh fishery products processing - pelagic, Processing plant, PP-SA, Processing plant - smoked/traditional. Business #871801622."
N570,A Johansen As (Mattilsynet #N570),A Johansen As,Norway,,Røst,"Gleaveien 9, 8064 Røst, Norway",67.5083986,12.0777756,10,"Gleaveien 9, 8064 Røst, Norway","FFPP, FFPP-P, PP, PP-SA, PP-ST",,,,,974110555,approved,true,documentation_verified,"Mattilsynet approved establishment #N570. Scope: Fresh fishery products processing, Fresh fishery products processing - pelagic, Processing plant, PP-SA, Processing plant - smoked/traditional. Business #974110555."
N575,Jangaard Export As Avd Røst (Mattilsynet #N575),Jangaard Export As Avd Røst,Norway,,Røst,"Gleaveien 12, 8064 Røst, Norway",67.506199,12.065856,10,"Gleaveien 12, 8064 Røst, Norway","FFPP, FFPP-P, PP-SA",,,,,990127670,approved,true,documentation_verified,"Mattilsynet approved establishment #N575. Scope: Fresh fishery products processing, Fresh fishery products processing - pelagic, PP-SA. Business #990127670."
N581,Saga Fisk As (Mattilsynet #N581),Saga Fisk As,Norway,,Svolvær,"H. Chr. Størmers Gate 22, 8300 Svolvær, Norway",68.2348073,14.5720934,10,"H. Chr. Størmers gate 22, 8300 Svolvær, Norway","FFPP, PP-ST",,,,,996723526,approved,true,documentation_verified,"Mattilsynet approved establishment #N581. Scope: Fresh fishery products processing, Processing plant - smoked/traditional. Business #996723526."
N624,Saga Fisk As (Mattilsynet #N624),Saga Fisk As,Norway,,Henningsvær,"Sauøya 1, 8312 Henningsvær, Norway",68.1609026,14.2196785,9,"Sauøya, 8312 Henningsvær, Norway","FFPP, FFPP-P, PP, PP-SA, PP-ST",,,,,996723526,approved,true,documentation_verified,"Mattilsynet approved establishment #N624. Scope: Fresh fishery products processing, Fresh fishery products processing - pelagic, Processing plant, PP-SA, Processing plant - smoked/traditional. Business #996723526."
N630,Bernhard Martin Bloch (Mattilsynet #N630),Bernhard Martin Bloch,Norway,,Ørnes,"Postboks 117, 8151 Ørnes, Norway",66.8730775,13.7060869,7,"8150 Ørnes, Norway",PP-ST,,,,,,approved,true,documentation_verified,Mattilsynet approved establishment #N630. Scope: Processing plant - smoked/traditional.
N631,Jangaard Export As Henningsvær (Mattilsynet #N631),Jangaard Export As Henningsvær,Norway,,Henningsvær,"nan, 8312 Henningsvær, Norway",68.152888,14.2007245,7,"8312 Henningsvær, Norway","FFPP, PP-SA, PP-ST",,,,,973118692,approved,true,documentation_verified,"Mattilsynet approved establishment #N631. Scope: Fresh fishery products processing, PP-SA, Processing plant - smoked/traditional. Business #973118692."
N645,Hopen Fisk As (Mattilsynet #N645),Hopen Fisk As,Norway,,Kabelvåg,"Hopsveien 42, 8310 Kabelvåg, Norway",68.1937869,14.3474329,10,"Hopsveien 42, 8310 Kabelvåg, Norway","FFPP, FFPP-P, PP, PP-SA, PP-ST",,,,,975792455,approved,true,documentation_verified,"Mattilsynet approved establishment #N645. Scope: Fresh fishery products processing, Fresh fishery products processing - pelagic, Processing plant, PP-SA, Processing plant - smoked/traditional. Business #975792455."
N680,Bergs Fisk As (Mattilsynet #N680),Bergs Fisk As,Norway,,Svolvær,"Bernt Salvesens Vei 31, 8300 Svolvær, Norway",68.2347411,14.5849197,10,"Bernt Salvesens vei 31, 8300 Svolvær, Norway",PP,,,,,929729323,approved,true,documentation_verified,Mattilsynet approved establishment #N680. Scope: Processing plant. Business #929729323.
N681,King Oscar As Avd Svolvær (Mattilsynet #N681),King Oscar As Avd Svolvær,Norway,,Svolvær,"Storgata 2, 8300 Svolvær, Norway",68.2289419,14.5599418,10,"Storgata 2, 8300 Svolvær, Norway","PP, PP-MA",,,,,980900797,approved,true,documentation_verified,"Mattilsynet approved establishment #N681. Scope: Processing plant, Processing plant - marine animal products. Business #980900797."
N717,Saga Fisk As (Mattilsynet #N717),Saga Fisk As,Norway,,Svolvær,"H. Chr. Størmers Gate 22, 8300 Svolvær, Norway",68.2348073,14.5720934,10,"H. Chr. Størmers gate 22, 8300 Svolvær, Norway","PP-SA, PP-ST",,,,,996723526,approved,true,documentation_verified,"Mattilsynet approved establishment #N717. Scope: PP-SA, Processing plant - smoked/traditional. Business #996723526."
N741,Ellingsen Seafood As Avd Hovedkontor (Mattilsynet #N741),Ellingsen Seafood As Avd Hovedkontor,Norway,,Skrova,"Været 2, 8320 Skrova, Norway",68.1666673,14.6611872,10,"Været 2, 8320 Skrova, Norway","FFPP, PP, PP-SA, PP-ST",,,,,972718807,approved,true,documentation_verified,"Mattilsynet approved establishment #N741. Scope: Fresh fishery products processing, Processing plant, PP-SA, Processing plant - smoked/traditional. Business #972718807."
N742,Ellingsen Seafood As Avd Hovedkontor (Mattilsynet #N742),Ellingsen Seafood As Avd Hovedkontor,Norway,,Skrova,"Været 2, 8320 Skrova, Norway",68.1666673,14.6611872,10,"Været 2, 8320 Skrova, Norway",FFPP-SA,,,,,972718807,approved,true,documentation_verified,Mattilsynet approved establishment #N742. Scope: Fresh fishery products processing - salmon/aquaculture. Business #972718807.
N830,Pelagia Lødingen (Mattilsynet #N830),Pelagia Lødingen,Norway,,Lødingen,"Industrivegen 4a, 8410 Lødingen, Norway",68.4178978,15.9962678,10,"Industrivegen 4A, 8410 Lødingen, Norway","FFPP, FFPP-P",,,,,972349356,approved,true,documentation_verified,"Mattilsynet approved establishment #N830. Scope: Fresh fishery products processing, Fresh fishery products processing - pelagic. Business #972349356."
N849,Skaga Processing As (Mattilsynet #N849),Skaga Processing As,Norway,,Storjorda I Tysfjorden,"Korsnesveien 177, 8275 Storjorda I Tysfjorden, Norway",68.252266,16.057233,10,"Korsnesveien 177, 8275 Storjord, Norway",FFPP-P,,,,,934501330,approved,true,documentation_verified,Mattilsynet approved establishment #N849. Scope: Fresh fishery products processing - pelagic. Business #934501330.
N879,Nordfold Fiskerikai As (Mattilsynet #N879),Nordfold Fiskerikai As,Norway,,Nordfold,"Nordfold, 8286 Nordfold, Norway",67.764317,15.241904,9,"Nordfold, Nordfoldveien, 8286 Nordfold, Norway",FFPP,,,,,973809636,approved,true,documentation_verified,Mattilsynet approved establishment #N879. Scope: Fresh fishery products processing. Business #973809636.
N880,Steigen Sjømat As (Mattilsynet #N880),Steigen Sjømat As,Norway,,Leines,"Helnessund, 8285 Leines, Norway",67.732175,14.772899,9,"Helnessund, Helnesveien, Leines, Norway","FFPP, FFPP-P, PP, PP-SA",,,,,990072957,approved,true,documentation_verified,"Mattilsynet approved establishment #N880. Scope: Fresh fishery products processing, Fresh fishery products processing - pelagic, Processing plant, PP-SA. Business #990072957."
N891,Dyping Og Omegn Fiskemottak Sa (Mattilsynet #N891),Dyping Og Omegn Fiskemottak Sa,Norway,,Bogøy,"Dyping, 8288 Bogøy, Norway",67.90329,15.18314,9,"Bogøya, Steigen, Nordland, Norway",FFPP,,,,,872572732,approved,true,documentation_verified,Mattilsynet approved establishment #N891. Scope: Fresh fishery products processing. Business #872572732.
N893,Helligvær Sjømat As (Mattilsynet #N893),Helligvær Sjømat As,Norway,,Helligvær,"Sørværveien 2, 8095 Helligvær, Norway",67.406431,13.902653,10,"Sørværveien 2, 8095 Helligvær, Norway","FFPP, FFPP-P, PP, PP-ST",,,,,987004053,approved,true,documentation_verified,"Mattilsynet approved establishment #N893. Scope: Fresh fishery products processing, Fresh fishery products processing - pelagic, Processing plant, Processing plant - smoked/traditional. Business #987004053."
N905,Bofisk As (Mattilsynet #N905),Bofisk As,Norway,,Bodø,"Prinsens Gate 148 A, 8003 Bodø, Norway",67.2835247,14.3930645,10,"Prinsens gate 148A, 8005 Bodø, Norway","FFPP, FFPP-P, PP",,,,,984154208,approved,true,documentation_verified,"Mattilsynet approved establishment #N905. Scope: Fresh fishery products processing, Fresh fishery products processing - pelagic, Processing plant. Business #984154208."
N918,Strøksnes Utleiebygg As (Mattilsynet #N918),Strøksnes Utleiebygg As,Norway,,Engan,"Styrkesnes, 8264 Engan, Norway",67.5833,15.8167,7,"8264 Troms, Norway",FFPP,,,,,873717092,approved,true,documentation_verified,Mattilsynet approved establishment #N918. Scope: Fresh fishery products processing. Business #873717092.
N950,Salten N950 As (Mattilsynet #N950),Salten N950 As,Norway,,Sørarnøy,"Arnøyveien 1, 8135 Sørarnøy, Norway",67.137514,13.979527,10,"Arnøyveien 1, 8135 Sørarnøy, Norway","FFPP-P, FFPP-SA",,,,,973676040,approved,true,documentation_verified,"Mattilsynet approved establishment #N950. Scope: Fresh fishery products processing - pelagic, Fresh fishery products processing - salmon/aquaculture. Business #973676040."
N991,Træna Sjømat As (Mattilsynet #N991),Træna Sjømat As,Norway,,Sleneset,"Slenesveien 3, 8762 Sleneset, Norway",66.361666,12.610944,10,"Slenesveien 3, 8762 Sleneset, Norway",FFPP,,,,,929720261,approved,true,documentation_verified,Mattilsynet approved establishment #N991. Scope: Fresh fishery products processing. Business #929720261.
N994,Brødrene Jtb Olsen As (Mattilsynet #N994),Brødrene Jtb Olsen As,Norway,,Rødøy,"Postboks 13, 8193 Rødøy, Norway",66.6640608,13.06153,7,"8193 Rødøy, Norway","FFPP, PP, PP-SA, PP-ST",,,,,972002224,approved,true,documentation_verified,"Mattilsynet approved establishment #N994. Scope: Fresh fishery products processing, Processing plant, PP-SA, Processing plant - smoked/traditional. Business #972002224."
N1000,Jensen Benjamin As (Mattilsynet #N1000),Jensen Benjamin As,Norway,,Napp,"Napp, 8382 Napp, Norway",68.132168,13.42825,9,"Napp, Flakstadveien, 8382 Napp, Norway","FFPP, PP-ST, RW",,,,,972253952,approved,true,documentation_verified,"Mattilsynet approved establishment #N1000. Scope: Fresh fishery products processing, Processing plant - smoked/traditional, Rewrapping/relabelling. Business #972253952."
N1001,Træna Sjømat As (Mattilsynet #N1001),Træna Sjømat As,Norway,,Selvær,"Stongveien 18, 8742 Selvær, Norway",66.5868286,12.2310434,9,"Stongveien, 8742 Selvær, Norway",FFPP,,,,,929720261,approved,true,documentation_verified,Mattilsynet approved establishment #N1001. Scope: Fresh fishery products processing. Business #929720261.
N1003,Træna Sjømat As (Mattilsynet #N1003),Træna Sjømat As,Norway,,Nordnesøy,"nan, 8198 Nordnesøy, Norway",66.5903416,12.6493339,9,"Nordnesøy kapell, Nesøyveien, 8198 Nordnesøy, Norway",FFPP,,,,,929720261,approved,true,documentation_verified,Mattilsynet approved establishment #N1003. Scope: Fresh fishery products processing. Business #929720261.
N1005,Jim Roger Monsen (Mattilsynet #N1005),Jim Roger Monsen,Norway,,Gjerøy,"Lyngvågen, 8195 Gjerøy, Norway",66.61667,13.03333,9,"Gjerdøya, Rødøy, Nordland, Norway","FFPP, FFPP-P, PP-SA, PP-ST, RW",,,,,981000684,approved,true,documentation_verified,"Mattilsynet approved establishment #N1005. Scope: Fresh fishery products processing, Fresh fishery products processing - pelagic, PP-SA, Processing plant - smoked/traditional, Rewrapping/relabelling. Business #981000684."
N1006,Nord-Reker As (Mattilsynet #N1006),Nord-Reker As,Norway,,Konsvikosen,"Kvina, 8752 Konsvikosen, Norway",66.5,13.1,7,"8752 Troms, Norway","FFPP, PP-C",,,,,972272787,approved,true,documentation_verified,"Mattilsynet approved establishment #N1006. Scope: Fresh fishery products processing, Processing plant - crustacean. Business #972272787."
N1008,Aldra Fiskalag (Mattilsynet #N1008),Aldra Fiskalag,Norway,,Bratland,"Aldersundveien 404, 8730 Bratland, Norway",66.4113784,13.1585352,9,"Aldersundveien, 8730 Bratland, Norway",FFPP,,,,,999438881,approved,true,documentation_verified,Mattilsynet approved establishment #N1008. Scope: Fresh fishery products processing. Business #999438881.
N1009,Leif Snorre Sarassen P/R Ans (Mattilsynet #N1009),Leif Snorre Sarassen P/R Ans,Norway,,Indre Kvarøy,"nan, 8743 Indre Kvarøy, Norway",66.4883903,12.9608765,7,"Innerkvarøy, 8743 Indre, Norway","FFPP, FFPP-P, PP-ST",,,,,978242022,approved,true,documentation_verified,"Mattilsynet approved establishment #N1009. Scope: Fresh fishery products processing, Fresh fishery products processing - pelagic, Processing plant - smoked/traditional. Business #978242022."
N1036,Pelagia Træna (Mattilsynet #N1036),Pelagia Træna,Norway,,Træna,"Galtneset, 8770 Træna, Norway",66.5031092,12.0999926,9,"Galtneset, 8770 Træna, Norway","FFPP, FFPP-P, MSM, PP",,,,,971766247,approved,true,documentation_verified,"Mattilsynet approved establishment #N1036. Scope: Fresh fishery products processing, Fresh fishery products processing - pelagic, MSM, Processing plant. Business #971766247."
N1041,Nova Sea As Avd Industri (Mattilsynet #N1041),Nova Sea As Avd Industri,Norway,,Lovund,"nan, 8764 Lovund, Norway",66.3689944,12.3643502,7,"8764 Lovund, Norway","FFPP-P, FFPP-SA",,,,,974165716,approved,true,documentation_verified,"Mattilsynet approved establishment #N1041. Scope: Fresh fishery products processing - pelagic, Fresh fishery products processing - salmon/aquaculture. Business #974165716."
N1065,Sæterstad Gård As (Mattilsynet #N1065),Sæterstad Gård As,Norway,,Hattfjelldal,"Sæterstad, 8695 Hattfjelldal, Norway",65.799175,14.2328444,8,"Sæterstad, Hattfjelldal, Nordland, Norway","FFPP-P, FFPP-SA, PP",,,,,872225382,approved,true,documentation_verified,"Mattilsynet approved establishment #N1065. Scope: Fresh fishery products processing - pelagic, Fresh fishery products processing - salmon/aquaculture, Processing plant. Business #872225382."
N1070,Tindskjær As (Mattilsynet #N1070),Tindskjær As,Norway,,Værøy,"Vågstranda 64, 8063 Værøy, Norway",67.6648665,12.7073239,10,"Vågstranda 64, 8063 Værøy, Norway","FFPP, PP, PP-ST",,,,,920905412,approved,true,documentation_verified,"Mattilsynet approved establishment #N1070. Scope: Fresh fishery products processing, Processing plant, Processing plant - smoked/traditional. Business #920905412."
N1073,Finneidfjord Industrier As (Mattilsynet #N1073),Finneidfjord Industrier As,Norway,,Finneidsfjord,"nan, 8642 Finneidsfjord, Norway",62.0,10.0,1,Norway,PP,,,,,812575422,approved,true,documentation_verified,Mattilsynet approved establishment #N1073. Scope: Processing plant. Business #812575422.
N1084,Dønna Fiskemottak As (Mattilsynet #N1084),Dønna Fiskemottak As,Norway,,Dønna,"Hølaveien 48, 8820 Dønna, Norway",66.0850393,12.4487096,10,"Hølaveien 48, 8820 Dønna, Norway","FFPP, PP-SA",,,,,989576232,approved,true,documentation_verified,"Mattilsynet approved establishment #N1084. Scope: Fresh fishery products processing, PP-SA. Business #989576232."
N1098,Seløy Fisk As (Mattilsynet #N1098),Seløy Fisk As,Norway,,Herøy,"Seløy, 8850 Herøy, Norway",66.027322,12.223271,9,"Seløy, Yttersidveien, 8845 Herøy, Norway","FFPP, FFPP-P, PP-SA, PP-ST",,,,,990424004,approved,true,documentation_verified,"Mattilsynet approved establishment #N1098. Scope: Fresh fishery products processing, Fresh fishery products processing - pelagic, PP-SA, Processing plant - smoked/traditional. Business #990424004."
N1113,Træna Sjømat As (Mattilsynet #N1113),Træna Sjømat As,Norway,,Bolga,"nan, 8158 Bolga, Norway",66.8049903,13.2342345,7,"8158 Bolga, Norway",FFPP,,,,,929720261,approved,true,documentation_verified,Mattilsynet approved establishment #N1113. Scope: Fresh fishery products processing. Business #929720261.
N1115,Mowi Avd Slakteri Herøy (Mattilsynet #N1115),Mowi Avd Slakteri Herøy,Norway,,Herøy,"Øksningsveien 43, 8850 Herøy, Norway",65.999888,12.269431,10,"Øksningsveien 43, 8850 Herøy, Norway","FFPP-P, FFPP-SA",,,,,972354899,approved,true,documentation_verified,"Mattilsynet approved establishment #N1115. Scope: Fresh fishery products processing - pelagic, Fresh fishery products processing - salmon/aquaculture. Business #972354899."
N1142,Øver Hongset Da (Mattilsynet #N1142),Øver Hongset Da,Norway,,Velfjord,"Hongsetveien 106, 8960 Velfjord, Norway",65.339783,12.511025,10,"Hongsetveien 106, 8960 Velfjord, Norway","FFPP-P, FFPP-SA, PP",,,,,887680892,approved,true,documentation_verified,"Mattilsynet approved establishment #N1142. Scope: Fresh fishery products processing - pelagic, Fresh fishery products processing - salmon/aquaculture, Processing plant. Business #887680892."
N1187,Kjella Samvirkelag Sa (Mattilsynet #N1187),Kjella Samvirkelag Sa,Norway,,Bindalseidet,"Haukenesveien 45, 7982 Bindalseidet, Norway",65.1153757,12.0051359,10,"Haukenesveien 45, 7982 Bindalseidet, Norway",FFPP,,,,,971719230,approved,true,documentation_verified,Mattilsynet approved establishment #N1187. Scope: Fresh fishery products processing. Business #971719230.
N1200,Roger Blom (Mattilsynet #N1200),Roger Blom,Norway,,Hennes,"Kvitnes, 8414 Hennes, Norway",68.5333,15.2167,7,"8414 Troms, Norway",PP-ST,,,,,,approved,true,documentation_verified,Mattilsynet approved establishment #N1200. Scope: Processing plant - smoked/traditional.
N1206,Vega Delikatesser As (Mattilsynet #N1206),Vega Delikatesser As,Norway,,Vega,"Igerøy, 8980 Vega, Norway",65.6829417,12.1257028,7,"Igerøy, Nordland, Norway","FFPP-P, PP-KL, PP-SA, PP-ST",,,,,876232332,approved,true,documentation_verified,"Mattilsynet approved establishment #N1206. Scope: Fresh fishery products processing - pelagic, PP-KL, PP-SA, Processing plant - smoked/traditional. Business #876232332."
N1302,Ole Lars Kildal (Mattilsynet #N1302),Ole Lars Kildal,Norway,,Engavågen,"Kjeldal 95, 8170 Engavågen, Norway",66.766777,13.66772,10,"Kjeldal 95, 8170 Engavågen, Norway",PP-ST,,,,,,approved,true,documentation_verified,Mattilsynet approved establishment #N1302. Scope: Processing plant - smoked/traditional.
N1303,Eddie Even Kildal (Mattilsynet #N1303),Eddie Even Kildal,Norway,,Halsa,"Skogmo 9, 8178 Halsa, Norway",66.742528,13.573694,10,"Skogmo 9, 8178 Halsa, Norway",PP-ST,,,,,,approved,true,documentation_verified,Mattilsynet approved establishment #N1303. Scope: Processing plant - smoked/traditional.
N1307,Wiggo Nygård (Mattilsynet #N1307),Wiggo Nygård,Norway,,Neverdal,"Nyveien 23, 8149 Neverdal, Norway",66.847777,13.745341,10,"Nyveien 23, 8149 Neverdal, Norway",PP-ST,,,,,,approved,true,documentation_verified,Mattilsynet approved establishment #N1307. Scope: Processing plant - smoked/traditional.
N1310,Jim Lorentzen (Mattilsynet #N1310),Jim Lorentzen,Norway,,Nordnesøy,"Vikran 11, 8198 Nordnesøy, Norway",62.0,10.0,1,Norway,"FFPP, PP, PP-ST",,,,,986688269,approved,true,documentation_verified,"Mattilsynet approved establishment #N1310. Scope: Fresh fishery products processing, Processing plant, Processing plant - smoked/traditional. Business #986688269."
N1409,Fredriksen Roar (Mattilsynet #N1409),Fredriksen Roar,Norway,,Ankenesstrand,"Bergvn. 69, 8520 Ankenesstrand, Norway",68.4167,17.3833,7,"8520 Troms, Norway",FFPP-P,,,,,978111912,approved,true,documentation_verified,Mattilsynet approved establishment #N1409. Scope: Fresh fishery products processing - pelagic. Business #978111912.
N2063,Fleinvær Fiskemottak As (Mattilsynet #N2063),Fleinvær Fiskemottak As,Norway,,Fleinvær,"Fleinvær, 8094 Fleinvær, Norway",67.1710376,13.7752422,9,"Mevær hurtigbåtkai Fleinvær, Mevær, 8094 Fleinvær, Norway","FFPP, FFPP-P",,,,,976392353,approved,true,documentation_verified,"Mattilsynet approved establishment #N2063. Scope: Fresh fishery products processing, Fresh fishery products processing - pelagic. Business #976392353."
N2141,Polarmat As (Mattilsynet #N2141),Polarmat As,Norway,,Tonnes,"nan, 8750 Tonnes, Norway",66.5137635,13.0143189,7,"8750 Tonnes, Norway",PP,,,,,919379790,approved,true,documentation_verified,Mattilsynet approved establishment #N2141. Scope: Processing plant. Business #919379790.
N2156,Villmarksprodukter Da (Mattilsynet #N2156),Villmarksprodukter Da,Norway,,Hattfjelldal,"O.T. Olsens Vei 2 D, 8690 Hattfjelldal, Norway",65.596719,13.989446,10,"O.T. Olsens vei 2D, 8692 Aarborte - Hattfjelldal, Norway","FFPP-P, PP",,,,,988746428,approved,true,documentation_verified,"Mattilsynet approved establishment #N2156. Scope: Fresh fishery products processing - pelagic, Processing plant. Business #988746428."
N2157,Håvard Reløy (Mattilsynet #N2157),Håvard Reløy,Norway,,Lurøy,"Håvard Reløy, 8766 Lurøy, Norway",66.4189,12.8425,7,"8766 Troms, Norway",PP-ST,,,,,993914177,approved,true,documentation_verified,Mattilsynet approved establishment #N2157. Scope: Processing plant - smoked/traditional. Business #993914177.
N2158,Reløy Sigurd M (Mattilsynet #N2158),Reløy Sigurd M,Norway,,Lurøy,"Onøy, 8766 Lurøy, Norway",66.3952571,12.8450783,8,"Onøyveien, 8766 Lurøy, Norway",PP-ST,,,,,978204961,approved,true,documentation_verified,Mattilsynet approved establishment #N2158. Scope: Processing plant - smoked/traditional. Business #978204961.
N2159,Olsen Terje L (Mattilsynet #N2159),Olsen Terje L,Norway,,Lurøy,"Onøy, 8766 Lurøy, Norway",66.3952571,12.8450783,8,"Onøyveien, 8766 Lurøy, Norway",PP-ST,,,,,970195130,approved,true,documentation_verified,Mattilsynet approved establishment #N2159. Scope: Processing plant - smoked/traditional. Business #970195130.
N2160,Olsen Terje L (Mattilsynet #N2160),Olsen Terje L,Norway,,Lurøy,"Onøy, 8766 Lurøy, Norway",66.3952571,12.8450783,8,"Onøyveien, 8766 Lurøy, Norway",PP-ST,,,,,970195130,approved,true,documentation_verified,Mattilsynet approved establishment #N2160. Scope: Processing plant - smoked/traditional. Business #970195130.
N2163,Wiggo Johansen (Mattilsynet #N2163),Wiggo Johansen,Norway,,Lurøy,"Onøy, 8766 Lurøy, Norway",66.3952571,12.8450783,8,"Onøyveien, 8766 Lurøy, Norway",PP-ST,,,,,989856669,approved,true,documentation_verified,Mattilsynet approved establishment #N2163. Scope: Processing plant - smoked/traditional. Business #989856669.
N2165,Tangen Produkter (Mattilsynet #N2165),Tangen Produkter,Norway,,Drag,"Drag, 8270 Drag, Norway",68.0494815,16.0574839,8,"Drag, 8270 Drag, Norway","FFPP, PP",,,,,987582286,approved,true,documentation_verified,"Mattilsynet approved establishment #N2165. Scope: Fresh fishery products processing, Processing plant. Business #987582286."
N2166,Nargtind As (Mattilsynet #N2166),Nargtind As,Norway,,Lurøy,"Onøy, 8766 Lurøy, Norway",66.3952571,12.8450783,8,"Onøyveien, 8766 Lurøy, Norway",PP-ST,,,,,999354394,approved,true,documentation_verified,Mattilsynet approved establishment #N2166. Scope: Processing plant - smoked/traditional. Business #999354394.
N2173,The Qrill Company As Avd Stamsund (Mattilsynet #N2173),The Qrill Company As Avd Stamsund,Norway,,Stamsund,"J.M.Johansens Vei 99, 8340 Stamsund, Norway",68.1259594,13.8513649,10,"J.M. Johansens vei 99, 8340 Stamsund, Norway","PP-C, PP-MA",,,,,988364754,approved,true,documentation_verified,"Mattilsynet approved establishment #N2173. Scope: Processing plant - crustacean, Processing plant - marine animal products. Business #988364754."
N2181,Jann Breivik (Mattilsynet #N2181),Jann Breivik,Norway,,Tjongsfjorden,"Breivik, 8186 Tjongsfjorden, Norway",66.6833,13.4667,7,"8186 Troms, Norway",PP-ST,,,,,,approved,true,documentation_verified,Mattilsynet approved establishment #N2181. Scope: Processing plant - smoked/traditional.
N2182,Hans Urskog (Mattilsynet #N2182),Hans Urskog,Norway,,Vågaholmen,"Sunset, 8185 Vågaholmen, Norway",66.7137,13.2871,7,"8185 Troms, Norway",PP-ST,,,,,,approved,true,documentation_verified,Mattilsynet approved establishment #N2182. Scope: Processing plant - smoked/traditional.
N2184,Torleif Peder Urskog (Mattilsynet #N2184),Torleif Peder Urskog,Norway,,Jektvik,"nan, 8187 Jektvik, Norway",66.6258352,13.2918532,7,"8187 Jektvik, Norway",PP-ST,,,,,,approved,true,documentation_verified,Mattilsynet approved establishment #N2184. Scope: Processing plant - smoked/traditional.
N2186,Rørvik Fisk As (Mattilsynet #N2186),Rørvik Fisk As,Norway,,Rørvik,"Fryseriet, 7900 Rørvik, Norway",64.9162,10.9387,7,"7900 Telemark, Norway",FFPP,,,,,884084652,approved,true,documentation_verified,Mattilsynet approved establishment #N2186. Scope: Fresh fishery products processing. Business #884084652.
N2189,Meløy Videregående Skole Avd Inndyr (Mattilsynet #N2189),Meløy Videregående Skole Avd Inndyr,Norway,,Inndyr,"Inndyr 455, 8140 Inndyr, Norway",67.0390457,14.0373504,9,"Inndyrveien, 8140 Inndyr, Norway","FFPP, FFPP-P, FFPP-S, FFPP-SA, PP, PP-ST",,,,,874621412,approved,true,documentation_verified,"Mattilsynet approved establishment #N2189. Scope: Fresh fishery products processing, Fresh fishery products processing - pelagic, FFPP-S, Fresh fishery products processing - salmon/aquaculture, Processing plant, Processing plant - smoked/traditional. Business #874621412."
N2196,Per-Otto Davidsen (Mattilsynet #N2196),Per-Otto Davidsen,Norway,,Aldra,"nan, 8732 Aldra, Norway",66.401041,13.1153457,7,"Aldra, 8732 Aldra, Norway",PP-ST,,,,,995415631,approved,true,documentation_verified,Mattilsynet approved establishment #N2196. Scope: Processing plant - smoked/traditional. Business #995415631.
N2204,Nordland Havfiske As (Mattilsynet #N2204),Nordland Havfiske As,Norway,,Stamsund,"Buøyveien 7, 8340 Stamsund, Norway",68.126398,13.856861,10,"Buøyveien 7, 8340 Stamsund, Norway",PP-MA,,,,,973234676,approved,true,documentation_verified,Mattilsynet approved establishment #N2204. Scope: Processing plant - marine animal products. Business #973234676.
N2205,Svein Larsen (Mattilsynet #N2205),Svein Larsen,Norway,,Utskarpen,"Flostrandveien 342, 8725 Utskarpen, Norway",66.3453535,13.4588652,10,"Flostrandveien 342, 8725 Utskarpen, Norway","FFPP, FFPP-P, PP-SA, PP-ST",,,,,914287332,approved,true,documentation_verified,"Mattilsynet approved establishment #N2205. Scope: Fresh fishery products processing, Fresh fishery products processing - pelagic, PP-SA, Processing plant - smoked/traditional. Business #914287332."
N2207,Frank Pedersen (Mattilsynet #N2207),Frank Pedersen,Norway,,Kjerringøy,"Selhaugveien 6, 8093 Kjerringøy, Norway",67.5167,14.7667,7,"8093 Troms, Norway","FFPP, FFPP-P",,,,,987801166,approved,true,documentation_verified,"Mattilsynet approved establishment #N2207. Scope: Fresh fishery products processing, Fresh fishery products processing - pelagic. Business #987801166."
N2224,Lene Engvik Rasch (Mattilsynet #N2224),Lene Engvik Rasch,Norway,,Jektvik,"Sperstadveien 152, 8187 Jektvik, Norway",66.47346,13.28009,9,"Rødøy, Nordland, Norway",PP-ST,,,,,972508535,approved,true,documentation_verified,Mattilsynet approved establishment #N2224. Scope: Processing plant - smoked/traditional. Business #972508535.
N2228,Myre Fiskemottak As Avd Myre (Mattilsynet #N2228),Myre Fiskemottak As Avd Myre,Norway,,Myre,"Bolstads Vei 15, 8430 Myre, Norway",68.911694,15.0636291,10,"Bolstads vei 15, 8430 Myre, Norway","FFPP, PP, PP-ST",,,,,989281682,approved,true,documentation_verified,"Mattilsynet approved establishment #N2228. Scope: Fresh fishery products processing, Processing plant, Processing plant - smoked/traditional. Business #989281682."
N2230,Karl-Arne Kristiansen (Mattilsynet #N2230),Karl-Arne Kristiansen,Norway,,Bøstad,"Mærvollveien 75, 8360 Bøstad, Norway",68.249631,13.627765,10,"Mærvollveien 75, 8360 Bøstad, Norway",PP-ST,,,,,,approved,true,documentation_verified,Mattilsynet approved establishment #N2230. Scope: Processing plant - smoked/traditional.
N2240,Anne Marie As (Mattilsynet #N2240),Anne Marie As,Norway,,Skrova,"Losbakken 1, 8320 Skrova, Norway",68.1669984,14.6599511,10,"Losbakken 1, 8320 Skrova, Norway","FFPP, FFPP-P",,,,,997987934,approved,true,documentation_verified,"Mattilsynet approved establishment #N2240. Scope: Fresh fishery products processing, Fresh fishery products processing - pelagic. Business #997987934."
N2243,Myhres Røkeri As (Mattilsynet #N2243),Myhres Røkeri As,Norway,,Myre,"Mellomveien 13, 8430 Myre, Norway",68.9176597,15.0978732,10,"Mellomveien 13, 8430 Myre, Norway",RW,,,,,913200497,approved,true,documentation_verified,Mattilsynet approved establishment #N2243. Scope: Rewrapping/relabelling. Business #913200497.
N2256,Reidar Johansen (Mattilsynet #N2256),Reidar Johansen,Norway,,Jektvik,"Sperstadveien 34, 8187 Jektvik, Norway",66.47346,13.28009,9,"Rødøy, Nordland, Norway",PP-ST,,,,,978240887,approved,true,documentation_verified,Mattilsynet approved establishment #N2256. Scope: Processing plant - smoked/traditional. Business #978240887.
N2257,Futurum Seafood As Avd Henningsvær (Mattilsynet #N2257),Futurum Seafood As Avd Henningsvær,Norway,,Henningsvær,"Dreyers Gate 17, 8312 Henningsvær, Norway",68.1542252,14.2034688,10,"Dreyers gate 17, 8312 Henningsvær, Norway","FFPP, FFPP-P",,,,,916279884,approved,true,documentation_verified,"Mattilsynet approved establishment #N2257. Scope: Fresh fishery products processing, Fresh fishery products processing - pelagic. Business #916279884."
N2275,Primex Norway As (Mattilsynet #N2275),Primex Norway As,Norway,,Myre,"Havnegaten 1, 8430 Myre, Norway",68.9152,15.0716,7,"8430 Troms, Norway","FFPP, FFPP-P, MSM, PP",,,,,986662839,approved,true,documentation_verified,"Mattilsynet approved establishment #N2275. Scope: Fresh fishery products processing, Fresh fishery products processing - pelagic, MSM, Processing plant. Business #986662839."
N2284,Cermaq Norway As Avd Slakteri Steigen (Mattilsynet #N2284),Cermaq Norway As Avd Slakteri Steigen,Norway,,Bogøy,"Bogøyveien 153, 8288 Bogøy, Norway",67.90108,15.187016,10,"Bogøyveien 153, 8288 Bogøy, Norway","FFPP-P, FFPP-SA",,,,,920248063,approved,true,documentation_verified,"Mattilsynet approved establishment #N2284. Scope: Fresh fishery products processing - pelagic, Fresh fishery products processing - salmon/aquaculture. Business #920248063."
N2285,Sa-Fish As (Mattilsynet #N2285),Sa-Fish As,Norway,,Sørarnøy,"Hestøysundet 35, 8135 Sørarnøy, Norway",67.130773,13.961576,10,"Hestøysundet 35, 8135 Sørarnøy, Norway",FFPP,,,,,920292062,approved,true,documentation_verified,Mattilsynet approved establishment #N2285. Scope: Fresh fishery products processing. Business #920292062.
N2297,Dybos Fisk As (Mattilsynet #N2297),Dybos Fisk As,Norway,,Brønnøysund,"Strandveien 30, 8904 Brønnøysund, Norway",65.4705231,12.2021987,10,"Strandveien 30, 8904 Brønnøysund, Norway","FFPP, FFPP-P, PP, PP-KL, PP-SA, PP-ST",,,,,882927512,approved,true,documentation_verified,"Mattilsynet approved establishment #N2297. Scope: Fresh fishery products processing, Fresh fishery products processing - pelagic, Processing plant, PP-KL, PP-SA, Processing plant - smoked/traditional. Business #882927512."
N2301,The Qrill Company As Avd Stamsund (Mattilsynet #N2301),The Qrill Company As Avd Stamsund,Norway,,Stamsund,"J.M.Johansens Vei 99, 8340 Stamsund, Norway",68.1259594,13.8513649,10,"J.M. Johansens vei 99, 8340 Stamsund, Norway","FFPP, PP-MA",,,,,988364754,approved,true,documentation_verified,"Mattilsynet approved establishment #N2301. Scope: Fresh fishery products processing, Processing plant - marine animal products. Business #988364754."
N2304,Salten Salmon As (Mattilsynet #N2304),Salten Salmon As,Norway,,Bodø,"Dreyfushammarn 30, 8012 Bodø, Norway",67.2950767,14.4030737,10,"Dreyfushammarn 30, 8012 Bodø, Norway","FFPP-P, PP",,,,,920315550,approved,true,documentation_verified,"Mattilsynet approved establishment #N2304. Scope: Fresh fishery products processing - pelagic, Processing plant. Business #920315550."
N2309,Vega Delikatesser As (Mattilsynet #N2309),Vega Delikatesser As,Norway,,Vega,"Igerøy, 8986 Vega, Norway",65.6829417,12.1257028,7,"Igerøy, Nordland, Norway","FFPP, PP",,,,,876232332,approved,true,documentation_verified,"Mattilsynet approved establishment #N2309. Scope: Fresh fishery products processing, Processing plant. Business #876232332."
N2315,Safe Track Food As (Mattilsynet #N2315),Safe Track Food As,Norway,,Bø I Vesterålen,"Steinesjøveien 73, 8470 Bø I Vesterålen, Norway",68.60615,14.4587847,10,"Steinesjøveien 73, 8470 Bø, Norway",PP-ST,,,,,916786549,approved,true,documentation_verified,Mattilsynet approved establishment #N2315. Scope: Processing plant - smoked/traditional. Business #916786549.
N2320,Myre Fiskemottak As Avd Myre (Mattilsynet #N2320),Myre Fiskemottak As Avd Myre,Norway,,Myre,"Bolstads Vei 15, 8430 Myre, Norway",68.911694,15.0636291,10,"Bolstads vei 15, 8430 Myre, Norway","FFPP, FFPP-P, PP, PP-ST",,,,,989281682,approved,true,documentation_verified,"Mattilsynet approved establishment #N2320. Scope: Fresh fishery products processing, Fresh fishery products processing - pelagic, Processing plant, Processing plant - smoked/traditional. Business #989281682."
N2334,Beiarvekst As (Mattilsynet #N2334),Beiarvekst As,Norway,,Tollå,"Vestre Beiarveien 1042, 8114 Tollå, Norway",66.921635,14.772648,10,"Vestre Beiarveien 1042, 8114 Tollå, Norway",PP,,,,,988183105,approved,true,documentation_verified,Mattilsynet approved establishment #N2334. Scope: Processing plant. Business #988183105.
N2336,Sten Ivar Nilsen (Mattilsynet #N2336),Sten Ivar Nilsen,Norway,,Bøstad,"Mærvollveien 187, 8360 Bøstad, Norway",68.246925,13.603475,10,"Mærvollveien 187, 8360 Bøstad, Norway",PP-ST,,,,,,approved,true,documentation_verified,Mattilsynet approved establishment #N2336. Scope: Processing plant - smoked/traditional.
N2337,Isaksen Arnleik (Mattilsynet #N2337),Isaksen Arnleik,Norway,,Sleneset,"Oddaveien 22, 8762 Sleneset, Norway",66.366827,12.591021,10,"Oddaveien 22, 8762 Sleneset, Norway",PP-ST,,,,,998982456,approved,true,documentation_verified,Mattilsynet approved establishment #N2337. Scope: Processing plant - smoked/traditional. Business #998982456.
N2338,Torstein Grønning (Mattilsynet #N2338),Torstein Grønning,Norway,,Sleneset,"Straumen 23, 8762 Sleneset, Norway",66.360035,12.601736,10,"Straumen 23, 8762 Sleneset, Norway",PP-ST,,,,,974284146,approved,true,documentation_verified,Mattilsynet approved establishment #N2338. Scope: Processing plant - smoked/traditional. Business #974284146.
N2339,Aud Anita Skughei Grønning (Mattilsynet #N2339),Aud Anita Skughei Grønning,Norway,,Sleneset,"Straumen 23, 8762 Sleneset, Norway",66.360035,12.601736,10,"Straumen 23, 8762 Sleneset, Norway",PP-ST,,,,,,approved,true,documentation_verified,Mattilsynet approved establishment #N2339. Scope: Processing plant - smoked/traditional.
N2341,Roald Johan Stensland (Mattilsynet #N2341),Roald Johan Stensland,Norway,,Øresvik,"Steinslandsveien 100, 8754 Øresvik, Norway",66.501254,13.210728,10,"Steinslandsveien 100, 8754 Øresvik, Norway",PP-ST,,,,,,approved,true,documentation_verified,Mattilsynet approved establishment #N2341. Scope: Processing plant - smoked/traditional.
N2342,Frank Roger Andersen (Mattilsynet #N2342),Frank Roger Andersen,Norway,,Øresvik,"Steinslandsveien 13, 8754 Øresvik, Norway",66.488538,13.220202,10,"Steinslandsveien 13, 8754 Øresvik, Norway",PP-ST,,,,,,approved,true,documentation_verified,Mattilsynet approved establishment #N2342. Scope: Processing plant - smoked/traditional.
N2347,Brimo Fiskeforedling As (Mattilsynet #N2347),Brimo Fiskeforedling As,Norway,,Reipå,"Foreveien 135, 8146 Reipå, Norway",66.909175,13.605938,10,"Foreveien 135, 8146 Reipå, Norway","FFPP, FFPP-P, PP-SA",,,,,925227390,approved,true,documentation_verified,"Mattilsynet approved establishment #N2347. Scope: Fresh fishery products processing, Fresh fishery products processing - pelagic, PP-SA. Business #925227390."
N2349,Calanus As Avd Produksjon (Mattilsynet #N2349),Calanus As Avd Produksjon,Norway,,Sortland,"Lilandveien 20, 8407 Sortland, Norway",68.735538,15.51914,10,"Lilandveien 20, 8407 Sortland, Norway",PP-MA,,,,,912404668,approved,true,documentation_verified,Mattilsynet approved establishment #N2349. Scope: Processing plant - marine animal products. Business #912404668.
N2350,Sufi As Avd Sund I Lofoten (Mattilsynet #N2350),Sufi As Avd Sund I Lofoten,Norway,,Ramberg,"Flakstadveien 487, 8380 Ramberg, Norway",68.0875498,13.2280873,10,"Flakstadveien 487, 8380 Ramberg, Norway","FFPP, FFPP-P, PP, PP-SA, PP-ST",,,,,975925811,approved,true,documentation_verified,"Mattilsynet approved establishment #N2350. Scope: Fresh fishery products processing, Fresh fishery products processing - pelagic, Processing plant, PP-SA, Processing plant - smoked/traditional. Business #975925811."
N2353,Myre Kystdrift As (Mattilsynet #N2353),Myre Kystdrift As,Norway,,Myre,"Sommarøy, 8430 Myre, Norway",68.9055138,15.0628639,8,"8430 Myre, Norway",FFPP-SA,,,,,980645762,approved,true,documentation_verified,Mattilsynet approved establishment #N2353. Scope: Fresh fishery products processing - salmon/aquaculture. Business #980645762.
N2356,Karl Viktor Fisk As (Mattilsynet #N2356),Karl Viktor Fisk As,Norway,,Henningsvær,"Hellandsgata 77, 8312 Henningsvær, Norway",68.1546685,14.2083784,10,"Hellandsgata 77, 8312 Henningsvær, Norway","FFPP, FFPP-P, PP-SA",,,,,926549138,approved,true,documentation_verified,"Mattilsynet approved establishment #N2356. Scope: Fresh fishery products processing, Fresh fishery products processing - pelagic, PP-SA. Business #926549138."
N2357,Vesteralen Seafood As (Mattilsynet #N2357),Vesteralen Seafood As,Norway,,Myre,"Kloneset 35a, 8430 Myre, Norway",68.977493,15.187735,10,"Kloneset 35A, 8430 Myre, Norway","FFPP, FFPP-P",,,,,827392502,approved,true,documentation_verified,"Mattilsynet approved establishment #N2357. Scope: Fresh fishery products processing, Fresh fishery products processing - pelagic. Business #827392502."
N2368,Hilde Stensen (Mattilsynet #N2368),Hilde Stensen,Norway,,Bleikvasslia,"Nymo Gård, 8647 Bleikvasslia, Norway",65.9,13.8167,7,"8647 Troms, Norway",FFPP-SA,,,,,920214568,approved,true,documentation_verified,Mattilsynet approved establishment #N2368. Scope: Fresh fishery products processing - salmon/aquaculture. Business #920214568.
N2376,J. M. Nilsen Fisk As (Mattilsynet #N2376),J. M. Nilsen Fisk As,Norway,,Andenes,"Hamnegt 87, 8480 Andenes, Norway",69.3143,16.1194,7,"8480 Troms, Norway",FFPP,,,,,973186876,approved,true,documentation_verified,Mattilsynet approved establishment #N2376. Scope: Fresh fishery products processing. Business #973186876.
N2377,Reid Engseth (Mattilsynet #N2377),Reid Engseth,Norway,,Øresvik,"Steinslandsveien 6, 8754 Øresvik, Norway",66.48795,13.223008,10,"Steinslandsveien 6, 8754 Øresvik, Norway",PP-ST,,,,,928700437,approved,true,documentation_verified,Mattilsynet approved establishment #N2377. Scope: Processing plant - smoked/traditional. Business #928700437.
N2380,Saltenfisk As (Mattilsynet #N2380),Saltenfisk As,Norway,,Bodø,"Trålveien 6, 8013 Bodø, Norway",67.2728759,14.4553817,10,"Trålveien 6, 8013 Bodø, Norway","FFPP-P, PP, PP-KL",,,,,932119013,approved,true,documentation_verified,"Mattilsynet approved establishment #N2380. Scope: Fresh fishery products processing - pelagic, Processing plant, PP-KL. Business #932119013."
N2384,Træna Sjømat As (Mattilsynet #N2384),Træna Sjømat As,Norway,,Træna,"Flottingveien 26, 8770 Træna, Norway",66.495018,12.087767,10,"Fløttingveien 26, 8770 Træna, Norway","FFPP, FFPP-P, PP, PP-SA",,,,,929720261,approved,true,documentation_verified,"Mattilsynet approved establishment #N2384. Scope: Fresh fishery products processing, Fresh fishery products processing - pelagic, Processing plant, PP-SA. Business #929720261."
N2391,Lofothau Produksjon As (Mattilsynet #N2391),Lofothau Produksjon As,Norway,,Leknes,"Havnekvartalet 4, 8370 Leknes, Norway",68.130532,13.573647,10,"Havnekvartalet 4, 8370 Leknes, Norway",PP-ST,,,,,928158357,approved,true,documentation_verified,Mattilsynet approved establishment #N2391. Scope: Processing plant - smoked/traditional. Business #928158357.
N2395,Storvik Gård As (Mattilsynet #N2395),Storvik Gård As,Norway,,Storvik,"Osbakken 10, 8145 Storvik, Norway",66.963553,13.814488,10,"Osbakken 10, 8145 Storvik, Norway","FFPP, PP, PP-ST",,,,,929731107,approved,true,documentation_verified,"Mattilsynet approved establishment #N2395. Scope: Fresh fishery products processing, Processing plant, Processing plant - smoked/traditional. Business #929731107."
N2396,Oppinor As (Mattilsynet #N2396),Oppinor As,Norway,,Skutvik,"Gamle Skutvik Vei 36, 8290 Skutvik, Norway",68.015895,15.337587,10,"Gamle Skutvik vei 36, 8290 Skutvik, Norway","FFPP, FFPP-P, PP-C",,,,,931592254,approved,true,documentation_verified,"Mattilsynet approved establishment #N2396. Scope: Fresh fishery products processing, Fresh fishery products processing - pelagic, Processing plant - crustacean. Business #931592254."
N2398,Futurum Seafood As Avd Henningsvær (Mattilsynet #N2398),Futurum Seafood As Avd Henningsvær,Norway,,Henningsvær,"Dreyers Gate 17, 8312 Henningsvær, Norway",68.1542252,14.2034688,10,"Dreyers gate 17, 8312 Henningsvær, Norway","FFPP-P, PP, RW",,,,,916279884,approved,true,documentation_verified,"Mattilsynet approved establishment #N2398. Scope: Fresh fishery products processing - pelagic, Processing plant, Rewrapping/relabelling. Business #916279884."
N2404,Kolbjørn Aksel Johansen (Mattilsynet #N2404),Kolbjørn Aksel Johansen,Norway,,Konsvikosen,"Skolbakken 2, 8752 Konsvikosen, Norway",66.498983,13.091473,10,"Skolbakken 2, 8752 Konsvikosen, Norway",PP-ST,,,,,973882635,approved,true,documentation_verified,Mattilsynet approved establishment #N2404. Scope: Processing plant - smoked/traditional. Business #973882635.
N2407,Aminor As Lovund (Mattilsynet #N2407),Aminor As Lovund,Norway,,Lovund,"Naustholmveien 13, 8764 Lovund, Norway",66.367439,12.377492,10,"Naustholmveien 13, 8764 Lovund, Norway","FFPP-P, FFPP-S",,,,,932375613,approved,true,documentation_verified,"Mattilsynet approved establishment #N2407. Scope: Fresh fishery products processing - pelagic, FFPP-S. Business #932375613."
N2408,Glea Salmon As (Mattilsynet #N2408),Glea Salmon As,Norway,,Røst,"Gleaveien 11a, 8064 Røst, Norway",67.505883,12.069739,10,"Gleaveien 11A, 8064 Røst, Norway",FFPP-P,,,,,933690741,approved,true,documentation_verified,Mattilsynet approved establishment #N2408. Scope: Fresh fishery products processing - pelagic. Business #933690741.
N2410,Kleppstadfisk As (Mattilsynet #N2410),Kleppstadfisk As,Norway,,Stamsund,"J.M.Johansens Vei 19, 8340 Stamsund, Norway",68.122022,13.845108,10,"J.M. Johansens vei 19, 8340 Stamsund, Norway",FFPP-P,,,,,986414061,approved,true,documentation_verified,Mattilsynet approved establishment #N2410. Scope: Fresh fishery products processing - pelagic. Business #986414061.
N 869,Engeløya Fiskemottak A/L  V/Ståle Kjelstrup (Mattilsynet #N 869),Engeløya Fiskemottak A/L  V/Ståle Kjelstrup,Norway,,Engeløya,"nan, 8289 Engeløya, Norway",67.9638139,15.0319408,7,"Bø, Nordland, Norway","FFPP, PP-ST",,,,,974049899,approved,true,documentation_verified,"Mattilsynet approved establishment #N 869. Scope: Fresh fishery products processing, Processing plant - smoked/traditional. Business #974049899."
NT92,Gutvik Fiskemottak A/L (Mattilsynet #NT92),Gutvik Fiskemottak A/L,Norway,,Gutvik,"nan, 7993 Gutvik, Norway",65.0835525,11.8351851,7,"7993 Gutvik, Norway",FFPP,,,,,972591106,approved,true,documentation_verified,Mattilsynet approved establishment #NT92. Scope: Fresh fishery products processing. Business #972591106.
NT143,Rørvik Fisk As (Mattilsynet #NT143),Rørvik Fisk As,Norway,,Rørvik,"Avd. Vandsøya Postboks 213, 7901 Rørvik, Norway",64.8621,11.2373,7,"7901 Telemark, Norway","FFPP, FFPP-P",,,,,884084652,approved,true,documentation_verified,"Mattilsynet approved establishment #NT143. Scope: Fresh fishery products processing, Fresh fishery products processing - pelagic. Business #884084652."
NT145,Sinkaberg Drift As Fabrikk (Mattilsynet #NT145),Sinkaberg Drift As Fabrikk,Norway,,Rørvik,"Marøyvegen 110, 7900 Rørvik, Norway",64.854023,11.247196,10,"Marøyvegen 110, 7900 Rørvik, Norway","FFPP-P, FFPP-SA",,,,,976544366,approved,true,documentation_verified,"Mattilsynet approved establishment #NT145. Scope: Fresh fishery products processing - pelagic, Fresh fishery products processing - salmon/aquaculture. Business #976544366."
NT168,Rørvik Fiskemat As (Mattilsynet #NT168),Rørvik Fiskemat As,Norway,,Rørvik,"Nyvegen 62, 7900 Rørvik, Norway",64.8533089,11.2179938,10,"Nyvegen 62, 7900 Rørvik, Norway",PP,,,,,979848374,approved,true,documentation_verified,Mattilsynet approved establishment #NT168. Scope: Processing plant. Business #979848374.
NT169,Rørvik Fisk As (Mattilsynet #NT169),Rørvik Fisk As,Norway,,Rørvik,"Fryseriet, 7900 Rørvik, Norway",64.9162,10.9387,7,"7900 Telemark, Norway","FFPP, FFPP-P, PP-SA",,,,,884084652,approved,true,documentation_verified,"Mattilsynet approved establishment #NT169. Scope: Fresh fishery products processing, Fresh fishery products processing - pelagic, PP-SA. Business #884084652."
NT171,Rørvik Fisk As (Mattilsynet #NT171),Rørvik Fisk As,Norway,,Rørvik,"Fryseriet, 7900 Rørvik, Norway",64.9162,10.9387,7,"7900 Telemark, Norway","FFPP, FFPP-P, PP, RW",,,,,884084652,approved,true,documentation_verified,"Mattilsynet approved establishment #NT171. Scope: Fresh fishery products processing, Fresh fishery products processing - pelagic, Processing plant, Rewrapping/relabelling. Business #884084652."
NT200,Aakervik M As (Mattilsynet #NT200),Aakervik M As,Norway,,Namsos,"Havnegata 16, 7800 Namsos, Norway",64.4669072,11.4943847,10,"Havnegata 16, 7800 Namsos, Norway",FFPP,,,,,971654910,approved,true,documentation_verified,Mattilsynet approved establishment #NT200. Scope: Fresh fishery products processing. Business #971654910.
NT290,Sagamat As (Mattilsynet #NT290),Sagamat As,Norway,,Steinkjer,"Smibekkv.2, 7717 Steinkjer, Norway",64.0819,11.6392,7,"7717 Telemark, Norway",PP,,,,,979709994,approved,true,documentation_verified,Mattilsynet approved establishment #NT290. Scope: Processing plant. Business #979709994.
NT330,Aakervik M As (Mattilsynet #NT330),Aakervik M As,Norway,,Namsos,"Havnegata 16, 7800 Namsos, Norway",64.4669072,11.4943847,10,"Havnegata 16, 7800 Namsos, Norway",FFPP,,,,,971654910,approved,true,documentation_verified,Mattilsynet approved establishment #NT330. Scope: Fresh fishery products processing. Business #971654910.
NT814,Gjert'S Gourmet As (Mattilsynet #NT814),Gjert'S Gourmet As,Norway,,Rørvik,"Lauvøyvågveien 11, 7900 Rørvik, Norway",64.9199194,11.3162861,10,"Lauvøyvågveien 11, 7900 Rørvik, Norway",PP,,,,,913841042,approved,true,documentation_verified,Mattilsynet approved establishment #NT814. Scope: Processing plant. Business #913841042.
NT815,Havfruene.  As (Mattilsynet #NT815),Havfruene.  As,Norway,,Inderøy,"Sundsøya 20, 7670 Inderøy, Norway",63.8660689,11.303449,10,"Sundsøya 20, 7670 Inderøy, Norway",PP-MA,,,,,888173552,approved,true,documentation_verified,Mattilsynet approved establishment #NT815. Scope: Processing plant - marine animal products. Business #888173552.
NT817,Namdal Seafood As (Mattilsynet #NT817),Namdal Seafood As,Norway,,Fosslandsosen,"Skorstadvegen 558, 7819 Fosslandsosen, Norway",64.5804466,11.1884526,10,"Skorstadvegen 558, 7819 Fosslandsosen, Norway","FFPP, FFPP-P, FFPP-S",,,,,919072415,approved,true,documentation_verified,"Mattilsynet approved establishment #NT817. Scope: Fresh fishery products processing, Fresh fishery products processing - pelagic, FFPP-S. Business #919072415."
O57,Ph Thorstensen As (Mattilsynet #O57),Ph Thorstensen As,Norway,,Oslo,"Akershusstranda 23, 150.0 Oslo, Norway",59.902974,10.740326,10,"Akershusstranda 23, 0150 Oslo, Norway","FFPP-P, PP-C, PP-M",,,,,971781505,approved,true,documentation_verified,"Mattilsynet approved establishment #O57. Scope: Fresh fishery products processing - pelagic, Processing plant - crustacean, Processing plant - mollusc. Business #971781505."
O70,Lerøy Norge As Avd Laks&Vilt Oslo (Mattilsynet #O70),Lerøy Norge As Avd Laks&Vilt Oslo,Norway,,Oslo,"Stanseveien 33, 976.0 Oslo, Norway",59.950352,10.884123,10,"Stanseveien 33, 0976 Oslo, Norway","FFPP, FFPP-P, PP, PP-C, PP-SA, RW",,,,,971725044,approved,true,documentation_verified,"Mattilsynet approved establishment #O70. Scope: Fresh fishery products processing, Fresh fishery products processing - pelagic, Processing plant, Processing plant - crustacean, PP-SA, Rewrapping/relabelling. Business #971725044."
O98,Orkla Health As  Avd Peter Møller (Mattilsynet #O98),Orkla Health As  Avd Peter Møller,Norway,,Oslo,"Peter Møllers Vei 13, 585.0 Oslo, Norway",59.931983,10.794692,10,"Peter Møllers vei 13, 0585 Oslo, Norway",PP-MA,,,,,973062255,approved,true,documentation_verified,Mattilsynet approved establishment #O98. Scope: Processing plant - marine animal products. Business #973062255.
O107,Lofotprodukt Oslo Produksjon As (Mattilsynet #O107),Lofotprodukt Oslo Produksjon As,Norway,,Oslo,"Akerhusstranda 1, 150.0 Oslo, Norway",59.91273,10.74609,3,"Oslo, Oslo County, Norway","FFPP, FFPP-P, PP, PP-C, RW",,,,,971687282,approved,true,documentation_verified,"Mattilsynet approved establishment #O107. Scope: Fresh fishery products processing, Fresh fishery products processing - pelagic, Processing plant, Processing plant - crustacean, Rewrapping/relabelling. Business #971687282."
O109,Sjømathuset As Avd Produksjon Oslo (Mattilsynet #O109),Sjømathuset As Avd Produksjon Oslo,Norway,,Oslo,"Sven Oftedalsvei 10, 950.0 Oslo, Norway",59.943478,10.85795,10,"Sven Oftedals vei 10, 0950 Oslo, Norway","FFPP, FFPP-P, PP, PP-C, PP-SA, RW",,,,,986518533,approved,true,documentation_verified,"Mattilsynet approved establishment #O109. Scope: Fresh fishery products processing, Fresh fishery products processing - pelagic, Processing plant, Processing plant - crustacean, PP-SA, Rewrapping/relabelling. Business #986518533."
O209,Sjømat As (Mattilsynet #O209),Sjømat As,Norway,,Oslo,"Akershusstranda 23, 150.0 Oslo, Norway",59.902974,10.740326,10,"Akershusstranda 23, 0150 Oslo, Norway","FFPP, FFPP-P, PP",,,,,982756510,approved,true,documentation_verified,"Mattilsynet approved establishment #O209. Scope: Fresh fishery products processing, Fresh fishery products processing - pelagic, Processing plant. Business #982756510."
O264,Ambo Europe As (Mattilsynet #O264),Ambo Europe As,Norway,,Østerås,"Vestjordet 14, 1361 Østerås, Norway",59.946291,10.610276,10,"Vestjordet 14, 1361 Østerås, Norway",PP-MA,,,,,890062512,approved,true,documentation_verified,Mattilsynet approved establishment #O264. Scope: Processing plant - marine animal products. Business #890062512.
O269,Fredriks Røkeri As (Mattilsynet #O269),Fredriks Røkeri As,Norway,,Oslo,"Akershusstranda 23, 150.0 Oslo, Norway",59.902974,10.740326,10,"Akershusstranda 23, 0150 Oslo, Norway",PP,,,,,921346387,approved,true,documentation_verified,Mattilsynet approved establishment #O269. Scope: Processing plant. Business #921346387.
O270,Vippetangen Fisk & Kolonial As (Mattilsynet #O270),Vippetangen Fisk & Kolonial As,Norway,,Oslo,"Akershusstranda 23, 150.0 Oslo, Norway",59.902974,10.740326,10,"Akershusstranda 23, 0150 Oslo, Norway",RW,,,,,920702880,approved,true,documentation_verified,Mattilsynet approved establishment #O270. Scope: Rewrapping/relabelling. Business #920702880.
O273,Umami Lab Oslo As (Mattilsynet #O273),Umami Lab Oslo As,Norway,,Oslo,"Akershusstranda 23, 150.0 Oslo, Norway",59.902974,10.740326,10,"Akershusstranda 23, 0150 Oslo, Norway",PP,,,,,932829762,approved,true,documentation_verified,Mattilsynet approved establishment #O273. Scope: Processing plant. Business #932829762.
OP213,Smakfullt Storkjøkken As (Mattilsynet #OP213),Smakfullt Storkjøkken As,Norway,,Hunndalen,"Damsletta 7, 2827 Hunndalen, Norway",60.776495,10.6391121,10,"Damsletta 7, 2827 Hunndalen, Norway","FFPP, FFPP-P, MSM, PP, PP-C, PP-KL, PP-M, PP-SA, PP-ST, RW",,,,,992278528,approved,true,documentation_verified,"Mattilsynet approved establishment #OP213. Scope: Fresh fishery products processing, Fresh fishery products processing - pelagic, MSM, Processing plant, Processing plant - crustacean, PP-KL, Processing plant - mollusc, PP-SA, Processing plant - smoked/traditional, Rewrapping/relabelling. Business #992278528."
OP214,Zymtech Life Science As (Mattilsynet #OP214),Zymtech Life Science As,Norway,,Lesja,"Jakup B. Klukstads Veg 16, 2665 Lesja, Norway",62.1182183,8.8659472,10,"Jakup B. Klukstads veg 16, 2665 Lesja, Norway",PP-MA,,,,,920670261,approved,true,documentation_verified,Mattilsynet approved establishment #OP214. Scope: Processing plant - marine animal products. Business #920670261.
R12,Seagarden As Avd Avaldsnes (Mattilsynet #R12),Seagarden As Avd Avaldsnes,Norway,,Avaldsnes,"Husøyvegen 278, 4262 Avaldsnes, Norway",59.336505,5.303551,10,"Husøyvegen 278, 4262 Avaldsnes, Norway",PP-MA,,,,,977253179,approved,true,documentation_verified,Mattilsynet approved establishment #R12. Scope: Processing plant - marine animal products. Business #977253179.
R13,Pelagia Karmsund Fiskemel (Mattilsynet #R13),Pelagia Karmsund Fiskemel,Norway,,Avaldsnes,"Husøyvegen 283, 4262 Avaldsnes, Norway",59.3441759,5.2834811,9,"Husøyvegen, 4262 Avaldsnes, Norway",FFPP,,,,,971654945,approved,true,documentation_verified,Mattilsynet approved establishment #R13. Scope: Fresh fishery products processing. Business #971654945.
R16,Mowi Nutrition Hjelmeland (Mattilsynet #R16),Mowi Nutrition Hjelmeland,Norway,,Hjelmeland,"Hundsnesveien 151, 4130 Hjelmeland, Norway",59.2205162,6.121088,10,"Hundsnesvegen 151, 4130 Hjelmeland, Norway","FFPP-P, PP-MA",,,,,973519034,approved,true,documentation_verified,"Mattilsynet approved establishment #R16. Scope: Fresh fishery products processing - pelagic, Processing plant - marine animal products. Business #973519034."
R40,Fonn Egersund As (Mattilsynet #R40),Fonn Egersund As,Norway,,Haugesund,"Kleivastø 15, 5538 Haugesund, Norway",59.3899099,5.2928803,10,"Kleivastø 15, 5538 Haugesund, Norway",FFPP,,,,,974100290,approved,true,documentation_verified,Mattilsynet approved establishment #R40. Scope: Fresh fishery products processing. Business #974100290.
R51,Domstein Sjømat As Avd Stavanger (Mattilsynet #R51),Domstein Sjømat As Avd Stavanger,Norway,,Randaberg,"Tangen 6, 4072 Randaberg, Norway",58.9996533,5.6570151,10,"Tangen 6, 4072 Randaberg, Norway","FFPP, FFPP-P, PP-C, RW",,,,,875969692,approved,true,documentation_verified,"Mattilsynet approved establishment #R51. Scope: Fresh fishery products processing, Fresh fishery products processing - pelagic, Processing plant - crustacean, Rewrapping/relabelling. Business #875969692."
R57,K-Fisk As (Mattilsynet #R57),K-Fisk As,Norway,,Sævelandsvik,"Sveholmvegen 10, 4275 Sævelandsvik, Norway",59.269448,5.191804,10,"Sveholmvegen 10, 4275 Sævelandsvik, Norway","FFPP, FFPP-P, PP-C",,,,,984673981,approved,true,documentation_verified,"Mattilsynet approved establishment #R57. Scope: Fresh fishery products processing, Fresh fishery products processing - pelagic, Processing plant - crustacean. Business #984673981."
R63,Yrkje Fiskemottak As (Mattilsynet #R63),Yrkje Fiskemottak As,Norway,,Skjoldastraumen,"Yrkje, 5567 Skjoldastraumen, Norway",59.4333,5.6167,7,"5567 Oppland, Norway",FFPP,,,,,973314416,approved,true,documentation_verified,Mattilsynet approved establishment #R63. Scope: Fresh fishery products processing. Business #973314416.
R68,Sildakongen Produksjon As (Mattilsynet #R68),Sildakongen Produksjon As,Norway,,Avaldsnes,"Husøyvegen 163c, 4262 Avaldsnes, Norway",59.341013,5.292205,10,"Husøyvegen 163C, 4262 Avaldsnes, Norway",PP,,,,,972149608,approved,true,documentation_verified,Mattilsynet approved establishment #R68. Scope: Processing plant. Business #972149608.
R79,Pelagia Karmøy (Mattilsynet #R79),Pelagia Karmøy,Norway,,Avaldsnes,"Husøyvegen 265, 4262 Avaldsnes, Norway",59.337933,5.3010509,10,"Husøyvegen 265, 4262 Avaldsnes, Norway","FFPP, FFPP-P",,,,,972173487,approved,true,documentation_verified,"Mattilsynet approved establishment #R79. Scope: Fresh fishery products processing, Fresh fishery products processing - pelagic. Business #972173487."
R87,Karmsund Næringsmiddelbygg As (Mattilsynet #R87),Karmsund Næringsmiddelbygg As,Norway,,Avaldsnes,"Husøyvegen 228, 4262 Avaldsnes, Norway",59.341766,5.302053,10,"Husøyvegen 228, 4262 Avaldsnes, Norway","FFPP, FFPP-P, PP, PP-C",,,,,987057998,approved,true,documentation_verified,"Mattilsynet approved establishment #R87. Scope: Fresh fishery products processing, Fresh fishery products processing - pelagic, Processing plant, Processing plant - crustacean. Business #987057998."
R88,Skude Fryseri As (Mattilsynet #R88),Skude Fryseri As,Norway,,Skudeneshavn,"Kaigata 102, 4280 Skudeneshavn, Norway",59.146135,5.268121,10,"Kaigata 102, 4280 Skudeneshavn, Norway","FFPP, PP, PP-C",,,,,971768762,approved,true,documentation_verified,"Mattilsynet approved establishment #R88. Scope: Fresh fishery products processing, Processing plant, Processing plant - crustacean. Business #971768762."
R92,Rennesøy Reker As (Mattilsynet #R92),Rennesøy Reker As,Norway,,Rennesøy,"Daleveien 47, 4150 Rennesøy, Norway",59.0954983,5.7022536,10,"Daleveien 47, 4150 Rennesøy, Norway",FFPP,,,,,979192479,approved,true,documentation_verified,Mattilsynet approved establishment #R92. Scope: Fresh fishery products processing. Business #979192479.
R98,Mikals Laks As (Mattilsynet #R98),Mikals Laks As,Norway,,Skiftun,"Jøsnesvegen 142, 4146 Skiftun, Norway",59.274779,6.1532592,10,"Jøsnesvegen 142, 4146 Skiftun, Norway",PP,,,,,982037859,approved,true,documentation_verified,Mattilsynet approved establishment #R98. Scope: Processing plant. Business #982037859.
R106,"Grieg Seafood Rogaland As, Avd Erfjord Stamfisk (Mattilsynet #R106)","Grieg Seafood Rogaland As, Avd Erfjord Stamfisk",Norway,,Erfjord,"Kilavågen, 4233 Erfjord, Norway",59.35,6.2167,7,"4233 Oppland, Norway","FFPP, FFPP-SA",,,,,972117269,approved,true,documentation_verified,"Mattilsynet approved establishment #R106. Scope: Fresh fishery products processing, Fresh fishery products processing - salmon/aquaculture. Business #972117269."
R107,Rennesøy Fisk Og Skalldyr Mottak (Mattilsynet #R107),Rennesøy Fisk Og Skalldyr Mottak,Norway,,Bru,"V/Tor Bernhard Harestad, 4158 Bru, Norway",59.0333,5.65,7,"4158 Oppland, Norway",FFPP,,,,,978001092,approved,true,documentation_verified,Mattilsynet approved establishment #R107. Scope: Fresh fishery products processing. Business #978001092.
R110,Mowi Avd Ryfisk (Mattilsynet #R110),Mowi Avd Ryfisk,Norway,,Hjelmeland,"Hundsnesvegen 151, 4130 Hjelmeland, Norway",59.2205162,6.121088,10,"Hundsnesvegen 151, 4130 Hjelmeland, Norway","FFPP-P, FFPP-SA",,,,,972347256,approved,true,documentation_verified,"Mattilsynet approved establishment #R110. Scope: Fresh fishery products processing - pelagic, Fresh fishery products processing - salmon/aquaculture. Business #972347256."
R111,Sterling Processing As (Mattilsynet #R111),Sterling Processing As,Norway,,Randaberg,"Mekjarvik 20, 4072 Randaberg, Norway",59.021824,5.614405,10,"Mekjarvik 20, 4072 Randaberg, Norway","FFPP-P, PP",,,,,927492938,approved,true,documentation_verified,"Mattilsynet approved establishment #R111. Scope: Fresh fishery products processing - pelagic, Processing plant. Business #927492938."
R114,Grieg Seafood Rogaland As Avd Stjernelaks (Mattilsynet #R114),Grieg Seafood Rogaland As Avd Stjernelaks,Norway,,Sjernarøy,"Sjernarøyvegen 22, 4170 Sjernarøy, Norway",59.226975,5.851814,10,"Sjernarøyvegen 22, 4170 Sjernarøy, Norway",FFPP-SA,,,,,972079561,approved,true,documentation_verified,Mattilsynet approved establishment #R114. Scope: Fresh fishery products processing - salmon/aquaculture. Business #972079561.
R129,Sirevaag As (Mattilsynet #R129),Sirevaag As,Norway,,Sirevåg,"Vågen 42, 4364 Sirevåg, Norway",58.5044457,5.7964118,10,"Vågen 42, 4364 Sirevåg, Norway","FFPP, FFPP-P, PP",,,,,974102374,approved,true,documentation_verified,"Mattilsynet approved establishment #R129. Scope: Fresh fishery products processing, Fresh fishery products processing - pelagic, Processing plant. Business #974102374."
R131,Pelagia Sirevåg (Mattilsynet #R131),Pelagia Sirevåg,Norway,,Sirevåg,"Oddane 2, 4364 Sirevåg, Norway",58.505497,5.793044,10,"Oddane 2, 4364 Sirevåg, Norway","FFPP, FFPP-P, PP",,,,,972291005,approved,true,documentation_verified,"Mattilsynet approved establishment #R131. Scope: Fresh fishery products processing, Fresh fishery products processing - pelagic, Processing plant. Business #972291005."
R141,Fonn Egersund As (Mattilsynet #R141),Fonn Egersund As,Norway,,Egersund,"Lindøyveien 92, 4373 Egersund, Norway",58.4526413,5.9964543,10,"Lindøyveien 92, 4373 Egersund, Norway","FFPP, FFPP-P, PP, PP-C, PP-SA",,,,,974100290,approved,true,documentation_verified,"Mattilsynet approved establishment #R141. Scope: Fresh fishery products processing, Fresh fishery products processing - pelagic, Processing plant, Processing plant - crustacean, PP-SA. Business #974100290."
R146,Løining As (Mattilsynet #R146),Løining As,Norway,,Egersund,"Skadberg, 4370 Egersund, Norway",58.4513377,6.0027749,9,"Fargerike Skadberg Hansen, Arenessmauet, 4370 Egersund, Norway","FFPP-P, PP",,,,,974102560,approved,true,documentation_verified,"Mattilsynet approved establishment #R146. Scope: Fresh fishery products processing - pelagic, Processing plant. Business #974102560."
R150,Pelagia Egersund Seafood (Mattilsynet #R150),Pelagia Egersund Seafood,Norway,,Egersund,"Kaupanes, 4374 Egersund, Norway",58.4418119,5.9774719,9,"Kaupanesveien, 4371 Egersund, Norway","FFPP, FFPP-P, PP",,,,,972323888,approved,true,documentation_verified,"Mattilsynet approved establishment #R150. Scope: Fresh fishery products processing, Fresh fishery products processing - pelagic, Processing plant. Business #972323888."
R205,Grilstad As Avd Stavanger (Mattilsynet #R205),Grilstad As Avd Stavanger,Norway,,Stavanger,"Slettestrandveien 15, 4032 Stavanger, Norway",58.89698,5.746878,10,"Slettestrandveien 15, 4032 Stavanger, Norway",PP,,,,,874166502,approved,true,documentation_verified,Mattilsynet approved establishment #R205. Scope: Processing plant. Business #874166502.
R210,Fjordkjøkken As (Mattilsynet #R210),Fjordkjøkken As,Norway,,Varhaug,"Djuphodl 2, 4360 Varhaug, Norway",58.6140982,5.6499077,10,"Djuphodl 2, 4360 Varhaug, Norway","FFPP-P, PP",,,,,976509331,approved,true,documentation_verified,"Mattilsynet approved establishment #R210. Scope: Fresh fishery products processing - pelagic, Processing plant. Business #976509331."
R214,Lerøy Norge As Avd Stavanger (Mattilsynet #R214),Lerøy Norge As Avd Stavanger,Norway,,Sola,"Varabergmyra 2, 4050 Sola, Norway",58.8777969,5.6688947,10,"Varabergmyra 2, 4051 Sola, Norway","FFPP-P, PP, RW",,,,,982687004,approved,true,documentation_verified,"Mattilsynet approved establishment #R214. Scope: Fresh fishery products processing - pelagic, Processing plant, Rewrapping/relabelling. Business #982687004."
R808,Aquazyme Technology As (Mattilsynet #R808),Aquazyme Technology As,Norway,,Stavanger,"Iris, Professor Olav Hanssens Vei 15,, 4021 Stavanger, Norway",58.9701,5.7333,7,"4021 Oppland, Norway",PP-MA,,,,,989603841,approved,true,documentation_verified,Mattilsynet approved establishment #R808. Scope: Processing plant - marine animal products. Business #989603841.
R941,Sterling White Halibut As Avd Hjelmeland (Mattilsynet #R941),Sterling White Halibut As Avd Hjelmeland,Norway,,Årdal I Ryfylke,"Svadbergvegen 41, 4137 Årdal I Ryfylke, Norway",59.1454438,6.1701689,10,"Svadbergvegen 41, 4137 Årdal, Norway",FFPP-S,,,,,983424732,approved,true,documentation_verified,Mattilsynet approved establishment #R941. Scope: FFPP-S. Business #983424732.
R945,Hoa Nhu (Mattilsynet #R945),Hoa Nhu,Norway,,Voll,"Skasvegen 160 (V/Driftsbygning, 4354 Voll, Norway",58.8,5.6167,7,"4354 Oppland, Norway","PP, PP-MA",,,,,918911855,approved,true,documentation_verified,"Mattilsynet approved establishment #R945. Scope: Processing plant, Processing plant - marine animal products. Business #918911855."
R946,Prima Protein As (Mattilsynet #R946),Prima Protein As,Norway,,Egersund,"Hovlandsveien 64, 4374 Egersund, Norway",58.43854,5.978238,10,"Hovlandsveien 64, 4374 Egersund, Norway","FFPP, PP-MA",,,,,918842063,approved,true,documentation_verified,"Mattilsynet approved establishment #R946. Scope: Fresh fishery products processing, Processing plant - marine animal products. Business #918842063."
R947,Prima Seafood As (Mattilsynet #R947),Prima Seafood As,Norway,,Egersund,"Lindøyveien 92, 4373 Egersund, Norway",58.4526413,5.9964543,10,"Lindøyveien 92, 4373 Egersund, Norway","FFPP, FFPP-P, PP",,,,,922018979,approved,true,documentation_verified,"Mattilsynet approved establishment #R947. Scope: Fresh fishery products processing, Fresh fishery products processing - pelagic, Processing plant. Business #922018979."
R950,Bokn Sjømat As (Mattilsynet #R950),Bokn Sjømat As,Norway,,Bokn,"Jøsenvågen 44, 5561 Bokn, Norway",59.1764653,5.3909949,10,"Jøsenvågen 44, 5561 Bokn, Norway","FFPP, FFPP-P, PP-C",,,,,924386320,approved,true,documentation_verified,"Mattilsynet approved establishment #R950. Scope: Fresh fishery products processing, Fresh fishery products processing - pelagic, Processing plant - crustacean. Business #924386320."
R953,Storøy Tankservice As Avd Kopervik (Mattilsynet #R953),Storøy Tankservice As Avd Kopervik,Norway,,Kopervik,"Kaien 11, 4250 Kopervik, Norway",59.2843891,5.3122972,10,"Kaien 11, 4250 Kopervik, Norway","FFPP-S, FFPP-SA",,,,,996273032,approved,true,documentation_verified,"Mattilsynet approved establishment #R953. Scope: FFPP-S, Fresh fishery products processing - salmon/aquaculture. Business #996273032."
R956,Norwegian King Prawns Farming As (Mattilsynet #R956),Norwegian King Prawns Farming As,Norway,,Sirevåg,"Vågen 42, 4364 Sirevåg, Norway",58.5044457,5.7964118,10,"Vågen 42, 4364 Sirevåg, Norway",FFPP-S,,,,,932822679,approved,true,documentation_verified,Mattilsynet approved establishment #R956. Scope: FFPP-S. Business #932822679.
R958,Norwegian King Prawns As (Mattilsynet #R958),Norwegian King Prawns As,Norway,,Sirevåg,"Vågen 42, 4364 Sirevåg, Norway",58.5044457,5.7964118,10,"Vågen 42, 4364 Sirevåg, Norway",FFPP-S,,,,,919272848,approved,true,documentation_verified,Mattilsynet approved establishment #R958. Scope: FFPP-S. Business #919272848.
R960,Karmsund Maritime Kvitsøy As (Mattilsynet #R960),Karmsund Maritime Kvitsøy As,Norway,,Kvitsøy,"nan, 4180 Kvitsøy, Norway",59.0624747,5.4104361,7,"4180 Kvitsøy, Norway","FFPP, FFPP-P, PP-C",,,,,999292666,approved,true,documentation_verified,"Mattilsynet approved establishment #R960. Scope: Fresh fishery products processing, Fresh fishery products processing - pelagic, Processing plant - crustacean. Business #999292666."
R962,Ombo Fisk As (Mattilsynet #R962),Ombo Fisk As,Norway,,Ombo,"Austre Ombovegen 275, 4187 Ombo, Norway",59.2730203,6.0987384,10,"Austre Ombovegen 275, 4187 Ombo, Norway",FFPP,,,,,930355178,approved,true,documentation_verified,Mattilsynet approved establishment #R962. Scope: Fresh fishery products processing. Business #930355178.
R972,Vikingkrabben As (Mattilsynet #R972),Vikingkrabben As,Norway,,Åkrehamn,"Årabrotholmen 13, 4270 Åkrehamn, Norway",59.2554826,5.1791718,10,"Årabrotholmen 13, 4270 Åkrehamn, Norway","FFPP, FFPP-P, PP-C, RW",,,,,931751352,approved,true,documentation_verified,"Mattilsynet approved establishment #R972. Scope: Fresh fishery products processing, Fresh fishery products processing - pelagic, Processing plant - crustacean, Rewrapping/relabelling. Business #931751352."
R973,Karmsund Protein As (Mattilsynet #R973),Karmsund Protein As,Norway,,Avaldsnes,"Husøyvegen 141, 4262 Avaldsnes, Norway",59.3379334,5.2915844,10,"Husøyvegen 141, 4262 Avaldsnes, Norway",PP-MA,,,,,916782039,approved,true,documentation_verified,Mattilsynet approved establishment #R973. Scope: Processing plant - marine animal products. Business #916782039.
SF62,P Stave As (Mattilsynet #SF62),P Stave As,Norway,,Stadlandet,"Postboks 24, 6750 Stadlandet, Norway",62.1019744,5.3068003,8,"Stadlandet, 6750 Stadlandet, Norway","FFPP, FFPP-P, PP, PP-KL, PP-ST",,,,,829350602,approved,true,documentation_verified,"Mattilsynet approved establishment #SF62. Scope: Fresh fishery products processing, Fresh fishery products processing - pelagic, Processing plant, PP-KL, Processing plant - smoked/traditional. Business #829350602."
SF72,Pelagia Selje (Mattilsynet #SF72),Pelagia Selje,Norway,,Selje,"Seljevegen 2815, 6740 Selje, Norway",62.024694,5.370162,10,"Seljevegen 2815, 6740 Selje, Norway","FFPP, FFPP-P",,,,,971935545,approved,true,documentation_verified,"Mattilsynet approved establishment #SF72. Scope: Fresh fishery products processing, Fresh fishery products processing - pelagic. Business #971935545."
SF98,Snorre Seafood As (Mattilsynet #SF98),Snorre Seafood As,Norway,,Raudeberg,"Nedrevegen 158, 6710 Raudeberg, Norway",61.985724,5.142376,10,"Nedrevegen 158, 6710 Raudeberg, Norway","FFPP, FFPP-P, PP, PP-SA",,,,,979542496,approved,true,documentation_verified,"Mattilsynet approved establishment #SF98. Scope: Fresh fishery products processing, Fresh fishery products processing - pelagic, Processing plant, PP-SA. Business #979542496."
SF104,Pelagia Måløy (Mattilsynet #SF104),Pelagia Måløy,Norway,,Deknepollen,"Ulvesundvegen 85, 6718 Deknepollen, Norway",61.937447,5.136286,10,"Ulvesundvegen 85, 6718 Deknepollen, Norway","FFPP, FFPP-P, PP",,,,,972231606,approved,true,documentation_verified,"Mattilsynet approved establishment #SF104. Scope: Fresh fishery products processing, Fresh fishery products processing - pelagic, Processing plant. Business #972231606."
SF122,Maaløy Seafood As (Mattilsynet #SF122),Maaløy Seafood As,Norway,,Måløy,"nan, 6701 Måløy, Norway",61.9336888,5.1129133,7,"6700 Måløy, Norway","FFPP, FFPP-P",,,,,973167510,approved,true,documentation_verified,"Mattilsynet approved establishment #SF122. Scope: Fresh fishery products processing, Fresh fishery products processing - pelagic. Business #973167510."
SF189,Pelagia Kalvåg (Mattilsynet #SF189),Pelagia Kalvåg,Norway,,Kalvåg,"Kalvøyna 10, 6729 Kalvåg, Norway",61.76482,4.878818,10,"Kalvøyna 10, 6729 Kalvåg, Norway","FFPP, FFPP-P, PP, PP-SA",,,,,971953357,approved,true,documentation_verified,"Mattilsynet approved establishment #SF189. Scope: Fresh fishery products processing, Fresh fishery products processing - pelagic, Processing plant, PP-SA. Business #971953357."
SF200,Sognefjord Naturkjøkken Drift As (Mattilsynet #SF200),Sognefjord Naturkjøkken Drift As,Norway,,Solvorn,"Skjær, Sogndal, 6879 Solvorn, Norway",61.3,7.25,7,"6879 Rogaland, Norway","FFPP, FFPP-P, PP, PP-C, PP-ST",,,,,926451944,approved,true,documentation_verified,"Mattilsynet approved establishment #SF200. Scope: Fresh fishery products processing, Fresh fishery products processing - pelagic, Processing plant, Processing plant - crustacean, Processing plant - smoked/traditional. Business #926451944."
SF222,Slakteriet As (Mattilsynet #SF222),Slakteriet As,Norway,,Florø,"Hamregt 1, 6900 Florø, Norway",61.5996,5.0328,7,"6900 Rogaland, Norway","FFPP-P, FFPP-SA, PP",,,,,971688661,approved,true,documentation_verified,"Mattilsynet approved establishment #SF222. Scope: Fresh fishery products processing - pelagic, Fresh fishery products processing - salmon/aquaculture, Processing plant. Business #971688661."
SF225,Global Florø As (Mattilsynet #SF225),Global Florø As,Norway,,Florø,"Kyllervegen 4, 6906 Florø, Norway",61.5855691,4.9995227,10,"Kyllervegen 4, 6906 Florø, Norway","FFPP, FFPP-P, PP",,,,,911761785,approved,true,documentation_verified,"Mattilsynet approved establishment #SF225. Scope: Fresh fishery products processing, Fresh fishery products processing - pelagic, Processing plant. Business #911761785."
SF244,Byrknes Servicesenter As (Mattilsynet #SF244),Byrknes Servicesenter As,Norway,,Byrknesøy,"Byrknesøy, 5970 Byrknesøy, Norway",60.900534,4.8386438,9,"Byrknesøy kapell, Svanholmvegen, 5970 Byrknesøy, Norway",FFPP,,,,,993488704,approved,true,documentation_verified,Mattilsynet approved establishment #SF244. Scope: Fresh fishery products processing. Business #993488704.
SF320,Lerøy Bulandet As (Mattilsynet #SF320),Lerøy Bulandet As,Norway,,Bulandet,"Hellersøyvegen 88, 6987 Bulandet, Norway",61.284985,4.634264,10,"Hellersøyvegen 88, 6987 Bulandet, Norway","FFPP, FFPP-P, PP",,,,,971866802,approved,true,documentation_verified,"Mattilsynet approved establishment #SF320. Scope: Fresh fishery products processing, Fresh fishery products processing - pelagic, Processing plant. Business #971866802."
SF364,Martin E Birknes Eftf As (Mattilsynet #SF364),Martin E Birknes Eftf As,Norway,,Byrknesøy,"Kalvøyna 75, 5970 Byrknesøy, Norway",60.8935144,4.8377925,10,"Kalvøyna 75, 5970 Byrknesøy, Norway","FFPP-P, FFPP-S, FFPP-SA, PP",,,,,971666323,approved,true,documentation_verified,"Mattilsynet approved establishment #SF364. Scope: Fresh fishery products processing - pelagic, FFPP-S, Fresh fishery products processing - salmon/aquaculture, Processing plant. Business #971666323."
SF371,Slakteriet Brekke As (Mattilsynet #SF371),Slakteriet Brekke As,Norway,,Brekke,"Sognefjordvegen 47, 5961 Brekke, Norway",60.9869852,5.4832159,10,"Sognefjordvegen 47, 5961 Brekke, Norway","FFPP-P, FFPP-S, FFPP-SA",,,,,979653514,approved,true,documentation_verified,"Mattilsynet approved establishment #SF371. Scope: Fresh fishery products processing - pelagic, FFPP-S, Fresh fishery products processing - salmon/aquaculture. Business #979653514."
SF400,Firda Sjøfarmer As Avd Firda Savior (Mattilsynet #SF400),Firda Sjøfarmer As Avd Firda Savior,Norway,,Byrknesøy,"Kalvøyna 75, 5970 Byrknesøy, Norway",60.8935144,4.8377925,10,"Kalvøyna 75, 5970 Byrknesøy, Norway",FFPP-SA,,,,,919558229,approved,true,documentation_verified,Mattilsynet approved establishment #SF400. Scope: Fresh fishery products processing - salmon/aquaculture. Business #919558229.
SF813,Jølsterlia Finn Årdal (Mattilsynet #SF813),Jølsterlia Finn Årdal,Norway,,Skei I Jølster,"nan, 6843 Skei I Jølster, Norway",61.5714843,6.4791646,7,"6843 Skei, Norway","FFPP, FFPP-P, PP",,,,,973298739,approved,true,documentation_verified,"Mattilsynet approved establishment #SF813. Scope: Fresh fishery products processing, Fresh fishery products processing - pelagic, Processing plant. Business #973298739."
SF868,Svanøy Røykeri As (Mattilsynet #SF868),Svanøy Røykeri As,Norway,,Svanøybukt,"nan, 6914 Svanøybukt, Norway",61.497692,5.1288451,7,"Svanøybukt, 6914 Svanøybukt, Norway",PP,,,,,972308323,approved,true,documentation_verified,Mattilsynet approved establishment #SF868. Scope: Processing plant. Business #972308323.
SF917,Ervik Seafood Avd Måløy (Mattilsynet #SF917),Ervik Seafood Avd Måløy,Norway,,Måløy,"Øyna 41, 6700 Måløy, Norway",61.9299616,5.1197425,10,"Øyna 41, 6700 Måløy, Norway","FFPP-P, PP-SA",,,,,921018673,approved,true,documentation_verified,"Mattilsynet approved establishment #SF917. Scope: Fresh fishery products processing - pelagic, PP-SA. Business #921018673."
SF920,Bulandet Fiskemottak As (Mattilsynet #SF920),Bulandet Fiskemottak As,Norway,,Bulandet,"Nikøy, 6987 Bulandet, Norway",61.2862347,4.6311892,7,"Nikøy, 6987 Bulandet, Norway",FFPP,,,,,819907722,approved,true,documentation_verified,Mattilsynet approved establishment #SF920. Scope: Fresh fishery products processing. Business #819907722.
SF925,Sjøprodukt As (Mattilsynet #SF925),Sjøprodukt As,Norway,,Kalvåg,"Kalvøyna 8, 6729 Kalvåg, Norway",61.764916,4.878329,10,"Kalvøyna 8, 6729 Kalvåg, Norway",FFPP-SA,,,,,920424201,approved,true,documentation_verified,Mattilsynet approved establishment #SF925. Scope: Fresh fishery products processing - salmon/aquaculture. Business #920424201.
SF926,Pelagia Måløy Health (Mattilsynet #SF926),Pelagia Måløy Health,Norway,,Deknepollen,"nan, 6718 Deknepollen, Norway",61.9254656,5.1471649,8,"6718 Deknepollen, Norway",PP-MA,,,,,923447768,approved,true,documentation_verified,Mattilsynet approved establishment #SF926. Scope: Processing plant - marine animal products. Business #923447768.
ST72,Vågen Aqua As (Mattilsynet #ST72),Vågen Aqua As,Norway,,Brandsfjord,"Einarsdal Havn 11, 7194 Brandsfjord, Norway",64.1781789,10.3548836,10,"Einarsdal havn 11, 7194 Brandsfjord, Norway",FFPP,,,,,982640970,approved,true,documentation_verified,Mattilsynet approved establishment #ST72. Scope: Fresh fishery products processing. Business #982640970.
ST106,Kråkøy Slakteri As (Mattilsynet #ST106),Kråkøy Slakteri As,Norway,,Roan,"Kråkøyveien 59, 7180 Roan, Norway",64.1483283,10.1576697,10,"Kråkøyveien 59, 7180 Roan, Norway","FFPP-P, FFPP-S, FFPP-SA",,,,,985885540,approved,true,documentation_verified,"Mattilsynet approved establishment #ST106. Scope: Fresh fishery products processing - pelagic, FFPP-S, Fresh fishery products processing - salmon/aquaculture. Business #985885540."
ST112,Norgeskjell As Avd Åfjord (Mattilsynet #ST112),Norgeskjell As Avd Åfjord,Norway,,Åfjord,"Austdalsveien 258, 7170 Åfjord, Norway",63.9372896,10.2210578,10,"Austdalsveien 258, 7170 Åfjord, Norway",FFPP,,,,,972114979,approved,true,documentation_verified,Mattilsynet approved establishment #ST112. Scope: Fresh fishery products processing. Business #972114979.
ST131,Grøntvedt Pelagic As Avd Uthaug (Mattilsynet #ST131),Grøntvedt Pelagic As Avd Uthaug,Norway,,Uthaug,"Havneveien 1, 7142 Uthaug, Norway",63.7282852,9.5892757,10,"Havneveien 1, 7142 Uthaug, Norway","FFPP, FFPP-P, PP",,,,,974158930,approved,true,documentation_verified,"Mattilsynet approved establishment #ST131. Scope: Fresh fishery products processing, Fresh fishery products processing - pelagic, Processing plant. Business #974158930."
ST135,Fosenskalldyr As (Mattilsynet #ST135),Fosenskalldyr As,Norway,,Vallersund,"Nordnesveien 39, 7167 Vallersund, Norway",63.8591853,9.7329712,10,"Nordnesveien 39, 7167 Vallersund, Norway","FFPP, FFPP-P, PP, PP-C, PP-M",,,,,971818107,approved,true,documentation_verified,"Mattilsynet approved establishment #ST135. Scope: Fresh fishery products processing, Fresh fishery products processing - pelagic, Processing plant, Processing plant - crustacean, Processing plant - mollusc. Business #971818107."
ST137,Coop Vallersund Sa (Mattilsynet #ST137),Coop Vallersund Sa,Norway,,Vallersund,"nan, 7167 Vallersund, Norway",63.8617323,9.7483636,8,"Drilen, 7167 Vallersund, Norway",FFPP,,,,,971787244,approved,true,documentation_verified,Mattilsynet approved establishment #ST137. Scope: Fresh fishery products processing. Business #971787244.
ST145,Uthaug Fisk As (Mattilsynet #ST145),Uthaug Fisk As,Norway,,Uthaug,"Havneveien, 7142 Uthaug, Norway",63.7243891,9.5894654,9,"Havneveien, 7142 Uthaug, Norway",FFPP,,,,,989624350,approved,true,documentation_verified,Mattilsynet approved establishment #ST145. Scope: Fresh fishery products processing. Business #989624350.
ST150,Grande Sjømat As (Mattilsynet #ST150),Grande Sjømat As,Norway,,Uthaug,"Havneveien 55, 7142 Uthaug, Norway",63.724517,9.586846,10,"Havneveien 55, 7142 Uthaug, Norway","FFPP, FFPP-P, FFPP-S, FFPP-SA, PP",,,,,972109290,approved,true,documentation_verified,"Mattilsynet approved establishment #ST150. Scope: Fresh fishery products processing, Fresh fishery products processing - pelagic, FFPP-S, Fresh fishery products processing - salmon/aquaculture, Processing plant. Business #972109290."
ST151,Grøntvedt Pelagic As Avd Kråkvåg (Mattilsynet #ST151),Grøntvedt Pelagic As Avd Kråkvåg,Norway,,Kråkvåg,"Kråkvåg, 7152 Kråkvåg, Norway",63.6415906,9.335312,9,"Kråkvågveien, 7152 Kråkvåg, Norway",PP,,,,,972377481,approved,true,documentation_verified,Mattilsynet approved establishment #ST151. Scope: Processing plant. Business #972377481.
ST158,Norgeskjell As Avd Rissa (Mattilsynet #ST158),Norgeskjell As Avd Rissa,Norway,,Rissa,"Kvithyllveien 199, 7100 Rissa, Norway",63.5624014,9.9010876,10,"Kvithyllveien 199, 7100 Rissa, Norway",FFPP,,,,,972114669,approved,true,documentation_verified,Mattilsynet approved establishment #ST158. Scope: Fresh fishery products processing. Business #972114669.
ST203,Jan Inge Standahl (Mattilsynet #ST203),Jan Inge Standahl,Norway,,Oksvoll,"Vardesvingen 13, 7165 Oksvoll, Norway",63.8157069,9.6741573,10,"Vardesvingen 13, 7165 Oksvoll, Norway",FFPP,,,,,978375626,approved,true,documentation_verified,Mattilsynet approved establishment #ST203. Scope: Fresh fishery products processing. Business #978375626.
ST204,Isfjord Norway As (Mattilsynet #ST204),Isfjord Norway As,Norway,,Orkanger,"Grønørveien 30, 7300 Orkanger, Norway",63.306066,9.834033,10,"Grønørveien 30, 7300 Orkanger, Norway","FFPP-P, PP",,,,,981662180,approved,true,documentation_verified,"Mattilsynet approved establishment #ST204. Scope: Fresh fishery products processing - pelagic, Processing plant. Business #981662180."
ST223,Matpartner As (Mattilsynet #ST223),Matpartner As,Norway,,Melhus,"Hofstadveien 89, 7224 Melhus, Norway",63.254696,10.276857,10,"Hofstadvegen 89, 7224 Melhus, Norway",FFPP-P,,,,,978678572,approved,true,documentation_verified,Mattilsynet approved establishment #ST223. Scope: Fresh fishery products processing - pelagic. Business #978678572.
ST245,Magnus Engzelius (Mattilsynet #ST245),Magnus Engzelius,Norway,,Røros,"Pinstiveien 95, 7375 Røros, Norway",62.562377,11.428831,10,"Pinstiveien 95, 7375 Røros, Norway",PP,,,,,985238189,approved,true,documentation_verified,Mattilsynet approved establishment #ST245. Scope: Processing plant. Business #985238189.
ST309,Lerøy Midt As (Mattilsynet #ST309),Lerøy Midt As,Norway,,Hestvika,"Hestvikveien 263, 7247 Hestvika, Norway",63.567559,9.19949,10,"Hestvikveien 263, 7247 Hestvika, Norway","FFPP-P, PP",,,,,976852664,approved,true,documentation_verified,"Mattilsynet approved establishment #ST309. Scope: Fresh fishery products processing - pelagic, Processing plant. Business #976852664."
ST334,Fisken Ko As (Mattilsynet #ST334),Fisken Ko As,Norway,,Dolmøy,"Kjerringvågveien 43, 7252 Dolmøy, Norway",63.654365,8.776988,10,"Kjerringvågveien 43, 7252 Dolmøy, Norway","FFPP, FFPP-P, PP, PP-KL, PP-SA",,,,,919485280,approved,true,documentation_verified,"Mattilsynet approved establishment #ST334. Scope: Fresh fishery products processing, Fresh fishery products processing - pelagic, Processing plant, PP-KL, PP-SA. Business #919485280."
ST337,Lerøy Midt As (Mattilsynet #ST337),Lerøy Midt As,Norway,,Sandstad,"Industriparkveien 31, 7246 Sandstad, Norway",63.511184,9.081467,10,"Industriparkveien 31, 7246 Sandstad, Norway","FFPP-P, FFPP-SA",,,,,976852664,approved,true,documentation_verified,"Mattilsynet approved establishment #ST337. Scope: Fresh fishery products processing - pelagic, Fresh fishery products processing - salmon/aquaculture. Business #976852664."
ST343,Hitramat As (Mattilsynet #ST343),Hitramat As,Norway,,Ansnes,"Knarrlagsundveien 325, 7241 Ansnes, Norway",63.650603,9.026826,10,"Knarrlagsundveien 325, 7241 Ansnes, Norway","FFPP, FFPP-P, MSM, PP, PP-C, PP-M",,,,,974079682,approved,true,documentation_verified,"Mattilsynet approved establishment #ST343. Scope: Fresh fishery products processing, Fresh fishery products processing - pelagic, MSM, Processing plant, Processing plant - crustacean, Processing plant - mollusc. Business #974079682."
ST400,Mowi Avd Jøsnøya (Mattilsynet #ST400),Mowi Avd Jøsnøya,Norway,,Sandstad,"Industriparkveien 41, 7246 Sandstad, Norway",63.509014,9.072192,10,"Industriparkveien 41, 7246 Sandstad, Norway","FFPP-P, FFPP-SA",,,,,932401231,approved,true,documentation_verified,"Mattilsynet approved establishment #ST400. Scope: Fresh fishery products processing - pelagic, Fresh fishery products processing - salmon/aquaculture. Business #932401231."
ST423,Salmar As (Mattilsynet #ST423),Salmar As,Norway,,Kverva,"Industriveien 51, 7266 Kverva, Norway",63.7108341,8.5597481,10,"Industriveien 51, 7266 Kverva, Norway","FFPP-P, FFPP-SA, PP",,,,,971744502,approved,true,documentation_verified,"Mattilsynet approved establishment #ST423. Scope: Fresh fishery products processing - pelagic, Fresh fishery products processing - salmon/aquaculture, Processing plant. Business #971744502."
ST460,Seashell As (Mattilsynet #ST460),Seashell As,Norway,,Norddyrøy,"Strandaveien 25, 7273 Norddyrøy, Norway",63.7991326,8.6790478,10,"Strandaveien 25, 7273 Norddyrøy, Norway",FFPP,,,,,979628536,approved,true,documentation_verified,Mattilsynet approved establishment #ST460. Scope: Fresh fishery products processing. Business #979628536.
ST462,Frøya Fryseri As (Mattilsynet #ST462),Frøya Fryseri As,Norway,,Dyrvik,"Frøya Næringspark, 7270 Dyrvik, Norway",59.87182,5.17928,9,"Bømlo, Vestland, Norway",PP,,,,,986501851,approved,true,documentation_verified,Mattilsynet approved establishment #ST462. Scope: Processing plant. Business #986501851.
ST479,Mausund Fiskemottak As (Mattilsynet #ST479),Mausund Fiskemottak As,Norway,,Mausund,"nan, 7284 Mausund, Norway",63.8676704,8.6637918,7,"7284 Mausund, Norway",FFPP,,,,,976964071,approved,true,documentation_verified,Mattilsynet approved establishment #ST479. Scope: Fresh fishery products processing. Business #976964071.
ST490,Froan Forretningsdrift As (Mattilsynet #ST490),Froan Forretningsdrift As,Norway,,Sørburøy,"nan, 7286 Sørburøy, Norway",63.9756677,9.0747401,7,"Sørburøy, 7286 Sørburøy, Norway",FFPP,,,,,872238182,approved,true,documentation_verified,Mattilsynet approved establishment #ST490. Scope: Fresh fishery products processing. Business #872238182.
ST845,Ila Fiskemottak As (Mattilsynet #ST845),Ila Fiskemottak As,Norway,,Trondheim,"Nedre Ila 68, 7018 Trondheim, Norway",63.4331395,10.3628296,10,"Nedre Ila 68, 7018 Trondheim, Norway",FFPP,,,,,995836602,approved,true,documentation_verified,Mattilsynet approved establishment #ST845. Scope: Fresh fishery products processing. Business #995836602.
ST860,Domstein Sjømat As Avd Trondheim (Mattilsynet #ST860),Domstein Sjømat As Avd Trondheim,Norway,,Trondheim,"Trondheim Havn - Pir 1. Nr.7, 7010 Trondheim, Norway",63.4305,10.3951,7,"7010 Trondheim, Norway","FFPP-P, PP",,,,,980513475,approved,true,documentation_verified,"Mattilsynet approved establishment #ST860. Scope: Fresh fishery products processing - pelagic, Processing plant. Business #980513475."
ST861,Garnvik As (Mattilsynet #ST861),Garnvik As,Norway,,Norddyrøy,"Leirvikveien 276, 7273 Norddyrøy, Norway",63.762208,8.674679,10,"Leirvikveien 276, 7273 Norddyrøy, Norway","FFPP-P, PP, PP-ST",,,,,913143361,approved,true,documentation_verified,"Mattilsynet approved establishment #ST861. Scope: Fresh fishery products processing - pelagic, Processing plant, Processing plant - smoked/traditional. Business #913143361."
ST862,Stensaas Reinsdyrslakteri As (Mattilsynet #ST862),Stensaas Reinsdyrslakteri As,Norway,,Røros,"Feragsveien 11, 7375 Røros, Norway",62.591034,11.808348,10,"Feragsveien 11, 7375 Røros, Norway",PP,,,,,971773510,approved,true,documentation_verified,Mattilsynet approved establishment #ST862. Scope: Processing plant. Business #971773510.
ST874,Vågen Aqua As (Mattilsynet #ST874),Vågen Aqua As,Norway,,Steinsdalen,"Peter Hepsøs Vei 89, 7740 Steinsdalen, Norway",64.320299,10.445984,10,"Peter Hepsøs vei 89, 7740 Steinsdalen, Norway",FFPP,,,,,982640970,approved,true,documentation_verified,Mattilsynet approved establishment #ST874. Scope: Fresh fishery products processing. Business #982640970.
ST875,Vatn Fisk As (Mattilsynet #ST875),Vatn Fisk As,Norway,,Agdenes,"Værnesveien 453, 7318 Agdenes, Norway",63.619737,9.639352,10,"Værnesveien 453, 7318 Agdenes, Norway",FFPP,,,,,912398986,approved,true,documentation_verified,Mattilsynet approved establishment #ST875. Scope: Fresh fishery products processing. Business #912398986.
ST875,Vatn Fisk As (Mattilsynet #ST875),Vatn Fisk As,Norway,,Agdenes,"Hegg, 7318 Agdenes, Norway",63.6195,9.6376,7,"7318 Agdenes, Norway","FFPP, FFPP-P, PP",,,,,912398986,approved,true,documentation_verified,"Mattilsynet approved establishment #ST875. Scope: Fresh fishery products processing, Fresh fishery products processing - pelagic, Processing plant. Business #912398986."
ST877,Statsnail As (Mattilsynet #ST877),Statsnail As,Norway,,Oksvoll,"Steinvikveien 75, 7165 Oksvoll, Norway",63.806554,9.646555,10,"Steinvikveien 75, 7165 Oksvoll, Norway",FFPP,,,,,915148522,approved,true,documentation_verified,Mattilsynet approved establishment #ST877. Scope: Fresh fishery products processing. Business #915148522.
T52,Mowi   Avd Jøkelfjord (Mattilsynet #T52),Mowi   Avd Jøkelfjord,Norway,,Jøkelfjord,"Mowi Norway T-52 Slakteri, 9163 Jøkelfjord, Norway",70.07158,21.87419,9,"Kvænangen, Troms, Norway","FFPP-P, FFPP-SA",,,,,913715268,approved,true,documentation_verified,"Mattilsynet approved establishment #T52. Scope: Fresh fishery products processing - pelagic, Fresh fishery products processing - salmon/aquaculture. Business #913715268."
T63,Karls Fisk & Skalldyr As (Mattilsynet #T63),Karls Fisk & Skalldyr As,Norway,,Burfjord,"nan, 9161 Burfjord, Norway",69.9378704,22.0518668,7,"9161 Burfjord, Norway",FFPP,,,,,985811008,approved,true,documentation_verified,Mattilsynet approved establishment #T63. Scope: Fresh fishery products processing. Business #985811008.
T82,Skjervøy Fisk Og Skalldyr As (Mattilsynet #T82),Skjervøy Fisk Og Skalldyr As,Norway,,Skjervøy,"Havnegata 38, 9180 Skjervøy, Norway",70.0325352,20.9760258,10,"Havnegata 38, 9180 Skjervøy, Norway","FFPP, FFPP-P, PP, PP-KL, PP-SA",,,,,913280024,approved,true,documentation_verified,"Mattilsynet approved establishment #T82. Scope: Fresh fishery products processing, Fresh fishery products processing - pelagic, Processing plant, PP-KL, PP-SA. Business #913280024."
T105,Årvikbruket As (Mattilsynet #T105),Årvikbruket As,Norway,,Årviksand,"Årviksand, 9195 Årviksand, Norway",70.1960505,20.5298875,9,"Årviksand barnehage, Ringveien, 9195 Årviksand, Norway","FFPP, FFPP-P, PP, PP-SA, PP-ST",,,,,974120909,approved,true,documentation_verified,"Mattilsynet approved establishment #T105. Scope: Fresh fishery products processing, Fresh fishery products processing - pelagic, Processing plant, PP-SA, Processing plant - smoked/traditional. Business #974120909."
T107,Arnøy Laks Slakteri As (Mattilsynet #T107),Arnøy Laks Slakteri As,Norway,,Lauksletta,"Lauksundveien 139, 9194 Lauksletta, Norway",70.089639,20.75789,10,"Lauksundveien 139, 9194 Lauksletta, Norway","FFPP-P, FFPP-SA",,,,,995376911,approved,true,documentation_verified,"Mattilsynet approved establishment #T107. Scope: Fresh fishery products processing - pelagic, Fresh fishery products processing - salmon/aquaculture. Business #995376911."
T119,Johs H Giæver As Avd Havnnes (Mattilsynet #T119),Johs H Giæver As Avd Havnnes,Norway,,Havnnes,"Postboks 1, 9159 Havnnes, Norway",69.7885908,20.5675998,7,"Hamnnes - Gárgu, 9159 Havnnes, Norway","FFPP, FFPP-P, PP, PP-SA, PP-ST",,,,,973067427,approved,true,documentation_verified,"Mattilsynet approved establishment #T119. Scope: Fresh fishery products processing, Fresh fishery products processing - pelagic, Processing plant, PP-SA, Processing plant - smoked/traditional. Business #973067427."
T125,Karls Fisk & Skalldyr As (Mattilsynet #T125),Karls Fisk & Skalldyr As,Norway,,Samuelsberg,"nan, 9144 Samuelsberg, Norway",69.5515764,20.5333089,7,"Fiervá - Samuelsberg - Olmavankka, 9144 Samuelsberg, Norway",FFPP,,,,,985811008,approved,true,documentation_verified,Mattilsynet approved establishment #T125. Scope: Fresh fishery products processing. Business #985811008.
T126,Lerøy Aurora As Avd Skjervøy (Mattilsynet #T126),Lerøy Aurora As Avd Skjervøy,Norway,,Skjervøy,"Strandveien 4, 9180 Skjervøy, Norway",70.0360229,20.9906548,10,"Strandveien 4, 9180 Skjervøy, Norway","FFPP-P, FFPP-SA",,,,,991285660,approved,true,documentation_verified,"Mattilsynet approved establishment #T126. Scope: Fresh fishery products processing - pelagic, Fresh fishery products processing - salmon/aquaculture. Business #991285660."
T127,Karls Fisk & Skalldyr As (Mattilsynet #T127),Karls Fisk & Skalldyr As,Norway,,Krokelvdalen,"Tønsvikvegen 518, 9023 Krokelvdalen, Norway",69.7286577,19.0982563,10,"Tønsvikvegen 518, 9023 Krokelvdalen, Norway",FFPP,,,,,985811008,approved,true,documentation_verified,Mattilsynet approved establishment #T127. Scope: Fresh fishery products processing. Business #985811008.
T155,Torsvågbruket As (Mattilsynet #T155),Torsvågbruket As,Norway,,Vannareid,"nan, 9136 Vannareid, Norway",70.199238,19.6083884,7,"9136 Vannareid, Norway","FFPP, FFPP-P, PP-KL, PP-SA, PP-ST",,,,,973003070,approved,true,documentation_verified,"Mattilsynet approved establishment #T155. Scope: Fresh fishery products processing, Fresh fishery products processing - pelagic, PP-KL, PP-SA, Processing plant - smoked/traditional. Business #973003070."
T160,Volda Living As (Mattilsynet #T160),Volda Living As,Norway,,Vannareid,"Fishy Exports Kaspersen, 9136 Vannareid, Norway",70.2,19.6167,7,"9136 Vest-Agder, Norway","FFPP, FFPP-P",,,,,996843165,approved,true,documentation_verified,"Mattilsynet approved establishment #T160. Scope: Fresh fishery products processing, Fresh fishery products processing - pelagic. Business #996843165."
T165,Reinøy Sjømat As (Mattilsynet #T165),Reinøy Sjømat As,Norway,,Stakkvik,"Stakkvik, 9132 Stakkvik, Norway",69.954235,19.667322,9,"Stakkvik, Nordeidveien, Norway","FFPP, FFPP-P, PP, PP-KL, PP-ST",,,,,985719780,approved,true,documentation_verified,"Mattilsynet approved establishment #T165. Scope: Fresh fishery products processing, Fresh fishery products processing - pelagic, Processing plant, PP-KL, Processing plant - smoked/traditional. Business #985719780."
T181,Jensen Fisk As (Mattilsynet #T181),Jensen Fisk As,Norway,,Silsand,"Resset 4, 9303 Silsand, Norway",69.2444039,17.9409812,10,"Resset 4, 9303 Silsand, Norway",PP-ST,,,,,976469143,approved,true,documentation_verified,Mattilsynet approved establishment #T181. Scope: Processing plant - smoked/traditional. Business #976469143.
T184,Lyngen Reker As (Mattilsynet #T184),Lyngen Reker As,Norway,,Svensby,"Lenangsøra, 9064 Svensby, Norway",69.6667,19.8333,7,"9064 Vest-Agder, Norway","FFPP, PP, PP-C",,,,,992131950,approved,true,documentation_verified,"Mattilsynet approved establishment #T184. Scope: Fresh fishery products processing, Processing plant, Processing plant - crustacean. Business #992131950."
T210,Nordic Pharma Inc As Avd Tromsø (Mattilsynet #T210),Nordic Pharma Inc As Avd Tromsø,Norway,,Kvaløya,"Ropnesveien 71, 9107 Kvaløya, Norway",69.686996,18.733987,10,"Ropnesvegen 71, 9107 Kvaløya, Norway",PP-MA,,,,,992527137,approved,true,documentation_verified,Mattilsynet approved establishment #T210. Scope: Processing plant - marine animal products. Business #992527137.
T212,Pelagia Tromsø (Mattilsynet #T212),Pelagia Tromsø,Norway,,Tromsdalen,"Solstrandanlegget Kaldslett, 9020 Tromsdalen, Norway",69.65,19.0167,7,"9020 Vest-Agder, Norway","FFPP, FFPP-P, PP",,,,,975357732,approved,true,documentation_verified,"Mattilsynet approved establishment #T212. Scope: Fresh fishery products processing, Fresh fishery products processing - pelagic, Processing plant. Business #975357732."
T220,Nofima As Avd Biotep (Mattilsynet #T220),Nofima As Avd Biotep,Norway,,Kvaløya,"Ropnesvegen 71, 9107 Kvaløya, Norway",69.686996,18.733987,10,"Ropnesvegen 71, 9107 Kvaløya, Norway",PP-MA,,,,,833599992,approved,true,documentation_verified,Mattilsynet approved establishment #T220. Scope: Processing plant - marine animal products. Business #833599992.
T221,Oldervik Fiskeindustri As (Mattilsynet #T221),Oldervik Fiskeindustri As,Norway,,Oldervik,"Oldervikvegen 516, 9034 Oldervik, Norway",69.7550238,19.674682,10,"Oldervikvegen 516, 9034 Oldervik, Norway","FFPP, FFPP-P, PP-SA, PP-ST",,,,,987674032,approved,true,documentation_verified,"Mattilsynet approved establishment #T221. Scope: Fresh fishery products processing, Fresh fishery products processing - pelagic, PP-SA, Processing plant - smoked/traditional. Business #987674032."
T222,Dragøy Grossist As (Mattilsynet #T222),Dragøy Grossist As,Norway,,Tromsø,"Huldervegen 18, 9016 Tromsø, Norway",69.6712549,18.9242365,10,"Huldervegen 18, 9016 Tromsø, Norway","FFPP, FFPP-P, PP, PP-C",,,,,918486879,approved,true,documentation_verified,"Mattilsynet approved establishment #T222. Scope: Fresh fishery products processing, Fresh fishery products processing - pelagic, Processing plant, Processing plant - crustacean. Business #918486879."
T226,Arcticzymes Technologies Asa (Mattilsynet #T226),Arcticzymes Technologies Asa,Norway,,Tromsø,"Strandgt 3, 9008 Tromsø, Norway",69.6489,18.9551,7,"9008 Vest-Agder, Norway",PP-MA,,,,,874864412,approved,true,documentation_verified,Mattilsynet approved establishment #T226. Scope: Processing plant - marine animal products. Business #874864412.
T247,Aqua Drift As (Mattilsynet #T247),Aqua Drift As,Norway,,Vengsøy,"Vengsøya 162, 9120 Vengsøy, Norway",69.8354,18.587672,10,"Vengsøya 162, 9120 Vengsøy, Norway","FFPP, FFPP-P, PP-SA, PP-ST",,,,,987630612,approved,true,documentation_verified,"Mattilsynet approved establishment #T247. Scope: Fresh fishery products processing, Fresh fishery products processing - pelagic, PP-SA, Processing plant - smoked/traditional. Business #987630612."
T251,Joh H Pettersen As (Mattilsynet #T251),Joh H Pettersen As,Norway,,Kvaløya,"Kvaløyvågvegen 1422, 9103 Kvaløya, Norway",69.851789,18.819577,10,"Kvaløyvågvegen 1422, 9103 Kvaløya, Norway","FFPP, FFPP-P, PP-SA, PP-ST",,,,,974136384,approved,true,documentation_verified,"Mattilsynet approved establishment #T251. Scope: Fresh fishery products processing, Fresh fishery products processing - pelagic, PP-SA, Processing plant - smoked/traditional. Business #974136384."
T258,Lerøy Norway Seafoods As  Avd Tromvik (Mattilsynet #T258),Lerøy Norway Seafoods As  Avd Tromvik,Norway,,Kvaløya,"Tromtindvegen 322, 9107 Kvaløya, Norway",69.7790764,18.3986361,10,"Tromtindvegen 322, 9107 Kvaløya, Norway","FFPP, FFPP-P, PP, PP-KL, PP-SA",,,,,971796014,approved,true,documentation_verified,"Mattilsynet approved establishment #T258. Scope: Fresh fishery products processing, Fresh fishery products processing - pelagic, Processing plant, PP-KL, PP-SA. Business #971796014."
T270,Lorentzen Fisk As (Mattilsynet #T270),Lorentzen Fisk As,Norway,,Brensholmen,"Klubbvegen 15, 9118 Brensholmen, Norway",69.6062079,18.0409691,10,"Klubbvegen 15, 9118 Brensholmen, Norway","FFPP, FFPP-P, PP, PP-C, PP-SA, PP-ST",,,,,973510223,approved,true,documentation_verified,"Mattilsynet approved establishment #T270. Scope: Fresh fishery products processing, Fresh fishery products processing - pelagic, Processing plant, Processing plant - crustacean, PP-SA, Processing plant - smoked/traditional. Business #973510223."
T273,Brødrene Sperre As Avd Sommarøy (Mattilsynet #T273),Brødrene Sperre As Avd Sommarøy,Norway,,Sommarøy,"Hamnevegen 17, 9110 Sommarøy, Norway",69.6331,18.0086,7,"9110 Vest-Agder, Norway","FFPP, FFPP-P, PP",,,,,934940245,approved,true,documentation_verified,"Mattilsynet approved establishment #T273. Scope: Fresh fishery products processing, Fresh fishery products processing - pelagic, Processing plant. Business #934940245."
T299,Stella Polaris As (Mattilsynet #T299),Stella Polaris As,Norway,,Finnsnes,"Kårvikveien 306, 9307 Finnsnes, Norway",69.3977963,18.1564186,10,"Kårvikveien 306, 9307 Finnsnes, Norway","FFPP, PP-C, PP-MA",,,,,871830312,approved,true,documentation_verified,"Mattilsynet approved establishment #T299. Scope: Fresh fishery products processing, Processing plant - crustacean, Processing plant - marine animal products. Business #871830312."
T308,Brødrene Karlsen Senja (Mattilsynet #T308),Brødrene Karlsen Senja,Norway,,Husøy I Senja,"Husøy, 9389 Husøy I Senja, Norway",69.544144,17.663595,9,"Husøy, Hildurbakken, 9389 Husøy, Norway","FFPP, FFPP-P, PP, PP-MA, PP-SA, PP-ST",,,,,973134868,approved,true,documentation_verified,"Mattilsynet approved establishment #T308. Scope: Fresh fishery products processing, Fresh fishery products processing - pelagic, Processing plant, Processing plant - marine animal products, PP-SA, Processing plant - smoked/traditional. Business #973134868."
T314,Nergård Sild As (Mattilsynet #T314),Nergård Sild As,Norway,,Senjahopen,"Senjahopen, 9386 Senjahopen, Norway",69.496955,17.489974,9,"Senjahopen, Mefjordveien, 9386 Senjahopen, Norway","FFPP, FFPP-P, PP",,,,,984781741,approved,true,documentation_verified,"Mattilsynet approved establishment #T314. Scope: Fresh fishery products processing, Fresh fishery products processing - pelagic, Processing plant. Business #984781741."
T315,Nord Senja Fisk As (Mattilsynet #T315),Nord Senja Fisk As,Norway,,Botnhamn,"Botnhamnveien 787, 9373 Botnhamn, Norway",69.508355,17.906688,10,"Botnhamnveien 787, 9373 Botnhamn, Norway","FFPP, PP, PP-KL, PP-SA",,,,,995724081,approved,true,documentation_verified,"Mattilsynet approved establishment #T315. Scope: Fresh fishery products processing, Processing plant, PP-KL, PP-SA. Business #995724081."
T316,Nergård Fisk Senjahopen (Mattilsynet #T316),Nergård Fisk Senjahopen,Norway,,Senjahopen,"Mefjordveien 1537, 9386 Senjahopen, Norway",69.496838,17.490895,10,"Mefjordveien 1537, 9386 Senjahopen, Norway","FFPP, FFPP-P, PP, PP-KL, PP-MA, PP-SA",,,,,971696176,approved,true,documentation_verified,"Mattilsynet approved establishment #T316. Scope: Fresh fishery products processing, Fresh fishery products processing - pelagic, Processing plant, PP-KL, Processing plant - marine animal products, PP-SA. Business #971696176."
T317,Coldwater Prawns Production As (Mattilsynet #T317),Coldwater Prawns Production As,Norway,,Senjahopen,"Mefjordveien 1529, 9386 Senjahopen, Norway",69.496342,17.4908117,10,"Mefjordveien 1529, 9386 Senjahopen, Norway","FFPP, PP-C",,,,,985094349,approved,true,documentation_verified,"Mattilsynet approved establishment #T317. Scope: Fresh fishery products processing, Processing plant - crustacean. Business #985094349."
T353,Nergård Fisk Gryllefjord (Mattilsynet #T353),Nergård Fisk Gryllefjord,Norway,,Gryllefjord,"nan, 9380 Gryllefjord, Norway",69.3626961,17.0550418,7,"9380 Gryllefjord, Norway","FFPP, FFPP-P, PP",,,,,996842991,approved,true,documentation_verified,"Mattilsynet approved establishment #T353. Scope: Fresh fishery products processing, Fresh fishery products processing - pelagic, Processing plant. Business #996842991."
T359,Wilsgård Fiskeoppdrett As (Mattilsynet #T359),Wilsgård Fiskeoppdrett As,Norway,,Torsken,"Værnesveien 105, 9381 Torsken, Norway",69.336546,17.093078,10,"Værnesveien 105, 9381 Torsken, Norway","FFPP-P, FFPP-SA",,,,,972002623,approved,true,documentation_verified,"Mattilsynet approved establishment #T359. Scope: Fresh fishery products processing - pelagic, Fresh fishery products processing - salmon/aquaculture. Business #972002623."
T369,Nergård Fisk Grunnfarnes (Mattilsynet #T369),Nergård Fisk Grunnfarnes,Norway,,Kaldfarnes,"Grunnfarnes, 9395 Kaldfarnes, Norway",69.2839,17.0028,7,"9395 Vest-Agder, Norway","FFPP, FFPP-P, PP, PP-SA, PP-ST",,,,,979277504,approved,true,documentation_verified,"Mattilsynet approved establishment #T369. Scope: Fresh fishery products processing, Fresh fishery products processing - pelagic, Processing plant, PP-SA, Processing plant - smoked/traditional. Business #979277504."
T380,Flakstadvåg Laks As Avd Kaldfarnes (Mattilsynet #T380),Flakstadvåg Laks As Avd Kaldfarnes,Norway,,Kaldfarnes,"nan, 9395 Kaldfarnes, Norway",69.2811046,16.9851464,7,"Kaldfarnes, Troms, Norway","FFPP-P, FFPP-SA",,,,,973633716,approved,true,documentation_verified,"Mattilsynet approved establishment #T380. Scope: Fresh fishery products processing - pelagic, Fresh fishery products processing - salmon/aquaculture. Business #973633716."
T398,Art Nor As (Mattilsynet #T398),Art Nor As,Norway,,Silsand,"Naustveien 17, 9303 Silsand, Norway",69.2414116,17.9527229,10,"Naustveien 17, 9303 Silsand, Norway",PP,,,,,974497751,approved,true,documentation_verified,Mattilsynet approved establishment #T398. Scope: Processing plant. Business #974497751.
T400,Salaks Slakteri As (Mattilsynet #T400),Salaks Slakteri As,Norway,,Sjøvegan,"Lavangsnesveien 793, 9350 Sjøvegan, Norway",68.893757,17.691394,10,"Lavangsnesveien 793, 9350 Sjøvegan, Norway","FFPP-P, FFPP-SA",,,,,997721322,approved,true,documentation_verified,"Mattilsynet approved establishment #T400. Scope: Fresh fishery products processing - pelagic, Fresh fishery products processing - salmon/aquaculture. Business #997721322."
T436,Breivoll Marine Produkter As (Mattilsynet #T436),Breivoll Marine Produkter As,Norway,,Hamnvik,"Breivollveien 12, 9450 Hamnvik, Norway",68.7594001,17.1509499,10,"Breivollveien 12, 9450 Hamnvik, Norway","FFPP-P, FFPP-SA",,,,,972330965,approved,true,documentation_verified,"Mattilsynet approved establishment #T436. Scope: Fresh fishery products processing - pelagic, Fresh fishery products processing - salmon/aquaculture. Business #972330965."
T468,Nordlaks Oppdrett As (Mattilsynet #T468),Nordlaks Oppdrett As,Norway,,Stokmarknes,"Avd. Gullesfjord, 8455 Stokmarknes, Norway",68.5646,14.9108,7,"8455 Troms, Norway",FFPP,,,,,980183130,approved,true,documentation_verified,Mattilsynet approved establishment #T468. Scope: Fresh fishery products processing. Business #980183130.
T470,Astafjord Slakteri As (Mattilsynet #T470),Astafjord Slakteri As,Norway,,Gratangen,"Kystkulturveien 1747, 9470 Gratangen, Norway",68.712336,17.4274064,10,"Kystkulturveien 1747, 9470 Gratangen, Norway","FFPP-P, FFPP-SA",,,,,981140818,approved,true,documentation_verified,"Mattilsynet approved establishment #T470. Scope: Fresh fishery products processing - pelagic, Fresh fishery products processing - salmon/aquaculture. Business #981140818."
T602,Tromsø Fiskemat As (Mattilsynet #T602),Tromsø Fiskemat As,Norway,,Tromsø,"Postboks 3366, 9276 Tromsø, Norway",69.685,19.0035,7,"9276 Vest-Agder, Norway","FFPP-P, PP, RW",,,,,972258148,approved,true,documentation_verified,"Mattilsynet approved establishment #T602. Scope: Fresh fishery products processing - pelagic, Processing plant, Rewrapping/relabelling. Business #972258148."
T823,Straumvang As (Mattilsynet #T823),Straumvang As,Norway,,Engenes,"V/ Arnt K. Simonsen, 9455 Engenes, Norway",68.9211,17.135,7,"9455 Vest-Agder, Norway",FFPP-P,,,,,978364888,approved,true,documentation_verified,Mattilsynet approved establishment #T823. Scope: Fresh fishery products processing - pelagic. Business #978364888.
T1065,Johansen Jan Ivar (Mattilsynet #T1065),Johansen Jan Ivar,Norway,,Kråkrøhamn,"Ibestadveien 917, 9453 Kråkrøhamn, Norway",68.8314985,17.3727728,10,"Ibestadveien 917, 9453 Kråkrøhamn, Norway",PP-ST,,,,,978562086,approved,true,documentation_verified,Mattilsynet approved establishment #T1065. Scope: Processing plant - smoked/traditional. Business #978562086.
T1068,Jarle Kiil (Mattilsynet #T1068),Jarle Kiil,Norway,,Rotsund,"Slottet, 9153 Rotsund, Norway",69.7833,20.6,7,"9153 Vest-Agder, Norway","FFPP, FFPP-P, PP, PP-SA, PP-ST",,,,,874063762,approved,true,documentation_verified,"Mattilsynet approved establishment #T1068. Scope: Fresh fishery products processing, Fresh fishery products processing - pelagic, Processing plant, PP-SA, Processing plant - smoked/traditional. Business #874063762."
T1073,Eide Handel As (Mattilsynet #T1073),Eide Handel As,Norway,,Kvaløysletta,"Eidkjosen, 9100 Kvaløysletta, Norway",62.0,10.0,1,Norway,"FFPP, FFPP-P, PP",,,,,971957816,approved,true,documentation_verified,"Mattilsynet approved establishment #T1073. Scope: Fresh fishery products processing, Fresh fishery products processing - pelagic, Processing plant. Business #971957816."
T1078,Seagarden As   Avd Senjahopen (Mattilsynet #T1078),Seagarden As   Avd Senjahopen,Norway,,Senjahopen,"Mefjordveien 1537, 9386 Senjahopen, Norway",69.496838,17.490895,10,"Mefjordveien 1537, 9386 Senjahopen, Norway",PP-MA,,,,,989584758,approved,true,documentation_verified,Mattilsynet approved establishment #T1078. Scope: Processing plant - marine animal products. Business #989584758.
T1079,Karls Fisk & Skalldyr As (Mattilsynet #T1079),Karls Fisk & Skalldyr As,Norway,,Oldervik,"Oldervikveien 451, 9034 Oldervik, Norway",69.7575481,19.6656091,10,"Oldervikvegen 451, 9034 Oldervik, Norway","FFPP, FFPP-P, PP, PP-ST",,,,,985811008,approved,true,documentation_verified,"Mattilsynet approved establishment #T1079. Scope: Fresh fishery products processing, Fresh fishery products processing - pelagic, Processing plant, Processing plant - smoked/traditional. Business #985811008."
T1080,Halvors Tradisjonsfisk As (Mattilsynet #T1080),Halvors Tradisjonsfisk As,Norway,,Tromsø,"Håndverkerveien 7b, 9018 Tromsø, Norway",69.695713,19.011733,10,"Håndverkervegen 7B, 9018 Tromsø, Norway",PP,,,,,982494060,approved,true,documentation_verified,Mattilsynet approved establishment #T1080. Scope: Processing plant. Business #982494060.
T1081,Havbruksstasjonen I Tromsø As (Mattilsynet #T1081),Havbruksstasjonen I Tromsø As,Norway,,Kårvik,"nan, 9131 Kårvik, Norway",69.8691854,18.9240388,7,"Inner-Kårvika, 9131 Kårvik, Norway","FFPP, FFPP-P",,,,,980913147,approved,true,documentation_verified,"Mattilsynet approved establishment #T1081. Scope: Fresh fishery products processing, Fresh fishery products processing - pelagic. Business #980913147."
T1094,Karlsøybruket As (Mattilsynet #T1094),Karlsøybruket As,Norway,,Vannvåg,"Vannavalen, 9135 Vannvåg, Norway",70.0667,20.0,7,"9135 Vest-Agder, Norway","FFPP, FFPP-P, PP-KL, PP-MA, PP-SA, PP-ST",,,,,993376299,approved,true,documentation_verified,"Mattilsynet approved establishment #T1094. Scope: Fresh fishery products processing, Fresh fishery products processing - pelagic, PP-KL, Processing plant - marine animal products, PP-SA, Processing plant - smoked/traditional. Business #993376299."
T1095,Karlsøybruket As (Mattilsynet #T1095),Karlsøybruket As,Norway,,Vannvåg,"nan, 9135 Vannvåg, Norway",70.0725413,19.981975,7,"9135 Vannvåg, Norway","FFPP, PP, PP-SA",,,,,993376299,approved,true,documentation_verified,"Mattilsynet approved establishment #T1095. Scope: Fresh fishery products processing, Processing plant, PP-SA. Business #993376299."
T1100,Servicenord Engros As (Mattilsynet #T1100),Servicenord Engros As,Norway,,Harstad,"Stangnesterminalen 2f, 9409 Harstad, Norway",68.7791765,16.5886586,10,"Stangnesterminalen 2F, 9409 Harstad, Norway",FFPP-P,,,,,971880473,approved,true,documentation_verified,Mattilsynet approved establishment #T1100. Scope: Fresh fishery products processing - pelagic. Business #971880473.
T1107,Torfinn Hansen (Mattilsynet #T1107),Torfinn Hansen,Norway,,Sørreisa,"Smørsgård, 9310 Sørreisa, Norway",69.1471094,18.0561565,7,"Smørsgård, Troms, Norway",PP-ST,,,,,,approved,true,documentation_verified,Mattilsynet approved establishment #T1107. Scope: Processing plant - smoked/traditional.
T1108,Lars Olai Johansen (Mattilsynet #T1108),Lars Olai Johansen,Norway,,Grovfjord,"Gloen 86, 9446 Grovfjord, Norway",68.6759556,17.1313389,10,"Gloen 86, 9446 Grovfjord, Norway",PP-ST,,,,,,approved,true,documentation_verified,Mattilsynet approved establishment #T1108. Scope: Processing plant - smoked/traditional.
T1110,Egil Antonsen (Mattilsynet #T1110),Egil Antonsen,Norway,,Tovik,"Tovikstrand, 9445 Tovik, Norway",68.6736,16.89,7,"9445 Vest-Agder, Norway",PP-ST,,,,,923907769,approved,true,documentation_verified,Mattilsynet approved establishment #T1110. Scope: Processing plant - smoked/traditional. Business #923907769.
T1112,Ståle Pettersen (Mattilsynet #T1112),Ståle Pettersen,Norway,,Sørreisa,"Elvelund 24, 9310 Sørreisa, Norway",69.1830959,18.0597567,10,"Elvelund 24, 9310 Sørreisa, Norway",PP-ST,,,,,,approved,true,documentation_verified,Mattilsynet approved establishment #T1112. Scope: Processing plant - smoked/traditional.
T1115,Jarle Cedly Johansen (Mattilsynet #T1115),Jarle Cedly Johansen,Norway,,Moen,"Navaren 81, 9321 Moen, Norway",69.326087,18.5697039,10,"Navaren 81, 9321 Moen, Norway",PP-ST,,,,,,approved,true,documentation_verified,Mattilsynet approved establishment #T1115. Scope: Processing plant - smoked/traditional.
T1116,Ole-Martin Karlsen (Mattilsynet #T1116),Ole-Martin Karlsen,Norway,,Harstad,"Storbergveien 13, 9402 Harstad, Norway",68.8530976,16.4895061,10,"Storbergveien 13, 9402 Harstad, Norway",PP-ST,,,,,,approved,true,documentation_verified,Mattilsynet approved establishment #T1116. Scope: Processing plant - smoked/traditional.
T1117,Per Inge Eliseussen (Mattilsynet #T1117),Per Inge Eliseussen,Norway,,Kråkrøhamn,"Ibestadveien 362, 9453 Kråkrøhamn, Norway",68.8649289,17.4678904,10,"Ibestadveien 362, 9453 Kråkrøhamn, Norway",PP-ST,,,,,,approved,true,documentation_verified,Mattilsynet approved establishment #T1117. Scope: Processing plant - smoked/traditional.
T1118,Norvald Nicolaisen (Mattilsynet #T1118),Norvald Nicolaisen,Norway,,Grovfjord,"Hågen 17, 9446 Grovfjord, Norway",68.6789021,17.119661,10,"Hågen 17, 9446 Grovfjord, Norway",PP-ST,,,,,980815579,approved,true,documentation_verified,Mattilsynet approved establishment #T1118. Scope: Processing plant - smoked/traditional. Business #980815579.
T1119,Evald Andreassen (Mattilsynet #T1119),Evald Andreassen,Norway,,Kaldfarnes,"Sifjord, 9395 Kaldfarnes, Norway",69.2839,17.0028,7,"9395 Vest-Agder, Norway",PP-ST,,,,,,approved,true,documentation_verified,Mattilsynet approved establishment #T1119. Scope: Processing plant - smoked/traditional.
T1120,Sigfred Johannes Olsen (Mattilsynet #T1120),Sigfred Johannes Olsen,Norway,,Birtavarre,"Kåfjorddalen, 9147 Birtavarre, Norway",69.4938,20.8321,7,"9147 Vest-Agder, Norway",PP-ST,,,,,,approved,true,documentation_verified,Mattilsynet approved establishment #T1120. Scope: Processing plant - smoked/traditional.
T1123,Aronsen Odd-Verner (Mattilsynet #T1123),Aronsen Odd-Verner,Norway,,Svensby,"Toften, 9064 Svensby, Norway",69.653734,19.820921,9,"Toften, Ullsfjordveien, Lyngen, Norway",PP-ST,,,,,977970563,approved,true,documentation_verified,Mattilsynet approved establishment #T1123. Scope: Processing plant - smoked/traditional. Business #977970563.
T1124,Arvid Sverre Johansen (Mattilsynet #T1124),Arvid Sverre Johansen,Norway,,Moen,"Navaren, 9321 Moen, Norway",69.1304,18.6123,7,"9321 Vest-Agder, Norway",PP-ST,,,,,,approved,true,documentation_verified,Mattilsynet approved establishment #T1124. Scope: Processing plant - smoked/traditional.
T1128,Hansen Odd G (Mattilsynet #T1128),Hansen Odd G,Norway,,Lyngseidet,"Nedre Jensvoll 11, 9060 Lyngseidet, Norway",69.564945,20.222097,10,"Nedre Jensvoll vei 11, 9060 Lyngseidet, Norway",PP-ST,,,,,977943558,approved,true,documentation_verified,Mattilsynet approved establishment #T1128. Scope: Processing plant - smoked/traditional. Business #977943558.
T1130,Nordnesfisk As (Mattilsynet #T1130),Nordnesfisk As,Norway,,Samuelsberg,"Nordnes, 9144 Samuelsberg, Norway",69.55,20.5333,7,"9144 Vest-Agder, Norway",PP-ST,,,,,980662365,approved,true,documentation_verified,Mattilsynet approved establishment #T1130. Scope: Processing plant - smoked/traditional. Business #980662365.
T1131,Jan Hansen (Mattilsynet #T1131),Jan Hansen,Norway,,Skjervøy,"Spellemannsdalen 20, 9180 Skjervøy, Norway",70.0291338,20.9561055,10,"Spellemannsdalen 20, 9180 Skjervøy, Norway",PP-ST,,,,,977966779,approved,true,documentation_verified,Mattilsynet approved establishment #T1131. Scope: Processing plant - smoked/traditional. Business #977966779.
T1132,Willy Jensen (Mattilsynet #T1132),Willy Jensen,Norway,,Tromsdalen,"Skavåsen 29, 9020 Tromsdalen, Norway",69.631667,18.963086,10,"Skavåsen 29, 9020 Tromsdalen, Norway",PP-ST,,,,,,approved,true,documentation_verified,Mattilsynet approved establishment #T1132. Scope: Processing plant - smoked/traditional.
T1134,Olsen Arne (Mattilsynet #T1134),Olsen Arne,Norway,,Burfjord,"nan, 9161 Burfjord, Norway",69.9378704,22.0518668,7,"9161 Burfjord, Norway",PP-ST,,,,,873700572,approved,true,documentation_verified,Mattilsynet approved establishment #T1134. Scope: Processing plant - smoked/traditional. Business #873700572.
T1136,Gamst Terje (Mattilsynet #T1136),Gamst Terje,Norway,,Skjervøy,"Boks 376, 9189 Skjervøy, Norway",70.0336172,20.974752,7,"9180 Skjervøy, Norway",PP-ST,,,,,917560862,approved,true,documentation_verified,Mattilsynet approved establishment #T1136. Scope: Processing plant - smoked/traditional. Business #917560862.
T1139,John E Olsen (Mattilsynet #T1139),John E Olsen,Norway,,Skjervøy,"Vorterøy, 9180 Skjervøy, Norway",69.9407925,20.6436834,8,"Vorterøya, Skjervøy, Troms, Norway",PP-ST,,,,,993664375,approved,true,documentation_verified,Mattilsynet approved establishment #T1139. Scope: Processing plant - smoked/traditional. Business #993664375.
T1140,Kjell Nilsen (Mattilsynet #T1140),Kjell Nilsen,Norway,,Kjøtta,"Kjøtta 60, 9424 Kjøtta, Norway",68.873823,16.694397,10,"Kjøtta 60, 9424 Kjøtta, Norway",PP-ST,,,,,978236197,approved,true,documentation_verified,Mattilsynet approved establishment #T1140. Scope: Processing plant - smoked/traditional. Business #978236197.
T1141,Kåre Olsen As (Mattilsynet #T1141),Kåre Olsen As,Norway,,Burfjord,"nan, 9161 Burfjord, Norway",69.9378704,22.0518668,7,"9161 Burfjord, Norway",PP-ST,,,,,919244461,approved,true,documentation_verified,Mattilsynet approved establishment #T1141. Scope: Processing plant - smoked/traditional. Business #919244461.
T1142,Karl Arne Olsen (Mattilsynet #T1142),Karl Arne Olsen,Norway,,Burfjord,"nan, 9161 Burfjord, Norway",69.9378704,22.0518668,7,"9161 Burfjord, Norway",PP-ST,,,,,994299999,approved,true,documentation_verified,Mattilsynet approved establishment #T1142. Scope: Processing plant - smoked/traditional. Business #994299999.
T1144,Jan Johansen Fiskebåt (Mattilsynet #T1144),Jan Johansen Fiskebåt,Norway,,Skjervøy,"Vorterøyveien 92, 9180 Skjervøy, Norway",69.978286,20.658589,10,"Vorterøyveien 92, 9180 Skjervøy, Norway",PP-ST,,,,,976119800,approved,true,documentation_verified,Mattilsynet approved establishment #T1144. Scope: Processing plant - smoked/traditional. Business #976119800.
T1147,Ansgar Eilif Hansen (Mattilsynet #T1147),Ansgar Eilif Hansen,Norway,,Samuelsberg,"Løkvoll, 9144 Samuelsberg, Norway",69.55,20.5333,7,"9144 Vest-Agder, Norway",PP-ST,,,,,,approved,true,documentation_verified,Mattilsynet approved establishment #T1147. Scope: Processing plant - smoked/traditional.
T1148,Nils Samuelsen (Mattilsynet #T1148),Nils Samuelsen,Norway,,Birtavarre,"nan, 9147 Birtavarre, Norway",69.4949552,20.8319007,7,"9147 Birtavarre, Norway",PP-ST,,,,,,approved,true,documentation_verified,Mattilsynet approved establishment #T1148. Scope: Processing plant - smoked/traditional.
T1149,Gunnar Anton Fredlund (Mattilsynet #T1149),Gunnar Anton Fredlund,Norway,,Samuelsberg,"Grønnmyrveien 1, 9144 Samuelsberg, Norway",69.541045,20.539444,10,"Grønnmyrveien 1, 9144 Samuelsberg, Norway",PP-ST,,,,,,approved,true,documentation_verified,Mattilsynet approved establishment #T1149. Scope: Processing plant - smoked/traditional.
T1150,Kristoffersen Hugo (Mattilsynet #T1150),Kristoffersen Hugo,Norway,,Rossfjordstraumen,"Jøvik, 9302 Rossfjordstraumen, Norway",62.0,10.0,1,Norway,PP-ST,,,,,978150985,approved,true,documentation_verified,Mattilsynet approved establishment #T1150. Scope: Processing plant - smoked/traditional. Business #978150985.
T1153,Kjell Ivar Johan Lilleng (Mattilsynet #T1153),Kjell Ivar Johan Lilleng,Norway,,Engenes,"Straumbotnveien 38, 9455 Engenes, Norway",68.9097419,17.1975615,10,"Straumbotnveien 38, 9455 Engenes, Norway",PP-ST,,,,,,approved,true,documentation_verified,Mattilsynet approved establishment #T1153. Scope: Processing plant - smoked/traditional.
T1154,Hallgeir Noralf Nilsen (Mattilsynet #T1154),Hallgeir Noralf Nilsen,Norway,,Engenes,"Andørjaveien 2074, 9455 Engenes, Norway",68.9157272,17.2058825,10,"Andørjaveien 2074, 9455 Engenes, Norway",PP-ST,,,,,,approved,true,documentation_verified,Mattilsynet approved establishment #T1154. Scope: Processing plant - smoked/traditional.
T1155,Harry Konrad Adolfsen (Mattilsynet #T1155),Harry Konrad Adolfsen,Norway,,Skjervøy,"Verftsveien 16, 9180 Skjervøy, Norway",70.0322851,20.9644397,10,"Verftsveien 16, 9180 Skjervøy, Norway",PP-ST,,,,,,approved,true,documentation_verified,Mattilsynet approved establishment #T1155. Scope: Processing plant - smoked/traditional.
T1157,Jarle Olsen (Mattilsynet #T1157),Jarle Olsen,Norway,,Spildra,"nan, 9185 Spildra, Norway",69.9968714,21.6835721,8,"Spildra, Dunvik, 9185 Spildra, Norway",PP-ST,,,,,878135172,approved,true,documentation_verified,Mattilsynet approved establishment #T1157. Scope: Processing plant - smoked/traditional. Business #878135172.
T1158,Trond Hågensen As (Mattilsynet #T1158),Trond Hågensen As,Norway,,Skjervøy,"Postboks 286, 9189 Skjervøy, Norway",70.0336172,20.974752,7,"9180 Skjervøy, Norway",PP-ST,,,,,978576974,approved,true,documentation_verified,Mattilsynet approved establishment #T1158. Scope: Processing plant - smoked/traditional. Business #978576974.
T1159,Larsen Olav Fredrik (Mattilsynet #T1159),Larsen Olav Fredrik,Norway,,Moen,"Navaren, 9321 Moen, Norway",69.1304,18.6123,7,"9321 Vest-Agder, Norway",PP-ST,,,,,978366015,approved,true,documentation_verified,Mattilsynet approved establishment #T1159. Scope: Processing plant - smoked/traditional. Business #978366015.
T1162,Jarle Myrhaug (Mattilsynet #T1162),Jarle Myrhaug,Norway,,Birtavarre,"nan, 9147 Birtavarre, Norway",69.4949552,20.8319007,7,"9147 Birtavarre, Norway",PP-ST,,,,,977539293,approved,true,documentation_verified,Mattilsynet approved establishment #T1162. Scope: Processing plant - smoked/traditional. Business #977539293.
T1164,Gamst Steinar (Mattilsynet #T1164),Gamst Steinar,Norway,,Birtavarre,"Langnesbukt, 9147 Birtavarre, Norway",69.4938,20.8321,7,"9147 Vest-Agder, Norway",PP-ST,,,,,974067927,approved,true,documentation_verified,Mattilsynet approved establishment #T1164. Scope: Processing plant - smoked/traditional. Business #974067927.
T1165,Helge Magne Pedersen (Mattilsynet #T1165),Helge Magne Pedersen,Norway,,Birtavarre,"Langnes, 9147 Birtavarre, Norway",69.4938,20.8321,7,"9147 Vest-Agder, Norway",PP-ST,,,,,,approved,true,documentation_verified,Mattilsynet approved establishment #T1165. Scope: Processing plant - smoked/traditional.
T1167,Ole Leon Hanssen (Mattilsynet #T1167),Ole Leon Hanssen,Norway,,Brøstadbotn,"Dyrøyveien 588, 9311 Brøstadbotn, Norway",69.0551262,17.5366341,10,"Dyrøyveien 588, 9311 Brøstadbotn, Norway",PP-ST,,,,,993922447,approved,true,documentation_verified,Mattilsynet approved establishment #T1167. Scope: Processing plant - smoked/traditional. Business #993922447.
T1170,Arnold Jensen (Mattilsynet #T1170),Arnold Jensen,Norway,,Storslett,"Myrslett, 9151 Storslett, Norway",69.7678,21.0247,7,"9151 Vest-Agder, Norway",PP-ST,,,,,969614960,approved,true,documentation_verified,Mattilsynet approved establishment #T1170. Scope: Processing plant - smoked/traditional. Business #969614960.
T1171,Terje Solås (Mattilsynet #T1171),Terje Solås,Norway,,Storslett,"Straumfjordnes, 9151 Storslett, Norway",69.7678,21.0247,7,"9151 Vest-Agder, Norway",PP-ST,,,,,,approved,true,documentation_verified,Mattilsynet approved establishment #T1171. Scope: Processing plant - smoked/traditional.
T1173,Spindaj (Mattilsynet #T1173),Spindaj,Norway,,Spildra,"Dunvik, 9185 Spildra, Norway",69.9962,21.6822,7,"9185 Vest-Agder, Norway","FFPP, PP, PP-ST",,,,,986163034,approved,true,documentation_verified,"Mattilsynet approved establishment #T1173. Scope: Fresh fishery products processing, Processing plant, Processing plant - smoked/traditional. Business #986163034."
T1176,Egil Andersen (Mattilsynet #T1176),Egil Andersen,Norway,,Sørstraumen,"Badderen, 9162 Sørstraumen, Norway",69.8402,21.8679,7,"9162 Vest-Agder, Norway",PP-ST,,,,,,approved,true,documentation_verified,Mattilsynet approved establishment #T1176. Scope: Processing plant - smoked/traditional.
T1179,Odd Isaksen (Mattilsynet #T1179),Odd Isaksen,Norway,,Sørstraumen,"Badderen, 9162 Sørstraumen, Norway",69.8402,21.8679,7,"9162 Vest-Agder, Norway",PP-ST,,,,,980918963,approved,true,documentation_verified,Mattilsynet approved establishment #T1179. Scope: Processing plant - smoked/traditional. Business #980918963.
T1181,Arnold Mikkelsen (Mattilsynet #T1181),Arnold Mikkelsen,Norway,,Storslett,"Stornes, 9151 Storslett, Norway",69.7678,21.0247,7,"9151 Vest-Agder, Norway",PP-ST,,,,,969267632,approved,true,documentation_verified,Mattilsynet approved establishment #T1181. Scope: Processing plant - smoked/traditional. Business #969267632.
T1182,Arnt Torleif Johansen (Mattilsynet #T1182),Arnt Torleif Johansen,Norway,,Birtavarre,"Kåfjorddalen, 9147 Birtavarre, Norway",69.4938,20.8321,7,"9147 Vest-Agder, Norway",PP-ST,,,,,878236092,approved,true,documentation_verified,Mattilsynet approved establishment #T1182. Scope: Processing plant - smoked/traditional. Business #878236092.
T1183,Gudmund H Samuelsen (Mattilsynet #T1183),Gudmund H Samuelsen,Norway,,Birtavarre,"nan, 9147 Birtavarre, Norway",69.4949552,20.8319007,7,"9147 Birtavarre, Norway",PP-ST,,,,,,approved,true,documentation_verified,Mattilsynet approved establishment #T1183. Scope: Processing plant - smoked/traditional.
T1184,Arne Samuelsen (Mattilsynet #T1184),Arne Samuelsen,Norway,,Rotsund,"Rotsundveien 988, 9153 Rotsund, Norway",69.7753877,20.5810459,10,"Rotsundveien 988, 9153 Rotsund, Norway",PP-ST,,,,,,approved,true,documentation_verified,Mattilsynet approved establishment #T1184. Scope: Processing plant - smoked/traditional.
T1185,Bjørg Solveig Johansen (Mattilsynet #T1185),Bjørg Solveig Johansen,Norway,,Skjervøy,"Vorterøy, 9189 Skjervøy, Norway",69.9407925,20.6436834,8,"Vorterøya, Skjervøy, Troms, Norway",PP-ST,,,,,,approved,true,documentation_verified,Mattilsynet approved establishment #T1185. Scope: Processing plant - smoked/traditional.
T1186,Simon Per Petter Fallmyr (Mattilsynet #T1186),Simon Per Petter Fallmyr,Norway,,Harstad,"Stornesveien 368, 9402 Harstad, Norway",68.8530324,16.4887564,10,"Stornesveien 368, 9402 Harstad, Norway",PP-ST,,,,,,approved,true,documentation_verified,Mattilsynet approved establishment #T1186. Scope: Processing plant - smoked/traditional.
T1187,Slottet Fiskebåtrederi As (Mattilsynet #T1187),Slottet Fiskebåtrederi As,Norway,,Rotsund,"Slottet, 9153 Rotsund, Norway",69.7833,20.6,7,"9153 Vest-Agder, Norway",PP-ST,,,,,984211635,approved,true,documentation_verified,Mattilsynet approved establishment #T1187. Scope: Processing plant - smoked/traditional. Business #984211635.
T1188,Jan Kåre Karlsen (Mattilsynet #T1188),Jan Kåre Karlsen,Norway,,Storslett,"Skarpsno 14, 9151 Storslett, Norway",69.7612374,21.0169991,10,"Skarpsno 14, 9151 Storslett, Norway",PP-ST,,,,,978115098,approved,true,documentation_verified,Mattilsynet approved establishment #T1188. Scope: Processing plant - smoked/traditional. Business #978115098.
T1189,Svein Asbjørn Berg (Mattilsynet #T1189),Svein Asbjørn Berg,Norway,,Sørkjosen,"Øvre Baisit 7, 9152 Sørkjosen, Norway",69.7868299,20.9428362,10,"Øvre Baisit 7, 9152 Sørkjosen, Norway",PP-ST,,,,,,approved,true,documentation_verified,Mattilsynet approved establishment #T1189. Scope: Processing plant - smoked/traditional.
T1190,Steffensen Maritim As (Mattilsynet #T1190),Steffensen Maritim As,Norway,,Skjervøy,"Postboks 203, 9189 Skjervøy, Norway",70.0336172,20.974752,7,"9180 Skjervøy, Norway",PP-ST,,,,,986752323,approved,true,documentation_verified,Mattilsynet approved establishment #T1190. Scope: Processing plant - smoked/traditional. Business #986752323.
T1191,Po Myrvoll As (Mattilsynet #T1191),Po Myrvoll As,Norway,,Birtavarre,"Melen, 9147 Birtavarre, Norway",69.4938,20.8321,7,"9147 Vest-Agder, Norway",PP-ST,,,,,997986962,approved,true,documentation_verified,Mattilsynet approved establishment #T1191. Scope: Processing plant - smoked/traditional. Business #997986962.
T1192,Bioform As (Mattilsynet #T1192),Bioform As,Norway,,Sørreisa,"Bjørgaveien 2, 9310 Sørreisa, Norway",69.13189,18.04951,10,"Bjørgaveien 2, 9310 Sørreisa, Norway","FFPP-P, PP-MA",,,,,981549147,approved,true,documentation_verified,"Mattilsynet approved establishment #T1192. Scope: Fresh fishery products processing - pelagic, Processing plant - marine animal products. Business #981549147."
T1195,Kasper Villiam Johannessen (Mattilsynet #T1195),Kasper Villiam Johannessen,Norway,,Storslett,"Oksfjordhamn, 9151 Storslett, Norway",69.7678,21.0247,7,"9151 Vest-Agder, Norway",PP-ST,,,,,,approved,true,documentation_verified,Mattilsynet approved establishment #T1195. Scope: Processing plant - smoked/traditional.
T1198,Roger A Pedersen (Mattilsynet #T1198),Roger A Pedersen,Norway,,Spildra,"Dunvik, 9185 Spildra, Norway",69.9962,21.6822,7,"9185 Vest-Agder, Norway",PP-ST,,,,,978050352,approved,true,documentation_verified,Mattilsynet approved establishment #T1198. Scope: Processing plant - smoked/traditional. Business #978050352.
T1199,Kristian Ingolf Solstad (Mattilsynet #T1199),Kristian Ingolf Solstad,Norway,,Samuelsberg,"Øvermyra, 9144 Samuelsberg, Norway",69.55,20.5333,7,"9144 Vest-Agder, Norway",PP-ST,,,,,,approved,true,documentation_verified,Mattilsynet approved establishment #T1199. Scope: Processing plant - smoked/traditional.
T1200,Arnfinn Pedersen (Mattilsynet #T1200),Arnfinn Pedersen,Norway,,Arnøyhamn,"Langfjord, 9192 Arnøyhamn, Norway",70.0667,20.6667,7,"9192 Vest-Agder, Norway",PP-ST,,,,,978255612,approved,true,documentation_verified,Mattilsynet approved establishment #T1200. Scope: Processing plant - smoked/traditional. Business #978255612.
T1201,Pavel Vavrina (Mattilsynet #T1201),Pavel Vavrina,Norway,,Burfjord,"Stajord, 9161 Burfjord, Norway",69.9394724,22.0095374,9,"Stajordveien, 9161 Burfjord, Norway",PP-ST,,,,,998747457,approved,true,documentation_verified,Mattilsynet approved establishment #T1201. Scope: Processing plant - smoked/traditional. Business #998747457.
T1205,Arctic Filet As (Mattilsynet #T1205),Arctic Filet As,Norway,,Torsken,"Værnesveien 101, 9381 Torsken, Norway",69.336079,17.090874,10,"Værnesveien 101, 9381 Torsken, Norway","FFPP-P, PP",,,,,995345781,approved,true,documentation_verified,"Mattilsynet approved establishment #T1205. Scope: Fresh fishery products processing - pelagic, Processing plant. Business #995345781."
T1208,Kjækan Gård - Trond Jensen (Mattilsynet #T1208),Kjækan Gård - Trond Jensen,Norway,,Sørstraumen,"Kjækan, 9162 Sørstraumen, Norway",69.8402,21.8679,7,"9162 Vest-Agder, Norway","FFPP, FFPP-P, PP-SA, PP-ST",,,,,993702897,approved,true,documentation_verified,"Mattilsynet approved establishment #T1208. Scope: Fresh fishery products processing, Fresh fishery products processing - pelagic, PP-SA, Processing plant - smoked/traditional. Business #993702897."
T1210,Trond Bjørnar Johnsen (Mattilsynet #T1210),Trond Bjørnar Johnsen,Norway,,Sørstraumen,"Dorras, 9162 Sørstraumen, Norway",69.8402,21.8679,7,"9162 Vest-Agder, Norway",PP-ST,,,,,896914502,approved,true,documentation_verified,Mattilsynet approved establishment #T1210. Scope: Processing plant - smoked/traditional. Business #896914502.
T1229,Hans Tore Simonsen (Mattilsynet #T1229),Hans Tore Simonsen,Norway,,Krokelvdalen,"Tønsvikvegen 1174, 9022 Krokelvdalen, Norway",69.7647004,19.2070622,10,"Tønsvikvegen 1174, 9023 Krokelvdalen, Norway",PP-ST,,,,,979879857,approved,true,documentation_verified,Mattilsynet approved establishment #T1229. Scope: Processing plant - smoked/traditional. Business #979879857.
T1231,Vatnan Slipp (Mattilsynet #T1231),Vatnan Slipp,Norway,,Hansnes,"Vatnan, 9130 Hansnes, Norway",69.9624,19.6186,7,"9130 Vest-Agder, Norway",PP-ST,,,,,973354205,approved,true,documentation_verified,Mattilsynet approved establishment #T1231. Scope: Processing plant - smoked/traditional. Business #973354205.
T1232,Pettersen Steinar (Mattilsynet #T1232),Pettersen Steinar,Norway,,Hansnes,"Dåfjord, 9130 Hansnes, Norway",69.9624,19.6186,7,"9130 Vest-Agder, Norway",PP-ST,,,,,972505021,approved,true,documentation_verified,Mattilsynet approved establishment #T1232. Scope: Processing plant - smoked/traditional. Business #972505021.
T1234,Alf Johan Hemmingsen (Mattilsynet #T1234),Alf Johan Hemmingsen,Norway,,Kvaløysletta,"Alf Johan Hemmingsen, 9100 Kvaløysletta, Norway",62.0,10.0,1,Norway,PP-ST,,,,,,approved,true,documentation_verified,Mattilsynet approved establishment #T1234. Scope: Processing plant - smoked/traditional.
T1236,Myrnes Konrad A (Mattilsynet #T1236),Myrnes Konrad A,Norway,,Kvaløysletta,"Naustbuktveien 63, 9100 Kvaløysletta, Norway",62.0,10.0,1,Norway,PP-ST,,,,,969652005,approved,true,documentation_verified,Mattilsynet approved establishment #T1236. Scope: Processing plant - smoked/traditional. Business #969652005.
T1237,Reidar Eilif Pettersen (Mattilsynet #T1237),Reidar Eilif Pettersen,Norway,,Kvaløysletta,"Håkøyveien 309, 9100 Kvaløysletta, Norway",62.0,10.0,1,Norway,PP-ST,,,,,,approved,true,documentation_verified,Mattilsynet approved establishment #T1237. Scope: Processing plant - smoked/traditional.
T1253,Arctic Food Lab As (Mattilsynet #T1253),Arctic Food Lab As,Norway,,Tromsø,"Utsikten 131, 9018 Tromsø, Norway",69.6945194,19.0018327,10,"Utsikten 131, 9018 Tromsø, Norway","FFPP, PP",,,,,834945592,approved,true,documentation_verified,"Mattilsynet approved establishment #T1253. Scope: Fresh fishery products processing, Processing plant. Business #834945592."
T1256,Kato Per Henriksen Løvstad (Mattilsynet #T1256),Kato Per Henriksen Løvstad,Norway,,Botnhamn,"Botnhamnveien 506, 9373 Botnhamn, Norway",69.4954935,17.8567113,10,"Botnhamnveien 506, 9373 Botnhamn, Norway",PP-ST,,,,,,approved,true,documentation_verified,Mattilsynet approved establishment #T1256. Scope: Processing plant - smoked/traditional.
T1260,Årvikbruket As (Mattilsynet #T1260),Årvikbruket As,Norway,,Årviksand,"Årviksand, 9195 Årviksand, Norway",70.1960505,20.5298875,9,"Årviksand barnehage, Ringveien, 9195 Årviksand, Norway",FFPP,,,,,974120909,approved,true,documentation_verified,Mattilsynet approved establishment #T1260. Scope: Fresh fishery products processing. Business #974120909.
T1265,Seabit As (Mattilsynet #T1265),Seabit As,Norway,,Tromsdalen,"Tromsøysundvegen 38, 9020 Tromsdalen, Norway",69.649841,18.983293,10,"Tromsøysundvegen 38, 9020 Tromsdalen, Norway","PP, PP-ST",,,,,922714347,approved,true,documentation_verified,"Mattilsynet approved establishment #T1265. Scope: Processing plant, Processing plant - smoked/traditional. Business #922714347."
T1273,Jensen Paul Oddgeir (Mattilsynet #T1273),Jensen Paul Oddgeir,Norway,,Kvaløya,"Dalvegen 6, 9107 Kvaløya, Norway",69.6916079,18.616718,10,"Dalvegen 6, 9107 Kvaløya, Norway",FFPP,,,,,978189261,approved,true,documentation_verified,Mattilsynet approved establishment #T1273. Scope: Fresh fishery products processing. Business #978189261.
T1276,Chitinor As (Mattilsynet #T1276),Chitinor As,Norway,,Tromsø,"Ringveien 100, 9018 Tromsø, Norway",69.702684,19.01647,10,"Ringvegen 100, 9018 Tromsø, Norway",PP-MA,,,,,932508427,approved,true,documentation_verified,Mattilsynet approved establishment #T1276. Scope: Processing plant - marine animal products. Business #932508427.
T1284,Olsen Kystfiske (Mattilsynet #T1284),Olsen Kystfiske,Norway,,Spildra,"Spilderveien 563, 9185 Spildra, Norway",69.997075,21.705175,10,"Spilderveien 563, 9185 Spildra, Norway",PP-ST,,,,,922557241,approved,true,documentation_verified,Mattilsynet approved establishment #T1284. Scope: Processing plant - smoked/traditional. Business #922557241.
T1289,Oldervik Fiskeindustri As (Mattilsynet #T1289),Oldervik Fiskeindustri As,Norway,,Oldervik,"Oldervikvegen 516, 9034 Oldervik, Norway",69.7550238,19.674682,10,"Oldervikvegen 516, 9034 Oldervik, Norway","FFPP, RW",,,,,987674032,approved,true,documentation_verified,"Mattilsynet approved establishment #T1289. Scope: Fresh fishery products processing, Rewrapping/relabelling. Business #987674032."
T2426,Finnsnes Dykk & Anleggsservice As (Mattilsynet #T2426),Finnsnes Dykk & Anleggsservice As,Norway,,Finnsnes,"Strandveien 112, 9300 Finnsnes, Norway",69.2430379,17.985516,10,"Strandveien 112, 9300 Finnsnes, Norway",FFPP-SA,,,,,984339771,approved,true,documentation_verified,Mattilsynet approved establishment #T2426. Scope: Fresh fishery products processing - salmon/aquaculture. Business #984339771.
T 1160,Domstein Sjømat As Avd Tromsø (Mattilsynet #T 1160),Domstein Sjømat As Avd Tromsø,Norway,,Kvaløya,"Ropnesvegen 69, 9107 Kvaløya, Norway",69.686836,18.735375,10,"Ropnesvegen 69, 9107 Kvaløya, Norway","FFPP, FFPP-P, PP, PP-C",,,,,972186104,approved,true,documentation_verified,"Mattilsynet approved establishment #T 1160. Scope: Fresh fishery products processing, Fresh fishery products processing - pelagic, Processing plant, Processing plant - crustacean. Business #972186104."
TF4,Øksfjord Fiskeindustri As (Mattilsynet #TF4),Øksfjord Fiskeindustri As,Norway,,Øksfjord,"Njordveien 6, 9550 Øksfjord, Norway",70.2369951,22.3506847,10,"Njordveien 6, 9550 Øksfjord, Norway","FFPP, FFPP-P, PP, PP-SA",,,,,924041773,approved,true,documentation_verified,"Mattilsynet approved establishment #TF4. Scope: Fresh fishery products processing, Fresh fishery products processing - pelagic, Processing plant, PP-SA. Business #924041773."
TF7,Amarin As (Mattilsynet #TF7),Amarin As,Norway,,Sørreisa,"Gottesjord, 9310 Sørreisa, Norway",69.172525,18.117988,9,"Gottesjord skole, Vågdalsveien, 9310 Sørreisa, Norway","FFPP, FFPP-P, PP-ST",,,,,896536982,approved,true,documentation_verified,"Mattilsynet approved establishment #TF7. Scope: Fresh fishery products processing, Fresh fishery products processing - pelagic, Processing plant - smoked/traditional. Business #896536982."
TF9,Myre Fiskemottak As Avd Kamøyvær (Mattilsynet #TF9),Myre Fiskemottak As Avd Kamøyvær,Norway,,Kamøyvær,"Risfjordveien 2, 9762 Kamøyvær, Norway",71.042722,25.895346,10,"Risfjordveien 2, 9762 Kamøyvær, Norway","FFPP, FFPP-P, PP, PP-SA",,,,,924885556,approved,true,documentation_verified,"Mattilsynet approved establishment #TF9. Scope: Fresh fishery products processing, Fresh fishery products processing - pelagic, Processing plant, PP-SA. Business #924885556."
TF12,Leif-Ammon Länsman (Mattilsynet #TF12),Leif-Ammon Länsman,Norway,,Varangerbotn,"Rávttebelgeainu 281, 9840 Varangerbotn, Norway",70.150421,28.553257,10,"Rávttebelgeainu 281, 9840 Varangerbotn, Norway",PP-ST,,,,,923098291,approved,true,documentation_verified,Mattilsynet approved establishment #TF12. Scope: Processing plant - smoked/traditional. Business #923098291.
TF14,Gunnar Klo As Avd Myre (Mattilsynet #TF14),Gunnar Klo As Avd Myre,Norway,,Myre,"Havnegata 3, 8430 Myre, Norway",68.9123432,15.0769548,10,"Havnegata 3, 8430 Myre, Norway",FFPP,,,,,973186752,approved,true,documentation_verified,Mattilsynet approved establishment #TF14. Scope: Fresh fishery products processing. Business #973186752.
TF18,Fjordfisker Olsen Inngår I Dødsbo (Mattilsynet #TF18),Fjordfisker Olsen Inngår I Dødsbo,Norway,,Nordre Seiland,"Seilandsveien 218, 9609 Nordre Seiland, Norway",70.5561696,23.4643731,10,"Seilandsveien 218, 9609 Nordre, Norway",PP-ST,,,,,924760249,approved,true,documentation_verified,Mattilsynet approved establishment #TF18. Scope: Processing plant - smoked/traditional. Business #924760249.
TF23,Myre Fiskemottak As Avd Honningsvåg (Mattilsynet #TF23),Myre Fiskemottak As Avd Honningsvåg,Norway,,Honningsvåg,"Kobbhullveien 12, 9750 Honningsvåg, Norway",70.9961824,25.9594309,10,"Kobbhullveien 12, 9750 Honningsvåg, Norway","FFPP, FFPP-P",,,,,925519022,approved,true,documentation_verified,"Mattilsynet approved establishment #TF23. Scope: Fresh fishery products processing, Fresh fishery products processing - pelagic. Business #925519022."
TF24,Mathisen Fjord Og Kystfiske (Mattilsynet #TF24),Mathisen Fjord Og Kystfiske,Norway,,Varangerbotn,"Rávttebelgeainu 1922, 9840 Varangerbotn, Norway",70.076847,28.799976,10,"Rávttebelgeainu 1922, 9840 Varangerbotn, Norway",PP-ST,,,,,919981687,approved,true,documentation_verified,Mattilsynet approved establishment #TF24. Scope: Processing plant - smoked/traditional. Business #919981687.
TF26,Sjøland As (Mattilsynet #TF26),Sjøland As,Norway,,Tromsø,"Håndverkervegen 12, 9018 Tromsø, Norway",69.696851,19.011483,10,"Håndverkervegen 12, 9018 Tromsø, Norway","FFPP, PP",,,,,987792175,approved,true,documentation_verified,"Mattilsynet approved establishment #TF26. Scope: Fresh fishery products processing, Processing plant. Business #987792175."
TF33,Øksfjord Lakseindustri As (Mattilsynet #TF33),Øksfjord Lakseindustri As,Norway,,Øksfjord,"Njordveien 6, 9550 Øksfjord, Norway",70.2369951,22.3506847,10,"Njordveien 6, 9550 Øksfjord, Norway","FFPP, FFPP-P",,,,,825004092,approved,true,documentation_verified,"Mattilsynet approved establishment #TF33. Scope: Fresh fishery products processing, Fresh fishery products processing - pelagic. Business #825004092."
TF48,Budiak Natalia Sin Fiskelykke (Mattilsynet #TF48),Budiak Natalia Sin Fiskelykke,Norway,,Kjøllefjord,"Rådhusveien 3, 9790 Kjøllefjord, Norway",70.944552,27.349388,10,"Rådhusvegen 3, 9790 Kjøllefjord, Norway",PP-ST,,,,,925469394,approved,true,documentation_verified,Mattilsynet approved establishment #TF48. Scope: Processing plant - smoked/traditional. Business #925469394.
TF50,Trond Fjellsaune (Mattilsynet #TF50),Trond Fjellsaune,Norway,,Sandsøy,"Hammarveien 9, 9425 Sandsøy, Norway",68.9533365,16.6549777,10,"Hammarveien 9, 9425 Sandsøy, Norway",PP-ST,,,,,913246713,approved,true,documentation_verified,Mattilsynet approved establishment #TF50. Scope: Processing plant - smoked/traditional. Business #913246713.
TF57,Arctic Catch As (Mattilsynet #TF57),Arctic Catch As,Norway,,Vadsø,"Ørtangen 10, 9800 Vadsø, Norway",70.07132,29.749167,10,"Ørtangen 10, 9800 Vadsø, Norway",FFPP,,,,,993277525,approved,true,documentation_verified,Mattilsynet approved establishment #TF57. Scope: Fresh fishery products processing. Business #993277525.
TF61,Randi Ree (Mattilsynet #TF61),Randi Ree,Norway,,Kårhamn,"Kårhamnsvingen 1, 9657 Kårhamn, Norway",70.54407,23.147105,10,"Kårhamnsvingen 1, 9657 Kårhamn, Norway",PP-ST,,,,,925402591,approved,true,documentation_verified,Mattilsynet approved establishment #TF61. Scope: Processing plant - smoked/traditional. Business #925402591.
TF62,Torsken Fiskeindustri As (Mattilsynet #TF62),Torsken Fiskeindustri As,Norway,,Torsken,"Værnesveien 105, 9381 Torsken, Norway",69.336546,17.093078,10,"Værnesveien 105, 9381 Torsken, Norway","FFPP, FFPP-P, PP, PP-SA, PP-ST",,,,,925631248,approved,true,documentation_verified,"Mattilsynet approved establishment #TF62. Scope: Fresh fishery products processing, Fresh fishery products processing - pelagic, Processing plant, PP-SA, Processing plant - smoked/traditional. Business #925631248."
TF64,Gamst Shilova As (Mattilsynet #TF64),Gamst Shilova As,Norway,,Svartnes,"Svartnes, 9955 Svartnes, Norway",69.3762708,19.1213709,8,"Svartnes ytre, Svartnes, Troms, Norway","FFPP, PP-C",,,,,925805211,approved,true,documentation_verified,"Mattilsynet approved establishment #TF64. Scope: Fresh fishery products processing, Processing plant - crustacean. Business #925805211."
TF66,Dragøy Grossist As (Mattilsynet #TF66),Dragøy Grossist As,Norway,,Tromsø,"Huldervegen 18, 9016 Tromsø, Norway",69.6712549,18.9242365,10,"Huldervegen 18, 9016 Tromsø, Norway","FFPP, FFPP-P, PP-SA",,,,,918486879,approved,true,documentation_verified,"Mattilsynet approved establishment #TF66. Scope: Fresh fishery products processing, Fresh fishery products processing - pelagic, PP-SA. Business #918486879."
TF70,Havøysund Fisk As (Mattilsynet #TF70),Havøysund Fisk As,Norway,,Havøysund,"Strandgata 157, 9690 Havøysund, Norway",70.9955019,24.6666788,10,"Strandgata 157, 9690 Havøysund, Norway","FFPP, FFPP-P, PP, PP-KL, PP-SA",,,,,928521400,approved,true,documentation_verified,"Mattilsynet approved establishment #TF70. Scope: Fresh fishery products processing, Fresh fishery products processing - pelagic, Processing plant, PP-KL, PP-SA. Business #928521400."
TF73,Liholmen Produksjon As (Mattilsynet #TF73),Liholmen Produksjon As,Norway,,Båtsfjord,"Liholmen, 9991 Båtsfjord, Norway",70.6345,29.7185,7,"9991 Vestfold, Norway",PP-MA,,,,,986666931,approved,true,documentation_verified,Mattilsynet approved establishment #TF73. Scope: Processing plant - marine animal products. Business #986666931.
TF75,Meron As (Mattilsynet #TF75),Meron As,Norway,,Tana,"Tanafjordveien 3032, 9841 Tana, Norway",70.43035,28.060582,10,"Tanafjordveien 3032, 9841 Tana, Norway",PP-ST,,,,,923198954,approved,true,documentation_verified,Mattilsynet approved establishment #TF75. Scope: Processing plant - smoked/traditional. Business #923198954.
TF76,Lyder Fisk Torhop (Mattilsynet #TF76),Lyder Fisk Torhop,Norway,,Tana,"Børresenveien 63, 9841 Tana, Norway",70.48483,27.985577,10,"Børresenveien 63, 9841 Tana, Norway",FFPP,,,,,928520188,approved,true,documentation_verified,Mattilsynet approved establishment #TF76. Scope: Fresh fishery products processing. Business #928520188.
TF77,Jacobsens Fisk Og Fangst (Mattilsynet #TF77),Jacobsens Fisk Og Fangst,Norway,,Nikkeby,"Laukøyveien 801, 9193 Nikkeby, Norway",70.12715,20.792197,10,"Laukøyveien 801, 9193 Nikkeby, Norway",PP-ST,,,,,827235482,approved,true,documentation_verified,Mattilsynet approved establishment #TF77. Scope: Processing plant - smoked/traditional. Business #827235482.
TF79,Smalfjord Mottak As (Mattilsynet #TF79),Smalfjord Mottak As,Norway,,Tana,"Masjokdalen 112, 9841 Tana, Norway",70.285688,28.122184,10,"Masjokdalen 112, 9841 Tana, Norway",FFPP,,,,,928282112,approved,true,documentation_verified,Mattilsynet approved establishment #TF79. Scope: Fresh fishery products processing. Business #928282112.
TF83,Jan Gunnar Nilsen (Mattilsynet #TF83),Jan Gunnar Nilsen,Norway,,Lakselvbukt,"Sørstraumvegen 679, 9045 Lakselvbukt, Norway",69.411748,19.552608,10,"Sørstraumvegen 679, 9045 Tromsø, Norway",PP-ST,,,,,,approved,true,documentation_verified,Mattilsynet approved establishment #TF83. Scope: Processing plant - smoked/traditional.
TF95,Lyngsskjellan V/Arne Samuelsen (Mattilsynet #TF95),Lyngsskjellan V/Arne Samuelsen,Norway,,Olderdalen,"Gambukta 18, 9146 Olderdalen, Norway",69.749368,20.485975,10,"Gambukta 18, 9146 Olderdalen, Norway",PP-MA,,,,,913611098,approved,true,documentation_verified,Mattilsynet approved establishment #TF95. Scope: Processing plant - marine animal products. Business #913611098.
TF104,Tromsø Sentralkjøkken (Mattilsynet #TF104),Tromsø Sentralkjøkken,Norway,,Tromsdalen,"Solstrandveien 1, 9020 Tromsdalen, Norway",69.65,19.0167,7,"9020 Vest-Agder, Norway",FFPP-P,,,,,928485528,approved,true,documentation_verified,Mattilsynet approved establishment #TF104. Scope: Fresh fishery products processing - pelagic. Business #928485528.
TF107,Sufi As Avd Bergsfjord (Mattilsynet #TF107),Sufi As Avd Bergsfjord,Norway,,Bergsfjord,"Solveien 38, 9580 Bergsfjord, Norway",70.252302,21.784642,10,"Solveien 38, 9580 Bergsfjord, Norway","FFPP, FFPP-P, PP, PP-ST",,,,,932838036,approved,true,documentation_verified,"Mattilsynet approved establishment #TF107. Scope: Fresh fishery products processing, Fresh fishery products processing - pelagic, Processing plant, Processing plant - smoked/traditional. Business #932838036."
TF423,Salmar As Avd Slakterianlegg (Mattilsynet #TF423),Salmar As Avd Slakterianlegg,Norway,,Silsand,"Vikaveien 419, 9303 Silsand, Norway",69.276279,17.922291,10,"Vikaveien 419, 9303 Silsand, Norway","FFPP-P, FFPP-SA",,,,,921886772,approved,true,documentation_verified,"Mattilsynet approved establishment #TF423. Scope: Fresh fishery products processing - pelagic, Fresh fishery products processing - salmon/aquaculture. Business #921886772."
TK73,Kragerø Sjømat As (Mattilsynet #TK73),Kragerø Sjømat As,Norway,,Kragerø,"Brygga 3, 3770 Kragerø, Norway",58.8693,9.4149,7,"3770 Møre og Romsdal fylke, Norway","FFPP, PP, PP-C",,,,,971722363,approved,true,documentation_verified,"Mattilsynet approved establishment #TK73. Scope: Fresh fishery products processing, Processing plant, Processing plant - crustacean. Business #971722363."
TK75,Langesundfisk As (Mattilsynet #TK75),Langesundfisk As,Norway,,Langesund,"Stoa 13, 3970 Langesund, Norway",59.0078423,9.7469378,10,"Stoa 13, 3970 Langesund, Norway","FFPP, PP, PP-C",,,,,914909856,approved,true,documentation_verified,"Mattilsynet approved establishment #TK75. Scope: Fresh fishery products processing, Processing plant, Processing plant - crustacean. Business #914909856."
TK241,Norsk Fiskeeksport As (Mattilsynet #TK241),Norsk Fiskeeksport As,Norway,,Notodden,"Tinnegrendvegen 93, 3683 Notodden, Norway",59.549963,9.289652,10,"Tinnegrendvegen 93, 3683 Notodden, Norway",FFPP-P,,,,,932994275,approved,true,documentation_verified,Mattilsynet approved establishment #TK241. Scope: Fresh fishery products processing - pelagic. Business #932994275.
TK243,Hima Seafood Rjukan As Avd Prod Av Matfisk (Mattilsynet #TK243),Hima Seafood Rjukan As Avd Prod Av Matfisk,Norway,,Rjukan,"Svaddeveien 129, 3660 Rjukan, Norway",59.8801788,8.6595675,10,"Svaddevegen 129, 3660 Rjukan, Norway",FFPP-SA,,,,,915331823,approved,true,documentation_verified,Mattilsynet approved establishment #TK243. Scope: Fresh fishery products processing - salmon/aquaculture. Business #915331823.
TK407,Lunde Arild (Mattilsynet #TK407),Lunde Arild,Norway,,Porsgrunn,"Nystrandveien 86, 3944 Porsgrunn, Norway",59.1107938,9.7112314,10,"Nystrandvegen 86, 3944 Porsgrunn, Norway",PP-C,,,,,978443095,approved,true,documentation_verified,Mattilsynet approved establishment #TK407. Scope: Processing plant - crustacean. Business #978443095.
TK426,Espen Danielsen (Mattilsynet #TK426),Espen Danielsen,Norway,,Porsgrunn,"Ugleveien 8, 3940 Porsgrunn, Norway",59.0815508,9.672695,10,"Uglevegen 8, 3940 Porsgrunn, Norway",PP-C,,,,,979328192,approved,true,documentation_verified,Mattilsynet approved establishment #TK426. Scope: Processing plant - crustacean. Business #979328192.
TK427,Alf Thommesen (Mattilsynet #TK427),Alf Thommesen,Norway,,Langesund,"Vaterlands Gate 22, 3970 Langesund, Norway",58.99832,9.74972,10,"Vaterlands gate 22, 3970 Langesund, Norway",PP-C,,,,,978345379,approved,true,documentation_verified,Mattilsynet approved establishment #TK427. Scope: Processing plant - crustacean. Business #978345379.
TK429,Thomsen Thor-Olaf (Mattilsynet #TK429),Thomsen Thor-Olaf,Norway,,Langesund,"Ørvikveien 36, 3970 Langesund, Norway",59.0173569,9.7446722,10,"Ørvikveien 36, 3970 Langesund, Norway",PP-C,,,,,978102948,approved,true,documentation_verified,Mattilsynet approved establishment #TK429. Scope: Processing plant - crustacean. Business #978102948.
TK430,Tverrån Arne Helge (Mattilsynet #TK430),Tverrån Arne Helge,Norway,,Stathelle,"Frosteveien 251, 3967 Stathelle, Norway",58.9478754,9.5105076,10,"Frosteveien 251, 3967 Stathelle, Norway",PP-C,,,,,986687459,approved,true,documentation_verified,Mattilsynet approved establishment #TK430. Scope: Processing plant - crustacean. Business #986687459.
TK438,Telemarkrøye As (Mattilsynet #TK438),Telemarkrøye As,Norway,,Fyresdal,"Molandsmoen 3, 3870 Fyresdal, Norway",59.2040925,8.0845339,10,"Molandsmoen 3, 3870 Fyresdal, Norway",FFPP-SA,,,,,998141311,approved,true,documentation_verified,Mattilsynet approved establishment #TK438. Scope: Fresh fishery products processing - salmon/aquaculture. Business #998141311.
TK440,Langesund Sjømat As (Mattilsynet #TK440),Langesund Sjømat As,Norway,,Langesund,"Stoa 7, 3970 Langesund, Norway",59.0080441,9.7462807,10,"Stoa 7, 3970 Langesund, Norway","PP, RW",,,,,971823003,approved,true,documentation_verified,"Mattilsynet approved establishment #TK440. Scope: Processing plant, Rewrapping/relabelling. Business #971823003."
TL3,Blåfjell As (Mattilsynet #TL3),Blåfjell As,Norway,,Sørli,"Jule Industriområde, 7884 Sørli, Norway",64.2236,13.8343,7,"7884 Telemark, Norway","FFPP-P, FFPP-SA",,,,,816514932,approved,true,documentation_verified,"Mattilsynet approved establishment #TL3. Scope: Fresh fishery products processing - pelagic, Fresh fishery products processing - salmon/aquaculture. Business #816514932."
TL6,Vikahav As (Mattilsynet #TL6),Vikahav As,Norway,,Roan,"Myrahaugen 19, 7180 Roan, Norway",64.1771322,10.219263,10,"Myrahaugen 19, 7180 Roan, Norway",FFPP-SA,,,,,998635799,approved,true,documentation_verified,Mattilsynet approved establishment #TL6. Scope: Fresh fishery products processing - salmon/aquaculture. Business #998635799.
TL7,Frøya Gourmet As (Mattilsynet #TL7),Frøya Gourmet As,Norway,,Dyrvik,"Norfrøyveien 957, 7270 Dyrvik, Norway",59.87182,5.17928,9,"Bømlo, Vestland, Norway","FFPP, FFPP-P",,,,,920781918,approved,true,documentation_verified,"Mattilsynet approved establishment #TL7. Scope: Fresh fishery products processing, Fresh fishery products processing - pelagic. Business #920781918."
TL11,Abelvær Filetfabrikk As (Mattilsynet #TL11),Abelvær Filetfabrikk As,Norway,,Abelvær,"Abelværvegen 1773, 7950 Abelvær, Norway",64.73263,11.182752,10,"Abelværvegen 1773, 7950 Abelvær, Norway",FFPP-P,,,,,922560420,approved,true,documentation_verified,Mattilsynet approved establishment #TL11. Scope: Fresh fishery products processing - pelagic. Business #922560420.
TL15,Hbc Berkåk As (Mattilsynet #TL15),Hbc Berkåk As,Norway,,Rennebu,"Postmyrveien 20, 7391 Rennebu, Norway",62.8319392,10.014939,10,"Postmyrveien 20, 7391 Rennebu, Norway",PP-MA,,,,,899098382,approved,true,documentation_verified,Mattilsynet approved establishment #TL15. Scope: Processing plant - marine animal products. Business #899098382.
TL16,Hitra Salmon As (Mattilsynet #TL16),Hitra Salmon As,Norway,,Melandsjø,"Svenesveien 3, 7250 Melandsjø, Norway",63.610274,8.852662,10,"Svenesveien 3, 7250 Melandsjø, Norway","PP, PP-C",,,,,920841554,approved,true,documentation_verified,"Mattilsynet approved establishment #TL16. Scope: Processing plant, Processing plant - crustacean. Business #920841554."
TL17,Sintef Ocean As (Mattilsynet #TL17),Sintef Ocean As,Norway,,Trondheim,"Brattørkaia 17c, 7010 Trondheim, Norway",63.437375,10.397495,10,"Brattørkaia 17C, 7010 Trondheim, Norway",PP-MA,,,,,972130931,approved,true,documentation_verified,Mattilsynet approved establishment #TL17. Scope: Processing plant - marine animal products. Business #972130931.
TL23,Grøntvedt Pelagic As Avd Uthaug (Mattilsynet #TL23),Grøntvedt Pelagic As Avd Uthaug,Norway,,Brekstad,"Vestre Brekstad, 7130 Brekstad, Norway",63.6855972,9.6508639,8,"7130 Brekstad, Norway",RW,,,,,974158930,approved,true,documentation_verified,Mattilsynet approved establishment #TL23. Scope: Rewrapping/relabelling. Business #974158930.
TL25,Krifo Fisk Og Fiskmat As (Mattilsynet #TL25),Krifo Fisk Og Fiskmat As,Norway,,Roan,"Roan Havn 37, 7180 Roan, Norway",64.176981,10.214069,10,"Roan havn 37, 7180 Roan, Norway","FFPP, FFPP-P, PP, PP-SA",,,,,820424832,approved,true,documentation_verified,"Mattilsynet approved establishment #TL25. Scope: Fresh fishery products processing, Fresh fishery products processing - pelagic, Processing plant, PP-SA. Business #820424832."
TL26,Karmaceli As (Mattilsynet #TL26),Karmaceli As,Norway,,Steinsdalen,"Strandaveien 264, 7740 Steinsdalen, Norway",64.3278038,10.4456484,10,"Strandaveien 264, 7740 Steinsdalen, Norway","FFPP, FFPP-P, RW",,,,,985209510,approved,true,documentation_verified,"Mattilsynet approved establishment #TL26. Scope: Fresh fishery products processing, Fresh fishery products processing - pelagic, Rewrapping/relabelling. Business #985209510."
TL29,Kime Akva Uttian As (Mattilsynet #TL29),Kime Akva Uttian As,Norway,,Dyrvik,"Hestøyveien 66, 7270 Dyrvik, Norway",63.763588,8.8610641,10,"Hestøyveien 66, 7270 Dyrvik, Norway",FFPP,,,,,826427922,approved,true,documentation_verified,Mattilsynet approved establishment #TL29. Scope: Fresh fishery products processing. Business #826427922.
TL33,Lerøy Norge As Avd Trondheim (Mattilsynet #TL33),Lerøy Norge As Avd Trondheim,Norway,,Trondheim,"Pir I 7, 7010 Trondheim, Norway",63.4431633,10.4058564,10,"Pir I 7, 7010 Trondheim, Norway",FFPP-P,,,,,976950666,approved,true,documentation_verified,Mattilsynet approved establishment #TL33. Scope: Fresh fishery products processing - pelagic. Business #976950666.
TL35,Hansson As (Mattilsynet #TL35),Hansson As,Norway,,Åfjord,"Frøneshaugen, 7170 Åfjord, Norway",63.9602766,10.2169868,9,"Frøneshaugen, 7170 Åfjord, Norway",FFPP,,,,,914348900,approved,true,documentation_verified,Mattilsynet approved establishment #TL35. Scope: Fresh fishery products processing. Business #914348900.
TL36,Frøy Rederi As (Mattilsynet #TL36),Frøy Rederi As,Norway,,Sistranda,"Nordfrøyveien 213, 7260 Sistranda, Norway",63.713969,8.842019,10,"Nordfrøyveien 213, 7260 Sistranda, Norway",FFPP-SA,,,,,911626675,approved,true,documentation_verified,Mattilsynet approved establishment #TL36. Scope: Fresh fishery products processing - salmon/aquaculture. Business #911626675.
TL39,Thai Tham As (Mattilsynet #TL39),Thai Tham As,Norway,,Steinkjer,"Hallemvegen 20, 7715 Steinkjer, Norway",64.032796,11.488468,10,"Hallemvegen 20, 7715 Steinkjer, Norway",PP,,,,,920707882,approved,true,documentation_verified,Mattilsynet approved establishment #TL39. Scope: Processing plant. Business #920707882.
TL40,Grøntvedt Pelagic As Avd Uthaug Grøntvedt Nutri (Mattilsynet #TL40),Grøntvedt Pelagic As Avd Uthaug Grøntvedt Nutri,Norway,,Uthaug,"Havneveien 1, 7142 Uthaug, Norway",63.7282852,9.5892757,10,"Havneveien 1, 7142 Uthaug, Norway",PP-MA,,,,,922711240,approved,true,documentation_verified,Mattilsynet approved establishment #TL40. Scope: Processing plant - marine animal products. Business #922711240.
TL41,Grande Sjømat As (Mattilsynet #TL41),Grande Sjømat As,Norway,,Uthaug,"Havneveien 55, 7142 Uthaug, Norway",63.724517,9.586846,10,"Havneveien 55, 7142 Uthaug, Norway",FFPP,,,,,972109290,approved,true,documentation_verified,Mattilsynet approved establishment #TL41. Scope: Fresh fishery products processing. Business #972109290.
TL42,Hyra Shellfish As (Mattilsynet #TL42),Hyra Shellfish As,Norway,,Ottersøy,"Eidshaugvegen 1650, 7940 Ottersøy, Norway",64.93183,11.451449,10,"Eidshaugvegen 1650, 7940 Ottersøy, Norway","FFPP, PP-C",,,,,931707795,approved,true,documentation_verified,"Mattilsynet approved establishment #TL42. Scope: Fresh fishery products processing, Processing plant - crustacean. Business #931707795."
TL43,Nutrishell As (Mattilsynet #TL43),Nutrishell As,Norway,,Ansnes,"Knarrlagsundveien 325, 7241 Ansnes, Norway",63.650603,9.026826,10,"Knarrlagsundveien 325, 7241 Ansnes, Norway",PP-MA,,,,,926825348,approved,true,documentation_verified,Mattilsynet approved establishment #TL43. Scope: Processing plant - marine animal products. Business #926825348.
TL49,Hubert Weigold (Mattilsynet #TL49),Hubert Weigold,Norway,,Sundlandet,"Vingvågen 41, 7255 Sundlandet, Norway",63.518077,9.293727,10,"Vingvågen 41, 7255 Sundlandet, Norway",PP,,,,,994349775,approved,true,documentation_verified,Mattilsynet approved establishment #TL49. Scope: Processing plant. Business #994349775.
TL50,Kokkeriet As (Mattilsynet #TL50),Kokkeriet As,Norway,,Trondheim,"Tempeveien 33-35, 7031 Trondheim, 7031 Trondheim, Norway",63.4305,10.3951,7,"7031 Trondheim, Norway",RW,,,,,818427492,approved,true,documentation_verified,Mattilsynet approved establishment #TL50. Scope: Rewrapping/relabelling. Business #818427492.
TL51,Roan Lakseslakteri As (Mattilsynet #TL51),Roan Lakseslakteri As,Norway,,Roan,"Roan Havn 37, 7180 Roan, Norway",64.176981,10.214069,10,"Roan havn 37, 7180 Roan, Norway","FFPP-P, FFPP-SA",,,,,932446545,approved,true,documentation_verified,"Mattilsynet approved establishment #TL51. Scope: Fresh fishery products processing - pelagic, Fresh fishery products processing - salmon/aquaculture. Business #932446545."
TL52,Måsøval Harvest As (Mattilsynet #TL52),Måsøval Harvest As,Norway,,Knarrlagsund,"Ulvøyveien 177, 7242 Knarrlagsund, Norway",63.6720849,9.0354051,10,"Ulvøyveien 177, 7242 Knarrlagsund, Norway","FFPP-P, FFPP-SA",,,,,933059863,approved,true,documentation_verified,"Mattilsynet approved establishment #TL52. Scope: Fresh fishery products processing - pelagic, Fresh fishery products processing - salmon/aquaculture. Business #933059863."
TL54,Rørosfisk As (Mattilsynet #TL54),Rørosfisk As,Norway,,Glåmos,"Aursundveien 1272, 7372 Glåmos, Norway",62.6916225,11.5822553,10,"Aursundveien 1272, 7372 Glåmos, Norway","FFPP-P, PP",,,,,933475107,approved,true,documentation_verified,"Mattilsynet approved establishment #TL54. Scope: Fresh fishery products processing - pelagic, Processing plant. Business #933475107."
TL55,Grande Sjømat As (Mattilsynet #TL55),Grande Sjømat As,Norway,,Flatanger,"Kvaløysæter Kai, 7770 Flatanger, Norway",64.5006,10.894,7,"7770 Telemark, Norway",FFPP,,,,,972109290,approved,true,documentation_verified,Mattilsynet approved establishment #TL55. Scope: Fresh fishery products processing. Business #972109290.
TL56,Produksjonskjøkken (Mattilsynet #TL56),Produksjonskjøkken,Norway,,Charlottenlund,"Ranheimsvegen 91, 7060 Charlottenlund, Norway",63.432154,10.494521,10,"Ranheimsvegen 91, 7060 Trondheim, Norway",FFPP-P,,,,,985627576,approved,true,documentation_verified,Mattilsynet approved establishment #TL56. Scope: Fresh fishery products processing - pelagic. Business #985627576.
TL 37,Rørvik Fisk As (Mattilsynet #TL 37),Rørvik Fisk As,Norway,,Austafjord,"Ramstadlandveien 692, 7924 Austafjord, Norway",64.957971,10.989766,10,"Ramstadlandveien 692, 7924 Austafjord, Norway",FFPP,,,,,884084652,approved,true,documentation_verified,Mattilsynet approved establishment #TL 37. Scope: Fresh fishery products processing. Business #884084652.
VA2,Båly Fisk As (Mattilsynet #VA2),Båly Fisk As,Norway,,Spangereid,"Båly, 4521 Spangereid, Norway",58.0409892,7.1503565,8,"4521 Lindesnes, Norway","FFPP, FFPP-P",,,,,990629897,approved,true,documentation_verified,"Mattilsynet approved establishment #VA2. Scope: Fresh fishery products processing, Fresh fishery products processing - pelagic. Business #990629897."
VA62,Finny Sirevaag As (Mattilsynet #VA62),Finny Sirevaag As,Norway,,Åna-Sira,"Midtbø 1, 4420 Åna-Sira, Norway",58.2908171,6.4414391,10,"Midtbø 1, 4420 Åna-Sira, Norway","PP, PP-MA",,,,,984260016,approved,true,documentation_verified,"Mattilsynet approved establishment #VA62. Scope: Processing plant, Processing plant - marine animal products. Business #984260016."
VA69,Hidra Fiskemottak As (Mattilsynet #VA69),Hidra Fiskemottak As,Norway,,Hidrasund,"Kirkehamnveien 154, 4432 Hidrasund, Norway",58.2326399,6.5353555,10,"Kirkehamnveien 154, 4432 Hidrasund, Norway","FFPP, FFPP-S, PP-C",,,,,971785896,approved,true,documentation_verified,"Mattilsynet approved establishment #VA69. Scope: Fresh fishery products processing, FFPP-S, Processing plant - crustacean. Business #971785896."
VA90,Fiskelaget As (Mattilsynet #VA90),Fiskelaget As,Norway,,Mandal,"Gismerøyveien 150, 4515 Mandal, Norway",58.0183981,7.4776181,10,"Gismerøyveien 150, 4515 Mandal, Norway","FFPP, FFPP-P, PP",,,,,887263752,approved,true,documentation_verified,"Mattilsynet approved establishment #VA90. Scope: Fresh fishery products processing, Fresh fishery products processing - pelagic, Processing plant. Business #887263752."
VA94,Fiskesalg As Avd Gravane (Mattilsynet #VA94),Fiskesalg As Avd Gravane,Norway,,Kristiansand S,"Gravane 8, 4610 Kristiansand S, Norway",58.1412892,7.9950217,10,"Gravane 8, 4610 Kristiansand, Norway","FFPP, FFPP-P, PP",,,,,973210785,approved,true,documentation_verified,"Mattilsynet approved establishment #VA94. Scope: Fresh fishery products processing, Fresh fishery products processing - pelagic, Processing plant. Business #973210785."
VA96,Reinhartsen Engros As (Mattilsynet #VA96),Reinhartsen Engros As,Norway,,Kristiansand S,"Gravane 8, 4610 Kristiansand S, Norway",58.1412892,7.9950217,10,"Gravane 8, 4610 Kristiansand, Norway","FFPP, FFPP-P, PP",,,,,995729385,approved,true,documentation_verified,"Mattilsynet approved establishment #VA96. Scope: Fresh fishery products processing, Fresh fishery products processing - pelagic, Processing plant. Business #995729385."
VA202,Flykjøkkenet As (Mattilsynet #VA202),Flykjøkkenet As,Norway,,Vanse,"Lista Fly Og Næringspark, 4560 Vanse, Norway",58.1167,6.7,7,"4560 Nord-Trøndelag, Norway",FFPP-P,,,,,980526623,approved,true,documentation_verified,Mattilsynet approved establishment #VA202. Scope: Fresh fishery products processing - pelagic. Business #980526623.
VA207,Gorines As (Mattilsynet #VA207),Gorines As,Norway,,Lillesand,"Skytterheia 7, 4790 Lillesand, Norway",58.239939,8.30525,10,"Skytterheia 7, 4790 Lillesand, Norway",PP,,,,,994575511,approved,true,documentation_verified,Mattilsynet approved establishment #VA207. Scope: Processing plant. Business #994575511.
VA456,Stolt Sea Farm Turbot Norway As (Mattilsynet #VA456),Stolt Sea Farm Turbot Norway As,Norway,,Øyestranda,"Øyesletta 63, 4484 Øyestranda, Norway",58.2775623,6.8878767,10,"Øyesletta 63, 4484 Øyestranda, Norway",FFPP-S,,,,,977359260,approved,true,documentation_verified,Mattilsynet approved establishment #VA456. Scope: FFPP-S. Business #977359260.
VA 204,Domstein Sjømat As Avd Kristiansand (Mattilsynet #VA 204),Domstein Sjømat As Avd Kristiansand,Norway,,Flekkerøy,"Østerøya 242, 4625 Flekkerøy, Norway",58.0780535,8.0136497,10,"Østerøya 242, 4625 Flekkerøy, Norway","FFPP, FFPP-P",,,,,979195095,approved,true,documentation_verified,"Mattilsynet approved establishment #VA 204. Scope: Fresh fishery products processing, Fresh fishery products processing - pelagic. Business #979195095."
VF58,Brødr Berggren As (Mattilsynet #VF58),Brødr Berggren As,Norway,,Stavern,"Tollbodgt. 1, 3290 Stavern, Norway",59.0,10.0333,7,"3290 Hordaland, Norway",FFPP,,,,,974073420,approved,true,documentation_verified,Mattilsynet approved establishment #VF58. Scope: Fresh fishery products processing. Business #974073420.
VF60,Brødr Berggren As (Mattilsynet #VF60),Brødr Berggren As,Norway,,Sandefjord,"Brygga 11, 3210 Sandefjord, Norway",59.1275127,10.2324053,10,"Brygga 11, 3210 Sandefjord, Norway","FFPP, FFPP-P, PP",,,,,974073420,approved,true,documentation_verified,"Mattilsynet approved establishment #VF60. Scope: Fresh fishery products processing, Fresh fishery products processing - pelagic, Processing plant. Business #974073420."
VF64,Brødr Berggren As (Mattilsynet #VF64),Brødr Berggren As,Norway,,Hvasser,"Fynveien 1, 3148 Hvasser, Norway",59.0813084,10.4515671,10,"Fynveien 1, 3148 Hvasser, Norway","FFPP, FFPP-P",,,,,974073420,approved,true,documentation_verified,"Mattilsynet approved establishment #VF64. Scope: Fresh fishery products processing, Fresh fishery products processing - pelagic. Business #974073420."
VF203,Matbørsen As (Mattilsynet #VF203),Matbørsen As,Norway,,Stokke,"Borgeskogen, 3160 Stokke, Norway",59.2236,10.3003,7,"3160 Hordaland, Norway","PP, PP-C",,,,,974274213,approved,true,documentation_verified,"Mattilsynet approved establishment #VF203. Scope: Processing plant, Processing plant - crustacean. Business #974274213."
VF242,Færder Fiskemottak As (Mattilsynet #VF242),Færder Fiskemottak As,Norway,,Nøtterøy,"Tenvikveien 373, 3140 Nøtterøy, Norway",59.1763046,10.3640969,10,"Tenvikveien 373, 3140 Nøtterøy, Norway",FFPP,,,,,933169081,approved,true,documentation_verified,Mattilsynet approved establishment #VF242. Scope: Fresh fishery products processing. Business #933169081.
VF246,Futurum Seafood As Avd Asker (Mattilsynet #VF246),Futurum Seafood As Avd Asker,Norway,,Stokke,"Borgeskogen 65, 3160 Stokke, Norway",59.249169,10.255656,10,"Borgeskogen 65, 3160 Stokke, Norway","FFPP-P, PP, PP-C",,,,,917893705,approved,true,documentation_verified,"Mattilsynet approved establishment #VF246. Scope: Fresh fishery products processing - pelagic, Processing plant, Processing plant - crustacean. Business #917893705."
VF328,Basf As Avd Sandefjord (Mattilsynet #VF328),Basf As Avd Sandefjord,Norway,,Sandefjord,"Framnesveien 41, 3222 Sandefjord, Norway",59.1106322,10.2319388,10,"Framnesveien 41, 3222 Sandefjord, Norway",PP-MA,,,,,873159502,approved,true,documentation_verified,Mattilsynet approved establishment #VF328. Scope: Processing plant - marine animal products. Business #873159502.
VF331,Nevlunghavn Brygge As (Mattilsynet #VF331),Nevlunghavn Brygge As,Norway,,Nevlunghavn,"Brunlanesveien 1505, 3296 Nevlunghavn, Norway",58.9679973,9.8687143,10,"Brunlanesveien 1505, 3296 Nevlunghavn, Norway",FFPP,,,,,914960703,approved,true,documentation_verified,Mattilsynet approved establishment #VF331. Scope: Fresh fishery products processing. Business #914960703.
VI1,Troll Salmon As (Mattilsynet #VI1),Troll Salmon As,Norway,,Vestby,"Torvuttaket 78, 1540 Vestby, Norway",59.58045,10.74544,10,"Torvuttaket 78, 1540 Vestby, Norway","FFPP-P, PP",,,,,924205180,approved,true,documentation_verified,"Mattilsynet approved establishment #VI1. Scope: Fresh fishery products processing - pelagic, Processing plant. Business #924205180."
VI3,Live Seafood Center As Avd. Kløfta (Mattilsynet #VI3),Live Seafood Center As Avd. Kløfta,Norway,,Kløfta,"Dyrskuevegen 3, 2040 Kløfta, Norway",60.081923,11.14505,10,"Dyrskuevegen 3, 2040 Kløfta, Norway",RW,,,,,924833718,approved,true,documentation_verified,Mattilsynet approved establishment #VI3. Scope: Rewrapping/relabelling. Business #924833718.
VI4,Healthpack As (Mattilsynet #VI4),Healthpack As,Norway,,Drammen,"Nypeveien 15, 3032 Drammen, Norway",59.7059373,10.1575247,10,"Nypeveien 15, 3032 Drammen, Norway",RW,,,,,918863737,approved,true,documentation_verified,Mattilsynet approved establishment #VI4. Scope: Rewrapping/relabelling. Business #918863737.
VI6,Nordic Kingfish Fredrikstad As Avd Fiskeslakteri (Mattilsynet #VI6),Nordic Kingfish Fredrikstad As Avd Fiskeslakteri,Norway,,Gamle Fredrikstad,"C/O Øra Industripark As, 1630 Gamle Fredrikstad, Norway",59.2181,10.9298,5,"Fredrikstad, Østfold fylke, Norway",FFPP-SA,,,,,926496980,approved,true,documentation_verified,Mattilsynet approved establishment #VI6. Scope: Fresh fishery products processing - salmon/aquaculture. Business #926496980.
VI12,Nutritionlab As (Mattilsynet #VI12),Nutritionlab As,Norway,,Moss,"Solgaard Skog 3, 1599 Moss, Norway",59.4399512,10.69705,10,"Solgaard skog 3, 1599 Moss, Norway",PP-MA,,,,,918140603,approved,true,documentation_verified,Mattilsynet approved establishment #VI12. Scope: Processing plant - marine animal products. Business #918140603.
VI16,Hvaler Krabbe As (Mattilsynet #VI16),Hvaler Krabbe As,Norway,,Greåker,"Greåkerveien 145, 1718 Greåker, Norway",59.2662693,11.0321951,10,"Greåkerveien 145, 1718 Greåker, Norway",PP-C,,,,,825359532,approved,true,documentation_verified,Mattilsynet approved establishment #VI16. Scope: Processing plant - crustacean. Business #825359532.
VI17,Domstein Sjømat As Avd Oslo (Mattilsynet #VI17),Domstein Sjømat As Avd Oslo,Norway,,Hagan,"Brennaveien 20b, 1481 Hagan, Norway",59.9898444,10.9078815,10,"Brennaveien 20B, 1481 Hagan, Norway","FFPP-P, RW",,,,,996339025,approved,true,documentation_verified,"Mattilsynet approved establishment #VI17. Scope: Fresh fishery products processing - pelagic, Rewrapping/relabelling. Business #996339025."
VI18,Filetfabrikken As (Mattilsynet #VI18),Filetfabrikken As,Norway,,Hagan,"Brennaveien 20b, 1481 Hagan, Norway",59.9898444,10.9078815,10,"Brennaveien 20B, 1481 Hagan, Norway",FFPP-P,,,,,929388879,approved,true,documentation_verified,Mattilsynet approved establishment #VI18. Scope: Fresh fishery products processing - pelagic. Business #929388879.
VI19,Domstein Sjømat Produksjon As (Mattilsynet #VI19),Domstein Sjømat Produksjon As,Norway,,Hagan,"Brenneaveien 20b, 1481 Hagan, Norway",59.9974,10.9184,7,"1481 Aust-Agder, Norway",PP,,,,,999105467,approved,true,documentation_verified,Mattilsynet approved establishment #VI19. Scope: Processing plant. Business #999105467.
VI20,1814salmon As (Mattilsynet #VI20),1814salmon As,Norway,,Dal,"Industrivegen 82, 2072 Dal, Norway",60.2504725,11.1927907,10,"Industrivegen 82, 2072 Dal, Norway",FFPP-P,,,,,929508998,approved,true,documentation_verified,Mattilsynet approved establishment #VI20. Scope: Fresh fishery products processing - pelagic. Business #929508998.
VI21,Aker Biomarine Understory As Avd Lysaker (Mattilsynet #VI21),Aker Biomarine Understory As Avd Lysaker,Norway,,Ski,"Anolitveien 1-3, 1400 Ski, Norway",59.7167935,10.8644929,9,"Anolitveien, 1400 Ski, Norway",PP-MA,,,,,932572249,approved,true,documentation_verified,Mattilsynet approved establishment #VI21. Scope: Processing plant - marine animal products. Business #932572249.
VL2,Taumar As (Mattilsynet #VL2),Taumar As,Norway,,Bømlo,"Hovlandsvegen 18, 5443 Bømlo, Norway",59.6020566,5.2107271,10,"Hovlandsvegen 18, 5443 Bømlo, Norway",FFPP-SA,,,,,924657820,approved,true,documentation_verified,Mattilsynet approved establishment #VL2. Scope: Fresh fishery products processing - salmon/aquaculture. Business #924657820.
VL16,Thermo Service As (Mattilsynet #VL16),Thermo Service As,Norway,,Storebø,"Alfabygget, 5392 Storebø, Norway",60.0928583,5.2238832,9,"Alfabygget, 5392 Storebø, Norway",FFPP-SA,,,,,915561640,approved,true,documentation_verified,Mattilsynet approved establishment #VL16. Scope: Fresh fishery products processing - salmon/aquaculture. Business #915561640.
VL19,Sjøprodukt As (Mattilsynet #VL19),Sjøprodukt As,Norway,,Kalvåg,"Kalvøyna 8, 6729 Kalvåg, Norway",61.764916,4.878329,10,"Kalvøyna 8, 6729 Kalvåg, Norway",FFPP-SA,,,,,920424201,approved,true,documentation_verified,Mattilsynet approved establishment #VL19. Scope: Fresh fishery products processing - salmon/aquaculture. Business #920424201.
VL25,Kloster Laks As (Mattilsynet #VL25),Kloster Laks As,Norway,,Halsnøy Kloster,"Eidsnesvegen 22, 5455 Halsnøy Kloster, Norway",59.793553,5.679641,10,"Eidsnesvegen 22, 5455 Halsnøy, Norway","FFPP-P, PP",,,,,926032208,approved,true,documentation_verified,"Mattilsynet approved establishment #VL25. Scope: Fresh fishery products processing - pelagic, Processing plant. Business #926032208."
VL26,Eplenakkjen Røykeri As (Mattilsynet #VL26),Eplenakkjen Røykeri As,Norway,,Stord,"Apalehaugen23b, 5412 Stord, Norway",59.7638,5.461,7,"5412 Oslo County, Norway","FFPP-P, PP",,,,,925754196,approved,true,documentation_verified,"Mattilsynet approved establishment #VL26. Scope: Fresh fishery products processing - pelagic, Processing plant. Business #925754196."
VL29,Babord Pure As (Mattilsynet #VL29),Babord Pure As,Norway,,Raudeberg,"Nedrevegen 108, 6710 Raudeberg, Norway",61.982535,5.136079,10,"Nedrevegen 108, 6710 Raudeberg, Norway",FFPP-P,,,,,929997239,approved,true,documentation_verified,Mattilsynet approved establishment #VL29. Scope: Fresh fishery products processing - pelagic. Business #929997239.
VL33,Seibas As (Mattilsynet #VL33),Seibas As,Norway,,Torangsvåg,"Økland 12, 5384 Torangsvåg, Norway",60.117902,5.144856,10,"Økland 12, 5384 Torangsvåg, Norway","FFPP-P, FFPP-SA",,,,,930508586,approved,true,documentation_verified,"Mattilsynet approved establishment #VL33. Scope: Fresh fishery products processing - pelagic, Fresh fishery products processing - salmon/aquaculture. Business #930508586."
VL34,Seistar Prosessfartøy As (Mattilsynet #VL34),Seistar Prosessfartøy As,Norway,,Torangsvåg,"Austevollshellevegen 67, 5384 Torangsvåg, Norway",60.106058,5.17567,10,"Austevollshellevegen 67, 5384 Torangsvåg, Norway",FFPP-SA,,,,,994212923,approved,true,documentation_verified,Mattilsynet approved establishment #VL34. Scope: Fresh fishery products processing - salmon/aquaculture. Business #994212923.
VL35,Frøy Akvaressurs As (Mattilsynet #VL35),Frøy Akvaressurs As,Norway,,Sistranda,"Nordfrøyveien 213, 7260 Sistranda, Norway",63.713969,8.842019,10,"Nordfrøyveien 213, 7260 Sistranda, Norway",FFPP-SA,,,,,913050967,approved,true,documentation_verified,Mattilsynet approved establishment #VL35. Scope: Fresh fishery products processing - salmon/aquaculture. Business #913050967.
VL36,Modesta Mat As (Mattilsynet #VL36),Modesta Mat As,Norway,,Bergen,"Skuteviksbodene 1, 5035 Bergen, Norway",60.393,5.3242,7,"5035 Oslo County, Norway",PP,,,,,926532243,approved,true,documentation_verified,Mattilsynet approved establishment #VL36. Scope: Processing plant. Business #926532243.
VL43,Firda Harvest (Mattilsynet #VL43),Firda Harvest,Norway,,Byrknesøy,"Grimevegen 234, 5970 Byrknesøy, Norway",60.9145173,4.8282707,10,"Grimevegen 234, 5970 Byrknesøy, Norway",FFPP-SA,,,,,926900889,approved,true,documentation_verified,Mattilsynet approved establishment #VL43. Scope: Fresh fishery products processing - salmon/aquaculture. Business #926900889.
VL56,Vestbjørn As (Mattilsynet #VL56),Vestbjørn As,Norway,,Bekkjarvik,"C/O Morten Lysvold Nilsen, 5397 Bekkjarvik, Norway",60.0028,5.2003,7,"5397 Oslo County, Norway","FFPP-S, FFPP-SA",,,,,929256395,approved,true,documentation_verified,"Mattilsynet approved establishment #VL56. Scope: FFPP-S, Fresh fishery products processing - salmon/aquaculture. Business #929256395."
VL59,Hardanger Seafood As Avd Bømlo (Mattilsynet #VL59),Hardanger Seafood As Avd Bømlo,Norway,,Bømlo,"Hovlandsvegen 270, 5443 Bømlo, Norway",59.6123229,5.2454389,10,"Hovlandsvegen 270, 5443 Bømlo, Norway","FFPP-P, FFPP-SA, RW",,,,,976173074,approved,true,documentation_verified,"Mattilsynet approved establishment #VL59. Scope: Fresh fishery products processing - pelagic, Fresh fishery products processing - salmon/aquaculture, Rewrapping/relabelling. Business #976173074."
VL64,Samlaks As (Mattilsynet #VL64),Samlaks As,Norway,,Eikelandsosen,"Leiro 33, 5640 Eikelandsosen, Norway",60.23991,5.748815,10,"Leiro 33, 5640 Eikelandsosen, Norway",FFPP-SA,,,,,926511483,approved,true,documentation_verified,Mattilsynet approved establishment #VL64. Scope: Fresh fishery products processing - salmon/aquaculture. Business #926511483.
VL65,Sjøprodukt As (Mattilsynet #VL65),Sjøprodukt As,Norway,,Kalvåg,"Kalvøyna 8, 6729 Kalvåg, Norway",61.764916,4.878329,10,"Kalvøyna 8, 6729 Kalvåg, Norway",FFPP-SA,,,,,920424201,approved,true,documentation_verified,Mattilsynet approved establishment #VL65. Scope: Fresh fishery products processing - salmon/aquaculture. Business #920424201.
VL70,First Seafood As Avd Godvik (Mattilsynet #VL70),First Seafood As Avd Godvik,Norway,,Godvik,"Leirvikflaten 13, 5179 Godvik, Norway",60.377932,5.2104302,10,"Leirvikflaten 13, 5179 Godvik, Norway",FFPP-P,,,,,932493721,approved,true,documentation_verified,Mattilsynet approved establishment #VL70. Scope: Fresh fishery products processing - pelagic. Business #932493721.
VL71,Sjøprodukt As (Mattilsynet #VL71),Sjøprodukt As,Norway,,Kalvåg,"Kalvøyna 8, 6729 Kalvåg, Norway",61.764916,4.878329,10,"Kalvøyna 8, 6729 Kalvåg, Norway","FFPP-S, FFPP-SA",,,,,920424201,approved,true,documentation_verified,"Mattilsynet approved establishment #VL71. Scope: FFPP-S, Fresh fishery products processing - salmon/aquaculture. Business #920424201."
VL76,Eide Brandasund As Avd Brandasund (Mattilsynet #VL76),Eide Brandasund As Avd Brandasund,Norway,,Brandasund,"Brandasundvegen 359, 5423 Brandasund, Norway",59.8952542,5.1020662,10,"Brandasundvegen 359, 5423 Brandasund, Norway","FFPP-P, FFPP-SA",,,,,872084142,approved,true,documentation_verified,"Mattilsynet approved establishment #VL76. Scope: Fresh fishery products processing - pelagic, Fresh fishery products processing - salmon/aquaculture. Business #872084142."
VL77,Tauroa As (Mattilsynet #VL77),Tauroa As,Norway,,Bømlo,"Hovlandsvegen 18, 5443 Bømlo, Norway",59.6020566,5.2107271,10,"Hovlandsvegen 18, 5443 Bømlo, Norway",FFPP-SA,,,,,936422934,approved,true,documentation_verified,Mattilsynet approved establishment #VL77. Scope: Fresh fishery products processing - salmon/aquaculture. Business #936422934.
VL114,Domstein Fish As (Mattilsynet #VL114),Domstein Fish As,Norway,,Måløy,"Sjøgata 44, 6700 Måløy, Norway",61.9365647,5.1164427,10,"Sjøgata 44, 6700 Måløy, Norway","FFPP, FFPP-P",,,,,985152012,approved,true,documentation_verified,"Mattilsynet approved establishment #VL114. Scope: Fresh fishery products processing, Fresh fishery products processing - pelagic. Business #985152012."
VL187,Nordhordland Fisk As   Avd Brødrene Larsen (Mattilsynet #VL187),Nordhordland Fisk As   Avd Brødrene Larsen,Norway,,Kalvåg,"Kalvøyna 10, 6729 Kalvåg, Norway",61.76482,4.878818,10,"Kalvøyna 10, 6729 Kalvåg, Norway","FFPP, FFPP-P, PP",,,,,930261807,approved,true,documentation_verified,"Mattilsynet approved establishment #VL187. Scope: Fresh fishery products processing, Fresh fishery products processing - pelagic, Processing plant. Business #930261807."
VT12,Sjøkrepsen As (Mattilsynet #VT12),Sjøkrepsen As,Norway,,Tjøme,"Ormeletveien 89, 3145 Tjøme, Norway",59.1094877,10.4149681,10,"Ormeletveien 89, 3145 Tjøme, Norway",FFPP-P,,,,,916887949,approved,true,documentation_verified,Mattilsynet approved establishment #VT12. Scope: Fresh fishery products processing - pelagic. Business #916887949.
ØF50,Fjordfisk As Avd Utgårdskilen (Mattilsynet #ØF50),Fjordfisk As Avd Utgårdskilen,Norway,,Vesterøy,"Utgårdskilen 4-6, 1684 Vesterøy, Norway",59.08774,10.86886,7,"Vesterøy, Hvaler, Østfold fylke, Norway","FFPP, FFPP-P",,,,,974994046,approved,true,documentation_verified,"Mattilsynet approved establishment #ØF50. Scope: Fresh fishery products processing, Fresh fishery products processing - pelagic. Business #974994046."
ØF55,Brødrene Skogen Fiskehandel As (Mattilsynet #ØF55),Brødrene Skogen Fiskehandel As,Norway,,Engelsviken,"Engelsvikenveien 6, 1628 Engelsviken, Norway",59.252199,10.7358657,10,"Engelsvikenveien 6, 1628 Engelsviken, Norway",FFPP,,,,,971612487,approved,true,documentation_verified,Mattilsynet approved establishment #ØF55. Scope: Fresh fishery products processing. Business #971612487.
ØF56,Fjordfisk As   Avd Skjærhalden (Mattilsynet #ØF56),Fjordfisk As   Avd Skjærhalden,Norway,,Skjærhalden,"Båthavna 12, 1680 Skjærhalden, Norway",59.022594,11.035012,10,"Båthavna 12, 1680 Skjærhalden, Norway",FFPP,,,,,914474329,approved,true,documentation_verified,Mattilsynet approved establishment #ØF56. Scope: Fresh fishery products processing. Business #914474329.
ØF70,Tistedal Delikatesse As (Mattilsynet #ØF70),Tistedal Delikatesse As,Norway,,Tistedal,"Georg Feydts Gate 20, 1792 Tistedal, Norway",59.12545,11.443756,10,"Georg Feydts gate 20, 1792 Tistedal, Norway",FFPP-P,,,,,975390594,approved,true,documentation_verified,Mattilsynet approved establishment #ØF70. Scope: Fresh fishery products processing - pelagic. Business #975390594.
ØF220,Salatmestern As (Mattilsynet #ØF220),Salatmestern As,Norway,,Gressvik,"Pancoveien 16, 1624 Gressvik, Norway",59.23369,10.909006,10,"Pancoveien 16, 1624 Gressvik, Norway",PP,,,,,971629533,approved,true,documentation_verified,Mattilsynet approved establishment #ØF220. Scope: Processing plant. Business #971629533.
ØF468,Pharmatech As (Mattilsynet #ØF468),Pharmatech As,Norway,,Rolvsøy,"Vallehellene 4, 1664 Rolvsøy, Norway",59.2632,11.0046,7,"1664 Akershus, Norway",PP-MA,,,,,984388314,approved,true,documentation_verified,Mattilsynet approved establishment #ØF468. Scope: Processing plant - marine animal products. Business #984388314.
ØF474,Mills As Avd Fredrikstad (Mattilsynet #ØF474),Mills As Avd Fredrikstad,Norway,,Gamle Fredrikstad,"Borgarveien 24, 1633 Gamle Fredrikstad, Norway",59.2050496,10.9751173,10,"Borgarveien 24, 1633 Gamle, Norway",PP,,,,,973083082,approved,true,documentation_verified,Mattilsynet approved establishment #ØF474. Scope: Processing plant. Business #973083082.
ØF477,Constellation Cln Fredrikstad (Mattilsynet #ØF477),Constellation Cln Fredrikstad,Norway,,Gamle Fredrikstad,"Borg Havnevei 12, 1630 Gamle Fredrikstad, Norway",59.2181,10.9298,5,"Fredrikstad, Østfold fylke, Norway",RW,,,,,993937819,approved,true,documentation_verified,Mattilsynet approved establishment #ØF477. Scope: Rewrapping/relabelling. Business #993937819.
ØF485,Orkla Foods Norge As Avd Stabburet Fredrikstad (Mattilsynet #ØF485),Orkla Foods Norge As Avd Stabburet Fredrikstad,Norway,,Fredrikstad,"Stabburveien 22, 1617 Fredrikstad, Norway",59.242478,10.9753531,10,"Stabburveien 22, 1617 Fredrikstad, Norway",PP,,,,,973072927,approved,true,documentation_verified,Mattilsynet approved establishment #ØF485. Scope: Processing plant. Business #973072927.
440,Findus Norge As Avd Gro Industrier Fabrikk Hedrum (Mattilsynet #440),Findus Norge As Avd Gro Industrier Fabrikk Hedrum,Norway,,Larvik,"Elveveien 110, 3271 Larvik, Norway",59.0735601,10.058606,10,"Elveveien 110, 3271 Larvik, Norway",PP,,,,,973100319,approved,true,documentation_verified,Mattilsynet approved establishment #440. Scope: Processing plant. Business #973100319.
450,Orkla Foods Norge As Avd Elverum (Mattilsynet #450),Orkla Foods Norge As Avd Elverum,Norway,,Elverum,"Fasanvegen 41, 2406 Elverum, Norway",60.9060896,11.5194045,10,"Fasanvegen 41, 2406 Elverum, Norway",PP,,,,,973088866,approved,true,documentation_verified,Mattilsynet approved establishment #450. Scope: Processing plant. Business #973088866.
1874,Matprodusenten As (Mattilsynet #1874),Matprodusenten As,Norway,,Stokke,"Borgeskogen 45c, 3160 Stokke, Norway",59.245727,10.253103,10,"Borgeskogen 45C, 3160 Stokke, Norway",PP,,,,,992260580,approved,true,documentation_verified,Mattilsynet approved establishment #1874. Scope: Processing plant. Business #992260580.
1876,Miss Gin Garden As (Mattilsynet #1876),Miss Gin Garden As,Norway,,Sundbyfoss,"Hofveien 6, 3092 Sundbyfoss, Norway",59.521143,10.106119,10,"Hofveien 6, 3092 Sundbyfoss, Norway",PP,,,,,920621163,approved,true,documentation_verified,Mattilsynet approved establishment #1876. Scope: Processing plant. Business #920621163.
2701,Trenogmat As (Mattilsynet #2701),Trenogmat As,Norway,,Sundbyfoss,"Kaarbyveien 35, 3092 Sundbyfoss, Norway",59.513242,10.126298,10,"Kaarbyveien 35, 3092 Sundbyfoss, Norway",PP,,,,,818161042,approved,true,documentation_verified,Mattilsynet approved establishment #2701. Scope: Processing plant. Business #818161042.
2825,Gate Gorumet Norway As Unit Bergen (Mattilsynet #2825),Gate Gorumet Norway As Unit Bergen,Norway,,Blomsterdalen,"Flyplassvegen 439, 5258 Blomsterdalen, Norway",60.29347,5.2279932,10,"Flyplassvegen 439, 5258 Blomsterdalen, Norway","PP, PP-C, PP-M",,,,,974225484,approved,true,documentation_verified,"Mattilsynet approved establishment #2825. Scope: Processing plant, Processing plant - crustacean, Processing plant - mollusc. Business #974225484."
2860,Helse Førde Hf Førde Sentralsjukehus (Mattilsynet #2860),Helse Førde Hf Førde Sentralsjukehus,Norway,,Førde,"Svanehaugvegen 2, 6812 Førde, Norway",61.4570314,5.8887037,10,"Svanehaugvegen 2, 6812 Førde, Norway",PP,,,,,974744570,approved,true,documentation_verified,Mattilsynet approved establishment #2860. Scope: Processing plant. Business #974744570.
2868,Newrest Norway As (Mattilsynet #2868),Newrest Norway As,Norway,,Gardermoen,"Thor Heyerdahls Veg 138, 2060 Gardermoen, Norway",60.1925889,11.0878598,10,"Thor Heyerdahls veg 138, 2060 Gardermoen, Norway",PP,,,,,912540197,approved,true,documentation_verified,Mattilsynet approved establishment #2868. Scope: Processing plant. Business #912540197.
2903,Gate Gourmet Norway As Avd Gardermoen (Mattilsynet #2903),Gate Gourmet Norway As Avd Gardermoen,Norway,,Gardermoen,"Tryggve Grans Veg 15, 2060 Gardermoen, Norway",60.2167,11.1,7,"2060 Aust-Agder, Norway","PP, PP-C, PP-M",,,,,973066137,approved,true,documentation_verified,"Mattilsynet approved establishment #2903. Scope: Processing plant, Processing plant - crustacean, Processing plant - mollusc. Business #973066137."
2996,Kirkens Bymisjon Storkjøkken Sandnes (Mattilsynet #2996),Kirkens Bymisjon Storkjøkken Sandnes,Norway,,Sandnes,"Hoveveien 9, 4306 Sandnes, Norway",58.842653,5.7335352,10,"Hoveveien 9, 4306 Sandnes, Norway","FFPP-P, PP",,,,,934295498,approved,true,documentation_verified,"Mattilsynet approved establishment #2996. Scope: Fresh fishery products processing - pelagic, Processing plant. Business #934295498."
3012,Ssp Gardermoen (Mattilsynet #3012),Ssp Gardermoen,Norway,,Gardermoen,"Edvard Munchs Veg, 2060 Gardermoen, Norway",60.2167,11.1,7,"2060 Aust-Agder, Norway",PP,,,,,973550136,approved,true,documentation_verified,Mattilsynet approved establishment #3012. Scope: Processing plant. Business #973550136.
3031,Bordgleder Kinn Kommune Kf (Mattilsynet #3031),Bordgleder Kinn Kommune Kf,Norway,,Florø,"Hjellegata 2, 6905 Florø, Norway",61.6002173,5.046831,10,"Hjellegata 2, 6900 Florø, Norway",PP,,,,,986836136,approved,true,documentation_verified,Mattilsynet approved establishment #3031. Scope: Processing plant. Business #986836136.
3055,Unikum Inkludering As (Mattilsynet #3055),Unikum Inkludering As,Norway,,Oslo,"Waldemar Thranes Gate 98, 175.0 Oslo, Norway",59.928356,10.754557,10,"Waldemar Thranes gate 98, 0175 Oslo, Norway",PP,,,,,926115138,approved,true,documentation_verified,Mattilsynet approved establishment #3055. Scope: Processing plant. Business #926115138.
