name,company_name,country,region,city,address,postal,cfia_ref,website,primary_species,certifications,status,verified,verification_level,admin_notes,source_url,source_title,source_type,access_date
ALVIN & RUFIN BOUDREAU & SONS LTD. (CFIA Ref #2405),ALVIN & RUFIN BOUDREAU & SONS LTD.,Canada,New Brunswick,TROIS-RUISSEAUX,1724 ROUTE 950,E4N2Z6,2405,,,,approved,true,documentation_verified,CFIA export list entry. Species/by-products not verified; add only with explicit evidence.,https://apps.inspection.canada.ca/webapps/FishList/,CFIA Fish and Seafood Establishments (Export List),regulator,2026-02-06
AMCO FISHERIES LTD. (PLANT #1) (CFIA Ref #2447),AMCO FISHERIES LTD. (PLANT #1),Canada,New Brunswick,BAS-CAP-PELÉ,915 ROUTE 950,E4N3B3,2447,,,,approved,true,documentation_verified,CFIA export list entry. Species/by-products not verified; add only with explicit evidence.,https://apps.inspection.canada.ca/webapps/FishList/,CFIA Fish and Seafood Establishments (Export List),regulator,2026-02-06
AMCO FISHERIES LTD (CFIA Ref #2407),AMCO FISHERIES LTD,Canada,New Brunswick,BAS-CAP-PELÉ,896 CHEMIN BAS-CAP-PELÉ,E4N1K3,2407,,,,approved,true,documentation_verified,CFIA export list entry. Species/by-products not verified; add only with explicit evidence.,https://apps.inspection.canada.ca/webapps/FishList/,CFIA Fish and Seafood Establishments (Export List),regulator,2026-02-06
B.A. RICHARD LTEE. (CFIA Ref #0134),B.A. RICHARD LTEE.,Canada,New Brunswick,STE. ANNE DE KENT,374 CHEMIN COTE SAINTE-ANNE,E4S1M6,0134,,,,approved,true,documentation_verified,CFIA export list entry. Species/by-products not verified; add only with explicit evidence.,https://apps.inspection.canada.ca/webapps/FishList/,CFIA Fish and Seafood Establishments (Export List),regulator,2026-02-06
M. LeBlanc Fisheries Ltd. (CFIA Ref #1207),M. LeBlanc Fisheries Ltd.,Canada,New Brunswick,Petit-Cap,2112 Route 950,E4N2J8,1207,,,,approved,true,documentation_verified,CFIA export list entry. Species/by-products not verified; add only with explicit evidence.,https://apps.inspection.canada.ca/webapps/FishList/,CFIA Fish and Seafood Establishments (Export List),regulator,2026-02-06
BOUDREAU FARM & SEA PRODUCTS LTD (CFIA Ref #2404),BOUDREAU FARM & SEA PRODUCTS LTD,Canada,New Brunswick,PETIT-CAP,1920 ROUTE 950,E4N2J2,2404,,,,approved,true,documentation_verified,CFIA export list entry. Species/by-products not verified; add only with explicit evidence.,https://apps.inspection.canada.ca/webapps/FishList/,CFIA Fish and Seafood Establishments (Export List),regulator,2026-02-06
ABRIEL FISHERIES COMPANY (CFIA Ref #0220),ABRIEL FISHERIES COMPANY,Canada,Nova Scotia,TANGIER,368 COOPER'S ROAD,B0J3H0,0220,,,,approved,true,documentation_verified,CFIA export list entry. Species/by-products not verified; add only with explicit evidence.,https://apps.inspection.canada.ca/webapps/FishList/,CFIA Fish and Seafood Establishments (Export List),regulator,2026-02-06
COCAGNE SEAFOOD (1995) LTD. (CFIA Ref #2432),COCAGNE SEAFOOD (1995) LTD.,Canada,New Brunswick,COCAGNE,4638 ROUTE 134,E4R3R3,2432,,,,approved,true,documentation_verified,CFIA export list entry. Species/by-products not verified; add only with explicit evidence.,https://apps.inspection.canada.ca/webapps/FishList/,CFIA Fish and Seafood Establishments (Export List),regulator,2026-02-06
QUIN-SEA FISHERIES LIMITED (CFIA Ref #0025),QUIN-SEA FISHERIES LIMITED,Canada,Newfoundland and Labrador,SOUTHERN HARBOUR,257-269 MARINE DRIVE,A0B3H0,0025,,,,approved,true,documentation_verified,CFIA export list entry. Species/by-products not verified; add only with explicit evidence.,https://apps.inspection.canada.ca/webapps/FishList/,CFIA Fish and Seafood Establishments (Export List),regulator,2026-02-06
PRINCETON SEAWATER FISHERIES LIMITED (CFIA Ref #1119),PRINCETON SEAWATER FISHERIES LIMITED,Canada,Newfoundland and Labrador,PRINCETON,MAIN ROAD,A0C2K0,1119,,,,approved,true,documentation_verified,CFIA export list entry. Species/by-products not verified; add only with explicit evidence.,https://apps.inspection.canada.ca/webapps/FishList/,CFIA Fish and Seafood Establishments (Export List),regulator,2026-02-06
QUIN-SEA FISHERIES LIMITED (CFIA Ref #0171),QUIN-SEA FISHERIES LIMITED,Canada,Newfoundland and Labrador,OLD PERLICAN,50-70 MARINE DRIVE,A0A3G0,0171,,,,approved,true,documentation_verified,CFIA export list entry. Species/by-products not verified; add only with explicit evidence.,https://apps.inspection.canada.ca/webapps/FishList/,CFIA Fish and Seafood Establishments (Export List),regulator,2026-02-06
QUINLAN BROTHERS LIMITED (CFIA Ref #0098),QUINLAN BROTHERS LIMITED,Canada,Newfoundland and Labrador,OLD PERLICAN,73-79 MARINE DRIVE,A0A3G0,0098,,,,approved,true,documentation_verified,CFIA export list entry. Species/by-products not verified; add only with explicit evidence.,https://apps.inspection.canada.ca/webapps/FishList/,CFIA Fish and Seafood Establishments (Export List),regulator,2026-02-06
QUINLAN BROTHERS LIMITED (CFIA Ref #0130),QUINLAN BROTHERS LIMITED,Canada,Newfoundland and Labrador,BAY DE VERDE,6 WHARF RD,A0A1E0,0130,,,,approved,true,documentation_verified,CFIA export list entry. Species/by-products not verified; add only with explicit evidence.,https://apps.inspection.canada.ca/webapps/FishList/,CFIA Fish and Seafood Establishments (Export List),regulator,2026-02-06
NATURES SEA FARMS INC. (CFIA Ref #0082),NATURES SEA FARMS INC.,Canada,Newfoundland and Labrador,ST. ALBAN'S,5 WHARF LANE,A0H2E0,0082,,,,approved,true,documentation_verified,CFIA export list entry. Species/by-products not verified; add only with explicit evidence.,https://apps.inspection.canada.ca/webapps/FishList/,CFIA Fish and Seafood Establishments (Export List),regulator,2026-02-06
OCEAN CHOICE INTERNATIONAL L.P. (CFIA Ref #0046),OCEAN CHOICE INTERNATIONAL L.P.,Canada,Newfoundland and Labrador,SUMMERVILLE,#10 MAIN ROAD,-,0046,,,,approved,true,documentation_verified,CFIA export list entry. Species/by-products not verified; add only with explicit evidence.,https://apps.inspection.canada.ca/webapps/FishList/,CFIA Fish and Seafood Establishments (Export List),regulator,2026-02-06
AQUASHELL HOLDINGS COMPANY (CFIA Ref #2206),AQUASHELL HOLDINGS COMPANY,Canada,Nova Scotia,WALLACE,13915 ROUTE 6,B0K1Y0,2206,,,,approved,true,documentation_verified,CFIA export list entry. Species/by-products not verified; add only with explicit evidence.,https://apps.inspection.canada.ca/webapps/FishList/,CFIA Fish and Seafood Establishments (Export List),regulator,2026-02-06
WOODS HARBOUR LOBSTER CO LTD (CFIA Ref #3136),WOODS HARBOUR LOBSTER CO LTD,Canada,Nova Scotia,WOODS HARBOUR,32-34 FERRY ROAD,B0W2E0,3136,,,,approved,true,documentation_verified,CFIA export list entry. Species/by-products not verified; add only with explicit evidence.,https://apps.inspection.canada.ca/webapps/FishList/,CFIA Fish and Seafood Establishments (Export List),regulator,2026-02-06
TORNGAT FISH PRODUCERS CO-OP SOCIETY LIMITED (CFIA Ref #0124),TORNGAT FISH PRODUCERS CO-OP SOCIETY LIMITED,Canada,Newfoundland and Labrador,NAIN,10 CHURCH ROAD,A0P1L0,0124,,,,approved,true,documentation_verified,CFIA export list entry. Species/by-products not verified; add only with explicit evidence.,https://apps.inspection.canada.ca/webapps/FishList/,CFIA Fish and Seafood Establishments (Export List),regulator,2026-02-06
"TORNGAT FISH PRODUCERS CO-OPERATIVE SOCIETY, LIMITED (MAKKOVIK) (CFIA Ref #0194)","TORNGAT FISH PRODUCERS CO-OPERATIVE SOCIETY, LIMITED (MAKKOVIK)",Canada,Newfoundland and Labrador,MAKKOVIK,140A MORAVIAN STREET,A0P1J0,0194,,,,approved,true,documentation_verified,CFIA export list entry. Species/by-products not verified; add only with explicit evidence.,https://apps.inspection.canada.ca/webapps/FishList/,CFIA Fish and Seafood Establishments (Export List),regulator,2026-02-06
WOOD-PICK ENTERPRISES LIMITED (CFIA Ref #1111),WOOD-PICK ENTERPRISES LIMITED,Canada,Newfoundland and Labrador,WAREHAM,9 SPURRELLS LANE,A0G4P0,1111,,,,approved,true,documentation_verified,CFIA export list entry. Species/by-products not verified; add only with explicit evidence.,https://apps.inspection.canada.ca/webapps/FishList/,CFIA Fish and Seafood Establishments (Export List),regulator,2026-02-06
BAY ENTERPRISES LTD (CFIA Ref #3519),BAY ENTERPRISES LTD,Canada,Nova Scotia,UPPER MALAGASH,2642 MALAGASH ROAD,B0K1E0,3519,,,,approved,true,documentation_verified,CFIA export list entry. Species/by-products not verified; add only with explicit evidence.,https://apps.inspection.canada.ca/webapps/FishList/,CFIA Fish and Seafood Establishments (Export List),regulator,2026-02-06
I. C. FISH SMOKERS LIMITED (CFIA Ref #3102),I. C. FISH SMOKERS LIMITED,Canada,Nova Scotia,LOWER WEST PUBNICO,1730 HWY 335,B0W2C0,3102,,,,approved,true,documentation_verified,CFIA export list entry. Species/by-products not verified; add only with explicit evidence.,https://apps.inspection.canada.ca/webapps/FishList/,CFIA Fish and Seafood Establishments (Export List),regulator,2026-02-06
SCOTIA GARDEN SEAFOOD INCORPORATED (CFIA Ref #1434),SCOTIA GARDEN SEAFOOD INCORPORATED,Canada,Nova Scotia,YARMOUTH,112 WATER STREET,B5A4K5,1434,,,,approved,true,documentation_verified,CFIA export list entry. Species/by-products not verified; add only with explicit evidence.,https://apps.inspection.canada.ca/webapps/FishList/,CFIA Fish and Seafood Establishments (Export List),regulator,2026-02-06
SAMBRO FISHERIES LIMITED (CFIA Ref #3017),SAMBRO FISHERIES LIMITED,Canada,Nova Scotia,SAMBRO,40 LENNY'S LANE,B3V1L5,3017,,,,approved,true,documentation_verified,CFIA export list entry. Species/by-products not verified; add only with explicit evidence.,https://apps.inspection.canada.ca/webapps/FishList/,CFIA Fish and Seafood Establishments (Export List),regulator,2026-02-06
DUGUAY FISH PACKERS LTD. (CFIA Ref #1212),DUGUAY FISH PACKERS LTD.,Canada,New Brunswick,CAP-PELE,1062 CHEMIN BAS-CAP-PELE,E4N1K9,1212,,,,approved,true,documentation_verified,CFIA export list entry. Species/by-products not verified; add only with explicit evidence.,https://apps.inspection.canada.ca/webapps/FishList/,CFIA Fish and Seafood Establishments (Export List),regulator,2026-02-06
EASTERN SEA PRODUCTS LTD. (CFIA Ref #2411),EASTERN SEA PRODUCTS LTD.,Canada,New Brunswick,SCOUDOUC,11 ADDISON AVENUE,E4P3N3,2411,,,,approved,true,documentation_verified,CFIA export list entry. Species/by-products not verified; add only with explicit evidence.,https://apps.inspection.canada.ca/webapps/FishList/,CFIA Fish and Seafood Establishments (Export List),regulator,2026-02-06
ACADIAN FISH PROCESSORS LIMITED (CFIA Ref #1271),ACADIAN FISH PROCESSORS LIMITED,Canada,Nova Scotia,LOWER WEST PUBNICO,171 DENNIS POINT ROAD,B0W2C0,1271,,,,approved,true,documentation_verified,CFIA export list entry. Species/by-products not verified; add only with explicit evidence.,https://apps.inspection.canada.ca/webapps/FishList/,CFIA Fish and Seafood Establishments (Export List),regulator,2026-02-06
EDMOND GAGNON LTD (CFIA Ref #0445),EDMOND GAGNON LTD,Canada,New Brunswick,BARACHOIS,9 QUAI DES ROBICHAUD RD,E4P8A4,0445,,,,approved,true,documentation_verified,CFIA export list entry. Species/by-products not verified; add only with explicit evidence.,https://apps.inspection.canada.ca/webapps/FishList/,CFIA Fish and Seafood Establishments (Export List),regulator,2026-02-06
OCEANS ALIVE SEAFOOD LIMITED (CFIA Ref #1338),OCEANS ALIVE SEAFOOD LIMITED,Canada,Nova Scotia,SHAG HARBOUR,39 PROSPECT POINT ROAD,B0W3B0,1338,,,,approved,true,documentation_verified,CFIA export list entry. Species/by-products not verified; add only with explicit evidence.,https://apps.inspection.canada.ca/webapps/FishList/,CFIA Fish and Seafood Establishments (Export List),regulator,2026-02-06
ELPHEGE & NORBERT LEBLANC LTD. (CFIA Ref #2420),ELPHEGE & NORBERT LEBLANC LTD.,Canada,New Brunswick,PETIT-CAP,47 CHEMIN DU QUAI,E4N2E8,2420,,,,approved,true,documentation_verified,CFIA export list entry. Species/by-products not verified; add only with explicit evidence.,https://apps.inspection.canada.ca/webapps/FishList/,CFIA Fish and Seafood Establishments (Export List),regulator,2026-02-06
Deep Harbour Lobster Seafood Ltd. (CFIA Ref #1270),Deep Harbour Lobster Seafood Ltd.,Canada,New Brunswick,Dipper Harbour,65 Dipper Harbour Road,E5J1X3,1270,,,,approved,true,documentation_verified,CFIA export list entry. Species/by-products not verified; add only with explicit evidence.,https://apps.inspection.canada.ca/webapps/FishList/,CFIA Fish and Seafood Establishments (Export List),regulator,2026-02-06
GAUDET & OUELLETTE LTD. (CFIA Ref #0238),GAUDET & OUELLETTE LTD.,Canada,New Brunswick,BAS-CAP-PELÉ,519 CHEMIN BAS-CAP-PELE,E4N3B1,0238,,,,approved,true,documentation_verified,CFIA export list entry. Species/by-products not verified; add only with explicit evidence.,https://apps.inspection.canada.ca/webapps/FishList/,CFIA Fish and Seafood Establishments (Export List),regulator,2026-02-06
ICHIBOSHI L.P.C. LTD. (CFIA Ref #2563),ICHIBOSHI L.P.C. LTD.,Canada,New Brunswick,CARAQUET,24 RUE DU QUAI,E1W1B6,2563,,,,approved,true,documentation_verified,CFIA export list entry. Species/by-products not verified; add only with explicit evidence.,https://apps.inspection.canada.ca/webapps/FishList/,CFIA Fish and Seafood Establishments (Export List),regulator,2026-02-06
LA FERME OSTRÉICOLE CHIASSON LTÉE (CFIA Ref #2527),LA FERME OSTRÉICOLE CHIASSON LTÉE,Canada,New Brunswick,LAMÉQUE,31 RUE DE L'ETANG,E8T1C2,2527,,,,approved,true,documentation_verified,CFIA export list entry. Species/by-products not verified; add only with explicit evidence.,https://apps.inspection.canada.ca/webapps/FishList/,CFIA Fish and Seafood Establishments (Export List),regulator,2026-02-06
FERME OSTRÉICOLE GAÉTAN DUGAS LTÉE (CFIA Ref #2540),FERME OSTRÉICOLE GAÉTAN DUGAS LTÉE,Canada,New Brunswick,CARAQUET,"675 BOUL, ST-PIERRE OUEST",E1W1A2,2540,,,,approved,true,documentation_verified,CFIA export list entry. Species/by-products not verified; add only with explicit evidence.,https://apps.inspection.canada.ca/webapps/FishList/,CFIA Fish and Seafood Establishments (Export List),regulator,2026-02-06
POISSONNERIE LEGER FISHERIES LTEE/LTD. (CFIA Ref #2442),POISSONNERIE LEGER FISHERIES LTEE/LTD.,Canada,New Brunswick,TROIS-RUISSEAUX,38 CHEMIN DE LA CÔTE,E4N2V7,2442,,,,approved,true,documentation_verified,CFIA export list entry. Species/by-products not verified; add only with explicit evidence.,https://apps.inspection.canada.ca/webapps/FishList/,CFIA Fish and Seafood Establishments (Export List),regulator,2026-02-06
BOLERO Transformation de Crustacés Inc. BOLERO Shellfish Processing Inc. (CFIA Ref #2510),BOLERO Transformation de Crustacés Inc. BOLERO Shellfish Processing Inc.,Canada,New Brunswick,Saint-Simon,1324 Route 335,E8P2B2,2510,,,,approved,true,documentation_verified,CFIA export list entry. Species/by-products not verified; add only with explicit evidence.,https://apps.inspection.canada.ca/webapps/FishList/,CFIA Fish and Seafood Establishments (Export List),regulator,2026-02-06
PÉCHERIES STE-CÉCILE INC (CFIA Ref #2518),PÉCHERIES STE-CÉCILE INC,Canada,New Brunswick,SAINTE-CÉCILE,136 CHEMIN LACROIX,E8T2X2,2518,,,,approved,true,documentation_verified,CFIA export list entry. Species/by-products not verified; add only with explicit evidence.,https://apps.inspection.canada.ca/webapps/FishList/,CFIA Fish and Seafood Establishments (Export List),regulator,2026-02-06
LESLIE LEGER & SONS LTD (CFIA Ref #2406),LESLIE LEGER & SONS LTD,Canada,New Brunswick,TROIS-RUISSEAUX,34 CHEMIN DE LA COTE,E4N2V7,2406,,,,approved,true,documentation_verified,CFIA export list entry. Species/by-products not verified; add only with explicit evidence.,https://apps.inspection.canada.ca/webapps/FishList/,CFIA Fish and Seafood Establishments (Export List),regulator,2026-02-06
MCGRAW SEAFOOD (2008) INC. (CFIA Ref #2547),MCGRAW SEAFOOD (2008) INC.,Canada,New Brunswick,TRACADIE-SHEILA,3113 RUE PRINCIPALE,E1X1G5,2547,,,,approved,true,documentation_verified,CFIA export list entry. Species/by-products not verified; add only with explicit evidence.,https://apps.inspection.canada.ca/webapps/FishList/,CFIA Fish and Seafood Establishments (Export List),regulator,2026-02-06
B.C.D. FISHERIES LIMITED (CFIA Ref #1459),B.C.D. FISHERIES LIMITED,Canada,Nova Scotia,LITTLE BROOK,22 LITTLE BROOK ROAD,B0W1Z0,1459,,,,approved,true,documentation_verified,CFIA export list entry. Species/by-products not verified; add only with explicit evidence.,https://apps.inspection.canada.ca/webapps/FishList/,CFIA Fish and Seafood Establishments (Export List),regulator,2026-02-06
BAKERS POINT FISHERIES LIMITED (CFIA Ref #0346),BAKERS POINT FISHERIES LIMITED,Canada,Nova Scotia,EAST JEDDORE,33 BAKER'S POINT ROAD,B0J1W0,0346,,,,approved,true,documentation_verified,CFIA export list entry. Species/by-products not verified; add only with explicit evidence.,https://apps.inspection.canada.ca/webapps/FishList/,CFIA Fish and Seafood Establishments (Export List),regulator,2026-02-06
MISTY HARBOUR SEAFOOD (CFIA Ref #3293),MISTY HARBOUR SEAFOOD,Canada,New Brunswick,SAINT JOHN,2304 OCEAN WESTWAY,E2M5J4,3293,,,,approved,true,documentation_verified,CFIA export list entry. Species/by-products not verified; add only with explicit evidence.,https://apps.inspection.canada.ca/webapps/FishList/,CFIA Fish and Seafood Establishments (Export List),regulator,2026-02-06
BARRY GROUP INC. (CFIA Ref #2570),BARRY GROUP INC.,Canada,New Brunswick,LOWER NÉGUAC,764 RUE PRINCIPALE,E9G1N5,2570,,,,approved,true,documentation_verified,CFIA export list entry. Species/by-products not verified; add only with explicit evidence.,https://apps.inspection.canada.ca/webapps/FishList/,CFIA Fish and Seafood Establishments (Export List),regulator,2026-02-06
OCEAN PIER INC. (CFIA Ref #2448),OCEAN PIER INC.,Canada,New Brunswick,SCOUDOUC,20 PATTISON STREET,E4P3R4,2448,,,,approved,true,documentation_verified,CFIA export list entry. Species/by-products not verified; add only with explicit evidence.,https://apps.inspection.canada.ca/webapps/FishList/,CFIA Fish and Seafood Establishments (Export List),regulator,2026-02-06
M. LEBLANC FISHERIES LTD. (CFIA Ref #2403),M. LEBLANC FISHERIES LTD.,Canada,New Brunswick,PETIT-CAP,4 RUE BRUN,E4N2E4,2403,,,,approved,true,documentation_verified,CFIA export list entry. Species/by-products not verified; add only with explicit evidence.,https://apps.inspection.canada.ca/webapps/FishList/,CFIA Fish and Seafood Establishments (Export List),regulator,2026-02-06
OVEN HEAD SALMON SMOKERS LTD (CFIA Ref #3028),OVEN HEAD SALMON SMOKERS LTD,Canada,New Brunswick,BETHEL,101 OVEN HEAD ROAD,E5C1S3,3028,,,,approved,true,documentation_verified,CFIA export list entry. Species/by-products not verified; add only with explicit evidence.,https://apps.inspection.canada.ca/webapps/FishList/,CFIA Fish and Seafood Establishments (Export List),regulator,2026-02-06
PÉCHERIES BELLE-ILE FISHERIES LTÉE LTD (CFIA Ref #1209),PÉCHERIES BELLE-ILE FISHERIES LTÉE LTD,Canada,New Brunswick,SAINTE-MARIE-SAINT-RAPHAEL,4 RUE DU PORT,E8T1T4,1209,,,,approved,true,documentation_verified,CFIA export list entry. Species/by-products not verified; add only with explicit evidence.,https://apps.inspection.canada.ca/webapps/FishList/,CFIA Fish and Seafood Establishments (Export List),regulator,2026-02-06
PÉCHERIES ST-PAUL (1989) LTÉE./ST-PAUL FISHERIES (1989) LTD. (PLANT #2555) (CFIA Ref #2555),PÉCHERIES ST-PAUL (1989) LTÉE./ST-PAUL FISHERIES (1989) LTD. (PLANT #2555),Canada,New Brunswick,BAS-CARAQUET,2261 RUE INDUSTRIELLE,E1W5Z1,2555,,,,approved,true,documentation_verified,CFIA export list entry. Species/by-products not verified; add only with explicit evidence.,https://apps.inspection.canada.ca/webapps/FishList/,CFIA Fish and Seafood Establishments (Export List),regulator,2026-02-06
PHILIP OUELLETTE & SONS LTD (CFIA Ref #1213),PHILIP OUELLETTE & SONS LTD,Canada,New Brunswick,PETIT-CAP,44 CH DU QUAI,E4N2G5,1213,,,,approved,true,documentation_verified,CFIA export list entry. Species/by-products not verified; add only with explicit evidence.,https://apps.inspection.canada.ca/webapps/FishList/,CFIA Fish and Seafood Establishments (Export List),regulator,2026-02-06
POINT QUEEN FISHERIES LTD (CFIA Ref #3287),POINT QUEEN FISHERIES LTD,Canada,New Brunswick,LETETE,1207 ROUTE 172,E5C3S8,3287,,,,approved,true,documentation_verified,CFIA export list entry. Species/by-products not verified; add only with explicit evidence.,https://apps.inspection.canada.ca/webapps/FishList/,CFIA Fish and Seafood Establishments (Export List),regulator,2026-02-06
PÉCHERIES ARSENEAU FISHERIES (CFIA Ref #2514),PÉCHERIES ARSENEAU FISHERIES,Canada,New Brunswick,NIGADOO,221 RUE PRINCIPALE,E8K3S8,2514,,,,approved,true,documentation_verified,CFIA export list entry. Species/by-products not verified; add only with explicit evidence.,https://apps.inspection.canada.ca/webapps/FishList/,CFIA Fish and Seafood Establishments (Export List),regulator,2026-02-06
PRODUITS BELLE BAIE LTEE (CFIA Ref #0255),PRODUITS BELLE BAIE LTEE,Canada,New Brunswick,CARAQUET,10 RUE DU QUAI,E1W1B6,0255,,,,approved,true,documentation_verified,CFIA export list entry. Species/by-products not verified; add only with explicit evidence.,https://apps.inspection.canada.ca/webapps/FishList/,CFIA Fish and Seafood Establishments (Export List),regulator,2026-02-06
FUMOIR LA FÉE DES GRÉVES (CFIA Ref #5964),FUMOIR LA FÉE DES GRÉVES,Canada,Quebec,QUÉBEC,1920 AVENUE JEAN-DE-CLERMONT,G1E3S3,5964,,,,approved,true,documentation_verified,CFIA export list entry. Species/by-products not verified; add only with explicit evidence.,https://apps.inspection.canada.ca/webapps/FishList/,CFIA Fish and Seafood Establishments (Export List),regulator,2026-02-06
ALIMENTS LUDA FOODS INC. (CFIA Ref #5093),ALIMENTS LUDA FOODS INC.,Canada,Quebec,POINTE-CLAIRE,6200 RTE TRANS-CANADA,H9R1B9,5093,,,,approved,true,documentation_verified,CFIA export list entry. Species/by-products not verified; add only with explicit evidence.,https://apps.inspection.canada.ca/webapps/FishList/,CFIA Fish and Seafood Establishments (Export List),regulator,2026-02-06
CRUSTACÉS BAIE-TRINITÉ INC. (CFIA Ref #5776),CRUSTACÉS BAIE-TRINITÉ INC.,Canada,Quebec,BAIE-TRINITÉ,"75, ROUTE 138",G0H1A0,5776,,,,approved,true,documentation_verified,CFIA export list entry. Species/by-products not verified; add only with explicit evidence.,https://apps.inspection.canada.ca/webapps/FishList/,CFIA Fish and Seafood Establishments (Export List),regulator,2026-02-06
CRUSTACÉS DE MALBAIE INC. (CFIA Ref #5227),CRUSTACÉS DE MALBAIE INC.,Canada,Quebec,SAINT-GEORGES-DE-MALBAIE,"1491, ROUTE 132 EST",G0C2X0,5227,,,,approved,true,documentation_verified,CFIA export list entry. Species/by-products not verified; add only with explicit evidence.,https://apps.inspection.canada.ca/webapps/FishList/,CFIA Fish and Seafood Establishments (Export List),regulator,2026-02-06
CUSIMER (1991) INC. (CFIA Ref #5197),CUSIMER (1991) INC.,Canada,Quebec,MONT-LOUIS,"54, 1 IÉRE AVENUE OUEST",G0E1T0,5197,,,,approved,true,documentation_verified,CFIA export list entry. Species/by-products not verified; add only with explicit evidence.,https://apps.inspection.canada.ca/webapps/FishList/,CFIA Fish and Seafood Establishments (Export List),regulator,2026-02-06
E. GAGNON ET FILS LTEE (CFIA Ref #0546),E. GAGNON ET FILS LTEE,Canada,Quebec,SAINTE-THÉRÉSE-DE-GASPÉ,405 ROUTE 132,G0C3B0,0546,,,,approved,true,documentation_verified,CFIA export list entry. Species/by-products not verified; add only with explicit evidence.,https://apps.inspection.canada.ca/webapps/FishList/,CFIA Fish and Seafood Establishments (Export List),regulator,2026-02-06
FERME PISCICOLE DES BOBINES INC (CFIA Ref #5095),FERME PISCICOLE DES BOBINES INC,Canada,Quebec,EAST HEREFORD,1 RUE SAINT-HENRI,J0B1S0,5095,,,,approved,true,documentation_verified,CFIA export list entry. Species/by-products not verified; add only with explicit evidence.,https://apps.inspection.canada.ca/webapps/FishList/,CFIA Fish and Seafood Establishments (Export List),regulator,2026-02-06
FUMOIR GRIZZLY INC. (CFIA Ref #5928),FUMOIR GRIZZLY INC.,Canada,Quebec,SAINT-AUGUSTIN-DE-DESMAURES,159 D'AMSTERDAM,G3A2V5,5928,,,,approved,true,documentation_verified,CFIA export list entry. Species/by-products not verified; add only with explicit evidence.,https://apps.inspection.canada.ca/webapps/FishList/,CFIA Fish and Seafood Establishments (Export List),regulator,2026-02-06
JK Crawlers Inc. (CFIA Ref #3117),JK Crawlers Inc.,Canada,Nova Scotia,Port Latour,3203 Port Latour Road,B0W2T0,3117,,,,approved,true,documentation_verified,CFIA export list entry. Species/by-products not verified; add only with explicit evidence.,https://apps.inspection.canada.ca/webapps/FishList/,CFIA Fish and Seafood Establishments (Export List),regulator,2026-02-06
LES ALIMENTS KRINOS FOODS CANADA LTD./LTEE. (CFIA Ref #0594),LES ALIMENTS KRINOS FOODS CANADA LTD./LTEE.,Canada,Quebec,MONTRÉAL,5555 BOULEVARD THIMENS,H4R2H4,0594,,,,approved,true,documentation_verified,CFIA export list entry. Species/by-products not verified; add only with explicit evidence.,https://apps.inspection.canada.ca/webapps/FishList/,CFIA Fish and Seafood Establishments (Export List),regulator,2026-02-06
LA CREVETTE DU NORD ATLANTIQUE INC (CFIA Ref #0558),LA CREVETTE DU NORD ATLANTIQUE INC,Canada,Quebec,RIVIÉRE-AU-RENARD,9 DE LA MARY,G4X5E9,0558,,,,approved,true,documentation_verified,CFIA export list entry. Species/by-products not verified; add only with explicit evidence.,https://apps.inspection.canada.ca/webapps/FishList/,CFIA Fish and Seafood Establishments (Export List),regulator,2026-02-06
"LELIÉVRE, LELIÉVRE ET LEMOIGNAN LTÉE (CFIA Ref #0529)","LELIÉVRE, LELIÉVRE ET LEMOIGNAN LTÉE",Canada,Quebec,SAINTE-THÉRÉSE-DE-GASPÉ,52 RUE DES VIGNEAUX,G0C3B0,0529,,,,approved,true,documentation_verified,CFIA export list entry. Species/by-products not verified; add only with explicit evidence.,https://apps.inspection.canada.ca/webapps/FishList/,CFIA Fish and Seafood Establishments (Export List),regulator,2026-02-06
CEILIDH FISHERMEN CO-OP LIMITED (CFIA Ref #2002),CEILIDH FISHERMEN CO-OP LIMITED,Canada,Nova Scotia,PORT HOOD,MURPHY'S POND ROAD,B0E2W0,2002,,,,approved,true,documentation_verified,CFIA export list entry. Species/by-products not verified; add only with explicit evidence.,https://apps.inspection.canada.ca/webapps/FishList/,CFIA Fish and Seafood Establishments (Export List),regulator,2026-02-06
CHARLESVILLE FISHERIES LIMITED (CFIA Ref #3179),CHARLESVILLE FISHERIES LIMITED,Canada,Nova Scotia,YARMOUTH COUNTY,789 HWY #3; LOWER EAST PUBNICO,B0W2A0,3179,,,,approved,true,documentation_verified,CFIA export list entry. Species/by-products not verified; add only with explicit evidence.,https://apps.inspection.canada.ca/webapps/FishList/,CFIA Fish and Seafood Establishments (Export List),regulator,2026-02-06
CHASE'S LOBSTER POUND LIMITED (CFIA Ref #2013),CHASE'S LOBSTER POUND LIMITED,Canada,Nova Scotia,PORT HOWE,7935 HIGHWAY #6,B0L1K0,2013,,,,approved,true,documentation_verified,CFIA export list entry. Species/by-products not verified; add only with explicit evidence.,https://apps.inspection.canada.ca/webapps/FishList/,CFIA Fish and Seafood Establishments (Export List),regulator,2026-02-06
LES CRABIERS DU NORD INC (CFIA Ref #5782),LES CRABIERS DU NORD INC,Canada,Quebec,PORTNEUF-SUR-MER,"428, RUE PRINCIPALE, C.P. 255",G0T1P0,5782,,,,approved,true,documentation_verified,CFIA export list entry. Species/by-products not verified; add only with explicit evidence.,https://apps.inspection.canada.ca/webapps/FishList/,CFIA Fish and Seafood Establishments (Export List),regulator,2026-02-06
LES FRUITS DE MER DE L'EST DU QUÉBEC (1998) LTÉE (CFIA Ref #0542),LES FRUITS DE MER DE L'EST DU QUÉBEC (1998) LTÉE,Canada,Quebec,MATANE,"1600, MATANE-SUR-MER",G4W3M6,0542,,,,approved,true,documentation_verified,CFIA export list entry. Species/by-products not verified; add only with explicit evidence.,https://apps.inspection.canada.ca/webapps/FishList/,CFIA Fish and Seafood Establishments (Export List),regulator,2026-02-06
LES FRUITS DE MER MADELEINE INC. (CFIA Ref #5615),LES FRUITS DE MER MADELEINE INC.,Canada,Quebec,ETANG-DU-NORD,546 CHEMIN FOUGÉRE,G4T3Z8,5615,,,,approved,true,documentation_verified,CFIA export list entry. Species/by-products not verified; add only with explicit evidence.,https://apps.inspection.canada.ca/webapps/FishList/,CFIA Fish and Seafood Establishments (Export List),regulator,2026-02-06
LES PÉCHERIES GASPÉSIENNES INC. (CFIA Ref #0543),LES PÉCHERIES GASPÉSIENNES INC.,Canada,Quebec,GASPÉ,48 RUE DES VAGUES,G4X4M9,0543,,,,approved,true,documentation_verified,CFIA export list entry. Species/by-products not verified; add only with explicit evidence.,https://apps.inspection.canada.ca/webapps/FishList/,CFIA Fish and Seafood Establishments (Export List),regulator,2026-02-06
LES PÉCHERIES MARINARD LTÉE (CFIA Ref #5178),LES PÉCHERIES MARINARD LTÉE,Canada,Quebec,GASPÉ,41 RUE DE L'ENTREPÔT,G4X5L3,5178,,,,approved,true,documentation_verified,CFIA export list entry. Species/by-products not verified; add only with explicit evidence.,https://apps.inspection.canada.ca/webapps/FishList/,CFIA Fish and Seafood Establishments (Export List),regulator,2026-02-06
LES PLATS DU CHEF ULC (CFIA Ref #5077),LES PLATS DU CHEF ULC,Canada,Quebec,DOLLARD-DES-ORMEAUX,51 RUE KESMARK,H9B3J1,5077,,,,approved,true,documentation_verified,CFIA export list entry. Species/by-products not verified; add only with explicit evidence.,https://apps.inspection.canada.ca/webapps/FishList/,CFIA Fish and Seafood Establishments (Export List),regulator,2026-02-06
FLEURY MICHON AMERICA INC. (CFIA Ref #5103),FLEURY MICHON AMERICA INC.,Canada,Quebec,RIGAUD,26 RUE J MARC SÉGUIN,J0P1P0,5103,,,,approved,true,documentation_verified,CFIA export list entry. Species/by-products not verified; add only with explicit evidence.,https://apps.inspection.canada.ca/webapps/FishList/,CFIA Fish and Seafood Establishments (Export List),regulator,2026-02-06
COOPÉRATIVE COMMUNAUTAIRE DE FRUITS DE MER DE LA BASSE COTE-NORD/LNS Community Seafood Cooperative (CFIA Ref #5817),COOPÉRATIVE COMMUNAUTAIRE DE FRUITS DE MER DE LA BASSE COTE-NORD/LNS Community Seafood Cooperative,Canada,Quebec,HARRINGTON HARBOUR,"2 Dockside Dr, CP 129",G0G1N0,5817,,,,approved,true,documentation_verified,CFIA export list entry. Species/by-products not verified; add only with explicit evidence.,https://apps.inspection.canada.ca/webapps/FishList/,CFIA Fish and Seafood Establishments (Export List),regulator,2026-02-06
POISSON SALÉ GASPÉSIEN LTÉE (CFIA Ref #0550),POISSON SALÉ GASPÉSIEN LTÉE,Canada,Quebec,GRANDE-RIVIÉRE,39 RUE DU PARC,G0C1V0,0550,,,,approved,true,documentation_verified,CFIA export list entry. Species/by-products not verified; add only with explicit evidence.,https://apps.inspection.canada.ca/webapps/FishList/,CFIA Fish and Seafood Establishments (Export List),regulator,2026-02-06
POISSONNERIE BLANCHETTE INC. (CFIA Ref #5167),POISSONNERIE BLANCHETTE INC.,Canada,Quebec,SAINTE-ANNE-DES-MONTS,"150, BOUL. PERRON EST",G4V3A4,5167,,,,approved,true,documentation_verified,CFIA export list entry. Species/by-products not verified; add only with explicit evidence.,https://apps.inspection.canada.ca/webapps/FishList/,CFIA Fish and Seafood Establishments (Export List),regulator,2026-02-06
COMEAU'S SEA FOODS LIMITED (CFIA Ref #1394),COMEAU'S SEA FOODS LIMITED,Canada,Nova Scotia,SAULNIERVILLE,13 SAULNIERVILLE WHARF ROAD,B0W2Z0,1394,,,,approved,true,documentation_verified,CFIA export list entry. Species/by-products not verified; add only with explicit evidence.,https://apps.inspection.canada.ca/webapps/FishList/,CFIA Fish and Seafood Establishments (Export List),regulator,2026-02-06
POISSONNERIE DE CLORIDORME INC. (CFIA Ref #0547),POISSONNERIE DE CLORIDORME INC.,Canada,Quebec,CLORIDORME,643 ROUTE 132,G0E1G0,0547,,,,approved,true,documentation_verified,CFIA export list entry. Species/by-products not verified; add only with explicit evidence.,https://apps.inspection.canada.ca/webapps/FishList/,CFIA Fish and Seafood Establishments (Export List),regulator,2026-02-06
COMEAU'S SEA FOODS LIMITED (CFIA Ref #1392),COMEAU'S SEA FOODS LIMITED,Canada,Nova Scotia,SAULNIERVILLE,36 SAULNIERVILLE WHARF ROAD,B0W2Z0,1392,,,,approved,true,documentation_verified,CFIA export list entry. Species/by-products not verified; add only with explicit evidence.,https://apps.inspection.canada.ca/webapps/FishList/,CFIA Fish and Seafood Establishments (Export List),regulator,2026-02-06
POISSONNERIE DU HAVRE LTÉE (CFIA Ref #5808),POISSONNERIE DU HAVRE LTÉE,Canada,Quebec,HAVRE-SAINT-PIERRE,968 RUE DE LA BERGE,G0G1P0,5808,,,,approved,true,documentation_verified,CFIA export list entry. Species/by-products not verified; add only with explicit evidence.,https://apps.inspection.canada.ca/webapps/FishList/,CFIA Fish and Seafood Establishments (Export List),regulator,2026-02-06
COMEAU'S SEA FOODS LIMITED (CFIA Ref #0301),COMEAU'S SEA FOODS LIMITED,Canada,Nova Scotia,SAULNIERVILLE,14 SAULNIERVILLE WHARF ROAD,B0W2Z0,0301,,,,approved,true,documentation_verified,CFIA export list entry. Species/by-products not verified; add only with explicit evidence.,https://apps.inspection.canada.ca/webapps/FishList/,CFIA Fish and Seafood Establishments (Export List),regulator,2026-02-06
POISSONNERIE JEAN-GUY LAPRISE INC. (CFIA Ref #5766),POISSONNERIE JEAN-GUY LAPRISE INC.,Canada,Quebec,CHUTE-AUX-OUTARDES,"142, RUE VALLILEE",G0H1C0,5766,,,,approved,true,documentation_verified,CFIA export list entry. Species/by-products not verified; add only with explicit evidence.,https://apps.inspection.canada.ca/webapps/FishList/,CFIA Fish and Seafood Establishments (Export List),regulator,2026-02-06
"POSÉIDON ""LES POISSONS ET CRUSTACÉS"" INC. (CFIA Ref #5806)","POSÉIDON ""LES POISSONS ET CRUSTACÉS"" INC.",Canada,Quebec,LONGUE-POINTE-DE-MINGAN,"259, RUE DE LA MER",G0G1V0,5806,,,,approved,true,documentation_verified,CFIA export list entry. Species/by-products not verified; add only with explicit evidence.,https://apps.inspection.canada.ca/webapps/FishList/,CFIA Fish and Seafood Establishments (Export List),regulator,2026-02-06
FRANKLAND CANNING COMPANY (CFIA Ref #1260),FRANKLAND CANNING COMPANY,Canada,Nova Scotia,CHURCH POINT,20 PATRICE ROAD,B0W1M0,1260,,,,approved,true,documentation_verified,CFIA export list entry. Species/by-products not verified; add only with explicit evidence.,https://apps.inspection.canada.ca/webapps/FishList/,CFIA Fish and Seafood Establishments (Export List),regulator,2026-02-06
CORMIER'S FIVE ISLAND CLAMS LIMITED (CFIA Ref #0423),CORMIER'S FIVE ISLAND CLAMS LIMITED,Canada,Nova Scotia,FIVE ISLANDS,93 WHARF ROAD,B0M1K0,0423,,,,approved,true,documentation_verified,CFIA export list entry. Species/by-products not verified; add only with explicit evidence.,https://apps.inspection.canada.ca/webapps/FishList/,CFIA Fish and Seafood Establishments (Export List),regulator,2026-02-06
UNIPECHE M.D.M. LTEE (CFIA Ref #5199),UNIPECHE M.D.M. LTEE,Canada,Quebec,PASPÉBIAC,"66 AVENUE DU QUAI, PLANT ID: 5199",G0C2K0,5199,,,,approved,true,documentation_verified,CFIA export list entry. Species/by-products not verified; add only with explicit evidence.,https://apps.inspection.canada.ca/webapps/FishList/,CFIA Fish and Seafood Establishments (Export List),regulator,2026-02-06
DAVE'S FRESH CLAMS (CFIA Ref #3342),DAVE'S FRESH CLAMS,Canada,Nova Scotia,PORT WADE,1440 GRANVILLE RD,B0S1A0,3342,,,,approved,true,documentation_verified,CFIA export list entry. Species/by-products not verified; add only with explicit evidence.,https://apps.inspection.canada.ca/webapps/FishList/,CFIA Fish and Seafood Establishments (Export List),regulator,2026-02-06
DEEP COVE AQUA FARMS LIMITED (CFIA Ref #3346),DEEP COVE AQUA FARMS LIMITED,Canada,Nova Scotia,BLANDFORD,5182 HIGHWAY 329,B0J1C0,3346,,,,approved,true,documentation_verified,CFIA export list entry. Species/by-products not verified; add only with explicit evidence.,https://apps.inspection.canada.ca/webapps/FishList/,CFIA Fish and Seafood Establishments (Export List),regulator,2026-02-06
DELAPS COVE FISH PRODUCTS LTD. (CFIA Ref #3120),DELAPS COVE FISH PRODUCTS LTD.,Canada,Nova Scotia,DELAPS COVE,2680 SHORE RD WEST,B0S1K0,3120,,,,approved,true,documentation_verified,CFIA export list entry. Species/by-products not verified; add only with explicit evidence.,https://apps.inspection.canada.ca/webapps/FishList/,CFIA Fish and Seafood Establishments (Export List),regulator,2026-02-06
SEA TIDE IMPORT & EXPORT LTD. (PLANT #1) (CFIA Ref #2401),SEA TIDE IMPORT & EXPORT LTD. (PLANT #1),Canada,New Brunswick,CAP-PELE,55 CORMIER STREET,E4N1N8,2401,,,,approved,true,documentation_verified,CFIA export list entry. Species/by-products not verified; add only with explicit evidence.,https://apps.inspection.canada.ca/webapps/FishList/,CFIA Fish and Seafood Establishments (Export List),regulator,2026-02-06
SEA TIDE IMPORT & EXPORT LTD (CFIA Ref #2439),SEA TIDE IMPORT & EXPORT LTD,Canada,New Brunswick,CAP-PELE,45 CORMIER STREET,E4N1N8,2439,,,,approved,true,documentation_verified,CFIA export list entry. Species/by-products not verified; add only with explicit evidence.,https://apps.inspection.canada.ca/webapps/FishList/,CFIA Fish and Seafood Establishments (Export List),regulator,2026-02-06
EAST SIDE FISHERIES LIMITED (CFIA Ref #0277),EAST SIDE FISHERIES LIMITED,Canada,Nova Scotia,LOWER EAST PUBNICO,337 HWY 3,B0W2A0,0277,,,,approved,true,documentation_verified,CFIA export list entry. Species/by-products not verified; add only with explicit evidence.,https://apps.inspection.canada.ca/webapps/FishList/,CFIA Fish and Seafood Establishments (Export List),regulator,2026-02-06
SHEDIAC LOBSTER SHOP LTD. (CFIA Ref #0177),SHEDIAC LOBSTER SHOP LTD.,Canada,New Brunswick,SHEDIAC,261 MAIN STREET,E4P2A6,0177,,,,approved,true,documentation_verified,CFIA export list entry. Species/by-products not verified; add only with explicit evidence.,https://apps.inspection.canada.ca/webapps/FishList/,CFIA Fish and Seafood Establishments (Export List),regulator,2026-02-06
EMERY SMITH FISHERIES LIMITED (CFIA Ref #1400),EMERY SMITH FISHERIES LIMITED,Canada,Nova Scotia,SHAG HARBOUR,5309 HWY 3,B0W3B0,1400,,,,approved,true,documentation_verified,CFIA export list entry. Species/by-products not verified; add only with explicit evidence.,https://apps.inspection.canada.ca/webapps/FishList/,CFIA Fish and Seafood Establishments (Export List),regulator,2026-02-06
SOUTH SHORE TRADING CO. LTD. (CFIA Ref #2427),SOUTH SHORE TRADING CO. LTD.,Canada,New Brunswick,UPPER CAPE,36 JOHN A. TRENHOLM ROAD,E4M2R6,2427,,,,approved,true,documentation_verified,CFIA export list entry. Species/by-products not verified; add only with explicit evidence.,https://apps.inspection.canada.ca/webapps/FishList/,CFIA Fish and Seafood Establishments (Export List),regulator,2026-02-06
WEST INDIA TRADING CO. INC. (CFIA Ref #2422),WEST INDIA TRADING CO. INC.,Canada,New Brunswick,PETIT-CAP,2086 ROUTE 950,E4N2J7,2422,,,,approved,true,documentation_verified,CFIA export list entry. Species/by-products not verified; add only with explicit evidence.,https://apps.inspection.canada.ca/webapps/FishList/,CFIA Fish and Seafood Establishments (Export List),regulator,2026-02-06
FORT POINT FISHERIES LIMITED (CFIA Ref #1336),FORT POINT FISHERIES LIMITED,Canada,Nova Scotia,SHELBURNE,107 FORT POINT ROAD,-,1336,,,,approved,true,documentation_verified,CFIA export list entry. Species/by-products not verified; add only with explicit evidence.,https://apps.inspection.canada.ca/webapps/FishList/,CFIA Fish and Seafood Establishments (Export List),regulator,2026-02-06
GULLIVER'S COVE FISHERIES (CFIA Ref #1475),GULLIVER'S COVE FISHERIES,Canada,Nova Scotia,DIGBY,556 GULLIVER'S COVE ROAD,B0V1A0,1475,,,,approved,true,documentation_verified,CFIA export list entry. Species/by-products not verified; add only with explicit evidence.,https://apps.inspection.canada.ca/webapps/FishList/,CFIA Fish and Seafood Establishments (Export List),regulator,2026-02-06
MAC'S OYSTERS LTD. (CFIA Ref #0997),MAC'S OYSTERS LTD.,Canada,British Columbia,FANNY BAY,7162 SOUTH ISLAND HIGHWAY,V0R1W0,0997,,,,approved,true,documentation_verified,CFIA export list entry. Species/by-products not verified; add only with explicit evidence.,https://apps.inspection.canada.ca/webapps/FishList/,CFIA Fish and Seafood Establishments (Export List),regulator,2026-02-06
HUB CITY FISHERIES LTD. (CFIA Ref #0728),HUB CITY FISHERIES LTD.,Canada,British Columbia,NANAIMO,262 SOUTHSIDE DRIVE,V9R6Z5,0728,,,,approved,true,documentation_verified,CFIA export list entry. Species/by-products not verified; add only with explicit evidence.,https://apps.inspection.canada.ca/webapps/FishList/,CFIA Fish and Seafood Establishments (Export List),regulator,2026-02-06
MID-OCEAN FISHERIES LTD. (CFIA Ref #1956),MID-OCEAN FISHERIES LTD.,Canada,British Columbia,RICHMOND,#150 - 12831 CLARKE PLACE,V6V2H9,1956,,,,approved,true,documentation_verified,CFIA export list entry. Species/by-products not verified; add only with explicit evidence.,https://apps.inspection.canada.ca/webapps/FishList/,CFIA Fish and Seafood Establishments (Export List),regulator,2026-02-06
AERO TRADING CO. LTD. (CFIA Ref #0769),AERO TRADING CO. LTD.,Canada,British Columbia,PORT EDWARD,1080 SKEENA DRIVE,V0V1G0,0769,,,,approved,true,documentation_verified,CFIA export list entry. Species/by-products not verified; add only with explicit evidence.,https://apps.inspection.canada.ca/webapps/FishList/,CFIA Fish and Seafood Establishments (Export List),regulator,2026-02-06
MOON ENTERPRISES INC. (CFIA Ref #1976),MOON ENTERPRISES INC.,Canada,British Columbia,RICHMOND,#2 - 11720 VOYAGEUR WAY,V6X3G9,1976,,,,approved,true,documentation_verified,CFIA export list entry. Species/by-products not verified; add only with explicit evidence.,https://apps.inspection.canada.ca/webapps/FishList/,CFIA Fish and Seafood Establishments (Export List),regulator,2026-02-06
AERO TRADING CO. LTD. (CFIA Ref #0770),AERO TRADING CO. LTD.,Canada,British Columbia,VANCOUVER,200-8592 FRASER STREET,V5X3Y3,0770,,,,approved,true,documentation_verified,CFIA export list entry. Species/by-products not verified; add only with explicit evidence.,https://apps.inspection.canada.ca/webapps/FishList/,CFIA Fish and Seafood Establishments (Export List),regulator,2026-02-06
SEABORN ENTERPRISES LTD. (CFIA Ref #0959),SEABORN ENTERPRISES LTD.,Canada,British Columbia,VANCOUVER,79 & 91 EAST KENT AVENUE NORTH,V5X2X5,0959,,,,approved,true,documentation_verified,CFIA export list entry. Species/by-products not verified; add only with explicit evidence.,https://apps.inspection.canada.ca/webapps/FishList/,CFIA Fish and Seafood Establishments (Export List),regulator,2026-02-06
"CANADIAN FISHING COMPANY, A DIVISION OF JIM PATTISON ENTERPRISES LTD. (CFIA Ref #0767)","CANADIAN FISHING COMPANY, A DIVISION OF JIM PATTISON ENTERPRISES LTD.",Canada,British Columbia,PRINCE RUPERT,FOOT OF SEAL COVE ROAD,V8J3R5,0767,,,,approved,true,documentation_verified,CFIA export list entry. Species/by-products not verified; add only with explicit evidence.,https://apps.inspection.canada.ca/webapps/FishList/,CFIA Fish and Seafood Establishments (Export List),regulator,2026-02-06
"CANADIAN FISHING COMPANY, A DIVISION OF JIM PATTISON ENTERPRISES LTD. (CFIA Ref #0702)","CANADIAN FISHING COMPANY, A DIVISION OF JIM PATTISON ENTERPRISES LTD.",Canada,British Columbia,RICHMOND,13140 RICE MILL ROAD,V6W1A1,0702,,,,approved,true,documentation_verified,CFIA export list entry. Species/by-products not verified; add only with explicit evidence.,https://apps.inspection.canada.ca/webapps/FishList/,CFIA Fish and Seafood Establishments (Export List),regulator,2026-02-06
"CANADIAN FISHING COMPANY, A DIVISION OF JIM PATTISON ENTERPRISES LTD. (CFIA Ref #0792)","CANADIAN FISHING COMPANY, A DIVISION OF JIM PATTISON ENTERPRISES LTD.",Canada,British Columbia,PRINCE RUPERT,181 GEORGE HILLS WAY,V8J1A3,0792,,,,approved,true,documentation_verified,CFIA export list entry. Species/by-products not verified; add only with explicit evidence.,https://apps.inspection.canada.ca/webapps/FishList/,CFIA Fish and Seafood Establishments (Export List),regulator,2026-02-06
MOWI CANADA WEST INC. (CFIA Ref #0950),MOWI CANADA WEST INC.,Canada,British Columbia,PORT HARDY,7200 COHO ROAD,V0N2P0,0950,,,,approved,true,documentation_verified,CFIA export list entry. Species/by-products not verified; add only with explicit evidence.,https://apps.inspection.canada.ca/webapps/FishList/,CFIA Fish and Seafood Establishments (Export List),regulator,2026-02-06
OCEANFOOD INDUSTRIES LIMITED (CFIA Ref #1982),OCEANFOOD INDUSTRIES LIMITED,Canada,British Columbia,RICHMOND,11520 EBURNE WAY,V6V2G7,1982,,,,approved,true,documentation_verified,CFIA export list entry. Species/by-products not verified; add only with explicit evidence.,https://apps.inspection.canada.ca/webapps/FishList/,CFIA Fish and Seafood Establishments (Export List),regulator,2026-02-06
ORCA SPECIALTY FOODS LTD. (CFIA Ref #0915),ORCA SPECIALTY FOODS LTD.,Canada,British Columbia,SURREY,#4 17350 56TH AVENUE,V3S1C3,0915,,,,approved,true,documentation_verified,CFIA export list entry. Species/by-products not verified; add only with explicit evidence.,https://apps.inspection.canada.ca/webapps/FishList/,CFIA Fish and Seafood Establishments (Export List),regulator,2026-02-06
CERMAQ CANADA PROCESSING LTD. (CFIA Ref #0943),CERMAQ CANADA PROCESSING LTD.,Canada,British Columbia,TOFINO,61 - 4TH STREET,-,0943,,,,approved,true,documentation_verified,CFIA export list entry. Species/by-products not verified; add only with explicit evidence.,https://apps.inspection.canada.ca/webapps/FishList/,CFIA Fish and Seafood Establishments (Export List),regulator,2026-02-06
Baynes Sound Oyster Co. Ltd. (CFIA Ref #0910),Baynes Sound Oyster Co. Ltd.,Canada,British Columbia,UNION BAY,5848 ISLAND HIGHWAY SOUTH,V0R3B0,0910,,,,approved,true,documentation_verified,CFIA export list entry. Species/by-products not verified; add only with explicit evidence.,https://apps.inspection.canada.ca/webapps/FishList/,CFIA Fish and Seafood Establishments (Export List),regulator,2026-02-06
HEILTSUK FISHERIES MANAGEMENT LTD. (CFIA Ref #0747),HEILTSUK FISHERIES MANAGEMENT LTD.,Canada,British Columbia,BELLA BELLA 1,FOOT OF MCLOUGHLIN BAY ROAD,V0T1Z0,0747,,,,approved,true,documentation_verified,CFIA export list entry. Species/by-products not verified; add only with explicit evidence.,https://apps.inspection.canada.ca/webapps/FishList/,CFIA Fish and Seafood Establishments (Export List),regulator,2026-02-06
PACIFIC RIM SHELLFISH (2003) CORP. (CFIA Ref #1944),PACIFIC RIM SHELLFISH (2003) CORP.,Canada,British Columbia,VANCOUVER,1807 MAST TOWER ROAD,V6H3X7,1944,,,,approved,true,documentation_verified,CFIA export list entry. Species/by-products not verified; add only with explicit evidence.,https://apps.inspection.canada.ca/webapps/FishList/,CFIA Fish and Seafood Establishments (Export List),regulator,2026-02-06
PACIFIC LINK HOLDINGS LTD. (CFIA Ref #0964),PACIFIC LINK HOLDINGS LTD.,Canada,British Columbia,RICHMOND,#12 - 4751 SHELL ROAD,V6X3H4,0964,,,,approved,true,documentation_verified,CFIA export list entry. Species/by-products not verified; add only with explicit evidence.,https://apps.inspection.canada.ca/webapps/FishList/,CFIA Fish and Seafood Establishments (Export List),regulator,2026-02-06
PALADIN INTERNATIONAL FOOD SALES LTD. (CFIA Ref #0983),PALADIN INTERNATIONAL FOOD SALES LTD.,Canada,British Columbia,RICHMOND,#9 - 12671 BATHGATE WAY,V6V1Y5,0983,,,,approved,true,documentation_verified,CFIA export list entry. Species/by-products not verified; add only with explicit evidence.,https://apps.inspection.canada.ca/webapps/FishList/,CFIA Fish and Seafood Establishments (Export List),regulator,2026-02-06
THE PENDER HARBOUR FISHING CO. LTD (CFIA Ref #0969),THE PENDER HARBOUR FISHING CO. LTD,Canada,British Columbia,MADEIRA PARK,13067 HASSAN ROAD,V0N2H0,0969,,,,approved,true,documentation_verified,CFIA export list entry. Species/by-products not verified; add only with explicit evidence.,https://apps.inspection.canada.ca/webapps/FishList/,CFIA Fish and Seafood Establishments (Export List),regulator,2026-02-06
BROWN'S BAY PACKING COMPANY LTD. (CFIA Ref #0904),BROWN'S BAY PACKING COMPANY LTD.,Canada,British Columbia,CAMPBELL RIVER,15007 BROWN'S BAY ROAD,V9H1N9,0904,,,,approved,true,documentation_verified,CFIA export list entry. Species/by-products not verified; add only with explicit evidence.,https://apps.inspection.canada.ca/webapps/FishList/,CFIA Fish and Seafood Establishments (Export List),regulator,2026-02-06
CAMPBELL RIVER FISHING CO. LTD. (CFIA Ref #0795),CAMPBELL RIVER FISHING CO. LTD.,Canada,British Columbia,CAMPBELL RIVER,1330 HOMEWOOD ROAD,V9W3N7,0795,,,,approved,true,documentation_verified,CFIA export list entry. Species/by-products not verified; add only with explicit evidence.,https://apps.inspection.canada.ca/webapps/FishList/,CFIA Fish and Seafood Establishments (Export List),regulator,2026-02-06
PACIFIC SALMON INDUSTRIES INC. O/A SCANNER ENTERPRISES (CFIA Ref #1908),PACIFIC SALMON INDUSTRIES INC. O/A SCANNER ENTERPRISES,Canada,British Columbia,SURREY,8305 - 128TH STREET,V3W4G1,1908,,,,approved,true,documentation_verified,CFIA export list entry. Species/by-products not verified; add only with explicit evidence.,https://apps.inspection.canada.ca/webapps/FishList/,CFIA Fish and Seafood Establishments (Export List),regulator,2026-02-06
SEA WORLD FISHERIES LTD. (CFIA Ref #1967),SEA WORLD FISHERIES LTD.,Canada,British Columbia,VANCOUVER,1708 PANDORA STREET,V5L1L9,1967,,,,approved,true,documentation_verified,CFIA export list entry. Species/by-products not verified; add only with explicit evidence.,https://apps.inspection.canada.ca/webapps/FishList/,CFIA Fish and Seafood Establishments (Export List),regulator,2026-02-06
HAIDA WILD LIMITED PARTNERSHIP (CFIA Ref #0978),HAIDA WILD LIMITED PARTNERSHIP,Canada,British Columbia,MASSET,1620 OLD BEACH ROAD,V0T1M0,0978,,,,approved,true,documentation_verified,CFIA export list entry. Species/by-products not verified; add only with explicit evidence.,https://apps.inspection.canada.ca/webapps/FishList/,CFIA Fish and Seafood Establishments (Export List),regulator,2026-02-06
ST. JEAN'S COAST MOUNTAIN RESOURCES INC. (CFIA Ref #0780),ST. JEAN'S COAST MOUNTAIN RESOURCES INC.,Canada,British Columbia,NANAIMO,242 SOUTHSIDE DRIVE,V9R6Z5,0780,,,,approved,true,documentation_verified,CFIA export list entry. Species/by-products not verified; add only with explicit evidence.,https://apps.inspection.canada.ca/webapps/FishList/,CFIA Fish and Seafood Establishments (Export List),regulator,2026-02-06
SUNG FISH COMPANY LIMITED (CFIA Ref #0772),SUNG FISH COMPANY LIMITED,Canada,British Columbia,VANCOUVER,1795 PANDORA STREET,V5L1L8,0772,,,,approved,true,documentation_verified,CFIA export list entry. Species/by-products not verified; add only with explicit evidence.,https://apps.inspection.canada.ca/webapps/FishList/,CFIA Fish and Seafood Establishments (Export List),regulator,2026-02-06
TIMOTHY OYSTER CO. LTD. (CFIA Ref #1939),TIMOTHY OYSTER CO. LTD.,Canada,British Columbia,LADYSMITH,5035 PATON ROAD,V9G1M6,1939,,,,approved,true,documentation_verified,CFIA export list entry. Species/by-products not verified; add only with explicit evidence.,https://apps.inspection.canada.ca/webapps/FishList/,CFIA Fish and Seafood Establishments (Export List),regulator,2026-02-06
COOPER'S COVE OYSTER FARM LTD. (CFIA Ref #0903),COOPER'S COVE OYSTER FARM LTD.,Canada,British Columbia,SOOKE,6377 BELVISTA PLACE,V9Z0S9,0903,,,,approved,true,documentation_verified,CFIA export list entry. Species/by-products not verified; add only with explicit evidence.,https://apps.inspection.canada.ca/webapps/FishList/,CFIA Fish and Seafood Establishments (Export List),regulator,2026-02-06
COOPER'S COVE OYSTER FARM LTD. (CFIA Ref #0993),COOPER'S COVE OYSTER FARM LTD.,Canada,British Columbia,SOOKE,6377 BELVISTA PLACE,V9Z0S9,0993,,,,approved,true,documentation_verified,CFIA export list entry. Species/by-products not verified; add only with explicit evidence.,https://apps.inspection.canada.ca/webapps/FishList/,CFIA Fish and Seafood Establishments (Export List),regulator,2026-02-06
DOLLAR FOOD MFG. INC. (CFIA Ref #0799),DOLLAR FOOD MFG. INC.,Canada,British Columbia,VANCOUVER,1410 - 1450 ODLUM DRIVE,V5L4X7,0799,,,,approved,true,documentation_verified,CFIA export list entry. Species/by-products not verified; add only with explicit evidence.,https://apps.inspection.canada.ca/webapps/FishList/,CFIA Fish and Seafood Establishments (Export List),regulator,2026-02-06
SEA DRIFT FISH COMPANY LTD. (CFIA Ref #0717),SEA DRIFT FISH COMPANY LTD.,Canada,British Columbia,NANAIMO,248 SOUTHSIDE DRIVE,V9R6Z5,0717,,,,approved,true,documentation_verified,CFIA export list entry. Species/by-products not verified; add only with explicit evidence.,https://apps.inspection.canada.ca/webapps/FishList/,CFIA Fish and Seafood Establishments (Export List),regulator,2026-02-06
TAYLOR SHELLFISH CANADA ULC DBA FANNY BAY OYSTERS (CFIA Ref #0773),TAYLOR SHELLFISH CANADA ULC DBA FANNY BAY OYSTERS,Canada,British Columbia,FANNY BAY,8260 SOUTH ISLAND HIGHWAY,V0R1W0,0773,,,,approved,true,documentation_verified,CFIA export list entry. Species/by-products not verified; add only with explicit evidence.,https://apps.inspection.canada.ca/webapps/FishList/,CFIA Fish and Seafood Establishments (Export List),regulator,2026-02-06
TAYLOR SHELLFISH CANADA ULC (CFIA Ref #0994),TAYLOR SHELLFISH CANADA ULC,Canada,British Columbia,FANNY BAY,8260 SOUTH ISLAND HIGHWAY,V0R1W0,0994,,,,approved,true,documentation_verified,CFIA export list entry. Species/by-products not verified; add only with explicit evidence.,https://apps.inspection.canada.ca/webapps/FishList/,CFIA Fish and Seafood Establishments (Export List),regulator,2026-02-06
SOO JERKY LIMITED (CFIA Ref #0712),SOO JERKY LIMITED,Canada,British Columbia,RICHMOND,13191 PRINCESS STREET,V7E3S1,0712,,,,approved,true,documentation_verified,CFIA export list entry. Species/by-products not verified; add only with explicit evidence.,https://apps.inspection.canada.ca/webapps/FishList/,CFIA Fish and Seafood Establishments (Export List),regulator,2026-02-06
FRENCH CREEK SEAFOOD LTD. (CFIA Ref #0787),FRENCH CREEK SEAFOOD LTD.,Canada,British Columbia,PARKSVILLE,1097 LEE ROAD,V9P2E1,0787,,,,approved,true,documentation_verified,CFIA export list entry. Species/by-products not verified; add only with explicit evidence.,https://apps.inspection.canada.ca/webapps/FishList/,CFIA Fish and Seafood Establishments (Export List),regulator,2026-02-06
GRAND HALE MARINE PRODUCTS COMPANY LIMITED (CFIA Ref #1926),GRAND HALE MARINE PRODUCTS COMPANY LIMITED,Canada,British Columbia,RICHMOND,11551 TWIGG PLACE,V6V2Y2,1926,,,,approved,true,documentation_verified,CFIA export list entry. Species/by-products not verified; add only with explicit evidence.,https://apps.inspection.canada.ca/webapps/FishList/,CFIA Fish and Seafood Establishments (Export List),regulator,2026-02-06
GREAT GLACIER SALMON LTD (CFIA Ref #0763),GREAT GLACIER SALMON LTD,Canada,British Columbia,PRINCE RUPERT,MILE 35,-,0763,,,,approved,true,documentation_verified,CFIA export list entry. Species/by-products not verified; add only with explicit evidence.,https://apps.inspection.canada.ca/webapps/FishList/,CFIA Fish and Seafood Establishments (Export List),regulator,2026-02-06
DIANA'S SEAFOOD DELIGHT INC. (CFIA Ref #1833),DIANA'S SEAFOOD DELIGHT INC.,Canada,Ontario,SCARBOROUGH,2101 LAWRENCE AVENUE EAST,M1R2Z4,1833,,,,approved,true,documentation_verified,CFIA export list entry. Species/by-products not verified; add only with explicit evidence.,https://apps.inspection.canada.ca/webapps/FishList/,CFIA Fish and Seafood Establishments (Export List),regulator,2026-02-06
COAST TSIMSHIAN FISH PLANT LTD. (CFIA Ref #0742),COAST TSIMSHIAN FISH PLANT LTD.,Canada,British Columbia,LAX KW'ALAAMS,100 SHASHAAK STREET,V0V1H0,0742,,,,approved,true,documentation_verified,CFIA export list entry. Species/by-products not verified; add only with explicit evidence.,https://apps.inspection.canada.ca/webapps/FishList/,CFIA Fish and Seafood Establishments (Export List),regulator,2026-02-06
ALL TEMP FOODS LTD (CFIA Ref #0604),ALL TEMP FOODS LTD,Canada,Ontario,LEAMINGTON,15 INDUSTRIAL ROAD,N8H4W4,0604,,,,approved,true,documentation_verified,CFIA export list entry. Species/by-products not verified; add only with explicit evidence.,https://apps.inspection.canada.ca/webapps/FishList/,CFIA Fish and Seafood Establishments (Export List),regulator,2026-02-06
LIONS' GATE FISHERIES LTD. (CFIA Ref #0777),LIONS' GATE FISHERIES LTD.,Canada,British Columbia,DELTA,4179 RIVER ROAD WEST,V4K1R9,0777,,,,approved,true,documentation_verified,CFIA export list entry. Species/by-products not verified; add only with explicit evidence.,https://apps.inspection.canada.ca/webapps/FishList/,CFIA Fish and Seafood Establishments (Export List),regulator,2026-02-06
ALLSEAS FISHERIES INC. (CFIA Ref #1762),ALLSEAS FISHERIES INC.,Canada,Ontario,TORONTO,55 VANSCO ROAD,M8Z5Z8,1762,,,,approved,true,documentation_verified,CFIA export list entry. Species/by-products not verified; add only with explicit evidence.,https://apps.inspection.canada.ca/webapps/FishList/,CFIA Fish and Seafood Establishments (Export List),regulator,2026-02-06
LIONS' GATE FISHERIES LTD. (CFIA Ref #1918),LIONS' GATE FISHERIES LTD.,Canada,British Columbia,TOFINO,612 CAMPBELL STREET,V0R2Z0,1918,,,,approved,true,documentation_verified,CFIA export list entry. Species/by-products not verified; add only with explicit evidence.,https://apps.inspection.canada.ca/webapps/FishList/,CFIA Fish and Seafood Establishments (Export List),regulator,2026-02-06
BOS SMOKED FISH INC (CFIA Ref #1653),BOS SMOKED FISH INC,Canada,Ontario,WOODSTOCK,1175 PATTULLO AVENUE,N4S7W3,1653,,,,approved,true,documentation_verified,CFIA export list entry. Species/by-products not verified; add only with explicit evidence.,https://apps.inspection.canada.ca/webapps/FishList/,CFIA Fish and Seafood Establishments (Export List),regulator,2026-02-06
MANITOULIN TROUT FARMS (A DIVISION OF COLE MONROE FOODS INC.) (CFIA Ref #0657),MANITOULIN TROUT FARMS (A DIVISION OF COLE MONROE FOODS INC.),Canada,Ontario,LITTLE CURRENT,54 VANKOOGHNET ST E,POP1K0,0657,,,,approved,true,documentation_verified,CFIA export list entry. Species/by-products not verified; add only with explicit evidence.,https://apps.inspection.canada.ca/webapps/FishList/,CFIA Fish and Seafood Establishments (Export List),regulator,2026-02-06
CANYON CREEK FOOD COMPANY LTD. (CFIA Ref #1771),CANYON CREEK FOOD COMPANY LTD.,Canada,Alberta,EDMONTON,8704 53RD AVENUE,T6E5G2,1771,,,,approved,true,documentation_verified,CFIA export list entry. Species/by-products not verified; add only with explicit evidence.,https://apps.inspection.canada.ca/webapps/FishList/,CFIA Fish and Seafood Establishments (Export List),regulator,2026-02-06
ETOBICOKE NOODLES INC. (CFIA Ref #1896),ETOBICOKE NOODLES INC.,Canada,Ontario,TORONTO,66 NEWCASTLE STREET,M8Y1A4,1896,,,,approved,true,documentation_verified,CFIA export list entry. Species/by-products not verified; add only with explicit evidence.,https://apps.inspection.canada.ca/webapps/FishList/,CFIA Fish and Seafood Establishments (Export List),regulator,2026-02-06
Presteve Foods Limited (CFIA Ref #1684),Presteve Foods Limited,Canada,Ontario,BATCHAWANA BAY,24 FERROCLAD ROAD,P0S1A0,1684,,,,approved,true,documentation_verified,CFIA export list entry. Species/by-products not verified; add only with explicit evidence.,https://apps.inspection.canada.ca/webapps/FishList/,CFIA Fish and Seafood Establishments (Export List),regulator,2026-02-06
FRESHWATER FISH MARKETING CORPORATION (CFIA Ref #1664),FRESHWATER FISH MARKETING CORPORATION,Canada,Manitoba,WINNIPEG,-,R2C3L4,1664,,,,approved,true,documentation_verified,CFIA export list entry. Species/by-products not verified; add only with explicit evidence.,https://apps.inspection.canada.ca/webapps/FishList/,CFIA Fish and Seafood Establishments (Export List),regulator,2026-02-06
La Nassa Foods Inc. (CFIA Ref #1890),La Nassa Foods Inc.,Canada,Ontario,Kingsville,215 Industry Rd,N9Y1K9,1890,,,,approved,true,documentation_verified,CFIA export list entry. Species/by-products not verified; add only with explicit evidence.,https://apps.inspection.canada.ca/webapps/FishList/,CFIA Fish and Seafood Establishments (Export List),regulator,2026-02-06
INDEPENDENT FISH CO LTD (CFIA Ref #0635),INDEPENDENT FISH CO LTD,Canada,Manitoba,WINNIPEG,941 SHERBROOK STREET,R3A1N3,0635,,,,approved,true,documentation_verified,CFIA export list entry. Species/by-products not verified; add only with explicit evidence.,https://apps.inspection.canada.ca/webapps/FishList/,CFIA Fish and Seafood Establishments (Export List),regulator,2026-02-06
MARINER NEPTUNE FISH & SEAFOOD COMPANY LTD. (CFIA Ref #0628),MARINER NEPTUNE FISH & SEAFOOD COMPANY LTD.,Canada,Manitoba,WINNIPEG,472 DUFFERIN AVE,R2C0G9,0628,,,,approved,true,documentation_verified,CFIA export list entry. Species/by-products not verified; add only with explicit evidence.,https://apps.inspection.canada.ca/webapps/FishList/,CFIA Fish and Seafood Establishments (Export List),regulator,2026-02-06
MINOR FISHERIES LTD. (CFIA Ref #1712),MINOR FISHERIES LTD.,Canada,Ontario,PORT COLBORNE,1070 ELM STREET,L3K5V5,1712,,,,approved,true,documentation_verified,CFIA export list entry. Species/by-products not verified; add only with explicit evidence.,https://apps.inspection.canada.ca/webapps/FishList/,CFIA Fish and Seafood Establishments (Export List),regulator,2026-02-06
WILD WEST STEELHEAD (CFIA Ref #1752),WILD WEST STEELHEAD,Canada,Saskatchewan,LUCKY LAKE,NE Q 21-23-07 W3,S0L1Z0,1752,,,,approved,true,documentation_verified,CFIA export list entry. Species/by-products not verified; add only with explicit evidence.,https://apps.inspection.canada.ca/webapps/FishList/,CFIA Fish and Seafood Establishments (Export List),regulator,2026-02-06
OCEAN FOOD COMPANY LIMITED (CFIA Ref #1849),OCEAN FOOD COMPANY LIMITED,Canada,Ontario,SCARBOROUGH,3 TURBINA AVENUE,M1V5G3,1849,,,,approved,true,documentation_verified,CFIA export list entry. Species/by-products not verified; add only with explicit evidence.,https://apps.inspection.canada.ca/webapps/FishList/,CFIA Fish and Seafood Establishments (Export List),regulator,2026-02-06
PACIFIC FRESH FISH LTD (CFIA Ref #1742),PACIFIC FRESH FISH LTD,Canada,Saskatchewan,REGINA,679 HENDERSON DRIVE,S4N6A8,1742,,,,approved,true,documentation_verified,CFIA export list entry. Species/by-products not verified; add only with explicit evidence.,https://apps.inspection.canada.ca/webapps/FishList/,CFIA Fish and Seafood Establishments (Export List),regulator,2026-02-06
PRESTEVE FOODS LIMITED (CFIA Ref #1867),PRESTEVE FOODS LIMITED,Canada,Ontario,WHEATLEY,20954 ERIE STREET SOUTH,N0P2P0,1867,,,,approved,true,documentation_verified,CFIA export list entry. Species/by-products not verified; add only with explicit evidence.,https://apps.inspection.canada.ca/webapps/FishList/,CFIA Fish and Seafood Establishments (Export List),regulator,2026-02-06
PURDY FISHERIES LIMITED (CFIA Ref #1718),PURDY FISHERIES LIMITED,Canada,Ontario,POINT EDWARD,1 RIVER FRONT,N7T8G4,1718,,,,approved,true,documentation_verified,CFIA export list entry. Species/by-products not verified; add only with explicit evidence.,https://apps.inspection.canada.ca/webapps/FishList/,CFIA Fish and Seafood Establishments (Export List),regulator,2026-02-06
POS BIO-SCIENCES (CFIA Ref #1775),POS BIO-SCIENCES,Canada,Saskatchewan,SASKATOON,118 VETERINARY ROAD,S7N2R4,1775,,,,approved,true,documentation_verified,CFIA export list entry. Species/by-products not verified; add only with explicit evidence.,https://apps.inspection.canada.ca/webapps/FishList/,CFIA Fish and Seafood Establishments (Export List),regulator,2026-02-06
SEACORE SEAFOOD INC (CFIA Ref #1774),SEACORE SEAFOOD INC,Canada,Ontario,WOODBRIDGE,81 AVIVA PARK DRIVE,L4L9C1,1774,,,,approved,true,documentation_verified,CFIA export list entry. Species/by-products not verified; add only with explicit evidence.,https://apps.inspection.canada.ca/webapps/FishList/,CFIA Fish and Seafood Establishments (Export List),regulator,2026-02-06
THE PURVIS BROS. LIMITED (CFIA Ref #1830),THE PURVIS BROS. LIMITED,Canada,Ontario,BURNT ISLAND,1981 BURNT ISLAND ROAD,P0P1Y0,1830,,,,approved,true,documentation_verified,CFIA export list entry. Species/by-products not verified; add only with explicit evidence.,https://apps.inspection.canada.ca/webapps/FishList/,CFIA Fish and Seafood Establishments (Export List),regulator,2026-02-06
LES PLATS DU CHEF ULC (CFIA Ref #1853),LES PLATS DU CHEF ULC,Canada,Ontario,VAUGHAN,610 OSTER LANE,L4K2C1,1853,,,,approved,true,documentation_verified,CFIA export list entry. Species/by-products not verified; add only with explicit evidence.,https://apps.inspection.canada.ca/webapps/FishList/,CFIA Fish and Seafood Establishments (Export List),regulator,2026-02-06
TRUE NORTH SALMON LIMITED PARTNERSHIP (CFIA Ref #1293),TRUE NORTH SALMON LIMITED PARTNERSHIP,Canada,Prince Edward Island,CHARLOTTETOWN,17 WALKER DRIVE,C1A8S5,1293,,,,approved,true,documentation_verified,CFIA export list entry. Species/by-products not verified; add only with explicit evidence.,https://apps.inspection.canada.ca/webapps/FishList/,CFIA Fish and Seafood Establishments (Export List),regulator,2026-02-06
BELLE RIVER ENTERPRISES LIMITED (CFIA Ref #2302),BELLE RIVER ENTERPRISES LIMITED,Canada,Prince Edward Island,BELLE RIVER,12 WATERVIEW LANE,C0A1B0,2302,,,,approved,true,documentation_verified,CFIA export list entry. Species/by-products not verified; add only with explicit evidence.,https://apps.inspection.canada.ca/webapps/FishList/,CFIA Fish and Seafood Establishments (Export List),regulator,2026-02-06
COUNTRY QUEEN FOODS INC. (CFIA Ref #0610),COUNTRY QUEEN FOODS INC.,Canada,Ontario,BRAMPTON,205 WILKINSON ROAD,L6T4M2,0610,,,,approved,true,documentation_verified,CFIA export list entry. Species/by-products not verified; add only with explicit evidence.,https://apps.inspection.canada.ca/webapps/FishList/,CFIA Fish and Seafood Establishments (Export List),regulator,2026-02-06
MACKINNON'S LOBSTER POUND LTD. (CFIA Ref #2307),MACKINNON'S LOBSTER POUND LTD.,Canada,Prince Edward Island,CHARLOTTETOWN,2 PRINCE STREET,C1A0C4,2307,,,,approved,true,documentation_verified,CFIA export list entry. Species/by-products not verified; add only with explicit evidence.,https://apps.inspection.canada.ca/webapps/FishList/,CFIA Fish and Seafood Establishments (Export List),regulator,2026-02-06
P.E.I. MUSSEL KING (1994) INC. (CFIA Ref #2394),P.E.I. MUSSEL KING (1994) INC.,Canada,Prince Edward Island,MORELL,318 RED HEAD ROAD,C0A1S0,2394,,,,approved,true,documentation_verified,CFIA export list entry. Species/by-products not verified; add only with explicit evidence.,https://apps.inspection.canada.ca/webapps/FishList/,CFIA Fish and Seafood Establishments (Export List),regulator,2026-02-06
INOVATA FOODS CORP. (CFIA Ref #0607),INOVATA FOODS CORP.,Canada,Ontario,TILLSONBURG,95 SPRUCE ST,N4G5C4,0607,,,,approved,true,documentation_verified,CFIA export list entry. Species/by-products not verified; add only with explicit evidence.,https://apps.inspection.canada.ca/webapps/FishList/,CFIA Fish and Seafood Establishments (Export List),regulator,2026-02-06
GRANDE-ENTRÉE AQUACULTURE INC (CFIA Ref #1D19),GRANDE-ENTRÉE AQUACULTURE INC,Canada,Quebec,HAVRE AUX MAISONS,703 ROUTE 199 C.P. 2260,G4T5P4,1D19,,,,approved,true,documentation_verified,CFIA export list entry. Species/by-products not verified; add only with explicit evidence.,https://apps.inspection.canada.ca/webapps/FishList/,CFIA Fish and Seafood Establishments (Export List),regulator,2026-02-06
PRINCE EDWARD AQUA FARMS INC (CFIA Ref #2354),PRINCE EDWARD AQUA FARMS INC,Canada,Prince Edward Island,KENSINGTON,5891 ROUTE 20,C0B 1M0,2354,,,,approved,true,documentation_verified,CFIA export list entry. Species/by-products not verified; add only with explicit evidence.,https://apps.inspection.canada.ca/webapps/FishList/,CFIA Fish and Seafood Establishments (Export List),regulator,2026-02-06
ROYAL STAR FOODS LTD. (CFIA Ref #2391),ROYAL STAR FOODS LTD.,Canada,Prince Edward Island,TIGNISH,175 JUDES POINT ROAD,C0B2B0,2391,,,,approved,true,documentation_verified,CFIA export list entry. Species/by-products not verified; add only with explicit evidence.,https://apps.inspection.canada.ca/webapps/FishList/,CFIA Fish and Seafood Establishments (Export List),regulator,2026-02-06
ROYAL STAR FOODS LTD. (CFIA Ref #2392),ROYAL STAR FOODS LTD.,Canada,Prince Edward Island,TIGNISH,439 FOUNDERS LANE,C0B2B0,2392,,,,approved,true,documentation_verified,CFIA export list entry. Species/by-products not verified; add only with explicit evidence.,https://apps.inspection.canada.ca/webapps/FishList/,CFIA Fish and Seafood Establishments (Export List),regulator,2026-02-06
OCEAN CONCORD (CFIA Ref #1110),OCEAN CONCORD,Canada,Nova Scotia,MULGRAVE,428 MAIN STREET,B0E2G0,1110,,,,approved,true,documentation_verified,CFIA export list entry. Species/by-products not verified; add only with explicit evidence.,https://apps.inspection.canada.ca/webapps/FishList/,CFIA Fish and Seafood Establishments (Export List),regulator,2026-02-06
SEAFOOD 2000 LTD (CFIA Ref #0827),SEAFOOD 2000 LTD,Canada,Prince Edward Island,GEORGETOWN,10 WATER STREET,C0A1L0,0827,,,,approved,true,documentation_verified,CFIA export list entry. Species/by-products not verified; add only with explicit evidence.,https://apps.inspection.canada.ca/webapps/FishList/,CFIA Fish and Seafood Establishments (Export List),regulator,2026-02-06
TRACADIE BAY AQUA FARMS INC. (CFIA Ref #2386),TRACADIE BAY AQUA FARMS INC.,Canada,Prince Edward Island,GRAND TRACADIE,460 HARBOUR ROAD,C0A1P0,2386,,,,approved,true,documentation_verified,CFIA export list entry. Species/by-products not verified; add only with explicit evidence.,https://apps.inspection.canada.ca/webapps/FishList/,CFIA Fish and Seafood Establishments (Export List),regulator,2026-02-06
KIVALLIQ ARCTIC FOODS LTD (CFIA Ref #0651),KIVALLIQ ARCTIC FOODS LTD,Canada,Nunavut,RANKIN INLET,"PTN LOT 40, PLAN 603",X0C0G0,0651,,,,approved,true,documentation_verified,CFIA export list entry. Species/by-products not verified; add only with explicit evidence.,https://apps.inspection.canada.ca/webapps/FishList/,CFIA Fish and Seafood Establishments (Export List),regulator,2026-02-06
KITIKMEOT FOODS LTD (CFIA Ref #1640),KITIKMEOT FOODS LTD,Canada,Nunavut,CAMBRIDGE BAY,26 MITIK STREET,X0B0C0,1640,,,,approved,true,documentation_verified,CFIA export list entry. Species/by-products not verified; add only with explicit evidence.,https://apps.inspection.canada.ca/webapps/FishList/,CFIA Fish and Seafood Establishments (Export List),regulator,2026-02-06
PANGNIRTUNG FISHERIES LTD. (CFIA Ref #1758),PANGNIRTUNG FISHERIES LTD.,Canada,Nunavut,PANGNIRTUNG,653 LAKESHORE RD,-,1758,,,,approved,true,documentation_verified,CFIA export list entry. Species/by-products not verified; add only with explicit evidence.,https://apps.inspection.canada.ca/webapps/FishList/,CFIA Fish and Seafood Establishments (Export List),regulator,2026-02-06
3 T'S LIMITED (CFIA Ref #2122),3 T'S LIMITED,Canada,Newfoundland and Labrador,WOODY POINT,24 WATER ST,A0K1P0,2122,,,,approved,true,documentation_verified,CFIA export list entry. Species/by-products not verified; add only with explicit evidence.,https://apps.inspection.canada.ca/webapps/FishList/,CFIA Fish and Seafood Establishments (Export List),regulator,2026-02-06
ALLEN'S FISHERIES LIMITED (CFIA Ref #0151),ALLEN'S FISHERIES LIMITED,Canada,Newfoundland and Labrador,BENOIT'S COVE,392 MAIN STREET,A0L1A0,0151,,,,approved,true,documentation_verified,CFIA export list entry. Species/by-products not verified; add only with explicit evidence.,https://apps.inspection.canada.ca/webapps/FishList/,CFIA Fish and Seafood Establishments (Export List),regulator,2026-02-06
GUNNING COVE INDUSTRIES LIMITED (CFIA Ref #1433),GUNNING COVE INDUSTRIES LIMITED,Canada,Nova Scotia,SHELBURNE,601 SHORE ROAD,B0T1W0,1433,,,,approved,true,documentation_verified,CFIA export list entry. Species/by-products not verified; add only with explicit evidence.,https://apps.inspection.canada.ca/webapps/FishList/,CFIA Fish and Seafood Establishments (Export List),regulator,2026-02-06
MICHEL & CHARLES LEBLANC FISHERIES LTD. (CFIA Ref #2466),MICHEL & CHARLES LEBLANC FISHERIES LTD.,Canada,New Brunswick,CAP-PELE,61 RUE GAUTREAU,E4N1V2,2466,,,,approved,true,documentation_verified,CFIA export list entry. Species/by-products not verified; add only with explicit evidence.,https://apps.inspection.canada.ca/webapps/FishList/,CFIA Fish and Seafood Establishments (Export List),regulator,2026-02-06
HERVIC ENTERPRISES LIMITED (CFIA Ref #0393),HERVIC ENTERPRISES LIMITED,Canada,Nova Scotia,ARCADIA,2896 MELBOURNE ROAD,B0W1B0,0393,,,,approved,true,documentation_verified,CFIA export list entry. Species/by-products not verified; add only with explicit evidence.,https://apps.inspection.canada.ca/webapps/FishList/,CFIA Fish and Seafood Establishments (Export List),regulator,2026-02-06
HOPKINS & DEVINE FISHERIES LIMITED (CFIA Ref #1403),HOPKINS & DEVINE FISHERIES LIMITED,Canada,Nova Scotia,WOODS HARBOUR,39 NEW WHARF ROAD,B0W2E0,1403,,,,approved,true,documentation_verified,CFIA export list entry. Species/by-products not verified; add only with explicit evidence.,https://apps.inspection.canada.ca/webapps/FishList/,CFIA Fish and Seafood Establishments (Export List),regulator,2026-02-06
SEVEN SEAS INC/SEA LUX (CFIA Ref #1D20),SEVEN SEAS INC/SEA LUX,Canada,Ontario,WOODBRIDGE,100 REGINA RD UNIT 4,L4L8M7,1D20,,,,approved,true,documentation_verified,CFIA export list entry. Species/by-products not verified; add only with explicit evidence.,https://apps.inspection.canada.ca/webapps/FishList/,CFIA Fish and Seafood Establishments (Export List),regulator,2026-02-06
HUSKINS FISHERIES LIMITED (CFIA Ref #1461),HUSKINS FISHERIES LIMITED,Canada,Nova Scotia,WOODS HARBOUR,954 FORBES POINT ROAD,-,1461,,,,approved,true,documentation_verified,CFIA export list entry. Species/by-products not verified; add only with explicit evidence.,https://apps.inspection.canada.ca/webapps/FishList/,CFIA Fish and Seafood Establishments (Export List),regulator,2026-02-06
IMO FOODS LIMITED (CFIA Ref #0233),IMO FOODS LIMITED,Canada,Nova Scotia,YARMOUTH,PO BOX 236,B5A4B2,0233,,,,approved,true,documentation_verified,CFIA export list entry. Species/by-products not verified; add only with explicit evidence.,https://apps.inspection.canada.ca/webapps/FishList/,CFIA Fish and Seafood Establishments (Export List),regulator,2026-02-06
ALLEN'S FISHERIES LIMITED (CFIA Ref #0047),ALLEN'S FISHERIES LIMITED,Canada,Newfoundland and Labrador,BENOIT'S COVE,420 MAIN STREET,A0L1A0,0047,,,,approved,true,documentation_verified,CFIA export list entry. Species/by-products not verified; add only with explicit evidence.,https://apps.inspection.canada.ca/webapps/FishList/,CFIA Fish and Seafood Establishments (Export List),regulator,2026-02-06
"ANDREW DALEY LIMITED ""ROYAL MARINER"" (CFIA Ref #0031)","ANDREW DALEY LIMITED ""ROYAL MARINER""",Canada,Newfoundland and Labrador,ST. JOSEPH'S,MAIN ROAD,-,0031,,,,approved,true,documentation_verified,CFIA export list entry. Species/by-products not verified; add only with explicit evidence.,https://apps.inspection.canada.ca/webapps/FishList/,CFIA Fish and Seafood Establishments (Export List),regulator,2026-02-06
AQUA CRAB PRODUCERS INC. (CFIA Ref #0133),AQUA CRAB PRODUCERS INC.,Canada,Newfoundland and Labrador,AQUAFORTE,54 LOOP ROAD,-,0133,,,,approved,true,documentation_verified,CFIA export list entry. Species/by-products not verified; add only with explicit evidence.,https://apps.inspection.canada.ca/webapps/FishList/,CFIA Fish and Seafood Establishments (Export List),regulator,2026-02-06
"AVALON OCEAN PRODUCTS, INCORPORATED (CFIA Ref #1085)","AVALON OCEAN PRODUCTS, INCORPORATED",Canada,Newfoundland and Labrador,FAIR HAVEN,MAIN ROAD,AOB1T0,1085,,,,approved,true,documentation_verified,CFIA export list entry. Species/by-products not verified; add only with explicit evidence.,https://apps.inspection.canada.ca/webapps/FishList/,CFIA Fish and Seafood Establishments (Export List),regulator,2026-02-06
BARRY GROUP INC. (CFIA Ref #1068),BARRY GROUP INC.,Canada,Newfoundland and Labrador,CORNER BROOK,433 GRIFFIN DRIVE,-,1068,,,,approved,true,documentation_verified,CFIA export list entry. Species/by-products not verified; add only with explicit evidence.,https://apps.inspection.canada.ca/webapps/FishList/,CFIA Fish and Seafood Establishments (Export List),regulator,2026-02-06
QUIN-SEA FISHERIES LIMITED (CFIA Ref #0193),QUIN-SEA FISHERIES LIMITED,Canada,Newfoundland and Labrador,CAPE BROYLE,40 HARBOUR ROAD,A0A1P0,0193,,,,approved,true,documentation_verified,CFIA export list entry. Species/by-products not verified; add only with explicit evidence.,https://apps.inspection.canada.ca/webapps/FishList/,CFIA Fish and Seafood Establishments (Export List),regulator,2026-02-06
CARINO PROCESSING LTD. (CFIA Ref #0040),CARINO PROCESSING LTD.,Canada,Newfoundland and Labrador,SOUTH DILDO,1 FISH PLANT RD,A0B1R0,0040,,,,approved,true,documentation_verified,CFIA export list entry. Species/by-products not verified; add only with explicit evidence.,https://apps.inspection.canada.ca/webapps/FishList/,CFIA Fish and Seafood Establishments (Export List),regulator,2026-02-06
CARROLL'S STORE AND FISHERIES LIMITED (CFIA Ref #2111),CARROLL'S STORE AND FISHERIES LIMITED,Canada,Newfoundland and Labrador,COOK'S HARBOUR,53 OCEAN VIEW ROAD,-,2111,,,,approved,true,documentation_verified,CFIA export list entry. Species/by-products not verified; add only with explicit evidence.,https://apps.inspection.canada.ca/webapps/FishList/,CFIA Fish and Seafood Establishments (Export List),regulator,2026-02-06
JAMES L. MOOD FISHERIES LIMITED (CFIA Ref #0496),JAMES L. MOOD FISHERIES LIMITED,Canada,Nova Scotia,WOODS HARBOUR,130 FALLS POINT ROAD,B0W2E0,0496,,,,approved,true,documentation_verified,CFIA export list entry. Species/by-products not verified; add only with explicit evidence.,https://apps.inspection.canada.ca/webapps/FishList/,CFIA Fish and Seafood Establishments (Export List),regulator,2026-02-06
K&N FISHERIES LIMITED (CFIA Ref #0477),K&N FISHERIES LIMITED,Canada,Nova Scotia,UPPER PORT LATOUR,130 SEAL POINT ROAD,B0W3N0,0477,,,,approved,true,documentation_verified,CFIA export list entry. Species/by-products not verified; add only with explicit evidence.,https://apps.inspection.canada.ca/webapps/FishList/,CFIA Fish and Seafood Establishments (Export List),regulator,2026-02-06
DOUG NORMAN & SONS LIMITED (CFIA Ref #1134),DOUG NORMAN & SONS LIMITED,Canada,Newfoundland and Labrador,FOXTRAP,DELANEY'S ROAD,-,1134,,,,approved,true,documentation_verified,CFIA export list entry. Species/by-products not verified; add only with explicit evidence.,https://apps.inspection.canada.ca/webapps/FishList/,CFIA Fish and Seafood Establishments (Export List),regulator,2026-02-06
EASTERN FISH MARKETS LIMITED (CFIA Ref #1116),EASTERN FISH MARKETS LIMITED,Canada,Newfoundland and Labrador,CARMANVILLE,54 MAIN STREET SOUTH,A0G1N0,1116,,,,approved,true,documentation_verified,CFIA export list entry. Species/by-products not verified; add only with explicit evidence.,https://apps.inspection.canada.ca/webapps/FishList/,CFIA Fish and Seafood Establishments (Export List),regulator,2026-02-06
LEO G. ATKINSON FISHERIES LIMITED (CFIA Ref #1443),LEO G. ATKINSON FISHERIES LIMITED,Canada,Nova Scotia,SHELBURNE COUNTY,89 DANIEL'S HEAD RD.,B0W1P0,1443,,,,approved,true,documentation_verified,CFIA export list entry. Species/by-products not verified; add only with explicit evidence.,https://apps.inspection.canada.ca/webapps/FishList/,CFIA Fish and Seafood Establishments (Export List),regulator,2026-02-06
FOGO ISLAND CO-OPERATIVE SOCIETY LIMITED (CFIA Ref #0058),FOGO ISLAND CO-OPERATIVE SOCIETY LIMITED,Canada,Newfoundland and Labrador,JOE BATT'S ARM,147 SOUTHSIDE ROAD,A0G2X0,0058,,,,approved,true,documentation_verified,CFIA export list entry. Species/by-products not verified; add only with explicit evidence.,https://apps.inspection.canada.ca/webapps/FishList/,CFIA Fish and Seafood Establishments (Export List),regulator,2026-02-06
FOGO ISLAND CO-OPERATIVE SOCIETY LIMITED (CFIA Ref #0010),FOGO ISLAND CO-OPERATIVE SOCIETY LIMITED,Canada,Newfoundland and Labrador,FOGO,22-24 GARRISON ROAD,A0G2B0,0010,,,,approved,true,documentation_verified,CFIA export list entry. Species/by-products not verified; add only with explicit evidence.,https://apps.inspection.canada.ca/webapps/FishList/,CFIA Fish and Seafood Establishments (Export List),regulator,2026-02-06
HIGH LINER FOODS INCORPORATED/LES ALIMENTS HIGH LINER INCORPOREE (CFIA Ref #0413),HIGH LINER FOODS INCORPORATED/LES ALIMENTS HIGH LINER INCORPOREE,Canada,Nova Scotia,LUNENBURG,100 BATTERY POINT,B0J2C0,0413,,,,approved,true,documentation_verified,CFIA export list entry. Species/by-products not verified; add only with explicit evidence.,https://apps.inspection.canada.ca/webapps/FishList/,CFIA Fish and Seafood Establishments (Export List),regulator,2026-02-06
GOULD FISHERIES LIMITED (CFIA Ref #0095),GOULD FISHERIES LIMITED,Canada,Newfoundland and Labrador,RIVER OF PONDS,32 MAIN ST,A0K4M0,0095,,,,approved,true,documentation_verified,CFIA export list entry. Species/by-products not verified; add only with explicit evidence.,https://apps.inspection.canada.ca/webapps/FishList/,CFIA Fish and Seafood Establishments (Export List),regulator,2026-02-06
OCEAN CHOICE INTERNATIONAL L.P. (CFIA Ref #0027),OCEAN CHOICE INTERNATIONAL L.P.,Canada,Newfoundland and Labrador,LAWN,262-264 HARBOUR DRIVE,-,0027,,,,approved,true,documentation_verified,CFIA export list entry. Species/by-products not verified; add only with explicit evidence.,https://apps.inspection.canada.ca/webapps/FishList/,CFIA Fish and Seafood Establishments (Export List),regulator,2026-02-06
Ocean Choice International Inc. (St. Lawrence) (CFIA Ref #1006),Ocean Choice International Inc. (St. Lawrence),Canada,Newfoundland and Labrador,ST. LAWRENCE,Water Street West,A0E2V0,1006,,,,approved,true,documentation_verified,CFIA export list entry. Species/by-products not verified; add only with explicit evidence.,https://apps.inspection.canada.ca/webapps/FishList/,CFIA Fish and Seafood Establishments (Export List),regulator,2026-02-06
OCEAN PRIDE FISHERIES LIMITED (CFIA Ref #3064),OCEAN PRIDE FISHERIES LIMITED,Canada,Nova Scotia,YARMOUTH COUNTY,136 JACQUARD ROAD,B0W2B0,3064,,,,approved,true,documentation_verified,CFIA export list entry. Species/by-products not verified; add only with explicit evidence.,https://apps.inspection.canada.ca/webapps/FishList/,CFIA Fish and Seafood Establishments (Export List),regulator,2026-02-06
OCEANS' BEST SEAFOOD LIMITED (CFIA Ref #3072),OCEANS' BEST SEAFOOD LIMITED,Canada,Nova Scotia,METEGHAN CENTRE,8630 HWY 1,B0W2K0,3072,,,,approved,true,documentation_verified,CFIA export list entry. Species/by-products not verified; add only with explicit evidence.,https://apps.inspection.canada.ca/webapps/FishList/,CFIA Fish and Seafood Establishments (Export List),regulator,2026-02-06
PITTMAN'S LOBSTERS INC. (CFIA Ref #3241),PITTMAN'S LOBSTERS INC.,Canada,Nova Scotia,GLACE BAY,40 HARBOUR STREET,B1A1R8,3241,,,,approved,true,documentation_verified,CFIA export list entry. Species/by-products not verified; add only with explicit evidence.,https://apps.inspection.canada.ca/webapps/FishList/,CFIA Fish and Seafood Establishments (Export List),regulator,2026-02-06
H. HOPKINS LTD. (CFIA Ref #2147),H. HOPKINS LTD.,Canada,Newfoundland and Labrador,COW HEAD,2 TUCKERS COVE ROAD,A0K2A0,2147,,,,approved,true,documentation_verified,CFIA export list entry. Species/by-products not verified; add only with explicit evidence.,https://apps.inspection.canada.ca/webapps/FishList/,CFIA Fish and Seafood Establishments (Export List),regulator,2026-02-06
HAPPY ADVENTURE SEA PRODUCTS (1991) LIMITED (CFIA Ref #0102),HAPPY ADVENTURE SEA PRODUCTS (1991) LIMITED,Canada,Newfoundland and Labrador,HAPPY ADVENTURE,16 PLANT RD,-,0102,,,,approved,true,documentation_verified,CFIA export list entry. Species/by-products not verified; add only with explicit evidence.,https://apps.inspection.canada.ca/webapps/FishList/,CFIA Fish and Seafood Establishments (Export List),regulator,2026-02-06
PUBNICO TRAWLERS LIMITED (CFIA Ref #1384),PUBNICO TRAWLERS LIMITED,Canada,Nova Scotia,LOWER EAST PUBNICO,155 HIGHWAY 3,B0W2A0,1384,,,,approved,true,documentation_verified,CFIA export list entry. Species/by-products not verified; add only with explicit evidence.,https://apps.inspection.canada.ca/webapps/FishList/,CFIA Fish and Seafood Establishments (Export List),regulator,2026-02-06
R. BAKER FISHERIES LIMITED (CFIA Ref #3322),R. BAKER FISHERIES LIMITED,Canada,Nova Scotia,LOCKEPORT,32 WATER STREET,B0T1L0,3322,,,,approved,true,documentation_verified,CFIA export list entry. Species/by-products not verified; add only with explicit evidence.,https://apps.inspection.canada.ca/webapps/FishList/,CFIA Fish and Seafood Establishments (Export List),regulator,2026-02-06
OCEANS' BEST SEAFOOD LIMITED (M/V FINAL VENTURE) (CFIA Ref #3328),OCEANS' BEST SEAFOOD LIMITED (M/V FINAL VENTURE),Canada,Nova Scotia,CANSO,8632 HIGHWAY 1,B0H1H0,3328,,,,approved,true,documentation_verified,CFIA export list entry. Species/by-products not verified; add only with explicit evidence.,https://apps.inspection.canada.ca/webapps/FishList/,CFIA Fish and Seafood Establishments (Export List),regulator,2026-02-06
SABLE FISH PACKERS (1988) LIMITED (CFIA Ref #0279),SABLE FISH PACKERS (1988) LIMITED,Canada,Nova Scotia,SHELBURNE COUNTY,377 DANIELS HEAD ROAD,B0W1P0,0279,,,,approved,true,documentation_verified,CFIA export list entry. Species/by-products not verified; add only with explicit evidence.,https://apps.inspection.canada.ca/webapps/FishList/,CFIA Fish and Seafood Establishments (Export List),regulator,2026-02-06
SALT WATER FISHERIES LIMITED (CFIA Ref #1389),SALT WATER FISHERIES LIMITED,Canada,Nova Scotia,YARMOUTH COUNTY,2879 PINKNEY'S POINT,-,1389,,,,approved,true,documentation_verified,CFIA export list entry. Species/by-products not verified; add only with explicit evidence.,https://apps.inspection.canada.ca/webapps/FishList/,CFIA Fish and Seafood Establishments (Export List),regulator,2026-02-06
J.W. HISCOCK SONS LIMITED (CFIA Ref #0136),J.W. HISCOCK SONS LIMITED,Canada,Newfoundland and Labrador,BRIGUS,14 KEATINGS ROAD.,A0A1K0,0136,,,,approved,true,documentation_verified,CFIA export list entry. Species/by-products not verified; add only with explicit evidence.,https://apps.inspection.canada.ca/webapps/FishList/,CFIA Fish and Seafood Establishments (Export List),regulator,2026-02-06
SEA CREST FISHERIES LIMITED (CFIA Ref #1322),SEA CREST FISHERIES LIMITED,Canada,Nova Scotia,COMEAUVILLE,30 COMEAUVILLE WHARF RD,-,1322,,,,approved,true,documentation_verified,CFIA export list entry. Species/by-products not verified; add only with explicit evidence.,https://apps.inspection.canada.ca/webapps/FishList/,CFIA Fish and Seafood Establishments (Export List),regulator,2026-02-06
LABRADOR FISHERMEN'S UNION SHRIMP COMPANY LIMITED (PINSENT'S ARM) (CFIA Ref #1087),LABRADOR FISHERMEN'S UNION SHRIMP COMPANY LIMITED (PINSENT'S ARM),Canada,Newfoundland and Labrador,PINSENTS ARM,1 MAIN ST,A0K5Y0,1087,,,,approved,true,documentation_verified,CFIA export list entry. Species/by-products not verified; add only with explicit evidence.,https://apps.inspection.canada.ca/webapps/FishList/,CFIA Fish and Seafood Establishments (Export List),regulator,2026-02-06
LABRADOR FISHERMEN'S UNION SHRIMP COMPANY LIMITED (CFIA Ref #1043),LABRADOR FISHERMEN'S UNION SHRIMP COMPANY LIMITED,Canada,Newfoundland and Labrador,MARY'S HARBOUR,278 - 284 MAIN STREET,-,1043,,,,approved,true,documentation_verified,CFIA export list entry. Species/by-products not verified; add only with explicit evidence.,https://apps.inspection.canada.ca/webapps/FishList/,CFIA Fish and Seafood Establishments (Export List),regulator,2026-02-06
LABRADOR FISHERMEN'S UNION SHRIMP COMPANY LIMITED (CFIA Ref #1044),LABRADOR FISHERMEN'S UNION SHRIMP COMPANY LIMITED,Canada,Newfoundland and Labrador,CARTWRIGHT,1 MAIN ROAD,A0K1Z0,1044,,,,approved,true,documentation_verified,CFIA export list entry. Species/by-products not verified; add only with explicit evidence.,https://apps.inspection.canada.ca/webapps/FishList/,CFIA Fish and Seafood Establishments (Export List),regulator,2026-02-06
LABRADOR FISHERMEN'S UNION SHRIMP COMPANY LIMITED (CFIA Ref #0113),LABRADOR FISHERMEN'S UNION SHRIMP COMPANY LIMITED,Canada,Newfoundland and Labrador,L'ANSE-AU-LOUP,46-48 WATERFRONT ROAD,A0K3L0,0113,,,,approved,true,documentation_verified,CFIA export list entry. Species/by-products not verified; add only with explicit evidence.,https://apps.inspection.canada.ca/webapps/FishList/,CFIA Fish and Seafood Establishments (Export List),regulator,2026-02-06
NORTH ATLANTIC AQUAPONICS LTD. (CFIA Ref #0070),NORTH ATLANTIC AQUAPONICS LTD.,Canada,Newfoundland and Labrador,ROBINSONS,GENERAL DELIVERY MAIN ROAD,A0N1G0,0070,,,,approved,true,documentation_verified,CFIA export list entry. Species/by-products not verified; add only with explicit evidence.,https://apps.inspection.canada.ca/webapps/FishList/,CFIA Fish and Seafood Establishments (Export List),regulator,2026-02-06
R.I. SMITH LOBSTER CO. LTD. (CFIA Ref #LL32103),R.I. SMITH LOBSTER CO. LTD.,Canada,Nova Scotia,SHAG HARBOUR,P.O. BOX 9,B0W3B0,LL32103,,,,approved,true,documentation_verified,CFIA export list entry. Species/by-products not verified; add only with explicit evidence.,https://apps.inspection.canada.ca/webapps/FishList/,CFIA Fish and Seafood Establishments (Export List),regulator,2026-02-06
I. DEVEAU FISHERIES LIMITED (CFIA Ref #LL32114),I. DEVEAU FISHERIES LIMITED,Canada,Nova Scotia,NORTH EAST POINT,508 HIGHWAY 330,B0W2P0,LL32114,,,,approved,true,documentation_verified,CFIA export list entry. Species/by-products not verified; add only with explicit evidence.,https://apps.inspection.canada.ca/webapps/FishList/,CFIA Fish and Seafood Establishments (Export List),regulator,2026-02-06
CLARK'S HARBOUR SEAFOOD LIMITED (CFIA Ref #LL32115),CLARK'S HARBOUR SEAFOOD LIMITED,Canada,Nova Scotia,CLARK'S HARBOUR,58 WATER STREET,B0W1P0,LL32115,,,,approved,true,documentation_verified,CFIA export list entry. Species/by-products not verified; add only with explicit evidence.,https://apps.inspection.canada.ca/webapps/FishList/,CFIA Fish and Seafood Establishments (Export List),regulator,2026-02-06
GARRETT AND DALTON FISHERIES LIMITED (CFIA Ref #LL32122),GARRETT AND DALTON FISHERIES LIMITED,Canada,Nova Scotia,SHELBURNE COUNTY,60 WALTERS LANE,B0W3J0,LL32122,,,,approved,true,documentation_verified,CFIA export list entry. Species/by-products not verified; add only with explicit evidence.,https://apps.inspection.canada.ca/webapps/FishList/,CFIA Fish and Seafood Establishments (Export List),regulator,2026-02-06
ATLANTIC AQUA FARMS LTD. (CFIA Ref #4213),ATLANTIC AQUA FARMS LTD.,Canada,Prince Edward Island,BORDEN-CARLETON,10 BORDEN AVENUE,COB1X0,4213,,,,approved,true,documentation_verified,CFIA export list entry. Species/by-products not verified; add only with explicit evidence.,https://apps.inspection.canada.ca/webapps/FishList/,CFIA Fish and Seafood Establishments (Export List),regulator,2026-02-06
16771408 CANADA INC. (CFIA Ref #1051),16771408 CANADA INC.,Canada,Newfoundland and Labrador,Glovertown,188 B Main Street North,A0G2L0,1051,,,,approved,true,documentation_verified,CFIA export list entry. Species/by-products not verified; add only with explicit evidence.,https://apps.inspection.canada.ca/webapps/FishList/,CFIA Fish and Seafood Establishments (Export List),regulator,2026-02-06
GOLDEN SHELL FISHERIES (2014) LIMITED (CFIA Ref #1106),GOLDEN SHELL FISHERIES (2014) LIMITED,Canada,Newfoundland and Labrador,HICKMAN'S HARBOUR,3 PLANT ROAD,A0C1P0,1106,,,,approved,true,documentation_verified,CFIA export list entry. Species/by-products not verified; add only with explicit evidence.,https://apps.inspection.canada.ca/webapps/FishList/,CFIA Fish and Seafood Establishments (Export List),regulator,2026-02-06
CLEAR BAY FISHERIES INC. (CFIA Ref #0970),CLEAR BAY FISHERIES INC.,Canada,British Columbia,RICHMOND,"#13 - 16, 12200 VULCAN WAY",V6V1J8,0970,,,,approved,true,documentation_verified,CFIA export list entry. Species/by-products not verified; add only with explicit evidence.,https://apps.inspection.canada.ca/webapps/FishList/,CFIA Fish and Seafood Establishments (Export List),regulator,2026-02-06
"CAPE BALD PACKERS, LIMITED (CFIA Ref #0373)","CAPE BALD PACKERS, LIMITED",Canada,New Brunswick,CAP-PELE,2618 CHEMIN ACADIE ROAD,E4N1E3,0373,,,,approved,true,documentation_verified,CFIA export list entry. Species/by-products not verified; add only with explicit evidence.,https://apps.inspection.canada.ca/webapps/FishList/,CFIA Fish and Seafood Establishments (Export List),regulator,2026-02-06
BEOTHIC FISH PROCESSORS LIMITED (CFIA Ref #0199),BEOTHIC FISH PROCESSORS LIMITED,Canada,Newfoundland and Labrador,VALLEYFIELD,1 BEOTHIC RD,AOG1B0,0199,,,,approved,true,documentation_verified,CFIA export list entry. Species/by-products not verified; add only with explicit evidence.,https://apps.inspection.canada.ca/webapps/FishList/,CFIA Fish and Seafood Establishments (Export List),regulator,2026-02-06
HOWARD'S COVE SHELLFISH LTD. (CFIA Ref #4210),HOWARD'S COVE SHELLFISH LTD.,Canada,Prince Edward Island,FREELAND,152 FREDERICK COVE RD,C0B1J0,4210,,,,approved,true,documentation_verified,CFIA export list entry. Species/by-products not verified; add only with explicit evidence.,https://apps.inspection.canada.ca/webapps/FishList/,CFIA Fish and Seafood Establishments (Export List),regulator,2026-02-06
HOPKINS & DEVINE FISHERIES LIMITED (CFIA Ref #0272),HOPKINS & DEVINE FISHERIES LIMITED,Canada,Nova Scotia,SHELBURNE COUNTY,"6579 HWY.3, LOWER WOODS HARBOUR",B0W2E0,0272,,,,approved,true,documentation_verified,CFIA export list entry. Species/by-products not verified; add only with explicit evidence.,https://apps.inspection.canada.ca/webapps/FishList/,CFIA Fish and Seafood Establishments (Export List),regulator,2026-02-06
SEAGATE FISHERIES LTD. (CFIA Ref #0730),SEAGATE FISHERIES LTD.,Canada,British Columbia,RICHMOND,12180 VULCAN WAY,V6V1J8,0730,,,,approved,true,documentation_verified,CFIA export list entry. Species/by-products not verified; add only with explicit evidence.,https://apps.inspection.canada.ca/webapps/FishList/,CFIA Fish and Seafood Establishments (Export List),regulator,2026-02-06
BAXTERS CANADA INC. (CFIA Ref #5005),BAXTERS CANADA INC.,Canada,Quebec,SAINT-HYACINTHE,4800 AVE. PINARD,J2S8E1,5005,,,,approved,true,documentation_verified,CFIA export list entry. Species/by-products not verified; add only with explicit evidence.,https://apps.inspection.canada.ca/webapps/FishList/,CFIA Fish and Seafood Establishments (Export List),regulator,2026-02-06
PÉCHERIES BAS-CARAQUET FISHERIES INC. (CFIA Ref #4009),PÉCHERIES BAS-CARAQUET FISHERIES INC.,Canada,New Brunswick,BAS-CARAQUET,2270 RUE INDUSTRIELLE,E1W5Z2,4009,,,,approved,true,documentation_verified,CFIA export list entry. Species/by-products not verified; add only with explicit evidence.,https://apps.inspection.canada.ca/webapps/FishList/,CFIA Fish and Seafood Establishments (Export List),regulator,2026-02-06
OCEAN PRIDE FISHERIES LIMITED (CFIA Ref #3757),OCEAN PRIDE FISHERIES LIMITED,Canada,Nova Scotia,LOWER WEDGEPORT,138 JACQUARD RD,B0W2BO,3757,,,,approved,true,documentation_verified,CFIA export list entry. Species/by-products not verified; add only with explicit evidence.,https://apps.inspection.canada.ca/webapps/FishList/,CFIA Fish and Seafood Establishments (Export List),regulator,2026-02-06
CAPTAIN COOKE'S SEAFOOD INC. (CFIA Ref #4226),CAPTAIN COOKE'S SEAFOOD INC.,Canada,Prince Edward Island,BORDEN-CARLETON,23675 TRANS CANADA HIGHWAY,C0B1X0,4226,,,,approved,true,documentation_verified,CFIA export list entry. Species/by-products not verified; add only with explicit evidence.,https://apps.inspection.canada.ca/webapps/FishList/,CFIA Fish and Seafood Establishments (Export List),regulator,2026-02-06
APETITO HFS LIMITED/HEART TO HOME MEALS (CFIA Ref #0644),APETITO HFS LIMITED/HEART TO HOME MEALS,Canada,Ontario,BRAMPTON,12 INDELL LANE,L6T3Y3,0644,,,,approved,true,documentation_verified,CFIA export list entry. Species/by-products not verified; add only with explicit evidence.,https://apps.inspection.canada.ca/webapps/FishList/,CFIA Fish and Seafood Establishments (Export List),regulator,2026-02-06
GERRET ENTERPRISES INCORPORATED (CFIA Ref #3752),GERRET ENTERPRISES INCORPORATED,Canada,Nova Scotia,CLARK'S HARBOUR,84 BOUNDRY STREET,B0W1P0,3752,,,,approved,true,documentation_verified,CFIA export list entry. Species/by-products not verified; add only with explicit evidence.,https://apps.inspection.canada.ca/webapps/FishList/,CFIA Fish and Seafood Establishments (Export List),regulator,2026-02-06
MACGREGOR MEAT & SEAFOOD LTD. (CFIA Ref #0636),MACGREGOR MEAT & SEAFOOD LTD.,Canada,Ontario,TORONTO,258 GARYRAY DRIVE,M9L1P1,0636,,,,approved,true,documentation_verified,CFIA export list entry. Species/by-products not verified; add only with explicit evidence.,https://apps.inspection.canada.ca/webapps/FishList/,CFIA Fish and Seafood Establishments (Export List),regulator,2026-02-06
9103-8158 QUEBEC INC. (CFIA Ref #5099),9103-8158 QUEBEC INC.,Canada,Quebec,GRANBY,660 RUE BERNARD,J2J0H6,5099,,,,approved,true,documentation_verified,CFIA export list entry. Species/by-products not verified; add only with explicit evidence.,https://apps.inspection.canada.ca/webapps/FishList/,CFIA Fish and Seafood Establishments (Export List),regulator,2026-02-06
ATLANTIC SHELLFISH PRODUCTS INC. (CFIA Ref #2356),ATLANTIC SHELLFISH PRODUCTS INC.,Canada,Prince Edward Island,MORELL,306 RED HEAD ROAD,C0A1S0,2356,,,,approved,true,documentation_verified,CFIA export list entry. Species/by-products not verified; add only with explicit evidence.,https://apps.inspection.canada.ca/webapps/FishList/,CFIA Fish and Seafood Establishments (Export List),regulator,2026-02-06
EAST RIVER SHELLFISH INC. (CFIA Ref #2343),EAST RIVER SHELLFISH INC.,Canada,Prince Edward Island,GLENFINNAN,10 MACDONALD ROAD,C1A7J8,2343,,,,approved,true,documentation_verified,CFIA export list entry. Species/by-products not verified; add only with explicit evidence.,https://apps.inspection.canada.ca/webapps/FishList/,CFIA Fish and Seafood Establishments (Export List),regulator,2026-02-06
INNOVATIVE FISHERY PRODUCTS INCORPORATED (CFIA Ref #3702),INNOVATIVE FISHERY PRODUCTS INCORPORATED,Canada,Nova Scotia,ST. BERNARD,3569 HWY 1,B0W1J0,3702,,,,approved,true,documentation_verified,CFIA export list entry. Species/by-products not verified; add only with explicit evidence.,https://apps.inspection.canada.ca/webapps/FishList/,CFIA Fish and Seafood Establishments (Export List),regulator,2026-02-06
INNOVATIVE FISHERY PRODUCTS INCORPORATED (CFIA Ref #3724),INNOVATIVE FISHERY PRODUCTS INCORPORATED,Canada,Nova Scotia,ST. BERNARD,3569 HIGHWAY 1,B0W1J0,3724,,,,approved,true,documentation_verified,CFIA export list entry. Species/by-products not verified; add only with explicit evidence.,https://apps.inspection.canada.ca/webapps/FishList/,CFIA Fish and Seafood Establishments (Export List),regulator,2026-02-06
DEON OYSTER COMPANY LTD. (CFIA Ref #3725),DEON OYSTER COMPANY LTD.,Canada,Nova Scotia,YARMOUTH,6590 HIGHWAY 3,B0W2X0,3725,,,,approved,true,documentation_verified,CFIA export list entry. Species/by-products not verified; add only with explicit evidence.,https://apps.inspection.canada.ca/webapps/FishList/,CFIA Fish and Seafood Establishments (Export List),regulator,2026-02-06
ATKINS ET FRÉRES INC. (CFIA Ref #5214),ATKINS ET FRÉRES INC.,Canada,Quebec,Saint Maxime du Mont-Louis,"1, CHANOINE-RICHARD",G0E1T0,5214,,,,approved,true,documentation_verified,CFIA export list entry. Species/by-products not verified; add only with explicit evidence.,https://apps.inspection.canada.ca/webapps/FishList/,CFIA Fish and Seafood Establishments (Export List),regulator,2026-02-06
CANADIAN FISHING COMPANY (CFIA Ref #0706),CANADIAN FISHING COMPANY,Canada,British Columbia,VANCOUVER,301 E WATERFRONT ROAD,V6A0B3,0706,,,,approved,true,documentation_verified,CFIA export list entry. Species/by-products not verified; add only with explicit evidence.,https://apps.inspection.canada.ca/webapps/FishList/,CFIA Fish and Seafood Establishments (Export List),regulator,2026-02-06
L'ASSOCIATION COOPÉRATIVE DES PÉCHEURS DE L'ILE LIMITÉE (CFIA Ref #0435),L'ASSOCIATION COOPÉRATIVE DES PÉCHEURS DE L'ILE LIMITÉE,Canada,New Brunswick,LAMÉQUE,"90, RUE PRINCIPALE",E8T1M8,0435,,,,approved,true,documentation_verified,CFIA export list entry. Species/by-products not verified; add only with explicit evidence.,https://apps.inspection.canada.ca/webapps/FishList/,CFIA Fish and Seafood Establishments (Export List),regulator,2026-02-06
CAMPBELL COMPANY OF CANADA/COMPAGNIE CAMPBELL DU CANADA (CFIA Ref #1861),CAMPBELL COMPANY OF CANADA/COMPAGNIE CAMPBELL DU CANADA,Canada,Ontario,TORONTO,60 BIRMINGHAM STREET,M8V2B8,1861,,,,approved,true,documentation_verified,CFIA export list entry. Species/by-products not verified; add only with explicit evidence.,https://apps.inspection.canada.ca/webapps/FishList/,CFIA Fish and Seafood Establishments (Export List),regulator,2026-02-06
SEA PLUS FOODS LTD. (CFIA Ref #0782),SEA PLUS FOODS LTD.,Canada,British Columbia,POWELL RIVER,7124 THUNDER BAY STREET,V8A1E6,0782,,,,approved,true,documentation_verified,CFIA export list entry. Species/by-products not verified; add only with explicit evidence.,https://apps.inspection.canada.ca/webapps/FishList/,CFIA Fish and Seafood Establishments (Export List),regulator,2026-02-06
LABRADOR FISHERMEN'S UNION SHRIMP COMPANY LIMITED (CFIA Ref #0045),LABRADOR FISHERMEN'S UNION SHRIMP COMPANY LIMITED,Canada,Newfoundland and Labrador,CHARLOTTETOWN,1 MARINE DRIVE,A0K5Y0,0045,,,,approved,true,documentation_verified,CFIA export list entry. Species/by-products not verified; add only with explicit evidence.,https://apps.inspection.canada.ca/webapps/FishList/,CFIA Fish and Seafood Establishments (Export List),regulator,2026-02-06
SAKURA SEAFOOD CO. LTD. (CFIA Ref #0796),SAKURA SEAFOOD CO. LTD.,Canada,British Columbia,PORT EDWARD,#293 - 295 BAYVIEW DRIVE,V0V1G0,0796,,,,approved,true,documentation_verified,CFIA export list entry. Species/by-products not verified; add only with explicit evidence.,https://apps.inspection.canada.ca/webapps/FishList/,CFIA Fish and Seafood Establishments (Export List),regulator,2026-02-06
COMEAU'S SEA FOODS LIMITED (CFIA Ref #3341),COMEAU'S SEA FOODS LIMITED,Canada,Nova Scotia,East Pubnico,1065 Highway 3,B0W2A0,3341,,,,approved,true,documentation_verified,CFIA export list entry. Species/by-products not verified; add only with explicit evidence.,https://apps.inspection.canada.ca/webapps/FishList/,CFIA Fish and Seafood Establishments (Export List),regulator,2026-02-06
LEF MCLEAN BROTHERS INTERNATIONAL (2001) INC. (CFIA Ref #0627),LEF MCLEAN BROTHERS INTERNATIONAL (2001) INC.,Canada,Ontario,WHEATLEY,20912 ERIE ST SOUTH,N0P2P0,0627,,,,approved,true,documentation_verified,CFIA export list entry. Species/by-products not verified; add only with explicit evidence.,https://apps.inspection.canada.ca/webapps/FishList/,CFIA Fish and Seafood Establishments (Export List),regulator,2026-02-06
COASTWISE PROCESSORS INC. (CFIA Ref #0920),COASTWISE PROCESSORS INC.,Canada,British Columbia,SURREY,#11 - 9548 192ND STREET,V4N3R9,0920,,,,approved,true,documentation_verified,CFIA export list entry. Species/by-products not verified; add only with explicit evidence.,https://apps.inspection.canada.ca/webapps/FishList/,CFIA Fish and Seafood Establishments (Export List),regulator,2026-02-06
KEYBRAND FOODS (CFIA Ref #4215),KEYBRAND FOODS,Canada,Prince Edward Island,CHARLOTTETOWN,23 FOURTH STREET,C1E2B4,4215,,,,approved,true,documentation_verified,CFIA export list entry. Species/by-products not verified; add only with explicit evidence.,https://apps.inspection.canada.ca/webapps/FishList/,CFIA Fish and Seafood Establishments (Export List),regulator,2026-02-06
COLVILLE BAY OYSTER CO. LTD. (CFIA Ref #4216),COLVILLE BAY OYSTER CO. LTD.,Canada,Prince Edward Island,SOURIS,83 LOWER ROLLO BAY RD,C0A2B0,4216,,,,approved,true,documentation_verified,CFIA export list entry. Species/by-products not verified; add only with explicit evidence.,https://apps.inspection.canada.ca/webapps/FishList/,CFIA Fish and Seafood Establishments (Export List),regulator,2026-02-06
LES FUMOIRS GASPÉ CURED INC. (CFIA Ref #5169),LES FUMOIRS GASPÉ CURED INC.,Canada,Quebec,CAP D'ESPOIR,65 RUE DE LA STATION CP189,G0C 1G,5169,,,,approved,true,documentation_verified,CFIA export list entry. Species/by-products not verified; add only with explicit evidence.,https://apps.inspection.canada.ca/webapps/FishList/,CFIA Fish and Seafood Establishments (Export List),regulator,2026-02-06
L'ÉTANG RUISSEAU BAR LIMITÉE (CFIA Ref #4004),L'ÉTANG RUISSEAU BAR LIMITÉE,Canada,New Brunswick,SHIPPAGAN,"111, RUE POINTE-BRÉLÉE",E8S3H9,4004,,,,approved,true,documentation_verified,CFIA export list entry. Species/by-products not verified; add only with explicit evidence.,https://apps.inspection.canada.ca/webapps/FishList/,CFIA Fish and Seafood Establishments (Export List),regulator,2026-02-06
VICTORY'S KITCHEN LTD (CFIA Ref #0630),VICTORY'S KITCHEN LTD,Canada,Ontario,TORONTO,"30 GUNNS ROAD, UNIT 1",M6N3S5,0630,,,,approved,true,documentation_verified,CFIA export list entry. Species/by-products not verified; add only with explicit evidence.,https://apps.inspection.canada.ca/webapps/FishList/,CFIA Fish and Seafood Establishments (Export List),regulator,2026-02-06
LA MAISON BEAUSOLEIL (2010) INC. (CFIA Ref #4005),LA MAISON BEAUSOLEIL (2010) INC.,Canada,New Brunswick,NEGUAC,42 RUE OTHO,E9G4H3,4005,,,,approved,true,documentation_verified,CFIA export list entry. Species/by-products not verified; add only with explicit evidence.,https://apps.inspection.canada.ca/webapps/FishList/,CFIA Fish and Seafood Establishments (Export List),regulator,2026-02-06
NEWLY WEDS FOODS CO. (CFIA Ref #0631),NEWLY WEDS FOODS CO.,Canada,Ontario,MISSISSAUGA,450 SUPERIOR BLVD.,L5T2R9,0631,,,,approved,true,documentation_verified,CFIA export list entry. Species/by-products not verified; add only with explicit evidence.,https://apps.inspection.canada.ca/webapps/FishList/,CFIA Fish and Seafood Establishments (Export List),regulator,2026-02-06
STELLAR BAY SHELLFISH LTD. (CFIA Ref #0741),STELLAR BAY SHELLFISH LTD.,Canada,British Columbia,BOWSER,7400 ISLAND HIGHWAY WEST,V0R1G0,0741,,,,approved,true,documentation_verified,CFIA export list entry. Species/by-products not verified; add only with explicit evidence.,https://apps.inspection.canada.ca/webapps/FishList/,CFIA Fish and Seafood Establishments (Export List),regulator,2026-02-06
"KENNEY & ROSS, LIMITED (CFIA Ref #3738)","KENNEY & ROSS, LIMITED",Canada,Nova Scotia,PORT SAXON,"6493 SHORE ROAD, RR 3",B0T1W0,3738,,,,approved,true,documentation_verified,CFIA export list entry. Species/by-products not verified; add only with explicit evidence.,https://apps.inspection.canada.ca/webapps/FishList/,CFIA Fish and Seafood Establishments (Export List),regulator,2026-02-06
CAUDLES CATCH SEAFOOD LTD (CFIA Ref #0633),CAUDLES CATCH SEAFOOD LTD,Canada,Ontario,KITCHENER,60 OTONABEE DRIVE,N2C1L6,0633,,,,approved,true,documentation_verified,CFIA export list entry. Species/by-products not verified; add only with explicit evidence.,https://apps.inspection.canada.ca/webapps/FishList/,CFIA Fish and Seafood Establishments (Export List),regulator,2026-02-06
Clearwater Ocean Prawns Venture LP / Atlantic Enterprise (CFIA Ref #0065),Clearwater Ocean Prawns Venture LP / Atlantic Enterprise,Canada,Newfoundland and Labrador,Harbour Grace,119 Water Street,A0A2M0,0065,,,,approved,true,documentation_verified,CFIA export list entry. Species/by-products not verified; add only with explicit evidence.,https://apps.inspection.canada.ca/webapps/FishList/,CFIA Fish and Seafood Establishments (Export List),regulator,2026-02-06
QUIN-SEA FISHERIES LIMITED (CFIA Ref #0063),QUIN-SEA FISHERIES LIMITED,Canada,Newfoundland and Labrador,CUPIDS,QUAY ROAD,-,0063,,,,approved,true,documentation_verified,CFIA export list entry. Species/by-products not verified; add only with explicit evidence.,https://apps.inspection.canada.ca/webapps/FishList/,CFIA Fish and Seafood Establishments (Export List),regulator,2026-02-06
CAPTAIN DAN'S INC. (CFIA Ref #4101),CAPTAIN DAN'S INC.,Canada,New Brunswick,RICHIBUCTO VILLAGE,341 CAP-LUMIÉRE ROAD,E4W1C9,4101,,,,approved,true,documentation_verified,CFIA export list entry. Species/by-products not verified; add only with explicit evidence.,https://apps.inspection.canada.ca/webapps/FishList/,CFIA Fish and Seafood Establishments (Export List),regulator,2026-02-06
ARCTIC ENDURANCE (CFIA Ref #0020),ARCTIC ENDURANCE,Canada,Nova Scotia,MULGRAVE,428 MAIN ST,B0E2G0,0020,,,,approved,true,documentation_verified,CFIA export list entry. Species/by-products not verified; add only with explicit evidence.,https://apps.inspection.canada.ca/webapps/FishList/,CFIA Fish and Seafood Establishments (Export List),regulator,2026-02-06
SCOTIA GARDEN SEAFOOD INCORPORATED (CFIA Ref #1436),SCOTIA GARDEN SEAFOOD INCORPORATED,Canada,Nova Scotia,YARMOUTH,112 WATER STREET,B5A1L5,1436,,,,approved,true,documentation_verified,CFIA export list entry. Species/by-products not verified; add only with explicit evidence.,https://apps.inspection.canada.ca/webapps/FishList/,CFIA Fish and Seafood Establishments (Export List),regulator,2026-02-06
ATLANTIC DESTINY (CFIA Ref #3740),ATLANTIC DESTINY,Canada,Nova Scotia,RIVERPORT,140 KRAUT POINT ROAD,B0J2W0,3740,,,,approved,true,documentation_verified,CFIA export list entry. Species/by-products not verified; add only with explicit evidence.,https://apps.inspection.canada.ca/webapps/FishList/,CFIA Fish and Seafood Establishments (Export List),regulator,2026-02-06
FOGO ISLAND CO-OPERATIVE SOCIETY LIMITED (CFIA Ref #0039),FOGO ISLAND CO-OPERATIVE SOCIETY LIMITED,Canada,Newfoundland and Labrador,SELDOM,97 HARBOUR DRIVE,A0G3Z0,0039,,,,approved,true,documentation_verified,CFIA export list entry. Species/by-products not verified; add only with explicit evidence.,https://apps.inspection.canada.ca/webapps/FishList/,CFIA Fish and Seafood Establishments (Export List),regulator,2026-02-06
PREMIUM FOOD SALES LTD. (CFIA Ref #0709),PREMIUM FOOD SALES LTD.,Canada,British Columbia,RICHMOND,#6 - 12671 BATHGATE WAY,V6V1Y5,0709,,,,approved,true,documentation_verified,CFIA export list entry. Species/by-products not verified; add only with explicit evidence.,https://apps.inspection.canada.ca/webapps/FishList/,CFIA Fish and Seafood Establishments (Export List),regulator,2026-02-06
BARRY GROUP INC. (CFIA Ref #0105),BARRY GROUP INC.,Canada,Newfoundland and Labrador,DOVER,MAIN ROAD,A2H3E9,0105,,,,approved,true,documentation_verified,CFIA export list entry. Species/by-products not verified; add only with explicit evidence.,https://apps.inspection.canada.ca/webapps/FishList/,CFIA Fish and Seafood Establishments (Export List),regulator,2026-02-06
Barry Group Inc./Barry Group Inc - Witless Bay (CFIA Ref #0166),Barry Group Inc./Barry Group Inc - Witless Bay,Canada,Newfoundland and Labrador,WITLESS BAY,76C HARBOUR ROAD,A0A4K0,0166,,,,approved,true,documentation_verified,CFIA export list entry. Species/by-products not verified; add only with explicit evidence.,https://apps.inspection.canada.ca/webapps/FishList/,CFIA Fish and Seafood Establishments (Export List),regulator,2026-02-06
LABRADOR FISHERMEN'S UNION SHRIMP COMPANY LIMITED / BELLE ISLE BANKER F/V (CFIA Ref #0103),LABRADOR FISHERMEN'S UNION SHRIMP COMPANY LIMITED / BELLE ISLE BANKER F/V,Canada,Newfoundland and Labrador,ST. JOHN'S,"130 SOUTHSIDE RD, PIER 21",A1E0A2,0103,,,,approved,true,documentation_verified,CFIA export list entry. Species/by-products not verified; add only with explicit evidence.,https://apps.inspection.canada.ca/webapps/FishList/,CFIA Fish and Seafood Establishments (Export List),regulator,2026-02-06
LABRADOR FISHERMEN'S UNION SHRIMP COMPANY / NAIN BANKER F/V (CFIA Ref #0015),LABRADOR FISHERMEN'S UNION SHRIMP COMPANY / NAIN BANKER F/V,Canada,Newfoundland and Labrador,ST. JOHN'S,"130 SOUTHSIDE RD, PIER 21",A1E0A2,0015,,,,approved,true,documentation_verified,CFIA export list entry. Species/by-products not verified; add only with explicit evidence.,https://apps.inspection.canada.ca/webapps/FishList/,CFIA Fish and Seafood Establishments (Export List),regulator,2026-02-06
HARDY BUOYS SMOKED FISH INC. (CFIA Ref #0746),HARDY BUOYS SMOKED FISH INC.,Canada,British Columbia,PORT HARDY,9300 TRUSTEE ROAD,V0N2P0,0746,,,,approved,true,documentation_verified,CFIA export list entry. Species/by-products not verified; add only with explicit evidence.,https://apps.inspection.canada.ca/webapps/FishList/,CFIA Fish and Seafood Establishments (Export List),regulator,2026-02-06
BST LOBSTER SALES LIMITED (CFIA Ref #3562),BST LOBSTER SALES LIMITED,Canada,Nova Scotia,AULDS COVE,13318 104 HIGHWAY,B0H1P0,3562,,,,approved,true,documentation_verified,CFIA export list entry. Species/by-products not verified; add only with explicit evidence.,https://apps.inspection.canada.ca/webapps/FishList/,CFIA Fish and Seafood Establishments (Export List),regulator,2026-02-06
PÉCHERIES BAIE CHALEURS FISHERIES (2012) INC. (CFIA Ref #4006),PÉCHERIES BAIE CHALEURS FISHERIES (2012) INC.,Canada,New Brunswick,BAS-CARAQUET,2261 RUE DU QUAI,E1W5X9,4006,,,,approved,true,documentation_verified,CFIA export list entry. Species/by-products not verified; add only with explicit evidence.,https://apps.inspection.canada.ca/webapps/FishList/,CFIA Fish and Seafood Establishments (Export List),regulator,2026-02-06
CUISINE MALIMOUSSE INC. (CFIA Ref #5607),CUISINE MALIMOUSSE INC.,Canada,Quebec,SAINT-AUGUSTIN,"75, DES GRANDS LACS",G3A1T5,5607,,,,approved,true,documentation_verified,CFIA export list entry. Species/by-products not verified; add only with explicit evidence.,https://apps.inspection.canada.ca/webapps/FishList/,CFIA Fish and Seafood Establishments (Export List),regulator,2026-02-06
"KATSHESHUK FISHERIES LTD. ""KATSHESHUK II"" (CFIA Ref #3122)","KATSHESHUK FISHERIES LTD. ""KATSHESHUK II""",Canada,Newfoundland and Labrador,HARBOUR GRACE,119 WATER ST,A0A2M0,3122,,,,approved,true,documentation_verified,CFIA export list entry. Species/by-products not verified; add only with explicit evidence.,https://apps.inspection.canada.ca/webapps/FishList/,CFIA Fish and Seafood Establishments (Export List),regulator,2026-02-06
DOM INTERNATIONAL LIMITED (CFIA Ref #0634),DOM INTERNATIONAL LIMITED,Canada,Ontario,TORONTO,10 GOLDEN GATE COURT,M1P3A5,0634,,,,approved,true,documentation_verified,CFIA export list entry. Species/by-products not verified; add only with explicit evidence.,https://apps.inspection.canada.ca/webapps/FishList/,CFIA Fish and Seafood Establishments (Export List),regulator,2026-02-06
FIVE STAR SHELLFISH INC. (CFIA Ref #4219),FIVE STAR SHELLFISH INC.,Canada,Prince Edward Island,ELLERSLIE,1066 MILLIGAN'S WHARF ROAD,C0B1J0,4219,,,,approved,true,documentation_verified,CFIA export list entry. Species/by-products not verified; add only with explicit evidence.,https://apps.inspection.canada.ca/webapps/FishList/,CFIA Fish and Seafood Establishments (Export List),regulator,2026-02-06
ALIMENTS ATG INC. (CFIA Ref #5070),ALIMENTS ATG INC.,Canada,Quebec,DRUMMONDVILLE,1175 RUE BERGERON,J2C6Y1,5070,,,,approved,true,documentation_verified,CFIA export list entry. Species/by-products not verified; add only with explicit evidence.,https://apps.inspection.canada.ca/webapps/FishList/,CFIA Fish and Seafood Establishments (Export List),regulator,2026-02-06
R.I. SMITH LOBSTER CO. LTD. (CFIA Ref #3750),R.I. SMITH LOBSTER CO. LTD.,Canada,Nova Scotia,BEAR POINT,201 WEST BEAR POINT ROAD,B0W3B0,3750,,,,approved,true,documentation_verified,CFIA export list entry. Species/by-products not verified; add only with explicit evidence.,https://apps.inspection.canada.ca/webapps/FishList/,CFIA Fish and Seafood Establishments (Export List),regulator,2026-02-06
NEPTUNE SOLUTIONS BIEN-ÉTRE INC. / NEPTUNE WELLNESS SOLUTIONS INC. (CFIA Ref #5111),NEPTUNE SOLUTIONS BIEN-ÉTRE INC. / NEPTUNE WELLNESS SOLUTIONS INC.,Canada,Quebec,SHERBROOKE,795 RUE PÉPIN,J1L2P8,5111,,,,approved,true,documentation_verified,CFIA export list entry. Species/by-products not verified; add only with explicit evidence.,https://apps.inspection.canada.ca/webapps/FishList/,CFIA Fish and Seafood Establishments (Export List),regulator,2026-02-06
"ARCTIC FISHERY ALLIANCE L.P. ""SUVAK"" (CFIA Ref #0072)","ARCTIC FISHERY ALLIANCE L.P. ""SUVAK""",Canada,Newfoundland and Labrador,ST. JOHN'S,"PIER 2, ST. JOHN'S HARBOUR, SOUTH SIDE",A1B3T1,0072,,,,approved,true,documentation_verified,CFIA export list entry. Species/by-products not verified; add only with explicit evidence.,https://apps.inspection.canada.ca/webapps/FishList/,CFIA Fish and Seafood Establishments (Export List),regulator,2026-02-06
OCEAN CHOICE INTERNATIONAL O/A OCEAN CHOICE INTERNATIONAL L.P./LYNX (CFIA Ref #0005),OCEAN CHOICE INTERNATIONAL O/A OCEAN CHOICE INTERNATIONAL L.P./LYNX,Canada,Newfoundland and Labrador,HARBOUR GRACE,119 WATER STREET,A0A2M0,0005,,,,approved,true,documentation_verified,CFIA export list entry. Species/by-products not verified; add only with explicit evidence.,https://apps.inspection.canada.ca/webapps/FishList/,CFIA Fish and Seafood Establishments (Export List),regulator,2026-02-06
Ocean Choice International Inc. (Triton) (CFIA Ref #0048),Ocean Choice International Inc. (Triton),Canada,Newfoundland and Labrador,TRITON,11 HARBOUR DRIVE,A0J1V0,0048,,,,approved,true,documentation_verified,CFIA export list entry. Species/by-products not verified; add only with explicit evidence.,https://apps.inspection.canada.ca/webapps/FishList/,CFIA Fish and Seafood Establishments (Export List),regulator,2026-02-06
Ocean Choice International Inc. (Bonavista) (CFIA Ref #0164),Ocean Choice International Inc. (Bonavista),Canada,Newfoundland and Labrador,BONAVISTA,10 - 28 CAMPBELL STREET,A0C1B0,0164,,,,approved,true,documentation_verified,CFIA export list entry. Species/by-products not verified; add only with explicit evidence.,https://apps.inspection.canada.ca/webapps/FishList/,CFIA Fish and Seafood Establishments (Export List),regulator,2026-02-06
LES CUISINES ROI KITCHENS LTÉE (CFIA Ref #4014),LES CUISINES ROI KITCHENS LTÉE,Canada,New Brunswick,PETIT-ROCHER-NORD,220 ROUTE 134,E8J3B2,4014,,,,approved,true,documentation_verified,CFIA export list entry. Species/by-products not verified; add only with explicit evidence.,https://apps.inspection.canada.ca/webapps/FishList/,CFIA Fish and Seafood Establishments (Export List),regulator,2026-02-06
1496519 ONTARIO INC. O/A BENTO NOUVEAU (CFIA Ref #1804),1496519 ONTARIO INC. O/A BENTO NOUVEAU,Canada,Ontario,OTTAWA,8 - 2675 BLACKWELL STREET,K1B4E4,1804,,,,approved,true,documentation_verified,CFIA export list entry. Species/by-products not verified; add only with explicit evidence.,https://apps.inspection.canada.ca/webapps/FishList/,CFIA Fish and Seafood Establishments (Export List),regulator,2026-02-06
NATURE'S WAY OF CANADA LIMITED (CFIA Ref #3593),NATURE'S WAY OF CANADA LIMITED,Canada,Nova Scotia,DARTMOUTH,15 GARLAND AVE. UNIT 9,B3B0A6,3593,,,,approved,true,documentation_verified,CFIA export list entry. Species/by-products not verified; add only with explicit evidence.,https://apps.inspection.canada.ca/webapps/FishList/,CFIA Fish and Seafood Establishments (Export List),regulator,2026-02-06
APETITO 2019 FOOD CANADA LTD. (CFIA Ref #1805),APETITO 2019 FOOD CANADA LTD.,Canada,Ontario,OTTAWA,1010 DAIRY DRIVE,K4A3N3,1805,,,,approved,true,documentation_verified,CFIA export list entry. Species/by-products not verified; add only with explicit evidence.,https://apps.inspection.canada.ca/webapps/FishList/,CFIA Fish and Seafood Establishments (Export List),regulator,2026-02-06
NORTHSYDE PROCESSING LTD. (CFIA Ref #3594),NORTHSYDE PROCESSING LTD.,Canada,Nova Scotia,NORTH SYDNEY,139 QUEEN STREET,B2A1A9,3594,,,,approved,true,documentation_verified,CFIA export list entry. Species/by-products not verified; add only with explicit evidence.,https://apps.inspection.canada.ca/webapps/FishList/,CFIA Fish and Seafood Establishments (Export List),regulator,2026-02-06
NOVA'S FINEST FISHERIES INC. (PLANT # 3735 - LOWER WEST PUBNICO) (CFIA Ref #3735),NOVA'S FINEST FISHERIES INC. (PLANT # 3735 - LOWER WEST PUBNICO),Canada,Nova Scotia,LOWER WEST PUBNICO,260 DENNIS POINT,B0W2C0,3735,,,,approved,true,documentation_verified,CFIA export list entry. Species/by-products not verified; add only with explicit evidence.,https://apps.inspection.canada.ca/webapps/FishList/,CFIA Fish and Seafood Establishments (Export List),regulator,2026-02-06
CHANGE ISLANDS FISHERMEN'S IMPROVEMENT COMMITTEE INC. (CFIA Ref #0127),CHANGE ISLANDS FISHERMEN'S IMPROVEMENT COMMITTEE INC.,Canada,Newfoundland and Labrador,CHANGE ISLANDS,41 MAIN RD,A0G1R0,0127,,,,approved,true,documentation_verified,CFIA export list entry. Species/by-products not verified; add only with explicit evidence.,https://apps.inspection.canada.ca/webapps/FishList/,CFIA Fish and Seafood Establishments (Export List),regulator,2026-02-06
ACADIAN STURGEON AND CAVIAR INC. (CFIA Ref #4417),ACADIAN STURGEON AND CAVIAR INC.,Canada,New Brunswick,CARTERS POINT,30 CARTERS WHARF ROAD,E5S1S5,4417,,,,approved,true,documentation_verified,CFIA export list entry. Species/by-products not verified; add only with explicit evidence.,https://apps.inspection.canada.ca/webapps/FishList/,CFIA Fish and Seafood Establishments (Export List),regulator,2026-02-06
Ocean Choice International Inc. (Fortune) (CFIA Ref #0154),Ocean Choice International Inc. (Fortune),Canada,Newfoundland and Labrador,FORTUNE,MAIN STREET,A0E1P0,0154,,,,approved,true,documentation_verified,CFIA export list entry. Species/by-products not verified; add only with explicit evidence.,https://apps.inspection.canada.ca/webapps/FishList/,CFIA Fish and Seafood Establishments (Export List),regulator,2026-02-06
OCEAN NOVA SEAFOOD CANADA LTD. (CFIA Ref #0914),OCEAN NOVA SEAFOOD CANADA LTD.,Canada,British Columbia,RICHMOND,UNIT 250 - 2268 NO. 5 ROAD,V6X2T1,0914,,,,approved,true,documentation_verified,CFIA export list entry. Species/by-products not verified; add only with explicit evidence.,https://apps.inspection.canada.ca/webapps/FishList/,CFIA Fish and Seafood Establishments (Export List),regulator,2026-02-06
SEVEN SEAS FISH CO. LTD. (CFIA Ref #0944),SEVEN SEAS FISH CO. LTD.,Canada,British Columbia,RICHMOND,12411 VULCAN WAY,V6V1J7,0944,,,,approved,true,documentation_verified,CFIA export list entry. Species/by-products not verified; add only with explicit evidence.,https://apps.inspection.canada.ca/webapps/FishList/,CFIA Fish and Seafood Establishments (Export List),regulator,2026-02-06
DOUCET FISHERIES LIMITED (CFIA Ref #3787),DOUCET FISHERIES LIMITED,Canada,Nova Scotia,COMEAUVILLE,32 OCEAN DRIVE,B0W2Z0,3787,,,,approved,true,documentation_verified,CFIA export list entry. Species/by-products not verified; add only with explicit evidence.,https://apps.inspection.canada.ca/webapps/FishList/,CFIA Fish and Seafood Establishments (Export List),regulator,2026-02-06
Canadian Pacific Seafood 2025 Ltd. (CFIA Ref #0935),Canadian Pacific Seafood 2025 Ltd.,Canada,British Columbia,Richmond,110-8851 Beckwith Road,V6X1V4,0935,,,,approved,true,documentation_verified,CFIA export list entry. Species/by-products not verified; add only with explicit evidence.,https://apps.inspection.canada.ca/webapps/FishList/,CFIA Fish and Seafood Establishments (Export List),regulator,2026-02-06
KEYBRAND FOODS (CFIA Ref #0661),KEYBRAND FOODS,Canada,Ontario,KITCHENER,1326 VICTORIA STREET NORTH,N2B3E2,0661,,,,approved,true,documentation_verified,CFIA export list entry. Species/by-products not verified; add only with explicit evidence.,https://apps.inspection.canada.ca/webapps/FishList/,CFIA Fish and Seafood Establishments (Export List),regulator,2026-02-06
SEA WATER PRODUCTS INC. (CFIA Ref #0097),SEA WATER PRODUCTS INC.,Canada,Newfoundland and Labrador,FLEUR DE LYS,6 STAGE RD,-,0097,,,,approved,true,documentation_verified,CFIA export list entry. Species/by-products not verified; add only with explicit evidence.,https://apps.inspection.canada.ca/webapps/FishList/,CFIA Fish and Seafood Establishments (Export List),regulator,2026-02-06
PHOCALUX INTERNATIONAL INC. (CFIA Ref #0090),PHOCALUX INTERNATIONAL INC.,Canada,Newfoundland and Labrador,FLEUR DE LYS,2 WATER FRONT AVENUE,A0K2M0,0090,,,,approved,true,documentation_verified,CFIA export list entry. Species/by-products not verified; add only with explicit evidence.,https://apps.inspection.canada.ca/webapps/FishList/,CFIA Fish and Seafood Establishments (Export List),regulator,2026-02-06
GRANVILLE GATES & SONS LIMITED (CFIA Ref #0239),GRANVILLE GATES & SONS LIMITED,Canada,Nova Scotia,BLANDFORD,60 GATES FISH PLANT ROAD,B0J1T0,0239,,,,approved,true,documentation_verified,CFIA export list entry. Species/by-products not verified; add only with explicit evidence.,https://apps.inspection.canada.ca/webapps/FishList/,CFIA Fish and Seafood Establishments (Export List),regulator,2026-02-06
NORTHERN TIP LTD. (CFIA Ref #1008),NORTHERN TIP LTD.,Canada,Newfoundland and Labrador,COOK'S HARBOUR,14 HILLCREST AVE.,A0K1Z0,1008,,,,approved,true,documentation_verified,CFIA export list entry. Species/by-products not verified; add only with explicit evidence.,https://apps.inspection.canada.ca/webapps/FishList/,CFIA Fish and Seafood Establishments (Export List),regulator,2026-02-06
MARSAN FOODS ULC (CFIA Ref #0665),MARSAN FOODS ULC,Canada,Ontario,TORONTO,46 MODERN ROAD,M1R3B6,0665,,,,approved,true,documentation_verified,CFIA export list entry. Species/by-products not verified; add only with explicit evidence.,https://apps.inspection.canada.ca/webapps/FishList/,CFIA Fish and Seafood Establishments (Export List),regulator,2026-02-06
NUTAN FURS INC. (CFIA Ref #0126),NUTAN FURS INC.,Canada,Newfoundland and Labrador,CORNER BROOK,430 GRIFFIN DRIVE,A2H3E9,0126,,,,approved,true,documentation_verified,CFIA export list entry. Species/by-products not verified; add only with explicit evidence.,https://apps.inspection.canada.ca/webapps/FishList/,CFIA Fish and Seafood Establishments (Export List),regulator,2026-02-06
CAVENDISH FARMS CORPORATION (CFIA Ref #0606),CAVENDISH FARMS CORPORATION,Canada,Ontario,WHEATLEY,303 MILO ROAD,N0P2P0,0606,,,,approved,true,documentation_verified,CFIA export list entry. Species/by-products not verified; add only with explicit evidence.,https://apps.inspection.canada.ca/webapps/FishList/,CFIA Fish and Seafood Establishments (Export List),regulator,2026-02-06
FISHERMAN'S MARKET INTERNATIONAL INCORPORATED (CFIA Ref #3799),FISHERMAN'S MARKET INTERNATIONAL INCORPORATED,Canada,Nova Scotia,NORTH WEST HARBOUR,5771 SHORE ROAD NORTH WEST HARBOUR,B0W2T0,3799,,,,approved,true,documentation_verified,CFIA export list entry. Species/by-products not verified; add only with explicit evidence.,https://apps.inspection.canada.ca/webapps/FishList/,CFIA Fish and Seafood Establishments (Export List),regulator,2026-02-06
INSHORE FISHERIES LIMITED (CFIA Ref #3798),INSHORE FISHERIES LIMITED,Canada,Nova Scotia,WEST PUBNICO,95 DENNIS POINT WHARF ROAD,-,3798,,,,approved,true,documentation_verified,CFIA export list entry. Species/by-products not verified; add only with explicit evidence.,https://apps.inspection.canada.ca/webapps/FishList/,CFIA Fish and Seafood Establishments (Export List),regulator,2026-02-06
LA CREVETTE DU NORD ATLANTIQUE INC. (CFIA Ref #5784),LA CREVETTE DU NORD ATLANTIQUE INC.,Canada,Quebec,ANSE-AU-GRIFFON,"553, BOUL. GRIFFON",G4X6A5,5784,,,,approved,true,documentation_verified,CFIA export list entry. Species/by-products not verified; add only with explicit evidence.,https://apps.inspection.canada.ca/webapps/FishList/,CFIA Fish and Seafood Establishments (Export List),regulator,2026-02-06
SEA WORLD TRADING LTD. (CFIA Ref #0946),SEA WORLD TRADING LTD.,Canada,British Columbia,RICHMOND,#1102 - 12811 ROWAN PLACE,V6V2S6,0946,,,,approved,true,documentation_verified,CFIA export list entry. Species/by-products not verified; add only with explicit evidence.,https://apps.inspection.canada.ca/webapps/FishList/,CFIA Fish and Seafood Establishments (Export List),regulator,2026-02-06
FUMOIR DU NORD (CFIA Ref #5785),FUMOIR DU NORD,Canada,Quebec,QUÉBEC,540 RUE DU PLATINE,G2N2G6,5785,,,,approved,true,documentation_verified,CFIA export list entry. Species/by-products not verified; add only with explicit evidence.,https://apps.inspection.canada.ca/webapps/FishList/,CFIA Fish and Seafood Establishments (Export List),regulator,2026-02-06
BEACH POINT PROCESSING COMPANY (CFIA Ref #4237),BEACH POINT PROCESSING COMPANY,Canada,Prince Edward Island,BEACH POINT,75 WHARF LANE,C0A1V0,4237,,,,approved,true,documentation_verified,CFIA export list entry. Species/by-products not verified; add only with explicit evidence.,https://apps.inspection.canada.ca/webapps/FishList/,CFIA Fish and Seafood Establishments (Export List),regulator,2026-02-06
BEACH POINT PROCESSING COMPANY (CFIA Ref #4236),BEACH POINT PROCESSING COMPANY,Canada,Prince Edward Island,BEACH POINT,26 MACKENZIE LANE,C0A1V0,4236,,,,approved,true,documentation_verified,CFIA export list entry. Species/by-products not verified; add only with explicit evidence.,https://apps.inspection.canada.ca/webapps/FishList/,CFIA Fish and Seafood Establishments (Export List),regulator,2026-02-06
JOHN O'S FOODS INC. (CFIA Ref #0645),JOHN O'S FOODS INC.,Canada,Ontario,WHEATLEY,827 DROVERS ROAD,N0P2P0,0645,,,,approved,true,documentation_verified,CFIA export list entry. Species/by-products not verified; add only with explicit evidence.,https://apps.inspection.canada.ca/webapps/FishList/,CFIA Fish and Seafood Establishments (Export List),regulator,2026-02-06
"CAPE BALD PACKERS LIMITED, O/A LOBSTER DIVISION REG #0838 (CFIA Ref #0838)","CAPE BALD PACKERS LIMITED, O/A LOBSTER DIVISION REG #0838",Canada,New Brunswick,BAS-CAP-PELÉ,52 RUE NILES,E4N1E3,0838,,,,approved,true,documentation_verified,CFIA export list entry. Species/by-products not verified; add only with explicit evidence.,https://apps.inspection.canada.ca/webapps/FishList/,CFIA Fish and Seafood Establishments (Export List),regulator,2026-02-06
NORTH-WEST SEAFOOD LTD. (CFIA Ref #0759),NORTH-WEST SEAFOOD LTD.,Canada,British Columbia,VANCOUVER,#102 - 8475 ONTARIO STREET,V5X3E8,0759,,,,approved,true,documentation_verified,CFIA export list entry. Species/by-products not verified; add only with explicit evidence.,https://apps.inspection.canada.ca/webapps/FishList/,CFIA Fish and Seafood Establishments (Export List),regulator,2026-02-06
YOUNG'S LOBSTER COMPANY LTD. (CFIA Ref #4409),YOUNG'S LOBSTER COMPANY LTD.,Canada,New Brunswick,CHOCOLATE COVE,1354 ROUTE 772,-,4409,,,,approved,true,documentation_verified,CFIA export list entry. Species/by-products not verified; add only with explicit evidence.,https://apps.inspection.canada.ca/webapps/FishList/,CFIA Fish and Seafood Establishments (Export List),regulator,2026-02-06
CAPE NORTH MUSSELS LIMITED (CFIA Ref #3575),CAPE NORTH MUSSELS LIMITED,Canada,Nova Scotia,CAPE NORTH,43 MACLEOD LANE,B0C1G0,3575,,,,approved,true,documentation_verified,CFIA export list entry. Species/by-products not verified; add only with explicit evidence.,https://apps.inspection.canada.ca/webapps/FishList/,CFIA Fish and Seafood Establishments (Export List),regulator,2026-02-06
"AZUMA FOODS (CANADA) CO., LTD. (CFIA Ref #0781)","AZUMA FOODS (CANADA) CO., LTD.",Canada,British Columbia,RICHMOND,11451 TWIGG PLACE,V6V2Y2,0781,,,,approved,true,documentation_verified,CFIA export list entry. Species/by-products not verified; add only with explicit evidence.,https://apps.inspection.canada.ca/webapps/FishList/,CFIA Fish and Seafood Establishments (Export List),regulator,2026-02-06
Qikiqtaaluk Fisheries Corporation / Saputi (CFIA Ref #0022),Qikiqtaaluk Fisheries Corporation / Saputi,Canada,Newfoundland and Labrador,Bay Robert's,154 Water Street,A0A1G0,0022,,,,approved,true,documentation_verified,CFIA export list entry. Species/by-products not verified; add only with explicit evidence.,https://apps.inspection.canada.ca/webapps/FishList/,CFIA Fish and Seafood Establishments (Export List),regulator,2026-02-06
SHIP'S LOBSTER POUND (2005) LIMITED (CFIA Ref #3775),SHIP'S LOBSTER POUND (2005) LIMITED,Canada,Nova Scotia,LOWER WOODS HARBOUR,6649 HIGHWAY 3,B0W2E0,3775,,,,approved,true,documentation_verified,CFIA export list entry. Species/by-products not verified; add only with explicit evidence.,https://apps.inspection.canada.ca/webapps/FishList/,CFIA Fish and Seafood Establishments (Export List),regulator,2026-02-06
BONTE FOODS LTD (CFIA Ref #4105),BONTE FOODS LTD,Canada,New Brunswick,DIEPPE,615 CHAMPLAIN STREET,E1A7Z7,4105,,,,approved,true,documentation_verified,CFIA export list entry. Species/by-products not verified; add only with explicit evidence.,https://apps.inspection.canada.ca/webapps/FishList/,CFIA Fish and Seafood Establishments (Export List),regulator,2026-02-06
16016723 CANADA INC. / Maximum Seafood (CFIA Ref #0650),16016723 CANADA INC. / Maximum Seafood,Canada,Ontario,WOODBRIDGE,189 WESTCREEK DRIVE,L4L9N6,0650,,,,approved,true,documentation_verified,CFIA export list entry. Species/by-products not verified; add only with explicit evidence.,https://apps.inspection.canada.ca/webapps/FishList/,CFIA Fish and Seafood Establishments (Export List),regulator,2026-02-06
TRUE NORTH SALMON LIMITED PARTNERSHIP (CFIA Ref #3034),TRUE NORTH SALMON LIMITED PARTNERSHIP,Canada,New Brunswick,ST. GEORGE,1 FUNDY BAY DRIVE,E5C3E2,3034,,,,approved,true,documentation_verified,CFIA export list entry. Species/by-products not verified; add only with explicit evidence.,https://apps.inspection.canada.ca/webapps/FishList/,CFIA Fish and Seafood Establishments (Export List),regulator,2026-02-06
LOBSTER WORLD INC. (CFIA Ref #3578),LOBSTER WORLD INC.,Canada,Nova Scotia,JEDDORE OYSTER PONDS,"10320 HWY 7, 7 OYSTER POND",B0J1W0,3578,,,,approved,true,documentation_verified,CFIA export list entry. Species/by-products not verified; add only with explicit evidence.,https://apps.inspection.canada.ca/webapps/FishList/,CFIA Fish and Seafood Establishments (Export List),regulator,2026-02-06
"GROUPE UMEK, SOCIÉTÉ EN COMMANDITE (CFIA Ref #5621)","GROUPE UMEK, SOCIÉTÉ EN COMMANDITE",Canada,Quebec,SEPT-ILES,230 AVENUE ARNAUD,G4R3A7,5621,,,,approved,true,documentation_verified,CFIA export list entry. Species/by-products not verified; add only with explicit evidence.,https://apps.inspection.canada.ca/webapps/FishList/,CFIA Fish and Seafood Establishments (Export List),regulator,2026-02-06
FACTORS LABORATORIES LTD. (CFIA Ref #0908),FACTORS LABORATORIES LTD.,Canada,British Columbia,KELOWNA,8955 JIM BAILEY CRESCENT,V4V2L7,0908,,,,approved,true,documentation_verified,CFIA export list entry. Species/by-products not verified; add only with explicit evidence.,https://apps.inspection.canada.ca/webapps/FishList/,CFIA Fish and Seafood Establishments (Export List),regulator,2026-02-06
SHANDAPH OYSTER CO. INC./ SHANDAPH OYSTER PLANT (CFIA Ref #3580),SHANDAPH OYSTER CO. INC./ SHANDAPH OYSTER PLANT,Canada,Nova Scotia,MERIGOMISH,636 BIG ISLAND RD,B0K1G0,3580,,,,approved,true,documentation_verified,CFIA export list entry. Species/by-products not verified; add only with explicit evidence.,https://apps.inspection.canada.ca/webapps/FishList/,CFIA Fish and Seafood Establishments (Export List),regulator,2026-02-06
WEST COAST FISHCULTURE (LOIS LAKE) LTD. (CFIA Ref #0930),WEST COAST FISHCULTURE (LOIS LAKE) LTD.,Canada,British Columbia,POWELL RIVER,11060 C MORTON ROAD,V8A0L9,0930,,,,approved,true,documentation_verified,CFIA export list entry. Species/by-products not verified; add only with explicit evidence.,https://apps.inspection.canada.ca/webapps/FishList/,CFIA Fish and Seafood Establishments (Export List),regulator,2026-02-06
GERRET ENTERPRISES INCORPORATED (CFIA Ref #1430),GERRET ENTERPRISES INCORPORATED,Canada,Nova Scotia,CLARK'S HARBOUR,58 BOUNDRY STREET,B0W1P0,1430,,,,approved,true,documentation_verified,CFIA export list entry. Species/by-products not verified; add only with explicit evidence.,https://apps.inspection.canada.ca/webapps/FishList/,CFIA Fish and Seafood Establishments (Export List),regulator,2026-02-06
FISHERMAN'S MARKET INTERNATIONAL INCORPORATED (CFIA Ref #3780),FISHERMAN'S MARKET INTERNATIONAL INCORPORATED,Canada,Nova Scotia,SHELBURNE COUNTY,354 BLACKPOINT ROAD,-,3780,,,,approved,true,documentation_verified,CFIA export list entry. Species/by-products not verified; add only with explicit evidence.,https://apps.inspection.canada.ca/webapps/FishList/,CFIA Fish and Seafood Establishments (Export List),regulator,2026-02-06
7987072 CANADA INC. (CFIA Ref #1803),7987072 CANADA INC.,Canada,Ontario,OTTAWA,"800 HUNT CLUB ROAD, UNIT 5",K1V1C3,1803,,,,approved,true,documentation_verified,CFIA export list entry. Species/by-products not verified; add only with explicit evidence.,https://apps.inspection.canada.ca/webapps/FishList/,CFIA Fish and Seafood Establishments (Export List),regulator,2026-02-06
PETIT-CAP FISHERIES LTD (CFIA Ref #4108),PETIT-CAP FISHERIES LTD,Canada,New Brunswick,PETIT-CAP,2056 ROUTE 950,E4N2J6,4108,,,,approved,true,documentation_verified,CFIA export list entry. Species/by-products not verified; add only with explicit evidence.,https://apps.inspection.canada.ca/webapps/FishList/,CFIA Fish and Seafood Establishments (Export List),regulator,2026-02-06
ATLANTIS FOODS LTD. (CFIA Ref #0731),ATLANTIS FOODS LTD.,Canada,British Columbia,VANCOUVER,8295 CROMPTON STREET,V5X4H8,0731,,,,approved,true,documentation_verified,CFIA export list entry. Species/by-products not verified; add only with explicit evidence.,https://apps.inspection.canada.ca/webapps/FishList/,CFIA Fish and Seafood Establishments (Export List),regulator,2026-02-06
LES PLATS DU CHEF ULC (CFIA Ref #0655),LES PLATS DU CHEF ULC,Canada,Ontario,VAUGHAN,575 OSTER LANE,L4K2B9,0655,,,,approved,true,documentation_verified,CFIA export list entry. Species/by-products not verified; add only with explicit evidence.,https://apps.inspection.canada.ca/webapps/FishList/,CFIA Fish and Seafood Establishments (Export List),regulator,2026-02-06
NU SEA PRODUCTS INC. (CFIA Ref #2134),NU SEA PRODUCTS INC.,Canada,Newfoundland and Labrador,ANCHOR POINT,MAIN ROAD,-,2134,,,,approved,true,documentation_verified,CFIA export list entry. Species/by-products not verified; add only with explicit evidence.,https://apps.inspection.canada.ca/webapps/FishList/,CFIA Fish and Seafood Establishments (Export List),regulator,2026-02-06
M & M CORMIER FISHERIES LTD. (CFIA Ref #4110),M & M CORMIER FISHERIES LTD.,Canada,New Brunswick,CAP-PELE,11 ALLÉE ANDRÉ,E4N2E1,4110,,,,approved,true,documentation_verified,CFIA export list entry. Species/by-products not verified; add only with explicit evidence.,https://apps.inspection.canada.ca/webapps/FishList/,CFIA Fish and Seafood Establishments (Export List),regulator,2026-02-06
NORLANTIC PROCESSORS LIMITED (CFIA Ref #0083),NORLANTIC PROCESSORS LIMITED,Canada,Newfoundland and Labrador,PLEASANTVIEW,54 MAIN ST,-,0083,,,,approved,true,documentation_verified,CFIA export list entry. Species/by-products not verified; add only with explicit evidence.,https://apps.inspection.canada.ca/webapps/FishList/,CFIA Fish and Seafood Establishments (Export List),regulator,2026-02-06
54417 NEWFOUNDLAND AND LABRADOR INC. (CFIA Ref #0155),54417 NEWFOUNDLAND AND LABRADOR INC.,Canada,Newfoundland and Labrador,HARBOUR BRETON,85 SOUTH SIDE DRIVE,-,0155,,,,approved,true,documentation_verified,CFIA export list entry. Species/by-products not verified; add only with explicit evidence.,https://apps.inspection.canada.ca/webapps/FishList/,CFIA Fish and Seafood Establishments (Export List),regulator,2026-02-06
FAVORITE FOODS LTD. (CFIA Ref #0912),FAVORITE FOODS LTD.,Canada,British Columbia,BURNABY,6934 GREENWOOD STREET,V5A1X8,0912,,,,approved,true,documentation_verified,CFIA export list entry. Species/by-products not verified; add only with explicit evidence.,https://apps.inspection.canada.ca/webapps/FishList/,CFIA Fish and Seafood Establishments (Export List),regulator,2026-02-06
ATLANTIC CANADA EELS INC. (CFIA Ref #3586),ATLANTIC CANADA EELS INC.,Canada,Nova Scotia,SPRINGHILL,LOT #1 - 10 GEOTHERMAL INDUSTRIAL PARK,B0M1X0,3586,,,,approved,true,documentation_verified,CFIA export list entry. Species/by-products not verified; add only with explicit evidence.,https://apps.inspection.canada.ca/webapps/FishList/,CFIA Fish and Seafood Establishments (Export List),regulator,2026-02-06
FRESHSTONE BRANDS INC. (CFIA Ref #1785),FRESHSTONE BRANDS INC.,Canada,Alberta,EDMONTON,2545-96 STREET NW,T6N1E3,1785,,,,approved,true,documentation_verified,CFIA export list entry. Species/by-products not verified; add only with explicit evidence.,https://apps.inspection.canada.ca/webapps/FishList/,CFIA Fish and Seafood Establishments (Export List),regulator,2026-02-06
MENU-MER LTÉE (CFIA Ref #5768),MENU-MER LTÉE,Canada,Quebec,RIVIÉRE-AU-RENARD,"153, BOUL. RENARD EST",G4X5K9,5768,,,,approved,true,documentation_verified,CFIA export list entry. Species/by-products not verified; add only with explicit evidence.,https://apps.inspection.canada.ca/webapps/FishList/,CFIA Fish and Seafood Establishments (Export List),regulator,2026-02-06
APAQTAUKEWAQ FISHERIES CO-OP LTD. (CFIA Ref #3588),APAQTAUKEWAQ FISHERIES CO-OP LTD.,Canada,Nova Scotia,CHAPEL ISLAND 5,127 FISHERY ROAD,B0E3B0,3588,,,,approved,true,documentation_verified,CFIA export list entry. Species/by-products not verified; add only with explicit evidence.,https://apps.inspection.canada.ca/webapps/FishList/,CFIA Fish and Seafood Establishments (Export List),regulator,2026-02-06
PATUREL INTERNATIONAL COMPANY (CFIA Ref #3756),PATUREL INTERNATIONAL COMPANY,Canada,Nova Scotia,CLARK'S HARBOUR,2474 HIGHWAY 330,BOW1PO,3756,,,,approved,true,documentation_verified,CFIA export list entry. Species/by-products not verified; add only with explicit evidence.,https://apps.inspection.canada.ca/webapps/FishList/,CFIA Fish and Seafood Establishments (Export List),regulator,2026-02-06
LABRADOR GEM SEAFOOD INCORPORATED (CFIA Ref #0157),LABRADOR GEM SEAFOOD INCORPORATED,Canada,Newfoundland and Labrador,RAMEA,21 MAIN STREET,AON2G0,0157,,,,approved,true,documentation_verified,CFIA export list entry. Species/by-products not verified; add only with explicit evidence.,https://apps.inspection.canada.ca/webapps/FishList/,CFIA Fish and Seafood Establishments (Export List),regulator,2026-02-06
OCEAN VIEW FISHERIES LIMITED (CFIA Ref #3591),OCEAN VIEW FISHERIES LIMITED,Canada,Nova Scotia,SAMBRO,26 LENNYS LANE,B3V1L5,3591,,,,approved,true,documentation_verified,CFIA export list entry. Species/by-products not verified; add only with explicit evidence.,https://apps.inspection.canada.ca/webapps/FishList/,CFIA Fish and Seafood Establishments (Export List),regulator,2026-02-06
Ocean Choice International Inc. (Aqviq) (CFIA Ref #0087),Ocean Choice International Inc. (Aqviq),Canada,Newfoundland and Labrador,HARBOUR GRACE,119 Water Street,A0A2M0,0087,,,,approved,true,documentation_verified,CFIA export list entry. Species/by-products not verified; add only with explicit evidence.,https://apps.inspection.canada.ca/webapps/FishList/,CFIA Fish and Seafood Establishments (Export List),regulator,2026-02-06
MOWI CANADA EAST INC. (CFIA Ref #4416),MOWI CANADA EAST INC.,Canada,New Brunswick,ST. GEORGE,2 SALAR COURT,E5C3N1,4416,,,,approved,true,documentation_verified,CFIA export list entry. Species/by-products not verified; add only with explicit evidence.,https://apps.inspection.canada.ca/webapps/FishList/,CFIA Fish and Seafood Establishments (Export List),regulator,2026-02-06
I. DEVEAU FISHERIES LIMITED (CFIA Ref #3841),I. DEVEAU FISHERIES LIMITED,Canada,Nova Scotia,NORTH EAST POINT,88 COOK POINT ROAD,B0W1P0,3841,,,,approved,true,documentation_verified,CFIA export list entry. Species/by-products not verified; add only with explicit evidence.,https://apps.inspection.canada.ca/webapps/FishList/,CFIA Fish and Seafood Establishments (Export List),regulator,2026-02-06
FINE CHOICE FOODS LTD. (CFIA Ref #0713),FINE CHOICE FOODS LTD.,Canada,British Columbia,RICHMOND,23011 FRASERWOOD WAY,V6V3B3,0713,,,,approved,true,documentation_verified,CFIA export list entry. Species/by-products not verified; add only with explicit evidence.,https://apps.inspection.canada.ca/webapps/FishList/,CFIA Fish and Seafood Establishments (Export List),regulator,2026-02-06
DONALD B. GILLIS & SON FISH WHOLESALER LIMITED (CFIA Ref #3613),DONALD B. GILLIS & SON FISH WHOLESALER LIMITED,Canada,Nova Scotia,NORTH SYDNEY,P.O. BOX 65,B2A3M1,3613,,,,approved,true,documentation_verified,CFIA export list entry. Species/by-products not verified; add only with explicit evidence.,https://apps.inspection.canada.ca/webapps/FishList/,CFIA Fish and Seafood Establishments (Export List),regulator,2026-02-06
RB FRUITS DE MER INC. (CFIA Ref #4124),RB FRUITS DE MER INC.,Canada,New Brunswick,SIX ROADS,252 CH PETIT CAREY,E1X3A6,4124,,,,approved,true,documentation_verified,CFIA export list entry. Species/by-products not verified; add only with explicit evidence.,https://apps.inspection.canada.ca/webapps/FishList/,CFIA Fish and Seafood Establishments (Export List),regulator,2026-02-06
INTERCITY PACKERS LTD. (CFIA Ref #0992),INTERCITY PACKERS LTD.,Canada,British Columbia,RICHMOND,1900 NO. 6 ROAD,V6V1W3,0992,,,,approved,true,documentation_verified,CFIA export list entry. Species/by-products not verified; add only with explicit evidence.,https://apps.inspection.canada.ca/webapps/FishList/,CFIA Fish and Seafood Establishments (Export List),regulator,2026-02-06
K&N FISHERIES LIMITED (CFIA Ref #3619),K&N FISHERIES LIMITED,Canada,Nova Scotia,WHITEHEAD,70 FISH PLANT ROAD,B0H1T0,3619,,,,approved,true,documentation_verified,CFIA export list entry. Species/by-products not verified; add only with explicit evidence.,https://apps.inspection.canada.ca/webapps/FishList/,CFIA Fish and Seafood Establishments (Export List),regulator,2026-02-06
KD PHARMA CANADA LTD. (CFIA Ref #3620),KD PHARMA CANADA LTD.,Canada,Nova Scotia,MULGRAVE,39 ENGLAND AVE,B0E2G0,3620,,,,approved,true,documentation_verified,CFIA export list entry. Species/by-products not verified; add only with explicit evidence.,https://apps.inspection.canada.ca/webapps/FishList/,CFIA Fish and Seafood Establishments (Export List),regulator,2026-02-06
MITO SUSHI (CFIA Ref #5024),MITO SUSHI,Canada,Quebec,MONTRÉAL,4600 RUE MOLSON,H1Y0A3,5024,,,,approved,true,documentation_verified,CFIA export list entry. Species/by-products not verified; add only with explicit evidence.,https://apps.inspection.canada.ca/webapps/FishList/,CFIA Fish and Seafood Establishments (Export List),regulator,2026-02-06
FISHER DIRECT LTD. (CFIA Ref #1431691),FISHER DIRECT LTD.,Canada,Nova Scotia,SHELBURNE COUNTY,382 BEAR POINT,B0W3B0,1431691,,,,approved,true,documentation_verified,CFIA export list entry. Species/by-products not verified; add only with explicit evidence.,https://apps.inspection.canada.ca/webapps/FishList/,CFIA Fish and Seafood Establishments (Export List),regulator,2026-02-06
BELLE CARNELL (CFIA Ref #0076),BELLE CARNELL,Canada,Newfoundland and Labrador,HARBOUR GRACE,119 WATER ST.,A0A2M0,0076,,,,approved,true,documentation_verified,CFIA export list entry. Species/by-products not verified; add only with explicit evidence.,https://apps.inspection.canada.ca/webapps/FishList/,CFIA Fish and Seafood Establishments (Export List),regulator,2026-02-06
"KWONG MAN SANG COMPANY, LIMITED (CFIA Ref #6013)","KWONG MAN SANG COMPANY, LIMITED",Canada,British Columbia,RICHMOND,190-12831 CLARKE PLACE,V6V2H9,6013,,,,approved,true,documentation_verified,CFIA export list entry. Species/by-products not verified; add only with explicit evidence.,https://apps.inspection.canada.ca/webapps/FishList/,CFIA Fish and Seafood Establishments (Export List),regulator,2026-02-06
WHYCOCOMAGH BAND COUNCIL (CFIA Ref #6044),WHYCOCOMAGH BAND COUNCIL,Canada,Nova Scotia,ABERDEEN,11446 HIGHWAY 105,B0E3M0,6044,,,,approved,true,documentation_verified,CFIA export list entry. Species/by-products not verified; add only with explicit evidence.,https://apps.inspection.canada.ca/webapps/FishList/,CFIA Fish and Seafood Establishments (Export List),regulator,2026-02-06
Independent Seafood Canada Corporation / FV Raw Spirit. (CFIA Ref #1922),Independent Seafood Canada Corporation / FV Raw Spirit.,Canada,British Columbia,Vancouver,301 Waterfront Rd. E,V6A0B3,1922,,,,approved,true,documentation_verified,CFIA export list entry. Species/by-products not verified; add only with explicit evidence.,https://apps.inspection.canada.ca/webapps/FishList/,CFIA Fish and Seafood Establishments (Export List),regulator,2026-02-06
BLUE COAST SEAFOOD LTD. (CFIA Ref #6079),BLUE COAST SEAFOOD LTD.,Canada,British Columbia,RICHMOND,#110 - 13911 MAYCREST WAY,V6V2J4,6079,,,,approved,true,documentation_verified,CFIA export list entry. Species/by-products not verified; add only with explicit evidence.,https://apps.inspection.canada.ca/webapps/FishList/,CFIA Fish and Seafood Establishments (Export List),regulator,2026-02-06
MOWI CANADA WEST INC. (CFIA Ref #6035),MOWI CANADA WEST INC.,Canada,British Columbia,SURREY,#200 - 5355 152ND STREET,V3S5A5,6035,,,,approved,true,documentation_verified,CFIA export list entry. Species/by-products not verified; add only with explicit evidence.,https://apps.inspection.canada.ca/webapps/FishList/,CFIA Fish and Seafood Establishments (Export List),regulator,2026-02-06
MILLION OCEAN SEAFOOD LTD. (CFIA Ref #6064),MILLION OCEAN SEAFOOD LTD.,Canada,British Columbia,RICHMOND,#230-240 2088 NO. 5 ROAD,V6X2T1,6064,,,,approved,true,documentation_verified,CFIA export list entry. Species/by-products not verified; add only with explicit evidence.,https://apps.inspection.canada.ca/webapps/FishList/,CFIA Fish and Seafood Establishments (Export List),regulator,2026-02-06
2 LEO'S FOOD INC. (CFIA Ref #6106),2 LEO'S FOOD INC.,Canada,Ontario,MISSISSAUGA,"7517 BREN ROAD, UNITS 19-20",L4T3V4,6106,,,,approved,true,documentation_verified,CFIA export list entry. Species/by-products not verified; add only with explicit evidence.,https://apps.inspection.canada.ca/webapps/FishList/,CFIA Fish and Seafood Establishments (Export List),regulator,2026-02-06
WOODS HARBOUR LOBSTER CO LTD (CFIA Ref #6127),WOODS HARBOUR LOBSTER CO LTD,Canada,Nova Scotia,SHELBURNE COUNTY,"697 BEAR POINT ROAD, SHAG HARBOUR",B0W2E0,6127,,,,approved,true,documentation_verified,CFIA export list entry. Species/by-products not verified; add only with explicit evidence.,https://apps.inspection.canada.ca/webapps/FishList/,CFIA Fish and Seafood Establishments (Export List),regulator,2026-02-06
LIU HOLDINGS LTD. (CFIA Ref #6045),LIU HOLDINGS LTD.,Canada,British Columbia,RICHMOND,2460 VISCOUNT WAY,V6V1N1,6045,,,,approved,true,documentation_verified,CFIA export list entry. Species/by-products not verified; add only with explicit evidence.,https://apps.inspection.canada.ca/webapps/FishList/,CFIA Fish and Seafood Establishments (Export List),regulator,2026-02-06
DESPRES FISHERIES LTD. (CFIA Ref #6131),DESPRES FISHERIES LTD.,Canada,New Brunswick,PETIT-CAP,73 CHEMIN DE L'ILE,E4N2G6,6131,,,,approved,true,documentation_verified,CFIA export list entry. Species/by-products not verified; add only with explicit evidence.,https://apps.inspection.canada.ca/webapps/FishList/,CFIA Fish and Seafood Establishments (Export List),regulator,2026-02-06
JK CRAWLERS INC. (CFIA Ref #1564767),JK CRAWLERS INC.,Canada,Nova Scotia,YARMOUTH COUNTY,1027 HWY 335,B0W2M0,1564767,,,,approved,true,documentation_verified,CFIA export list entry. Species/by-products not verified; add only with explicit evidence.,https://apps.inspection.canada.ca/webapps/FishList/,CFIA Fish and Seafood Establishments (Export List),regulator,2026-02-06
16016723 CANADA INC. / CENTENNIAL FOOD GROUP (CFIA Ref #6132),16016723 CANADA INC. / CENTENNIAL FOOD GROUP,Canada,Ontario,RICHMOND HILL,50 LEEK CRESCENT,L4B4J3,6132,,,,approved,true,documentation_verified,CFIA export list entry. Species/by-products not verified; add only with explicit evidence.,https://apps.inspection.canada.ca/webapps/FishList/,CFIA Fish and Seafood Establishments (Export List),regulator,2026-02-06
A.L. LEBLANC LIMITED (CFIA Ref #1565466),A.L. LEBLANC LIMITED,Canada,Nova Scotia,WEDGEPORT,2473 HWY 334,B0W3P0,1565466,,,,approved,true,documentation_verified,CFIA export list entry. Species/by-products not verified; add only with explicit evidence.,https://apps.inspection.canada.ca/webapps/FishList/,CFIA Fish and Seafood Establishments (Export List),regulator,2026-02-06
L & M FISHERIES LIMITED (CFIA Ref #1565473),L & M FISHERIES LIMITED,Canada,Nova Scotia,WEDGEPORT,"2278 HWY 334, PO BOX 39",B0W3P0,1565473,,,,approved,true,documentation_verified,CFIA export list entry. Species/by-products not verified; add only with explicit evidence.,https://apps.inspection.canada.ca/webapps/FishList/,CFIA Fish and Seafood Establishments (Export List),regulator,2026-02-06
CAPTAIN ATLANTIC INTERNATIONAL TRADE CO. LIMITED (CFIA Ref #6130),CAPTAIN ATLANTIC INTERNATIONAL TRADE CO. LIMITED,Canada,Nova Scotia,SHAG HARBOUR,697 BEAR POINT ROAD,B0W3B0,6130,,,,approved,true,documentation_verified,CFIA export list entry. Species/by-products not verified; add only with explicit evidence.,https://apps.inspection.canada.ca/webapps/FishList/,CFIA Fish and Seafood Establishments (Export List),regulator,2026-02-06
PLANET SHRIMP INC. (CFIA Ref #6100),PLANET SHRIMP INC.,Canada,Ontario,AYLMER,516 JOHN STREET,N5H2B8,6100,,,,approved,true,documentation_verified,CFIA export list entry. Species/by-products not verified; add only with explicit evidence.,https://apps.inspection.canada.ca/webapps/FishList/,CFIA Fish and Seafood Establishments (Export List),regulator,2026-02-06
C2C ALBERTA (CFIA Ref #6105),C2C ALBERTA,Canada,Alberta,CALGARY,BAY 132,T2B3M1,6105,,,,approved,true,documentation_verified,CFIA export list entry. Species/by-products not verified; add only with explicit evidence.,https://apps.inspection.canada.ca/webapps/FishList/,CFIA Fish and Seafood Establishments (Export List),regulator,2026-02-06
JACKO LOBSTERS LIMITED (CFIA Ref #1567386),JACKO LOBSTERS LIMITED,Canada,Nova Scotia,-,223 NICHOLAS ROAD,B0W2B0,1567386,,,,approved,true,documentation_verified,CFIA export list entry. Species/by-products not verified; add only with explicit evidence.,https://apps.inspection.canada.ca/webapps/FishList/,CFIA Fish and Seafood Establishments (Export List),regulator,2026-02-06
WEST HEAD LOBSTER LIMITED/TANKHOUSE (CFIA Ref #1562172),WEST HEAD LOBSTER LIMITED/TANKHOUSE,Canada,Nova Scotia,NEWELLTON,2164 HWY 330,B0W1P0,1562172,,,,approved,true,documentation_verified,CFIA export list entry. Species/by-products not verified; add only with explicit evidence.,https://apps.inspection.canada.ca/webapps/FishList/,CFIA Fish and Seafood Establishments (Export List),regulator,2026-02-06
3854397 MANITOBA LTD. (CFIA Ref #6119),3854397 MANITOBA LTD.,Canada,Manitoba,RIVERTON,"BOX 1, 390 REGGIE LEACH DRIVE",R0C2R0,6119,,,,approved,true,documentation_verified,CFIA export list entry. Species/by-products not verified; add only with explicit evidence.,https://apps.inspection.canada.ca/webapps/FishList/,CFIA Fish and Seafood Establishments (Export List),regulator,2026-02-06
LONGSHORE FISHERIES LTD. (CFIA Ref #3623),LONGSHORE FISHERIES LTD.,Canada,Nova Scotia,SONORA,2025 SONORA ROAD,B0J3C0,3623,,,,approved,true,documentation_verified,CFIA export list entry. Species/by-products not verified; add only with explicit evidence.,https://apps.inspection.canada.ca/webapps/FishList/,CFIA Fish and Seafood Establishments (Export List),regulator,2026-02-06
CASCUMPEC BAY OYSTER COMPANY LTD. (CFIA Ref #4235),CASCUMPEC BAY OYSTER COMPANY LTD.,Canada,Prince Edward Island,CARLETON,80 TROUT RIVER RD. - RTE 137,C0B1H0,4235,,,,approved,true,documentation_verified,CFIA export list entry. Species/by-products not verified; add only with explicit evidence.,https://apps.inspection.canada.ca/webapps/FishList/,CFIA Fish and Seafood Establishments (Export List),regulator,2026-02-06
3274876 NOVA SCOTIA LIMITED; DBA ATLANTIC CHICAN SEAFOOD (CFIA Ref #3840),3274876 NOVA SCOTIA LIMITED; DBA ATLANTIC CHICAN SEAFOOD,Canada,Nova Scotia,SHELBURNE COUNTY,55 ORION WHARF ROAD,B0W1P0,3840,,,,approved,true,documentation_verified,CFIA export list entry. Species/by-products not verified; add only with explicit evidence.,https://apps.inspection.canada.ca/webapps/FishList/,CFIA Fish and Seafood Establishments (Export List),regulator,2026-02-06
ALDER SEAFOOD LTD (CFIA Ref #4449),ALDER SEAFOOD LTD,Canada,New Brunswick,PENNFIELD,126 MEALEY RD,E5H0B1,4449,,,,approved,true,documentation_verified,CFIA export list entry. Species/by-products not verified; add only with explicit evidence.,https://apps.inspection.canada.ca/webapps/FishList/,CFIA Fish and Seafood Establishments (Export List),regulator,2026-02-06
NORTHERN LIGHTS SEAFOOD INC. (CFIA Ref #1010),NORTHERN LIGHTS SEAFOOD INC.,Canada,Newfoundland and Labrador,MAIN BROOK,40-44 WATER ST,A0K3N0,1010,,,,approved,true,documentation_verified,CFIA export list entry. Species/by-products not verified; add only with explicit evidence.,https://apps.inspection.canada.ca/webapps/FishList/,CFIA Fish and Seafood Establishments (Export List),regulator,2026-02-06
NORTH SHORE SPECIALTIES (CFIA Ref #1819),NORTH SHORE SPECIALTIES,Canada,Ontario,OWEN SOUND,1843 23 STREET EAST,N4K6H6,1819,,,,approved,true,documentation_verified,CFIA export list entry. Species/by-products not verified; add only with explicit evidence.,https://apps.inspection.canada.ca/webapps/FishList/,CFIA Fish and Seafood Establishments (Export List),regulator,2026-02-06
HALIBUT PEI INC. (CFIA Ref #4239),HALIBUT PEI INC.,Canada,Prince Edward Island,VICTORIA,1 CAUSEWAY ROAD,C0A2G0,4239,,,,approved,true,documentation_verified,CFIA export list entry. Species/by-products not verified; add only with explicit evidence.,https://apps.inspection.canada.ca/webapps/FishList/,CFIA Fish and Seafood Establishments (Export List),regulator,2026-02-06
ISLAND BAIT LIMITED (CFIA Ref #3811),ISLAND BAIT LIMITED,Canada,Nova Scotia,CENTREVILLE,1220 HIGHWAY 330,B0W2G0,3811,,,,approved,true,documentation_verified,CFIA export list entry. Species/by-products not verified; add only with explicit evidence.,https://apps.inspection.canada.ca/webapps/FishList/,CFIA Fish and Seafood Establishments (Export List),regulator,2026-02-06
LA NASSA FOODS INC. (CFIA Ref #1860),LA NASSA FOODS INC.,Canada,Ontario,KINGSVILLE,3 DOCK ROAD,N9Y1K9,1860,,,,approved,true,documentation_verified,CFIA export list entry. Species/by-products not verified; add only with explicit evidence.,https://apps.inspection.canada.ca/webapps/FishList/,CFIA Fish and Seafood Establishments (Export List),regulator,2026-02-06
RIDGELAND AQUA FARMS INCORPORATED (CFIA Ref #0600),RIDGELAND AQUA FARMS INCORPORATED,Canada,Manitoba,ANOLA,"36111 RICHLAND ROAD, 54 NORTH",R0E0K0,0600,,,,approved,true,documentation_verified,CFIA export list entry. Species/by-products not verified; add only with explicit evidence.,https://apps.inspection.canada.ca/webapps/FishList/,CFIA Fish and Seafood Establishments (Export List),regulator,2026-02-06
INOVATA FOODS CORP. (CFIA Ref #1786),INOVATA FOODS CORP.,Canada,Alberta,EDMONTON,12803 - 149 ST NW,T5L2J7,1786,,,,approved,true,documentation_verified,CFIA export list entry. Species/by-products not verified; add only with explicit evidence.,https://apps.inspection.canada.ca/webapps/FishList/,CFIA Fish and Seafood Establishments (Export List),regulator,2026-02-06
KNOCEAN FOODS LTD. (CFIA Ref #4134),KNOCEAN FOODS LTD.,Canada,New Brunswick,SCOUDOUC,99 BRENAN AV.,E4P3N6,4134,,,,approved,true,documentation_verified,CFIA export list entry. Species/by-products not verified; add only with explicit evidence.,https://apps.inspection.canada.ca/webapps/FishList/,CFIA Fish and Seafood Establishments (Export List),regulator,2026-02-06
LA NASSA FOODS INC. (CFIA Ref #1875),LA NASSA FOODS INC.,Canada,Ontario,KINGSVILLE,180 INDUSTRY ROAD,N9Y1K9,1875,,,,approved,true,documentation_verified,CFIA export list entry. Species/by-products not verified; add only with explicit evidence.,https://apps.inspection.canada.ca/webapps/FishList/,CFIA Fish and Seafood Establishments (Export List),regulator,2026-02-06
POISSONNERIE BLANCHETTE INC. (CFIA Ref #5168),POISSONNERIE BLANCHETTE INC.,Canada,Quebec,SAINTE-ANNE-DES-MONTS,280 RUE DU HAVRE,G4V3H5,5168,,,,approved,true,documentation_verified,CFIA export list entry. Species/by-products not verified; add only with explicit evidence.,https://apps.inspection.canada.ca/webapps/FishList/,CFIA Fish and Seafood Establishments (Export List),regulator,2026-02-06
ALIMENTS PASTA ROMANA INC./ PASTA ROMANA FOODS INC. (CFIA Ref #1444831),ALIMENTS PASTA ROMANA INC./ PASTA ROMANA FOODS INC.,Canada,Quebec,MONTRÉAL,11430 BOULEVARD ALBERT-HUDON,H1G3J8,1444831,,,,approved,true,documentation_verified,CFIA export list entry. Species/by-products not verified; add only with explicit evidence.,https://apps.inspection.canada.ca/webapps/FishList/,CFIA Fish and Seafood Establishments (Export List),regulator,2026-02-06
FRESHWATER FISH MARKETING CORPORATION SELKIRK (CFIA Ref #1777),FRESHWATER FISH MARKETING CORPORATION SELKIRK,Canada,Manitoba,SELKIRK,599 GREENWOOD AVENUE,R1A1J1,1777,,,,approved,true,documentation_verified,CFIA export list entry. Species/by-products not verified; add only with explicit evidence.,https://apps.inspection.canada.ca/webapps/FishList/,CFIA Fish and Seafood Establishments (Export List),regulator,2026-02-06
PÉCHERIES LEBRETON & FILS LTÉE (CFIA Ref #4129),PÉCHERIES LEBRETON & FILS LTÉE,Canada,New Brunswick,GRANDE-ANSE,690 RUE ACADIE,E8N1G4,4129,,,,approved,true,documentation_verified,CFIA export list entry. Species/by-products not verified; add only with explicit evidence.,https://apps.inspection.canada.ca/webapps/FishList/,CFIA Fish and Seafood Establishments (Export List),regulator,2026-02-06
ACADIAN SUPREME INC. (CFIA Ref #6017),ACADIAN SUPREME INC.,Canada,Prince Edward Island,WELLINGTON,8323 ROUTE 11,C0B2E0,6017,,,,approved,true,documentation_verified,CFIA export list entry. Species/by-products not verified; add only with explicit evidence.,https://apps.inspection.canada.ca/webapps/FishList/,CFIA Fish and Seafood Establishments (Export List),regulator,2026-02-06
FISHER DIRECT LTD. (CFIA Ref #6011),FISHER DIRECT LTD.,Canada,Nova Scotia,SHELBURNE COUNTY,"5163 HWY3, SHAG HARBOUR",B0W3B0,6011,,,,approved,true,documentation_verified,CFIA export list entry. Species/by-products not verified; add only with explicit evidence.,https://apps.inspection.canada.ca/webapps/FishList/,CFIA Fish and Seafood Establishments (Export List),regulator,2026-02-06
FACTORS GROUP OF NUTRITIONAL COMPANIES INC. (CFIA Ref #6026),FACTORS GROUP OF NUTRITIONAL COMPANIES INC.,Canada,British Columbia,COQUITLAM,1550 UNITED BOULEVARD,V3K6Y2,6026,,,,approved,true,documentation_verified,CFIA export list entry. Species/by-products not verified; add only with explicit evidence.,https://apps.inspection.canada.ca/webapps/FishList/,CFIA Fish and Seafood Establishments (Export List),regulator,2026-02-06
RYER & RYER LOBSTERS LIMITED (CFIA Ref #LL23001),RYER & RYER LOBSTERS LIMITED,Canada,Nova Scotia,INDIAN HARBOUR,15 RYERS ROAD,B3Z3P9,LL23001,,,,approved,true,documentation_verified,CFIA export list entry. Species/by-products not verified; add only with explicit evidence.,https://apps.inspection.canada.ca/webapps/FishList/,CFIA Fish and Seafood Establishments (Export List),regulator,2026-02-06
A&A MARINE & DRYDOCK (CFIA Ref #1895),A&A MARINE & DRYDOCK,Canada,Ontario,BLENHEIM,10417 FRONT LINE,N0P1A0,1895,,,,approved,true,documentation_verified,CFIA export list entry. Species/by-products not verified; add only with explicit evidence.,https://apps.inspection.canada.ca/webapps/FishList/,CFIA Fish and Seafood Establishments (Export List),regulator,2026-02-06
PROTENERGY NATURAL FOODS CORP. (CFIA Ref #0670),PROTENERGY NATURAL FOODS CORP.,Canada,Ontario,RICHMOND HILL,125 EAST BEAVER CREEK ROAD,L4B4R3,0670,,,,approved,true,documentation_verified,CFIA export list entry. Species/by-products not verified; add only with explicit evidence.,https://apps.inspection.canada.ca/webapps/FishList/,CFIA Fish and Seafood Establishments (Export List),regulator,2026-02-06
O/A A&A MARINE & DRYDOCK (CFIA Ref #1898),O/A A&A MARINE & DRYDOCK,Canada,Ontario,LEAMINGTON,447 SEACLIFF DRIVE EAST,N8H3V7,1898,,,,approved,true,documentation_verified,CFIA export list entry. Species/by-products not verified; add only with explicit evidence.,https://apps.inspection.canada.ca/webapps/FishList/,CFIA Fish and Seafood Establishments (Export List),regulator,2026-02-06
PASTIFICIO D'APRILE LTD. (CFIA Ref #0675),PASTIFICIO D'APRILE LTD.,Canada,Ontario,MARKHAM,125 ANDERSON AVENUE,L6E1A4,0675,,,,approved,true,documentation_verified,CFIA export list entry. Species/by-products not verified; add only with explicit evidence.,https://apps.inspection.canada.ca/webapps/FishList/,CFIA Fish and Seafood Establishments (Export List),regulator,2026-02-06
NORTH TASTE FLAVOURINGS INC./SAVEURS DU NORD INC. (CFIA Ref #4120),NORTH TASTE FLAVOURINGS INC./SAVEURS DU NORD INC.,Canada,New Brunswick,ANSE BLEUE,"71, ROUTE 320",E8N2B7,4120,,,,approved,true,documentation_verified,CFIA export list entry. Species/by-products not verified; add only with explicit evidence.,https://apps.inspection.canada.ca/webapps/FishList/,CFIA Fish and Seafood Establishments (Export List),regulator,2026-02-06
NOR-VAN SEAFOOD LTD. (CFIA Ref #1910),NOR-VAN SEAFOOD LTD.,Canada,British Columbia,RICHMOND,120 - 2288 NO. 5 ROAD,V6X2T1,1910,,,,approved,true,documentation_verified,CFIA export list entry. Species/by-products not verified; add only with explicit evidence.,https://apps.inspection.canada.ca/webapps/FishList/,CFIA Fish and Seafood Establishments (Export List),regulator,2026-02-06
GRAND RIVER FOODS LTD. (CFIA Ref #331),GRAND RIVER FOODS LTD.,Canada,Ontario,CAMBRIDGE,685 BOXWOOD DR.,N3E1A4,331,,,,approved,true,documentation_verified,CFIA export list entry. Species/by-products not verified; add only with explicit evidence.,https://apps.inspection.canada.ca/webapps/FishList/,CFIA Fish and Seafood Establishments (Export List),regulator,2026-02-06
RED BEARD SHELLFISH COMPANY (CFIA Ref #4242),RED BEARD SHELLFISH COMPANY,Canada,Prince Edward Island,SOURIS,27 LEA CRANE BLVD,C0A2B0,4242,,,,approved,true,documentation_verified,CFIA export list entry. Species/by-products not verified; add only with explicit evidence.,https://apps.inspection.canada.ca/webapps/FishList/,CFIA Fish and Seafood Establishments (Export List),regulator,2026-02-06
COLDWATER CANADIAN LOBSTER INC. (CFIA Ref #1420931),COLDWATER CANADIAN LOBSTER INC.,Canada,New Brunswick,DIPPER HARBOUR,1325 DIPPER HARBOUR RD.,E5J2T1,1420931,,,,approved,true,documentation_verified,CFIA export list entry. Species/by-products not verified; add only with explicit evidence.,https://apps.inspection.canada.ca/webapps/FishList/,CFIA Fish and Seafood Establishments (Export List),regulator,2026-02-06
"NORTH LAKE FISHERIES (2013), INC. (CFIA Ref #4240)","NORTH LAKE FISHERIES (2013), INC.",Canada,Prince Edward Island,ELMIRA,58 NORTH LAKE HARBOUR RD,C0A1K0,4240,,,,approved,true,documentation_verified,CFIA export list entry. Species/by-products not verified; add only with explicit evidence.,https://apps.inspection.canada.ca/webapps/FishList/,CFIA Fish and Seafood Establishments (Export List),regulator,2026-02-06
Niqitaq Fisheries Ltd./Sivulliq (CFIA Ref #6002),Niqitaq Fisheries Ltd./Sivulliq,Canada,Newfoundland and Labrador,BAY ROBERTS,154 WATER ST.,A0G1G0,6002,,,,approved,true,documentation_verified,CFIA export list entry. Species/by-products not verified; add only with explicit evidence.,https://apps.inspection.canada.ca/webapps/FishList/,CFIA Fish and Seafood Establishments (Export List),regulator,2026-02-06
AGE LOBSTER INC. (CFIA Ref #1480126),AGE LOBSTER INC.,Canada,Nova Scotia,CLARK'S HARBOUR,1337 CENTREVILLE SOUTHSIDE ROAD,B0W1P0,1480126,,,,approved,true,documentation_verified,CFIA export list entry. Species/by-products not verified; add only with explicit evidence.,https://apps.inspection.canada.ca/webapps/FishList/,CFIA Fish and Seafood Establishments (Export List),regulator,2026-02-06
BIG LOBSTER SEAFOOD INCORPORATED (CFIA Ref #6028),BIG LOBSTER SEAFOOD INCORPORATED,Canada,New Brunswick,GRAND MANAN,9 CALVIN STREET,E5G1M5,6028,,,,approved,true,documentation_verified,CFIA export list entry. Species/by-products not verified; add only with explicit evidence.,https://apps.inspection.canada.ca/webapps/FishList/,CFIA Fish and Seafood Establishments (Export List),regulator,2026-02-06
C.R. LOBSTERS INC. (CFIA Ref #1500620),C.R. LOBSTERS INC.,Canada,New Brunswick,GRAND MANAN,259 INGALLS HEAD ROAD,E5G3G7,1500620,,,,approved,true,documentation_verified,CFIA export list entry. Species/by-products not verified; add only with explicit evidence.,https://apps.inspection.canada.ca/webapps/FishList/,CFIA Fish and Seafood Establishments (Export List),regulator,2026-02-06
GIDNEY FISHERIES LIMITED (CFIA Ref #6041),GIDNEY FISHERIES LIMITED,Canada,Nova Scotia,CENTREVILLE,136 DAKIN PARK ROAD,B0V1A0,6041,,,,approved,true,documentation_verified,CFIA export list entry. Species/by-products not verified; add only with explicit evidence.,https://apps.inspection.canada.ca/webapps/FishList/,CFIA Fish and Seafood Establishments (Export List),regulator,2026-02-06
MASA'S SALMON SMOKEHOUSE LTD. (CFIA Ref #0981),MASA'S SALMON SMOKEHOUSE LTD.,Canada,British Columbia,NORTH VANCOUVER,130 GARDEN AVENUE,V7P3H2,0981,,,,approved,true,documentation_verified,CFIA export list entry. Species/by-products not verified; add only with explicit evidence.,https://apps.inspection.canada.ca/webapps/FishList/,CFIA Fish and Seafood Establishments (Export List),regulator,2026-02-06
L. J. ROBICHEAU & SON FISHERIES LIMITED (CFIA Ref #3816),L. J. ROBICHEAU & SON FISHERIES LIMITED,Canada,Nova Scotia,DIGBY COUNTY,219 SHORE ROAD,B0V1C0,3816,,,,approved,true,documentation_verified,CFIA export list entry. Species/by-products not verified; add only with explicit evidence.,https://apps.inspection.canada.ca/webapps/FishList/,CFIA Fish and Seafood Establishments (Export List),regulator,2026-02-06
Fame Fisheries Limited/Newfoundland Victor (CFIA Ref #6034),Fame Fisheries Limited/Newfoundland Victor,Canada,Newfoundland and Labrador,BAY ROBERTS,154 WATER STREET,A0A1G0,6034,,,,approved,true,documentation_verified,CFIA export list entry. Species/by-products not verified; add only with explicit evidence.,https://apps.inspection.canada.ca/webapps/FishList/,CFIA Fish and Seafood Establishments (Export List),regulator,2026-02-06
OCEANRISE SEAFOOD SUPPLY LTD. (CFIA Ref #0953),OCEANRISE SEAFOOD SUPPLY LTD.,Canada,British Columbia,RICHMOND,#268 - 13986 CAMBIE ROAD,V6V2K3,0953,,,,approved,true,documentation_verified,CFIA export list entry. Species/by-products not verified; add only with explicit evidence.,https://apps.inspection.canada.ca/webapps/FishList/,CFIA Fish and Seafood Establishments (Export List),regulator,2026-02-06
BENTO INC. (CFIA Ref #1601),BENTO INC.,Canada,Manitoba,WINNIPEG,115 DE BAETS STREET,R2J3R9,1601,,,,approved,true,documentation_verified,CFIA export list entry. Species/by-products not verified; add only with explicit evidence.,https://apps.inspection.canada.ca/webapps/FishList/,CFIA Fish and Seafood Establishments (Export List),regulator,2026-02-06
CENTENNIAL FOODSERVICE PARTNERSHIP (CFIA Ref #1968),CENTENNIAL FOODSERVICE PARTNERSHIP,Canada,British Columbia,RICHMOND,#138 - 12759 VULCAN WAY,V6V3C8,1968,,,,approved,true,documentation_verified,CFIA export list entry. Species/by-products not verified; add only with explicit evidence.,https://apps.inspection.canada.ca/webapps/FishList/,CFIA Fish and Seafood Establishments (Export List),regulator,2026-02-06
A. J. Y. FISHERIES LIMITED (CFIA Ref #LL31001),A. J. Y. FISHERIES LIMITED,Canada,Nova Scotia,SHELBURNE,5597 SHORE ROAD,B0TW0,LL31001,,,,approved,true,documentation_verified,CFIA export list entry. Species/by-products not verified; add only with explicit evidence.,https://apps.inspection.canada.ca/webapps/FishList/,CFIA Fish and Seafood Establishments (Export List),regulator,2026-02-06
"CAPE BALD PACKERS, LIMITED (CFIA Ref #1428188)","CAPE BALD PACKERS, LIMITED",Canada,Nova Scotia,METEGHAN CENTRE,10 JOHN THIBODEAU ROAD,B0W2L0,1428188,,,,approved,true,documentation_verified,CFIA export list entry. Species/by-products not verified; add only with explicit evidence.,https://apps.inspection.canada.ca/webapps/FishList/,CFIA Fish and Seafood Establishments (Export List),regulator,2026-02-06
D Way Shokken Enterprises Inc (CFIA Ref #0929),D Way Shokken Enterprises Inc,Canada,British Columbia,VANCOUVER,2130 - 12811 ROWAN PLACE,V6V2S6,0929,,,,approved,true,documentation_verified,CFIA export list entry. Species/by-products not verified; add only with explicit evidence.,https://apps.inspection.canada.ca/webapps/FishList/,CFIA Fish and Seafood Establishments (Export List),regulator,2026-02-06
"OCEAN CHOICE INTERNATIONAL L.P. "" OCEAN BREAKER"" (CFIA Ref #0118)","OCEAN CHOICE INTERNATIONAL L.P. "" OCEAN BREAKER""",Canada,Newfoundland and Labrador,HARBOUR GRACE,119 WATER STREET,A0A2M0,0118,,,,approved,true,documentation_verified,CFIA export list entry. Species/by-products not verified; add only with explicit evidence.,https://apps.inspection.canada.ca/webapps/FishList/,CFIA Fish and Seafood Establishments (Export List),regulator,2026-02-06
"CAPE BALD PACKERS, LIMITED (CFIA Ref #1428190)","CAPE BALD PACKERS, LIMITED",Canada,Nova Scotia,METEGHAN CENTRE,9089 HIGHWAY 1,B0W2L0,1428190,,,,approved,true,documentation_verified,CFIA export list entry. Species/by-products not verified; add only with explicit evidence.,https://apps.inspection.canada.ca/webapps/FishList/,CFIA Fish and Seafood Establishments (Export List),regulator,2026-02-06
LOBSTER HUB INC. (CFIA Ref #1427118),LOBSTER HUB INC.,Canada,Nova Scotia,METEGHAN CENTRE,45 JOHN THIBODEAU ROAD,B0W2K0,1427118,,,,approved,true,documentation_verified,CFIA export list entry. Species/by-products not verified; add only with explicit evidence.,https://apps.inspection.canada.ca/webapps/FishList/,CFIA Fish and Seafood Establishments (Export List),regulator,2026-02-06
HERMITAGE PROCESSING INC. (CFIA Ref #0180),HERMITAGE PROCESSING INC.,Canada,Newfoundland and Labrador,HERMITAGE,1-3 PLANT ROAD,A0H1S0,0180,,,,approved,true,documentation_verified,CFIA export list entry. Species/by-products not verified; add only with explicit evidence.,https://apps.inspection.canada.ca/webapps/FishList/,CFIA Fish and Seafood Establishments (Export List),regulator,2026-02-06
LES PECHERIES NORREF QUEBEC INC (CFIA Ref #5012),LES PECHERIES NORREF QUEBEC INC,Canada,Quebec,MONTRÉAL,4900 RUE MOLSON,H1T3J8,5012,,,,approved,true,documentation_verified,CFIA export list entry. Species/by-products not verified; add only with explicit evidence.,https://apps.inspection.canada.ca/webapps/FishList/,CFIA Fish and Seafood Establishments (Export List),regulator,2026-02-06
DUSO'S ENTERPRISES LTD. (CFIA Ref #1942),DUSO'S ENTERPRISES LTD.,Canada,British Columbia,PORT COQUITLAM,#200 - 1625 KEBET WAY,V3C5W9,1942,,,,approved,true,documentation_verified,CFIA export list entry. Species/by-products not verified; add only with explicit evidence.,https://apps.inspection.canada.ca/webapps/FishList/,CFIA Fish and Seafood Establishments (Export List),regulator,2026-02-06
PRISTINE BAY PREMIUM OYSTERS (CFIA Ref #3622),PRISTINE BAY PREMIUM OYSTERS,Canada,Nova Scotia,MCLELLAN BROOK,32 MACKENZIE ROAD,B2H5C7,3622,,,,approved,true,documentation_verified,CFIA export list entry. Species/by-products not verified; add only with explicit evidence.,https://apps.inspection.canada.ca/webapps/FishList/,CFIA Fish and Seafood Establishments (Export List),regulator,2026-02-06
2403362 ONTARIO INC. (CFIA Ref #0678),2403362 ONTARIO INC.,Canada,Ontario,MISSISSAUGA,"2359 ROYAL WINDSOR DRIVE, UNIT 9",L5J4S9,0678,,,,approved,true,documentation_verified,CFIA export list entry. Species/by-products not verified; add only with explicit evidence.,https://apps.inspection.canada.ca/webapps/FishList/,CFIA Fish and Seafood Establishments (Export List),regulator,2026-02-06
SAWMILL BAY SHELLFISH COMPANY LTD. (CFIA Ref #1954),SAWMILL BAY SHELLFISH COMPANY LTD.,Canada,British Columbia,HERIOT BAY,BOX 233,V0P1H0,1954,,,,approved,true,documentation_verified,CFIA export list entry. Species/by-products not verified; add only with explicit evidence.,https://apps.inspection.canada.ca/webapps/FishList/,CFIA Fish and Seafood Establishments (Export List),regulator,2026-02-06
BAFFIN BAY SEAFOOD (CANADA) INC. (CFIA Ref #6003),BAFFIN BAY SEAFOOD (CANADA) INC.,Canada,British Columbia,DELTA,"400, 500 & 600 - 787 CLIVEDEN PLACE",V3M6C7,6003,,,,approved,true,documentation_verified,CFIA export list entry. Species/by-products not verified; add only with explicit evidence.,https://apps.inspection.canada.ca/webapps/FishList/,CFIA Fish and Seafood Establishments (Export List),regulator,2026-02-06
HODDER'S SHELLFISH INC. (CFIA Ref #6008),HODDER'S SHELLFISH INC.,Canada,Newfoundland and Labrador,STONEVILLE,233 MAIN ST,A0G4C0,6008,,,,approved,true,documentation_verified,CFIA export list entry. Species/by-products not verified; add only with explicit evidence.,https://apps.inspection.canada.ca/webapps/FishList/,CFIA Fish and Seafood Establishments (Export List),regulator,2026-02-06
BILL & STANLEY OYSTER COMPANY LTD. (CFIA Ref #6024),BILL & STANLEY OYSTER COMPANY LTD.,Canada,Nova Scotia,Whitehead,31 DEMING POINT ROAD,B0H1T0,6024,,,,approved,true,documentation_verified,CFIA export list entry. Species/by-products not verified; add only with explicit evidence.,https://apps.inspection.canada.ca/webapps/FishList/,CFIA Fish and Seafood Establishments (Export List),regulator,2026-02-06
LES FUMOIRS SMOKE CHEFS INC. (CFIA Ref #6050),LES FUMOIRS SMOKE CHEFS INC.,Canada,Quebec,BOIS-DES-FILION,"816-818, BOUL. INDUSTRIEL",J6Z0A3,6050,,,,approved,true,documentation_verified,CFIA export list entry. Species/by-products not verified; add only with explicit evidence.,https://apps.inspection.canada.ca/webapps/FishList/,CFIA Fish and Seafood Establishments (Export List),regulator,2026-02-06
L.J. ROBICHEAU & SON FISHERIES LIMITED (CFIA Ref #6061),L.J. ROBICHEAU & SON FISHERIES LIMITED,Canada,Nova Scotia,MIDDLETON,14 FREEMAN ST,B0S1P0,6061,,,,approved,true,documentation_verified,CFIA export list entry. Species/by-products not verified; add only with explicit evidence.,https://apps.inspection.canada.ca/webapps/FishList/,CFIA Fish and Seafood Establishments (Export List),regulator,2026-02-06
SARDO FOODS (CFIA Ref #6060),SARDO FOODS,Canada,Ontario,BOLTON,99 PILLSWORTH RD,L7E4E4,6060,,,,approved,true,documentation_verified,CFIA export list entry. Species/by-products not verified; add only with explicit evidence.,https://apps.inspection.canada.ca/webapps/FishList/,CFIA Fish and Seafood Establishments (Export List),regulator,2026-02-06
GREAT LITTLE HARBOUR SEAFOOD LTD. (CFIA Ref #6067),GREAT LITTLE HARBOUR SEAFOOD LTD.,Canada,New Brunswick,BOUCTOUCHE,1101 ROUTE 475,E4S4P3,6067,,,,approved,true,documentation_verified,CFIA export list entry. Species/by-products not verified; add only with explicit evidence.,https://apps.inspection.canada.ca/webapps/FishList/,CFIA Fish and Seafood Establishments (Export List),regulator,2026-02-06
CAPTAIN LITTLE SEAFOOD LTD. (CFIA Ref #6058),CAPTAIN LITTLE SEAFOOD LTD.,Canada,Nova Scotia,QUEENS,MODULE 2 - COMP 9,B0T1T0,6058,,,,approved,true,documentation_verified,CFIA export list entry. Species/by-products not verified; add only with explicit evidence.,https://apps.inspection.canada.ca/webapps/FishList/,CFIA Fish and Seafood Establishments (Export List),regulator,2026-02-06
ENTREPOT FROID XTREME COLD STORAGE LTD. (CFIA Ref #1457357),ENTREPOT FROID XTREME COLD STORAGE LTD.,Canada,New Brunswick,DIEPPE,999 AVIATION AVENUE,E1A9S5,1457357,,,,approved,true,documentation_verified,CFIA export list entry. Species/by-products not verified; add only with explicit evidence.,https://apps.inspection.canada.ca/webapps/FishList/,CFIA Fish and Seafood Establishments (Export List),regulator,2026-02-06
LOGAN'S LEGACY FISHERIES LIMITED (CFIA Ref #1532652),LOGAN'S LEGACY FISHERIES LIMITED,Canada,Nova Scotia,PORT LATOUR,3243 PORT LATOUR ROAD,-,1532652,,,,approved,true,documentation_verified,CFIA export list entry. Species/by-products not verified; add only with explicit evidence.,https://apps.inspection.canada.ca/webapps/FishList/,CFIA Fish and Seafood Establishments (Export List),regulator,2026-02-06
FLORENTINA FOODS LTD. (CFIA Ref #6063),FLORENTINA FOODS LTD.,Canada,Ontario,NORTH YORK,760 SUPERTEST ROAD,M3J2M5,6063,,,,approved,true,documentation_verified,CFIA export list entry. Species/by-products not verified; add only with explicit evidence.,https://apps.inspection.canada.ca/webapps/FishList/,CFIA Fish and Seafood Establishments (Export List),regulator,2026-02-06
3231974 NOVA SCOTIA LIMITED - DO Lobster 1319 (CFIA Ref #1534767),3231974 NOVA SCOTIA LIMITED - DO Lobster 1319,Canada,Nova Scotia,EASTERN PASSAGE,1321 Main Road,B3G1M4,1534767,,,,approved,true,documentation_verified,CFIA export list entry. Species/by-products not verified; add only with explicit evidence.,https://apps.inspection.canada.ca/webapps/FishList/,CFIA Fish and Seafood Establishments (Export List),regulator,2026-02-06
C.B. ISLAND FISHERIES LTD. (CFIA Ref #0936),C.B. ISLAND FISHERIES LTD.,Canada,British Columbia,NORTH VANCOUVER,205 DONAGHY AVENUE,V7P2L6,0936,,,,approved,true,documentation_verified,CFIA export list entry. Species/by-products not verified; add only with explicit evidence.,https://apps.inspection.canada.ca/webapps/FishList/,CFIA Fish and Seafood Establishments (Export List),regulator,2026-02-06
1594052 ONTARIO INC. / TAYLOR FISH COMPANY (CFIA Ref #1893),1594052 ONTARIO INC. / TAYLOR FISH COMPANY,Canada,Ontario,WHEATLEY,419 ERIE STREET SOUTH,N0P2P0,1893,,,,approved,true,documentation_verified,CFIA export list entry. Species/by-products not verified; add only with explicit evidence.,https://apps.inspection.canada.ca/webapps/FishList/,CFIA Fish and Seafood Establishments (Export List),regulator,2026-02-06
LES PÉCHERIES GASPÉSIENNES INC. (CFIA Ref #0544),LES PÉCHERIES GASPÉSIENNES INC.,Canada,Quebec,GASPÉ,"5, RUE DE LA VICTORIA",G4X5G3,0544,,,,approved,true,documentation_verified,CFIA export list entry. Species/by-products not verified; add only with explicit evidence.,https://apps.inspection.canada.ca/webapps/FishList/,CFIA Fish and Seafood Establishments (Export List),regulator,2026-02-06
BIORIGINAL FOOD & SCIENCE CORP. (CFIA Ref #1745),BIORIGINAL FOOD & SCIENCE CORP.,Canada,Saskatchewan,SASKATOON,102 MELVILLE STREET,S7J0R1,1745,,,,approved,true,documentation_verified,CFIA export list entry. Species/by-products not verified; add only with explicit evidence.,https://apps.inspection.canada.ca/webapps/FishList/,CFIA Fish and Seafood Establishments (Export List),regulator,2026-02-06
LES PRODUCTEURS DE HOMARDS DE GRANDE-RIVIÉRE1998 (CFIA Ref #5730),LES PRODUCTEURS DE HOMARDS DE GRANDE-RIVIÉRE1998,Canada,Quebec,SHIGAWAKE,"13, ROUTE 132",G0C3E0,5730,,,,approved,true,documentation_verified,CFIA export list entry. Species/by-products not verified; add only with explicit evidence.,https://apps.inspection.canada.ca/webapps/FishList/,CFIA Fish and Seafood Establishments (Export List),regulator,2026-02-06
SOUTH SHORE LOBSTER (1992) LIMITED (CFIA Ref #LL32134),SOUTH SHORE LOBSTER (1992) LIMITED,Canada,Nova Scotia,CLAM POINT,52 CRIPPLE CREEK ROAD,B0W1N0,LL32134,,,,approved,true,documentation_verified,CFIA export list entry. Species/by-products not verified; add only with explicit evidence.,https://apps.inspection.canada.ca/webapps/FishList/,CFIA Fish and Seafood Establishments (Export List),regulator,2026-02-06
HOI-BO FISHERIES INC. (CFIA Ref #1978),HOI-BO FISHERIES INC.,Canada,British Columbia,RICHMOND,3106 - 12811 ROWAN PLACE,V6V2S6,1978,,,,approved,true,documentation_verified,CFIA export list entry. Species/by-products not verified; add only with explicit evidence.,https://apps.inspection.canada.ca/webapps/FishList/,CFIA Fish and Seafood Establishments (Export List),regulator,2026-02-06
ANNAND CLAMS INC. (CFIA Ref #4241),ANNAND CLAMS INC.,Canada,Prince Edward Island,ELLERSLIE,775 CONWAY RD,COB1J0,4241,,,,approved,true,documentation_verified,CFIA export list entry. Species/by-products not verified; add only with explicit evidence.,https://apps.inspection.canada.ca/webapps/FishList/,CFIA Fish and Seafood Establishments (Export List),regulator,2026-02-06
FRUITS DE MER LAGOON INC (CFIA Ref #5023),FRUITS DE MER LAGOON INC,Canada,Quebec,LACHINE,"1301, 32ÉME AVENUE",H8T3H2,5023,,,,approved,true,documentation_verified,CFIA export list entry. Species/by-products not verified; add only with explicit evidence.,https://apps.inspection.canada.ca/webapps/FishList/,CFIA Fish and Seafood Establishments (Export List),regulator,2026-02-06
"CAPE BALD PACKERS, LIMITED (CFIA Ref #3838)","CAPE BALD PACKERS, LIMITED",Canada,Nova Scotia,METEGHAN,11 JOHN THIBODEAU ROAD,B0W2K0,3838,,,,approved,true,documentation_verified,CFIA export list entry. Species/by-products not verified; add only with explicit evidence.,https://apps.inspection.canada.ca/webapps/FishList/,CFIA Fish and Seafood Establishments (Export List),regulator,2026-02-06
CRAIGS LOBSTER LIMITED (CFIA Ref #3853),CRAIGS LOBSTER LIMITED,Canada,Nova Scotia,BEAR POINT,55 HARBOUR ROAD,B0W3B0,3853,,,,approved,true,documentation_verified,CFIA export list entry. Species/by-products not verified; add only with explicit evidence.,https://apps.inspection.canada.ca/webapps/FishList/,CFIA Fish and Seafood Establishments (Export List),regulator,2026-02-06
PECHERIES DE L'ESTUAIRE INC. (CFIA Ref #6012),PECHERIES DE L'ESTUAIRE INC.,Canada,Quebec,RIMOUSKI,201 RUE DES FABRICANTS,G5M0M7,6012,,,,approved,true,documentation_verified,CFIA export list entry. Species/by-products not verified; add only with explicit evidence.,https://apps.inspection.canada.ca/webapps/FishList/,CFIA Fish and Seafood Establishments (Export List),regulator,2026-02-06
Niqitaq Fisheries Ltd./INUKSUK I (CFIA Ref #0049),Niqitaq Fisheries Ltd./INUKSUK I,Canada,Newfoundland and Labrador,BAY ROBERTS,154 WATER ST.,A0G1G0,0049,,,,approved,true,documentation_verified,CFIA export list entry. Species/by-products not verified; add only with explicit evidence.,https://apps.inspection.canada.ca/webapps/FishList/,CFIA Fish and Seafood Establishments (Export List),regulator,2026-02-06
710769 ALBERTA LTD. (CFIA Ref #6020),710769 ALBERTA LTD.,Canada,Alberta,EDMONTON,12525-89 STREET NW,T5B3X2,6020,,,,approved,true,documentation_verified,CFIA export list entry. Species/by-products not verified; add only with explicit evidence.,https://apps.inspection.canada.ca/webapps/FishList/,CFIA Fish and Seafood Establishments (Export List),regulator,2026-02-06
ATLANTIC SEA CUCUMBER LTD. (CFIA Ref #6033),ATLANTIC SEA CUCUMBER LTD.,Canada,Nova Scotia,HACKETTS COVE,212 PAUL'S POINT ROAD,B3Z3K7,6033,,,,approved,true,documentation_verified,CFIA export list entry. Species/by-products not verified; add only with explicit evidence.,https://apps.inspection.canada.ca/webapps/FishList/,CFIA Fish and Seafood Establishments (Export List),regulator,2026-02-06
ALBION FARMS & FISHERIES LTD. (CFIA Ref #6037),ALBION FARMS & FISHERIES LTD.,Canada,Alberta,EDMONTON,13506 - 159 STREET,T5V0B6,6037,,,,approved,true,documentation_verified,CFIA export list entry. Species/by-products not verified; add only with explicit evidence.,https://apps.inspection.canada.ca/webapps/FishList/,CFIA Fish and Seafood Establishments (Export List),regulator,2026-02-06
WOLLASTON LAKE FISHERY (CFIA Ref #6073),WOLLASTON LAKE FISHERY,Canada,Saskatchewan,WOLLASTON LAKE,PARCEL F MUNICIPAL RESERVE R1 PLAN 60-TAP-08245,S0J3C0,6073,,,,approved,true,documentation_verified,CFIA export list entry. Species/by-products not verified; add only with explicit evidence.,https://apps.inspection.canada.ca/webapps/FishList/,CFIA Fish and Seafood Establishments (Export List),regulator,2026-02-06
BAKERS POINT FISHERIES LIMITED (CFIA Ref #1534077),BAKERS POINT FISHERIES LIMITED,Canada,Nova Scotia,JEDDORE OYSTER PONDS,75 BAKERS POINT ROAD,B0J1W0,1534077,,,,approved,true,documentation_verified,CFIA export list entry. Species/by-products not verified; add only with explicit evidence.,https://apps.inspection.canada.ca/webapps/FishList/,CFIA Fish and Seafood Establishments (Export List),regulator,2026-02-06
LOBSTER HUB INC. (CFIA Ref #6095),LOBSTER HUB INC.,Canada,Nova Scotia,METEGHAN CENTRE,45 JOHN THIBODEAU RD.,B0W2K0,6095,,,,approved,true,documentation_verified,CFIA export list entry. Species/by-products not verified; add only with explicit evidence.,https://apps.inspection.canada.ca/webapps/FishList/,CFIA Fish and Seafood Establishments (Export List),regulator,2026-02-06
AC LIVE LOBSTER INC. (CFIA Ref #1536968),AC LIVE LOBSTER INC.,Canada,Nova Scotia,NORTH EAST POINT,PO BOX 775,B0W2P0,1536968,,,,approved,true,documentation_verified,CFIA export list entry. Species/by-products not verified; add only with explicit evidence.,https://apps.inspection.canada.ca/webapps/FishList/,CFIA Fish and Seafood Establishments (Export List),regulator,2026-02-06
INTERNATIONAL NUTRIENT TECHNOLOGIES LIMITED (CFIA Ref #0668),INTERNATIONAL NUTRIENT TECHNOLOGIES LIMITED,Canada,Ontario,WINDSOR,9475 TWIN OAKS DRIVE,N8N5B8,0668,,,,approved,true,documentation_verified,CFIA export list entry. Species/by-products not verified; add only with explicit evidence.,https://apps.inspection.canada.ca/webapps/FishList/,CFIA Fish and Seafood Establishments (Export List),regulator,2026-02-06
"NIQITAQ FISHERIES LTD. ""ARLUK II"" (CFIA Ref #0066)","NIQITAQ FISHERIES LTD. ""ARLUK II""",Canada,Newfoundland and Labrador,ST. JOHN'S,PIER 6,-,0066,,,,approved,true,documentation_verified,CFIA export list entry. Species/by-products not verified; add only with explicit evidence.,https://apps.inspection.canada.ca/webapps/FishList/,CFIA Fish and Seafood Establishments (Export List),regulator,2026-02-06
"CAPE BALD PACKERS, LIMITED (CFIA Ref #3610)","CAPE BALD PACKERS, LIMITED",Canada,Nova Scotia,CHETICAMP,15395 MAIN STREET,B0E1H0,3610,,,,approved,true,documentation_verified,CFIA export list entry. Species/by-products not verified; add only with explicit evidence.,https://apps.inspection.canada.ca/webapps/FishList/,CFIA Fish and Seafood Establishments (Export List),regulator,2026-02-06
PISCICULTURE ACADIENNE LTÉE/ACADIAN FISH FARM LTD. (CFIA Ref #4152),PISCICULTURE ACADIENNE LTÉE/ACADIAN FISH FARM LTD.,Canada,New Brunswick,BAS-CARAQUET,2295 RUE ACADIE,E1W5T9,4152,,,,approved,true,documentation_verified,CFIA export list entry. Species/by-products not verified; add only with explicit evidence.,https://apps.inspection.canada.ca/webapps/FishList/,CFIA Fish and Seafood Establishments (Export List),regulator,2026-02-06
INDEPENDENT FISHERIES LIMITED (CFIA Ref #LL32137),INDEPENDENT FISHERIES LIMITED,Canada,Nova Scotia,SABLE RIVER,1271 LITTLE HARBOUR ROAD,B0T1V0,LL32137,,,,approved,true,documentation_verified,CFIA export list entry. Species/by-products not verified; add only with explicit evidence.,https://apps.inspection.canada.ca/webapps/FishList/,CFIA Fish and Seafood Establishments (Export List),regulator,2026-02-06
SWIMM'S LOBSTER INN LIMITED (CFIA Ref #LL32133),SWIMM'S LOBSTER INN LIMITED,Canada,Nova Scotia,CLARK'S HARBOUR,73 SOUTH STREET,B0W1P0,LL32133,,,,approved,true,documentation_verified,CFIA export list entry. Species/by-products not verified; add only with explicit evidence.,https://apps.inspection.canada.ca/webapps/FishList/,CFIA Fish and Seafood Establishments (Export List),regulator,2026-02-06
DOUCET FISHERIES LIMITED (CFIA Ref #LL16004),DOUCET FISHERIES LIMITED,Canada,Nova Scotia,WEYMOUTH,P.O. BOX 46,B0W3T0,LL16004,,,,approved,true,documentation_verified,CFIA export list entry. Species/by-products not verified; add only with explicit evidence.,https://apps.inspection.canada.ca/webapps/FishList/,CFIA Fish and Seafood Establishments (Export List),regulator,2026-02-06
GIDNEY FISHERIES LIMITED (CFIA Ref #LL16009),GIDNEY FISHERIES LIMITED,Canada,Nova Scotia,METEGHAN,8145 HIGHWAY #1,B0W2J0,LL16009,,,,approved,true,documentation_verified,CFIA export list entry. Species/by-products not verified; add only with explicit evidence.,https://apps.inspection.canada.ca/webapps/FishList/,CFIA Fish and Seafood Establishments (Export List),regulator,2026-02-06
DO LOBSTER (CFIA Ref #LL04011),DO LOBSTER,Canada,Nova Scotia,EASTERN PASSAGE,1323 MAIN ROAD,B3G1M4,LL04011,,,,approved,true,documentation_verified,CFIA export list entry. Species/by-products not verified; add only with explicit evidence.,https://apps.inspection.canada.ca/webapps/FishList/,CFIA Fish and Seafood Establishments (Export List),regulator,2026-02-06
TANGIER LOBSTER COMPANY LIMITED (CFIA Ref #LL04009),TANGIER LOBSTER COMPANY LIMITED,Canada,Nova Scotia,PLEASANT HARBOUR,172 LAWLOR'S POINT ROAD,B0J3H0,LL04009,,,,approved,true,documentation_verified,CFIA export list entry. Species/by-products not verified; add only with explicit evidence.,https://apps.inspection.canada.ca/webapps/FishList/,CFIA Fish and Seafood Establishments (Export List),regulator,2026-02-06
CHASE'S SHELLFISH LIMITED (CFIA Ref #LL32005),CHASE'S SHELLFISH LIMITED,Canada,Nova Scotia,PUGWASH,50 BRICKYARD ROAD,BOK1L0,LL32005,,,,approved,true,documentation_verified,CFIA export list entry. Species/by-products not verified; add only with explicit evidence.,https://apps.inspection.canada.ca/webapps/FishList/,CFIA Fish and Seafood Establishments (Export List),regulator,2026-02-06
LOVE ME FISH & LOBSTER INCORPORATED (CFIA Ref #LL27103),LOVE ME FISH & LOBSTER INCORPORATED,Canada,Nova Scotia,AFTON STATION,311 BAYFIELD BEACH ROAD,B0H1A0,LL27103,,,,approved,true,documentation_verified,CFIA export list entry. Species/by-products not verified; add only with explicit evidence.,https://apps.inspection.canada.ca/webapps/FishList/,CFIA Fish and Seafood Establishments (Export List),regulator,2026-02-06
CANESP GLOBAL DISTRIBUTIONS S.L. INC. (CFIA Ref #3618),CANESP GLOBAL DISTRIBUTIONS S.L. INC.,Canada,Nova Scotia,ENFIELD,209 AEROTECH DRIVE,B2T1K3,3618,,,,approved,true,documentation_verified,CFIA export list entry. Species/by-products not verified; add only with explicit evidence.,https://apps.inspection.canada.ca/webapps/FishList/,CFIA Fish and Seafood Establishments (Export List),regulator,2026-02-06
COLLINS LOBSTER FISHERMAN'S MARKET LTD. (CFIA Ref #4130),COLLINS LOBSTER FISHERMAN'S MARKET LTD.,Canada,New Brunswick,ALMA,8607 MAIN STREET,E4H1N6,4130,,,,approved,true,documentation_verified,CFIA export list entry. Species/by-products not verified; add only with explicit evidence.,https://apps.inspection.canada.ca/webapps/FishList/,CFIA Fish and Seafood Establishments (Export List),regulator,2026-02-06
FISHERMEN'S PREMIUM ATLANTIC LOBSTER INC. (CFIA Ref #3846),FISHERMEN'S PREMIUM ATLANTIC LOBSTER INC.,Canada,Nova Scotia,NORTH EAST POINT,72 GOODWIN LANE,B0W2P0,3846,,,,approved,true,documentation_verified,CFIA export list entry. Species/by-products not verified; add only with explicit evidence.,https://apps.inspection.canada.ca/webapps/FishList/,CFIA Fish and Seafood Establishments (Export List),regulator,2026-02-06
D'ENTREMONT BROTHER'S BROKERAGE INC. (CFIA Ref #1447804),D'ENTREMONT BROTHER'S BROKERAGE INC.,Canada,Nova Scotia,LOWER WEST PUBNICO,101 DENNIS POINT ROAD,B0W2C0,1447804,,,,approved,true,documentation_verified,CFIA export list entry. Species/by-products not verified; add only with explicit evidence.,https://apps.inspection.canada.ca/webapps/FishList/,CFIA Fish and Seafood Establishments (Export List),regulator,2026-02-06
Alliance Seafood Incorporated (CFIA Ref #6081),Alliance Seafood Incorporated,Canada,New Brunswick,BOUCTOUCHE,11 INDUSTRIAL ST,E4S3H9,6081,,,,approved,true,documentation_verified,CFIA export list entry. Species/by-products not verified; add only with explicit evidence.,https://apps.inspection.canada.ca/webapps/FishList/,CFIA Fish and Seafood Establishments (Export List),regulator,2026-02-06
ILE-A-LA-CROSSE FISH COMPANY INC. (CFIA Ref #6065),ILE-A-LA-CROSSE FISH COMPANY INC.,Canada,Saskatchewan,ÎLE-À-LA-CROSSE,"BLOCK 19 LOTS 20, 21, 22 & 23",S0M1C0,6065,,,,approved,true,documentation_verified,CFIA export list entry. Species/by-products not verified; add only with explicit evidence.,https://apps.inspection.canada.ca/webapps/FishList/,CFIA Fish and Seafood Establishments (Export List),regulator,2026-02-06
PEERLESS FISH COMPANY LIMITED (CFIA Ref #6048),PEERLESS FISH COMPANY LIMITED,Canada,Newfoundland and Labrador,PETTY HARBOUR,69 SOUTHSIDE ROAD,A0A3H0,6048,,,,approved,true,documentation_verified,CFIA export list entry. Species/by-products not verified; add only with explicit evidence.,https://apps.inspection.canada.ca/webapps/FishList/,CFIA Fish and Seafood Establishments (Export List),regulator,2026-02-06
Champlain Seafood Cape Breton Inc. / Lobsters R Us Seafood (CFIA Ref #3603),Champlain Seafood Cape Breton Inc. / Lobsters R Us Seafood,Canada,Nova Scotia,Lower L'Ardoise,197 Little Harbour Road,B0E1W0,3603,,,,approved,true,documentation_verified,CFIA export list entry. Species/by-products not verified; add only with explicit evidence.,https://apps.inspection.canada.ca/webapps/FishList/,CFIA Fish and Seafood Establishments (Export List),regulator,2026-02-06
Arctic Fishery Alliance L.P.Kiviuq I (CFIA Ref #6018),Arctic Fishery Alliance L.P.Kiviuq I,Canada,Newfoundland and Labrador,ST. JOHN'S,ST. JOHN'S HARBOUR SOUTH SIDE,A1B3T1,6018,,,,approved,true,documentation_verified,CFIA export list entry. Species/by-products not verified; add only with explicit evidence.,https://apps.inspection.canada.ca/webapps/FishList/,CFIA Fish and Seafood Establishments (Export List),regulator,2026-02-06
PIER 99 PRODUCTS LTD. (CFIA Ref #LLNB014),PIER 99 PRODUCTS LTD.,Canada,New Brunswick,CAP-PELE,2529 CHEMIN ACADIE,E4N1B7,LLNB014,,,,approved,true,documentation_verified,CFIA export list entry. Species/by-products not verified; add only with explicit evidence.,https://apps.inspection.canada.ca/webapps/FishList/,CFIA Fish and Seafood Establishments (Export List),regulator,2026-02-06
GLOBAL GOURMET FOODS (2020) INC. (CFIA Ref #1986),GLOBAL GOURMET FOODS (2020) INC.,Canada,British Columbia,RICHMOND,"11611 BRIDGEPORT ROAD, BUILDING #2 AND #3",V6X1T5,1986,,,,approved,true,documentation_verified,CFIA export list entry. Species/by-products not verified; add only with explicit evidence.,https://apps.inspection.canada.ca/webapps/FishList/,CFIA Fish and Seafood Establishments (Export List),regulator,2026-02-06
GREAT LAKES FOOD COMPANY LTD. (CFIA Ref #0615),GREAT LAKES FOOD COMPANY LTD.,Canada,Ontario,CHATHAM,135 BOTHWELL STREET,N7M5K5,0615,,,,approved,true,documentation_verified,CFIA export list entry. Species/by-products not verified; add only with explicit evidence.,https://apps.inspection.canada.ca/webapps/FishList/,CFIA Fish and Seafood Establishments (Export List),regulator,2026-02-06
HAILMAR INVESTMENTS LIMITED (CFIA Ref #3849),HAILMAR INVESTMENTS LIMITED,Canada,Nova Scotia,OSBORNE HARBOUR,193 OSBORNE HARBOUR ROAD,B0T1L0,3849,,,,approved,true,documentation_verified,CFIA export list entry. Species/by-products not verified; add only with explicit evidence.,https://apps.inspection.canada.ca/webapps/FishList/,CFIA Fish and Seafood Establishments (Export List),regulator,2026-02-06
PARADISE OYSTERS (CFIA Ref #1930),PARADISE OYSTERS,Canada,British Columbia,COURTENAY,#15 - 2663 KILPATRICK AVENUE,V9N7C8,1930,,,,approved,true,documentation_verified,CFIA export list entry. Species/by-products not verified; add only with explicit evidence.,https://apps.inspection.canada.ca/webapps/FishList/,CFIA Fish and Seafood Establishments (Export List),regulator,2026-02-06
NEW GENERATION SEAFOOD LTD. (CFIA Ref #3851),NEW GENERATION SEAFOOD LTD.,Canada,Nova Scotia,TUSKET,8736 HIGHWAY 3,B0W2M0,3851,,,,approved,true,documentation_verified,CFIA export list entry. Species/by-products not verified; add only with explicit evidence.,https://apps.inspection.canada.ca/webapps/FishList/,CFIA Fish and Seafood Establishments (Export List),regulator,2026-02-06
D.B. KENNEY FISHERIES (2014) LIMITED (CFIA Ref #3850),D.B. KENNEY FISHERIES (2014) LIMITED,Canada,Nova Scotia,WESTPORT,300 WATER STREET,B0V1H0,3850,,,,approved,true,documentation_verified,CFIA export list entry. Species/by-products not verified; add only with explicit evidence.,https://apps.inspection.canada.ca/webapps/FishList/,CFIA Fish and Seafood Establishments (Export List),regulator,2026-02-06
BAY SHORE LOBSTER LTD. (CFIA Ref #1472346),BAY SHORE LOBSTER LTD.,Canada,New Brunswick,BACK BAY,99 BACK BAY LOOP,E5C2V4,1472346,,,,approved,true,documentation_verified,CFIA export list entry. Species/by-products not verified; add only with explicit evidence.,https://apps.inspection.canada.ca/webapps/FishList/,CFIA Fish and Seafood Establishments (Export List),regulator,2026-02-06
WORLD LINK FOOD DISTRIBUTORS INC. (CFIA Ref #1484972),WORLD LINK FOOD DISTRIBUTORS INC.,Canada,Nova Scotia,GOFFS,"10-12B, 209 AEROTECH DRIVE",B2T1K3,1484972,,,,approved,true,documentation_verified,CFIA export list entry. Species/by-products not verified; add only with explicit evidence.,https://apps.inspection.canada.ca/webapps/FishList/,CFIA Fish and Seafood Establishments (Export List),regulator,2026-02-06
PUBNICO BAY LOBSTER COMPANY (CFIA Ref #1486311),PUBNICO BAY LOBSTER COMPANY,Canada,Nova Scotia,LOWER EAST PUBNICO,575 HWY 3,B0W2A0,1486311,,,,approved,true,documentation_verified,CFIA export list entry. Species/by-products not verified; add only with explicit evidence.,https://apps.inspection.canada.ca/webapps/FishList/,CFIA Fish and Seafood Establishments (Export List),regulator,2026-02-06
BLUE ATLANTIC FISHERIES INC. (CFIA Ref #6027),BLUE ATLANTIC FISHERIES INC.,Canada,Prince Edward Island,CAPE WOLFE,106 WHARF ROAD,-,6027,,,,approved,true,documentation_verified,CFIA export list entry. Species/by-products not verified; add only with explicit evidence.,https://apps.inspection.canada.ca/webapps/FishList/,CFIA Fish and Seafood Establishments (Export List),regulator,2026-02-06
M.V. MAUDE ADAMS (CFIA Ref #6025),M.V. MAUDE ADAMS,Canada,Nova Scotia,LUNENBURG,170 MONTAGUE STREET,B0J2C0,6025,,,,approved,true,documentation_verified,CFIA export list entry. Species/by-products not verified; add only with explicit evidence.,https://apps.inspection.canada.ca/webapps/FishList/,CFIA Fish and Seafood Establishments (Export List),regulator,2026-02-06
3301861 NOVA SCOTIA LIMITED (CFIA Ref #6046),3301861 NOVA SCOTIA LIMITED,Canada,Nova Scotia,MILL BROOK,15 TOWER ROAD,B0L1G5,6046,,,,approved,true,documentation_verified,CFIA export list entry. Species/by-products not verified; add only with explicit evidence.,https://apps.inspection.canada.ca/webapps/FishList/,CFIA Fish and Seafood Establishments (Export List),regulator,2026-02-06
MAÎTRE SALADIER INC. (CFIA Ref #6086),MAÎTRE SALADIER INC.,Canada,Quebec,BOISBRIAND,1755 BOULEVARD LIONEL-BERTRAND,J7H1N8,6086,,,,approved,true,documentation_verified,CFIA export list entry. Species/by-products not verified; add only with explicit evidence.,https://apps.inspection.canada.ca/webapps/FishList/,CFIA Fish and Seafood Establishments (Export List),regulator,2026-02-06
NORTHERN OSPREY III (CFIA Ref #6053),NORTHERN OSPREY III,Canada,Nova Scotia,NORTH SYDNEY,385 PURVES ST.,B2A3M3,6053,,,,approved,true,documentation_verified,CFIA export list entry. Species/by-products not verified; add only with explicit evidence.,https://apps.inspection.canada.ca/webapps/FishList/,CFIA Fish and Seafood Establishments (Export List),regulator,2026-02-06
OCEAN NUTRASCIENCES INC. (CFIA Ref #5779),OCEAN NUTRASCIENCES INC.,Canada,Quebec,MATANE,"72, RUE DU PORT",G4W3M6,5779,,,,approved,true,documentation_verified,CFIA export list entry. Species/by-products not verified; add only with explicit evidence.,https://apps.inspection.canada.ca/webapps/FishList/,CFIA Fish and Seafood Establishments (Export List),regulator,2026-02-06
CLEAR OCEAN SEAFOOD LTD. (CFIA Ref #6019),CLEAR OCEAN SEAFOOD LTD.,Canada,British Columbia,RICHMOND,2145-21331 GORDON WAY,V6W1J9,6019,,,,approved,true,documentation_verified,CFIA export list entry. Species/by-products not verified; add only with explicit evidence.,https://apps.inspection.canada.ca/webapps/FishList/,CFIA Fish and Seafood Establishments (Export List),regulator,2026-02-06
NORTHERN DIVINE AQUAFARMS LTD. (CFIA Ref #1988),NORTHERN DIVINE AQUAFARMS LTD.,Canada,British Columbia,SECHELT,7333 SECHELT INLET ROAD,V0N3A4,1988,,,,approved,true,documentation_verified,CFIA export list entry. Species/by-products not verified; add only with explicit evidence.,https://apps.inspection.canada.ca/webapps/FishList/,CFIA Fish and Seafood Establishments (Export List),regulator,2026-02-06
SUMMER FRESH SALADS INCORPORATED (CFIA Ref #0673),SUMMER FRESH SALADS INCORPORATED,Canada,Ontario,WOODBRIDGE,181 SHARER ROAD,L4L8Z3,0673,,,,approved,true,documentation_verified,CFIA export list entry. Species/by-products not verified; add only with explicit evidence.,https://apps.inspection.canada.ca/webapps/FishList/,CFIA Fish and Seafood Establishments (Export List),regulator,2026-02-06
CAPTAIN'S CHOICE LOBSTER LIMITED (CFIA Ref #LL34021),CAPTAIN'S CHOICE LOBSTER LIMITED,Canada,Nova Scotia,LOWER WEST,"101 DENNIS POINT ROAD, PUBNICO",B0W2C0,LL34021,,,,approved,true,documentation_verified,CFIA export list entry. Species/by-products not verified; add only with explicit evidence.,https://apps.inspection.canada.ca/webapps/FishList/,CFIA Fish and Seafood Establishments (Export List),regulator,2026-02-06
SEAKIST LOBSTER LIMITED (CFIA Ref #LL34010),SEAKIST LOBSTER LIMITED,Canada,Nova Scotia,OVERTON,598 HIGHWAY 304,B5A5G6,LL34010,,,,approved,true,documentation_verified,CFIA export list entry. Species/by-products not verified; add only with explicit evidence.,https://apps.inspection.canada.ca/webapps/FishList/,CFIA Fish and Seafood Establishments (Export List),regulator,2026-02-06
STANLEY LOBSTER COMPANY LIMITED (CFIA Ref #LL34006),STANLEY LOBSTER COMPANY LIMITED,Canada,Nova Scotia,YARMOUTH BAR,1066 HIGHWAY 304,B5A5G7,LL34006,,,,approved,true,documentation_verified,CFIA export list entry. Species/by-products not verified; add only with explicit evidence.,https://apps.inspection.canada.ca/webapps/FishList/,CFIA Fish and Seafood Establishments (Export List),regulator,2026-02-06
WEDGEPORT LOBSTERS LIMITED (CFIA Ref #LL34020),WEDGEPORT LOBSTERS LIMITED,Canada,Nova Scotia,LOWER,"140 JACQUARD ROAD, WEDGEPORT",B0W2B0,LL34020,,,,approved,true,documentation_verified,CFIA export list entry. Species/by-products not verified; add only with explicit evidence.,https://apps.inspection.canada.ca/webapps/FishList/,CFIA Fish and Seafood Establishments (Export List),regulator,2026-02-06
COTTER'S OCEAN PRODUCTS INC. (CFIA Ref #LL30113),COTTER'S OCEAN PRODUCTS INC.,Canada,Nova Scotia,LOCKEPORT,91 SOUTH STREET,-,LL30113,,,,approved,true,documentation_verified,CFIA export list entry. Species/by-products not verified; add only with explicit evidence.,https://apps.inspection.canada.ca/webapps/FishList/,CFIA Fish and Seafood Establishments (Export List),regulator,2026-02-06
BEAR POINT LOBSTER COMPANY (CFIA Ref #LL32136),BEAR POINT LOBSTER COMPANY,Canada,Nova Scotia,BEAR POINT,693 BEAR POINT ROAD,B0W3B0,LL32136,,,,approved,true,documentation_verified,CFIA export list entry. Species/by-products not verified; add only with explicit evidence.,https://apps.inspection.canada.ca/webapps/FishList/,CFIA Fish and Seafood Establishments (Export List),regulator,2026-02-06
ARISAIG FISHERIES (2012) COMPANY (CFIA Ref #3616),ARISAIG FISHERIES (2012) COMPANY,Canada,Nova Scotia,ANTIGONISH COUNTY,133 ARISAIG POINT ROAD,B2G2L1,3616,,,,approved,true,documentation_verified,CFIA export list entry. Species/by-products not verified; add only with explicit evidence.,https://apps.inspection.canada.ca/webapps/FishList/,CFIA Fish and Seafood Establishments (Export List),regulator,2026-02-06
9132-1810 QUEBEC INC / RAYMER AQUACULTURE (CFIA Ref #5754),9132-1810 QUEBEC INC / RAYMER AQUACULTURE,Canada,Quebec,NEW RICHMOND,123 CHEMIN ST-EDGAR,G0C2B0,5754,,,,approved,true,documentation_verified,CFIA export list entry. Species/by-products not verified; add only with explicit evidence.,https://apps.inspection.canada.ca/webapps/FishList/,CFIA Fish and Seafood Establishments (Export List),regulator,2026-02-06
NORTH 49 HOLDINGS LTD. (CFIA Ref #LL16008),NORTH 49 HOLDINGS LTD.,Canada,Nova Scotia,METEGHAN,66 MAIN SHORE ROAD,B0W2J0,LL16008,,,,approved,true,documentation_verified,CFIA export list entry. Species/by-products not verified; add only with explicit evidence.,https://apps.inspection.canada.ca/webapps/FishList/,CFIA Fish and Seafood Establishments (Export List),regulator,2026-02-06
CONTE FOOD IMPORTERS LTD (CFIA Ref #1960),CONTE FOOD IMPORTERS LTD,Canada,British Columbia,BURNABY,#108 - 8289 NORTH FRASER WAY,V3N0B9,1960,,,,approved,true,documentation_verified,CFIA export list entry. Species/by-products not verified; add only with explicit evidence.,https://apps.inspection.canada.ca/webapps/FishList/,CFIA Fish and Seafood Establishments (Export List),regulator,2026-02-06
JAMIESON LABORATORIES LTD. (CFIA Ref #0616),JAMIESON LABORATORIES LTD.,Canada,Ontario,WINDSOR,4025 RHODES DRIVE,N8W5B5,0616,,,,approved,true,documentation_verified,CFIA export list entry. Species/by-products not verified; add only with explicit evidence.,https://apps.inspection.canada.ca/webapps/FishList/,CFIA Fish and Seafood Establishments (Export List),regulator,2026-02-06
OCEAN GATE FISHERY LTD. (CFIA Ref #1990),OCEAN GATE FISHERY LTD.,Canada,British Columbia,RICHMOND,120 - 12160 HORSESHOE WAY,V7A4V5,1990,,,,approved,true,documentation_verified,CFIA export list entry. Species/by-products not verified; add only with explicit evidence.,https://apps.inspection.canada.ca/webapps/FishList/,CFIA Fish and Seafood Establishments (Export List),regulator,2026-02-06
9902848 CANADA INC. (CFIA Ref #1502402),9902848 CANADA INC.,Canada,Nova Scotia,BELLIVEAU COVE,3275 HIGHWAY 1,B0W1J0,1502402,,,,approved,true,documentation_verified,CFIA export list entry. Species/by-products not verified; add only with explicit evidence.,https://apps.inspection.canada.ca/webapps/FishList/,CFIA Fish and Seafood Establishments (Export List),regulator,2026-02-06
SEA2SKY SEAFOOD LTD (CFIA Ref #6039),SEA2SKY SEAFOOD LTD,Canada,British Columbia,RICHMOND,2931 OLAFSEN AVE UNIT 104,V6X2R4,6039,,,,approved,true,documentation_verified,CFIA export list entry. Species/by-products not verified; add only with explicit evidence.,https://apps.inspection.canada.ca/webapps/FishList/,CFIA Fish and Seafood Establishments (Export List),regulator,2026-02-06
ANNE RISLEY (CFIA Ref #6069),ANNE RISLEY,Canada,Nova Scotia,MULGRAVE,428 MAIN STREET,B0E2G0,6069,,,,approved,true,documentation_verified,CFIA export list entry. Species/by-products not verified; add only with explicit evidence.,https://apps.inspection.canada.ca/webapps/FishList/,CFIA Fish and Seafood Establishments (Export List),regulator,2026-02-06
FRESHWATER CUISINE (CFIA Ref #6087),FRESHWATER CUISINE,Canada,Ontario,KENORA,18 SUNNYSIDE ROAD,P0X1C0,6087,,,,approved,true,documentation_verified,CFIA export list entry. Species/by-products not verified; add only with explicit evidence.,https://apps.inspection.canada.ca/webapps/FishList/,CFIA Fish and Seafood Establishments (Export List),regulator,2026-02-06
LES CRUSTACÉS DE GASPÉ LTÉE (CFIA Ref #5798),LES CRUSTACÉS DE GASPÉ LTÉE,Canada,Quebec,GRANDE-RIVIÉRE,29 RUE DU PARC,G0C1V0,5798,,,,approved,true,documentation_verified,CFIA export list entry. Species/by-products not verified; add only with explicit evidence.,https://apps.inspection.canada.ca/webapps/FishList/,CFIA Fish and Seafood Establishments (Export List),regulator,2026-02-06
OUT LANDISH SHELLFISH GUILD INC. (CFIA Ref #6101),OUT LANDISH SHELLFISH GUILD INC.,Canada,British Columbia,QUATHIASKI COVE,657 INDUSTRIAL WAY,V0P1N0,6101,,,,approved,true,documentation_verified,CFIA export list entry. Species/by-products not verified; add only with explicit evidence.,https://apps.inspection.canada.ca/webapps/FishList/,CFIA Fish and Seafood Establishments (Export List),regulator,2026-02-06
CHEDABUCTO SUSTAINABLE FISHERIES INC. (CFIA Ref #6074),CHEDABUCTO SUSTAINABLE FISHERIES INC.,Canada,Nova Scotia,-,"TICKLE ROAD, RR1 CANSO, GUYSBOROUGH COUNTY, N.S.",B0H1H0,6074,,,,approved,true,documentation_verified,CFIA export list entry. Species/by-products not verified; add only with explicit evidence.,https://apps.inspection.canada.ca/webapps/FishList/,CFIA Fish and Seafood Establishments (Export List),regulator,2026-02-06
FOOD PROCESSING DEVELOPMENT CENTRE (CFIA Ref #6116),FOOD PROCESSING DEVELOPMENT CENTRE,Canada,Alberta,LEDUC,6309 45 ST,T9E7C5,6116,,,,approved,true,documentation_verified,CFIA export list entry. Species/by-products not verified; add only with explicit evidence.,https://apps.inspection.canada.ca/webapps/FishList/,CFIA Fish and Seafood Establishments (Export List),regulator,2026-02-06
LIBERIO SEAFOOD INC. (CFIA Ref #6123),LIBERIO SEAFOOD INC.,Canada,Quebec,MONTRÉAL,7337 JEAN VALETS,H1E 3H,6123,,,,approved,true,documentation_verified,CFIA export list entry. Species/by-products not verified; add only with explicit evidence.,https://apps.inspection.canada.ca/webapps/FishList/,CFIA Fish and Seafood Establishments (Export List),regulator,2026-02-06
LONG POINT LOBSTER & SEAFOOD LIMITED (CFIA Ref #6125),LONG POINT LOBSTER & SEAFOOD LIMITED,Canada,Nova Scotia,SHELBURNE COUNTY,81 ORION WHARF ROAD NEWELLTON,B0W1P0,6125,,,,approved,true,documentation_verified,CFIA export list entry. Species/by-products not verified; add only with explicit evidence.,https://apps.inspection.canada.ca/webapps/FishList/,CFIA Fish and Seafood Establishments (Export List),regulator,2026-02-06
R & K MURPHY ENTERPRISES LIMITED (CFIA Ref #1422),R & K MURPHY ENTERPRISES LIMITED,Canada,Nova Scotia,PINKNEYS POINT,2882 MELBOURNE RD,B0W1B0,1422,,,,approved,true,documentation_verified,CFIA export list entry. Species/by-products not verified; add only with explicit evidence.,https://apps.inspection.canada.ca/webapps/FishList/,CFIA Fish and Seafood Establishments (Export List),regulator,2026-02-06
COASTAL SHELLFISH LIMITED PARTNERSHIP (CFIA Ref #6115),COASTAL SHELLFISH LIMITED PARTNERSHIP,Canada,British Columbia,PRINCE RUPERT,2319 SEAL COVE ROAD,V8J 2K8,6115,,,,approved,true,documentation_verified,CFIA export list entry. Species/by-products not verified; add only with explicit evidence.,https://apps.inspection.canada.ca/webapps/FishList/,CFIA Fish and Seafood Establishments (Export List),regulator,2026-02-06
C.B. ISLAND FISHERIES LTD. (CFIA Ref #0922),C.B. ISLAND FISHERIES LTD.,Canada,British Columbia,MASSET,1160 HIGHWAY 16,V0T 1M0,0922,,,,approved,true,documentation_verified,CFIA export list entry. Species/by-products not verified; add only with explicit evidence.,https://apps.inspection.canada.ca/webapps/FishList/,CFIA Fish and Seafood Establishments (Export List),regulator,2026-02-06
CHIN TAI GINSENG CO LTD (CFIA Ref #6140),CHIN TAI GINSENG CO LTD,Canada,Ontario,SCOTLAND,1904 WINDHAM RD. #3,N0E 1R0,6140,,,,approved,true,documentation_verified,CFIA export list entry. Species/by-products not verified; add only with explicit evidence.,https://apps.inspection.canada.ca/webapps/FishList/,CFIA Fish and Seafood Establishments (Export List),regulator,2026-02-06
MARCHÉ BLAIS INC (CFIA Ref #0536),MARCHÉ BLAIS INC,Canada,Quebec,PABOS,11 AVENUE DU PARC INDUSTRIEL CP 1007,G0C2H0,0536,,,,approved,true,documentation_verified,CFIA export list entry. Species/by-products not verified; add only with explicit evidence.,https://apps.inspection.canada.ca/webapps/FishList/,CFIA Fish and Seafood Establishments (Export List),regulator,2026-02-06
HIGH TIDE FISHERIES LTD. (CFIA Ref #6144),HIGH TIDE FISHERIES LTD.,Canada,Prince Edward Island,BLOOMFIELD,28 GRIFFIN DR,C0B1E0,6144,,,,approved,true,documentation_verified,CFIA export list entry. Species/by-products not verified; add only with explicit evidence.,https://apps.inspection.canada.ca/webapps/FishList/,CFIA Fish and Seafood Establishments (Export List),regulator,2026-02-06
10955159 CANADA LIMITED (CFIA Ref #6145),10955159 CANADA LIMITED,Canada,Quebec,SAINT-LAURENT,1221 MONTEE DE LIESSE,H4S1J7,6145,,,,approved,true,documentation_verified,CFIA export list entry. Species/by-products not verified; add only with explicit evidence.,https://apps.inspection.canada.ca/webapps/FishList/,CFIA Fish and Seafood Establishments (Export List),regulator,2026-02-06
1408406 B.C. LTD./ SMOKEMASTERS (CFIA Ref #6146),1408406 B.C. LTD./ SMOKEMASTERS,Canada,British Columbia,QUALICUM BEACH,3051 VAN HORNE RD,V9K1X2,6146,,,,approved,true,documentation_verified,CFIA export list entry. Species/by-products not verified; add only with explicit evidence.,https://apps.inspection.canada.ca/webapps/FishList/,CFIA Fish and Seafood Establishments (Export List),regulator,2026-02-06
CANLOB INTERNATIONAL CO. (CFIA Ref #6147),CANLOB INTERNATIONAL CO.,Canada,Ontario,RICHMOND HILL,6-120 WEST BEAVER CREEK ROAD,L4B1L2,6147,,,,approved,true,documentation_verified,CFIA export list entry. Species/by-products not verified; add only with explicit evidence.,https://apps.inspection.canada.ca/webapps/FishList/,CFIA Fish and Seafood Establishments (Export List),regulator,2026-02-06
CANADIAN SUSTAINABLE PRODUCTS LTD. (CFIA Ref #6089),CANADIAN SUSTAINABLE PRODUCTS LTD.,Canada,Manitoba,RICHMOND HILL,"SW7 22 1W, POPLARFIELD",R0C2N0,6089,,,,approved,true,documentation_verified,CFIA export list entry. Species/by-products not verified; add only with explicit evidence.,https://apps.inspection.canada.ca/webapps/FishList/,CFIA Fish and Seafood Establishments (Export List),regulator,2026-02-06
BSA WIBERG INC/BSA WIBERG INC.MONTRÉAL (CFIA Ref #6148),BSA WIBERG INC/BSA WIBERG INC.MONTRÉAL,Canada,Quebec,MONTRÉAL,6005 BOULEVARD COUTURE,H1P3E1,6148,,,,approved,true,documentation_verified,CFIA export list entry. Species/by-products not verified; add only with explicit evidence.,https://apps.inspection.canada.ca/webapps/FishList/,CFIA Fish and Seafood Establishments (Export List),regulator,2026-02-06
MISCOU FISH PRODUCTS INC. (CFIA Ref #4154),MISCOU FISH PRODUCTS INC.,Canada,NC,MISCOU,24 ALLÉE DU QUAI DE MISCOU,E8T2E9,4154,,,,approved,true,documentation_verified,CFIA export list entry. Species/by-products not verified; add only with explicit evidence.,https://apps.inspection.canada.ca/webapps/FishList/,CFIA Fish and Seafood Establishments (Export List),regulator,2026-02-06
R I SMITH COMPANY LIMITED (CFIA Ref #0372),R I SMITH COMPANY LIMITED,Canada,Nova Scotia,SHAG HARBOUR,5707 HIGHWAY 3,B0W3B0,0372,,,,approved,true,documentation_verified,CFIA export list entry. Species/by-products not verified; add only with explicit evidence.,https://apps.inspection.canada.ca/webapps/FishList/,CFIA Fish and Seafood Establishments (Export List),regulator,2026-02-06
QUODDY SAVOUR SEAFOOD LTD. (CFIA Ref #6055),QUODDY SAVOUR SEAFOOD LTD.,Canada,New Brunswick,PENNFIELD,162 MEALEY ROAD,E5H0B1,6055,,,,approved,true,documentation_verified,CFIA export list entry. Species/by-products not verified; add only with explicit evidence.,https://apps.inspection.canada.ca/webapps/FishList/,CFIA Fish and Seafood Establishments (Export List),regulator,2026-02-06
LOBLAWS INC. (CFIA Ref #6151),LOBLAWS INC.,Canada,Alberta,CALGARY,55 FREEPORT BLVD.,T3J4X9,6151,,,,approved,true,documentation_verified,CFIA export list entry. Species/by-products not verified; add only with explicit evidence.,https://apps.inspection.canada.ca/webapps/FishList/,CFIA Fish and Seafood Establishments (Export List),regulator,2026-02-06
AU P’TIT MARCHÉ TRAITEUR INC. (CFIA Ref #6154),AU P’TIT MARCHÉ TRAITEUR INC.,Canada,Quebec,BOUCHERVILLE,101 RUE DE LA BARRE,J4B2X6,6154,,,,approved,true,documentation_verified,CFIA export list entry. Species/by-products not verified; add only with explicit evidence.,https://apps.inspection.canada.ca/webapps/FishList/,CFIA Fish and Seafood Establishments (Export List),regulator,2026-02-06
TRUE NORTH SALMON LIMITED PARTNERSHIP (CFIA Ref #6155),TRUE NORTH SALMON LIMITED PARTNERSHIP,Canada,Nova Scotia,DARTMOUTH,390 HIGNEY AVENUE,B3B0L4,6155,,,,approved,true,documentation_verified,CFIA export list entry. Species/by-products not verified; add only with explicit evidence.,https://apps.inspection.canada.ca/webapps/FishList/,CFIA Fish and Seafood Establishments (Export List),regulator,2026-02-06
FIT FOODS LTD. (CFIA Ref #6156),FIT FOODS LTD.,Canada,British Columbia,PORT COQUITLAM,1589 KEBET WAY,V3C6L5,6156,,,,approved,true,documentation_verified,CFIA export list entry. Species/by-products not verified; add only with explicit evidence.,https://apps.inspection.canada.ca/webapps/FishList/,CFIA Fish and Seafood Establishments (Export List),regulator,2026-02-06
ONE TUNA INC. (CFIA Ref #6158),ONE TUNA INC.,Canada,PEI,NORTH LAKE,6295 NORTHSIDE RD,C0A1K0,6158,,,,approved,true,documentation_verified,CFIA export list entry. Species/by-products not verified; add only with explicit evidence.,https://apps.inspection.canada.ca/webapps/FishList/,CFIA Fish and Seafood Establishments (Export List),regulator,2026-02-06
ARCTICA FOOD GROUP CANADA INC. (CFIA Ref #6159),ARCTICA FOOD GROUP CANADA INC.,Canada,Quebec,BROSSARD,8888 BOUL. DU QUARTIER,J4Y3K6,6159,,,,approved,true,documentation_verified,CFIA export list entry. Species/by-products not verified; add only with explicit evidence.,https://apps.inspection.canada.ca/webapps/FishList/,CFIA Fish and Seafood Establishments (Export List),regulator,2026-02-06
EVENING COVE OYSTERS PROCESSING LTD. (CFIA Ref #6160),EVENING COVE OYSTERS PROCESSING LTD.,Canada,British Columbia,NANAIMO,1844 THATCHER ROAD,V9X1T3,6160,,,,approved,true,documentation_verified,CFIA export list entry. Species/by-products not verified; add only with explicit evidence.,https://apps.inspection.canada.ca/webapps/FishList/,CFIA Fish and Seafood Establishments (Export List),regulator,2026-02-06
PACIFIC LEGACY SEAFOOD INC. (PACIFIC LEGACY NO 1) (CFIA Ref #6161),PACIFIC LEGACY SEAFOOD INC. (PACIFIC LEGACY NO 1),Canada,British Columbia,NORTH VANCOUVER,12-200 ORWELL STREET,V7J2G1,6161,,,,approved,true,documentation_verified,CFIA export list entry. Species/by-products not verified; add only with explicit evidence.,https://apps.inspection.canada.ca/webapps/FishList/,CFIA Fish and Seafood Establishments (Export List),regulator,2026-02-06
BELLA BELLA NATURAL FOODS LTD (CFIA Ref #6163),BELLA BELLA NATURAL FOODS LTD,Canada,British Columbia,DELTA,563 EBURY PLACE,V3M6M8,6163,,,,approved,true,documentation_verified,CFIA export list entry. Species/by-products not verified; add only with explicit evidence.,https://apps.inspection.canada.ca/webapps/FishList/,CFIA Fish and Seafood Establishments (Export List),regulator,2026-02-06
CHASE'S SHELLFISH LIMITED (CFIA Ref #6165),CHASE'S SHELLFISH LIMITED,Canada,Nova Scotia,PUGWASH,50 BRICKYARD ROAD,BOK1L0,6165,,,,approved,true,documentation_verified,CFIA export list entry. Species/by-products not verified; add only with explicit evidence.,https://apps.inspection.canada.ca/webapps/FishList/,CFIA Fish and Seafood Establishments (Export List),regulator,2026-02-06
LEGAL BUSINESS NAME: HANG HING HERBAL MEDICINE LTD. (CFIA Ref #6166),LEGAL BUSINESS NAME: HANG HING HERBAL MEDICINE LTD.,Canada,British Columbia,VANCOUVER,238-242 EAST PENDER STREET,V6A1T7,6166,,,,approved,true,documentation_verified,CFIA export list entry. Species/by-products not verified; add only with explicit evidence.,https://apps.inspection.canada.ca/webapps/FishList/,CFIA Fish and Seafood Establishments (Export List),regulator,2026-02-06
QUIN-SEA FISHERIES LIMITED (CFIA Ref #6167),QUIN-SEA FISHERIES LIMITED,Canada,Newfoundland and Labrador,NEW HARBOUR,1 HIGDON’S FISH PLANT ROAD,A0B2P0,6167,,,,approved,true,documentation_verified,CFIA export list entry. Species/by-products not verified; add only with explicit evidence.,https://apps.inspection.canada.ca/webapps/FishList/,CFIA Fish and Seafood Establishments (Export List),regulator,2026-02-06
DORMAN ROBERTS LTD. (CFIA Ref #0050),DORMAN ROBERTS LTD.,Canada,Newfoundland and Labrador,TRITON,365 MAIN STREET,A0J1V0,0050,,,,approved,true,documentation_verified,CFIA export list entry. Species/by-products not verified; add only with explicit evidence.,https://apps.inspection.canada.ca/webapps/FishList/,CFIA Fish and Seafood Establishments (Export List),regulator,2026-02-06
BENTO INC. (CFIA Ref #6168),BENTO INC.,Canada,British Columbia,RICHMOND,4311 VIKING WAY,V6V2K9,6168,,,,approved,true,documentation_verified,CFIA export list entry. Species/by-products not verified; add only with explicit evidence.,https://apps.inspection.canada.ca/webapps/FishList/,CFIA Fish and Seafood Establishments (Export List),regulator,2026-02-06
ARCTIC STAR FOODS (CFIA Ref #6170),ARCTIC STAR FOODS,Canada,Quebec,LACHINE,"2388, 46ième AVENUE",H8T2P3,6170,,,,approved,true,documentation_verified,CFIA export list entry. Species/by-products not verified; add only with explicit evidence.,https://apps.inspection.canada.ca/webapps/FishList/,CFIA Fish and Seafood Establishments (Export List),regulator,2026-02-06
GULF SHRIMP LIMITED (CFIA Ref #1069),GULF SHRIMP LIMITED,Canada,Newfoundland and Labrador,BAIE VERTE,72 WATER STREET,A0K1B0,1069,,,,approved,true,documentation_verified,CFIA export list entry. Species/by-products not verified; add only with explicit evidence.,https://apps.inspection.canada.ca/webapps/FishList/,CFIA Fish and Seafood Establishments (Export List),regulator,2026-02-06
NU SEA PRODUCTS INC. - PDG (CFIA Ref #1123),NU SEA PRODUCTS INC. - PDG,Canada,Newfoundland and Labrador,PORT DE GRAVE,MAIN ROAD,A0A3J0,1123,,,,approved,true,documentation_verified,CFIA export list entry. Species/by-products not verified; add only with explicit evidence.,https://apps.inspection.canada.ca/webapps/FishList/,CFIA Fish and Seafood Establishments (Export List),regulator,2026-02-06
BARRY GROUP INC. (CFIA Ref #1070),BARRY GROUP INC.,Canada,Newfoundland and Labrador,COX’S COVE,23A MAIN STREET,A0L 1C0,1070,,,,approved,true,documentation_verified,CFIA export list entry. Species/by-products not verified; add only with explicit evidence.,https://apps.inspection.canada.ca/webapps/FishList/,CFIA Fish and Seafood Establishments (Export List),regulator,2026-02-06
BENSON LOBSTER CO LTD (CFIA Ref #6171),BENSON LOBSTER CO LTD,Canada,New Brunswick,GRAND MANAN,250 SHORE ROAD,E5G3E8,6171,,,,approved,true,documentation_verified,CFIA export list entry. Species/by-products not verified; add only with explicit evidence.,https://apps.inspection.canada.ca/webapps/FishList/,CFIA Fish and Seafood Establishments (Export List),regulator,2026-02-06
NORTH ATLANTIC AQUAPONICS LTD. BLACK DUCK SIDING (CFIA Ref #6175),NORTH ATLANTIC AQUAPONICS LTD. BLACK DUCK SIDING,Canada,Newfoundland and Labrador,BLACK DUCK SIDING,32 FARM RD,A0N2G0,6175,,,,approved,true,documentation_verified,CFIA export list entry. Species/by-products not verified; add only with explicit evidence.,https://apps.inspection.canada.ca/webapps/FishList/,CFIA Fish and Seafood Establishments (Export List),regulator,2026-02-06
LOBSTERBOYS SH LTD. (CFIA Ref #6177),LOBSTERBOYS SH LTD.,Canada,Nova Scotia,SHAG HARBOUR,5523-5525 HIGHWAY 3,B0W3B0,6177,,,,approved,true,documentation_verified,CFIA export list entry. Species/by-products not verified; add only with explicit evidence.,https://apps.inspection.canada.ca/webapps/FishList/,CFIA Fish and Seafood Establishments (Export List),regulator,2026-02-06
LOGAN'S LEGACY FISHERIES LIMITED (CFIA Ref #6178),LOGAN'S LEGACY FISHERIES LIMITED,Canada,Nova Scotia,PORT LA TOUR,47 COMMERCIAL STREET,B0W1C0,6178,,,,approved,true,documentation_verified,CFIA export list entry. Species/by-products not verified; add only with explicit evidence.,https://apps.inspection.canada.ca/webapps/FishList/,CFIA Fish and Seafood Establishments (Export List),regulator,2026-02-06
MARSAN FOODS ULC (CFIA Ref #6179),MARSAN FOODS ULC,Canada,Ontario,TORO,160 THERMOS ROAD,M1L4W2,6179,,,,approved,true,documentation_verified,CFIA export list entry. Species/by-products not verified; add only with explicit evidence.,https://apps.inspection.canada.ca/webapps/FishList/,CFIA Fish and Seafood Establishments (Export List),regulator,2026-02-06
#15 - WHISKEY POINT (CFIA Ref #6182),#15 - WHISKEY POINT,Canada,British Columbia,POWELL RIVER,7124 THUNDER BAY ST,V8A1E6,6182,,,,approved,true,documentation_verified,CFIA export list entry. Species/by-products not verified; add only with explicit evidence.,https://apps.inspection.canada.ca/webapps/FishList/,CFIA Fish and Seafood Establishments (Export List),regulator,2026-02-06
Lasqueti Steeler Fishing Co. Ltd. / Lasqueti Endeavor (CFIA Ref #6183),Lasqueti Steeler Fishing Co. Ltd. / Lasqueti Endeavor,Canada,British Columbia,Parksville,1055 Lee Road,V9P2E1,6183,,,,approved,true,documentation_verified,CFIA export list entry. Species/by-products not verified; add only with explicit evidence.,https://apps.inspection.canada.ca/webapps/FishList/,CFIA Fish and Seafood Establishments (Export List),regulator,2026-02-06
MISS TONI (CFIA Ref #6186),MISS TONI,Canada,British Columbia,PRINCE RUPERT,299 GEORGE HILLS WAY,V8J1XZ2,6186,,,,approved,true,documentation_verified,CFIA export list entry. Species/by-products not verified; add only with explicit evidence.,https://apps.inspection.canada.ca/webapps/FishList/,CFIA Fish and Seafood Establishments (Export List),regulator,2026-02-06
COLD FISH 23103 (CFIA Ref #6188),COLD FISH 23103,Canada,British Columbia,DELTA,7857 HUSTON RD,V4G0A5,6188,,,,approved,true,documentation_verified,CFIA export list entry. Species/by-products not verified; add only with explicit evidence.,https://apps.inspection.canada.ca/webapps/FishList/,CFIA Fish and Seafood Establishments (Export List),regulator,2026-02-06
TRIPLE M III (CFIA Ref #6189),TRIPLE M III,Canada,British Columbia,COURTENAY,3051 MAPLE GLEN DR,V9N9N9,6189,,,,approved,true,documentation_verified,CFIA export list entry. Species/by-products not verified; add only with explicit evidence.,https://apps.inspection.canada.ca/webapps/FishList/,CFIA Fish and Seafood Establishments (Export List),regulator,2026-02-06
CHOW DOWN SHRIMP INC./#11 - PE 229 (CFIA Ref #6191),CHOW DOWN SHRIMP INC./#11 - PE 229,Canada,British Columbia,RICHMOND,12740 TRITES ROAD,V7E3R8,6191,,,,approved,true,documentation_verified,CFIA export list entry. Species/by-products not verified; add only with explicit evidence.,https://apps.inspection.canada.ca/webapps/FishList/,CFIA Fish and Seafood Establishments (Export List),regulator,2026-02-06
LUC DO (CFIA Ref #6193),LUC DO,Canada,British Columbia,VANCOUVER,7216 ROSS ST,V5X4B6,6193,,,,approved,true,documentation_verified,CFIA export list entry. Species/by-products not verified; add only with explicit evidence.,https://apps.inspection.canada.ca/webapps/FishList/,CFIA Fish and Seafood Establishments (Export List),regulator,2026-02-06
SUN-RA LOGOS LTD./PACIFIC WILL (CFIA Ref #6194),SUN-RA LOGOS LTD./PACIFIC WILL,Canada,British Columbia,Richmond,12740 Trites Road,V7E3R8,6194,,,,approved,true,documentation_verified,CFIA export list entry. Species/by-products not verified; add only with explicit evidence.,https://apps.inspection.canada.ca/webapps/FishList/,CFIA Fish and Seafood Establishments (Export List),regulator,2026-02-06
PACIFIC AMBITION ENTERPRISES LTD. (CFIA Ref #6195),PACIFIC AMBITION ENTERPRISES LTD.,Canada,British Columbia,POWELL RIVER,3128A PADGETT RD.,V8A0S6,6195,,,,approved,true,documentation_verified,CFIA export list entry. Species/by-products not verified; add only with explicit evidence.,https://apps.inspection.canada.ca/webapps/FishList/,CFIA Fish and Seafood Establishments (Export List),regulator,2026-02-06
DAYTONA WON 30972 (CFIA Ref #6197),DAYTONA WON 30972,Canada,British Columbia,VICTORIA,303-1111 BLANSHARD ST,V8W2H7,6197,,,,approved,true,documentation_verified,CFIA export list entry. Species/by-products not verified; add only with explicit evidence.,https://apps.inspection.canada.ca/webapps/FishList/,CFIA Fish and Seafood Establishments (Export List),regulator,2026-02-06
HARVEST SEASON FISHING LTD./#21 - HARVEST SEASON (CFIA Ref #6199),HARVEST SEASON FISHING LTD./#21 - HARVEST SEASON,Canada,British Columbia,ST COMOX,121 PORT AUGUSTA,V9M3N8,6199,,,,approved,true,documentation_verified,CFIA export list entry. Species/by-products not verified; add only with explicit evidence.,https://apps.inspection.canada.ca/webapps/FishList/,CFIA Fish and Seafood Establishments (Export List),regulator,2026-02-06
LU LU KING 30341 (CFIA Ref #6201),LU LU KING 30341,Canada,British Columbia,COURTENAY,838 MONARCH DRIVE,V9N8R7,6201,,,,approved,true,documentation_verified,CFIA export list entry. Species/by-products not verified; add only with explicit evidence.,https://apps.inspection.canada.ca/webapps/FishList/,CFIA Fish and Seafood Establishments (Export List),regulator,2026-02-06
Kitasoo Band Store Ltd. (CFIA Ref #6202),Kitasoo Band Store Ltd.,Canada,British Columbia,KLEMTU,540 KITASOO ROAD,V0T1L0,6202,,,,approved,true,documentation_verified,CFIA export list entry. Species/by-products not verified; add only with explicit evidence.,https://apps.inspection.canada.ca/webapps/FishList/,CFIA Fish and Seafood Establishments (Export List),regulator,2026-02-06
DAMARIE 28748 (CFIA Ref #6203),DAMARIE 28748,Canada,British Columbia,POWELL RIVER,6717 KLAHANIE DR.,V8A0C2,6203,,,,approved,true,documentation_verified,CFIA export list entry. Species/by-products not verified; add only with explicit evidence.,https://apps.inspection.canada.ca/webapps/FishList/,CFIA Fish and Seafood Establishments (Export List),regulator,2026-02-06
Apple River Fishing Ltd./ Ocean Phoenix 22558 (CFIA Ref #6204),Apple River Fishing Ltd./ Ocean Phoenix 22558,Canada,British Columbia,Parksville,1055 Lee Road,V9P2E1,6204,,,,approved,true,documentation_verified,CFIA export list entry. Species/by-products not verified; add only with explicit evidence.,https://apps.inspection.canada.ca/webapps/FishList/,CFIA Fish and Seafood Establishments (Export List),regulator,2026-02-06
Apple River Fishing Ltd. / Lasqueti Wrangler 30868 (CFIA Ref #6205),Apple River Fishing Ltd. / Lasqueti Wrangler 30868,Canada,British Columbia,Parksville,1055 Lee Road,V9P2E1,6205,,,,approved,true,documentation_verified,CFIA export list entry. Species/by-products not verified; add only with explicit evidence.,https://apps.inspection.canada.ca/webapps/FishList/,CFIA Fish and Seafood Establishments (Export List),regulator,2026-02-06
NASPARATI (CFIA Ref #6206),NASPARATI,Canada,British Columbia,NANAIMO,815 GEORGIA AVENUE,V9R6E3,6206,,,,approved,true,documentation_verified,CFIA export list entry. Species/by-products not verified; add only with explicit evidence.,https://apps.inspection.canada.ca/webapps/FishList/,CFIA Fish and Seafood Establishments (Export List),regulator,2026-02-06
DIANE LOUISE (CFIA Ref #6208),DIANE LOUISE,Canada,British Columbia,CHILLIWACK,46419 BEDFORD PARKWAY,V2R5N4,6208,,,,approved,true,documentation_verified,CFIA export list entry. Species/by-products not verified; add only with explicit evidence.,https://apps.inspection.canada.ca/webapps/FishList/,CFIA Fish and Seafood Establishments (Export List),regulator,2026-02-06
Marshman Industries Ltd. / Miss Gabrielle 312520 (CFIA Ref #6209),Marshman Industries Ltd. / Miss Gabrielle 312520,Canada,British Columbia,Gibsons,611 School Rd,V0N1V9,6209,,,,approved,true,documentation_verified,CFIA export list entry. Species/by-products not verified; add only with explicit evidence.,https://apps.inspection.canada.ca/webapps/FishList/,CFIA Fish and Seafood Establishments (Export List),regulator,2026-02-06
INLET HARVESTER 30793 (CFIA Ref #6210),INLET HARVESTER 30793,Canada,British Columbia,POWELL RIVER,4288 ONTARIO AVE,V8A3G9,6210,,,,approved,true,documentation_verified,CFIA export list entry. Species/by-products not verified; add only with explicit evidence.,https://apps.inspection.canada.ca/webapps/FishList/,CFIA Fish and Seafood Establishments (Export List),regulator,2026-02-06
WHEREAWAY II (CFIA Ref #6211),WHEREAWAY II,Canada,British Columbia,VANCOUVER,2488 37TH AVENUE,V5R2T3,6211,,,,approved,true,documentation_verified,CFIA export list entry. Species/by-products not verified; add only with explicit evidence.,https://apps.inspection.canada.ca/webapps/FishList/,CFIA Fish and Seafood Establishments (Export List),regulator,2026-02-06
FEAR KNOT II (CFIA Ref #6212),FEAR KNOT II,Canada,British Columbia,NANOOSE BAY,2425 EDWARDS RD.,V9P9A5,6212,,,,approved,true,documentation_verified,CFIA export list entry. Species/by-products not verified; add only with explicit evidence.,https://apps.inspection.canada.ca/webapps/FishList/,CFIA Fish and Seafood Establishments (Export List),regulator,2026-02-06
Kermode Marine Ltd./Brant 23391 (CFIA Ref #6214),Kermode Marine Ltd./Brant 23391,Canada,British Columbia,Errington,1601 Broadlands Road,V0R1V0,6214,,,,approved,true,documentation_verified,CFIA export list entry. Species/by-products not verified; add only with explicit evidence.,https://apps.inspection.canada.ca/webapps/FishList/,CFIA Fish and Seafood Establishments (Export List),regulator,2026-02-06
MISS LYNA FISHING VESSEL (CFIA Ref #6215),MISS LYNA FISHING VESSEL,Canada,British Columbia,PRINCE RUPERT,204 SILVERSIDES DRIVE,V8J4P9,6215,,,,approved,true,documentation_verified,CFIA export list entry. Species/by-products not verified; add only with explicit evidence.,https://apps.inspection.canada.ca/webapps/FishList/,CFIA Fish and Seafood Establishments (Export List),regulator,2026-02-06
FV C101 (CFIA Ref #6216),FV C101,Canada,British Columbia,PORT ALBERNI,4477 9TH AVENUE,V9Y4V4,6216,,,,approved,true,documentation_verified,CFIA export list entry. Species/by-products not verified; add only with explicit evidence.,https://apps.inspection.canada.ca/webapps/FishList/,CFIA Fish and Seafood Establishments (Export List),regulator,2026-02-06
DEVIL FISH (CFIA Ref #6217),DEVIL FISH,Canada,British Columbia,CAMPBELL RIVER,550 COVE PLACE,V9W7Z6,6217,,,,approved,true,documentation_verified,CFIA export list entry. Species/by-products not verified; add only with explicit evidence.,https://apps.inspection.canada.ca/webapps/FishList/,CFIA Fish and Seafood Establishments (Export List),regulator,2026-02-06
Oceans Edge Fishing Ltd./Ocean's Edge II (CFIA Ref #6218),Oceans Edge Fishing Ltd./Ocean's Edge II,Canada,British Columbia,Langley,24622 35 Ave,V2Z1J2,6218,,,,approved,true,documentation_verified,CFIA export list entry. Species/by-products not verified; add only with explicit evidence.,https://apps.inspection.canada.ca/webapps/FishList/,CFIA Fish and Seafood Establishments (Export List),regulator,2026-02-06
PACIFIC BOUNTY (CFIA Ref #6220),PACIFIC BOUNTY,Canada,British Columbia,QUALICUM BEACH,953 MEADOWLARK PLACE,V9K1M6,6220,,,,approved,true,documentation_verified,CFIA export list entry. Species/by-products not verified; add only with explicit evidence.,https://apps.inspection.canada.ca/webapps/FishList/,CFIA Fish and Seafood Establishments (Export List),regulator,2026-02-06
COREY J (CFIA Ref #6221),COREY J,Canada,British Columbia,PARKSVILLE,600 PYM STREET,V9P1B6,6221,,,,approved,true,documentation_verified,CFIA export list entry. Species/by-products not verified; add only with explicit evidence.,https://apps.inspection.canada.ca/webapps/FishList/,CFIA Fish and Seafood Establishments (Export List),regulator,2026-02-06
NORDIC STAR (CFIA Ref #6223),NORDIC STAR,Canada,British Columbia,PRINCE RUPERT,1700 8TH AVE EAST,V8J2P1,6223,,,,approved,true,documentation_verified,CFIA export list entry. Species/by-products not verified; add only with explicit evidence.,https://apps.inspection.canada.ca/webapps/FishList/,CFIA Fish and Seafood Establishments (Export List),regulator,2026-02-06
LISA JESS CFV 25860 (CFIA Ref #6226),LISA JESS CFV 25860,Canada,British Columbia,Campbell River,705 Island Highway,V9W2C2,6226,,,,approved,true,documentation_verified,CFIA export list entry. Species/by-products not verified; add only with explicit evidence.,https://apps.inspection.canada.ca/webapps/FishList/,CFIA Fish and Seafood Establishments (Export List),regulator,2026-02-06
GOLDEN OCEAN (CFIA Ref #6227),GOLDEN OCEAN,Canada,British Columbia,VANCOUVER,5098 CHATHAM ST,V5R 3Z3,6227,,,,approved,true,documentation_verified,CFIA export list entry. Species/by-products not verified; add only with explicit evidence.,https://apps.inspection.canada.ca/webapps/FishList/,CFIA Fish and Seafood Establishments (Export List),regulator,2026-02-06
SANS PEUR 25215 (CFIA Ref #6228),SANS PEUR 25215,Canada,British Columbia,COURTENAY,2894 SMITH RD,V9J 1M6,6228,,,,approved,true,documentation_verified,CFIA export list entry. Species/by-products not verified; add only with explicit evidence.,https://apps.inspection.canada.ca/webapps/FishList/,CFIA Fish and Seafood Establishments (Export List),regulator,2026-02-06
ANNIX HOLDINGS LTD. / MORNING TIDE II 21970 (CFIA Ref #6230),ANNIX HOLDINGS LTD. / MORNING TIDE II 21970,Canada,British Columbia,LUND,1423 GROUSE RIDGE RD,V0N 2G0,6230,,,,approved,true,documentation_verified,CFIA export list entry. Species/by-products not verified; add only with explicit evidence.,https://apps.inspection.canada.ca/webapps/FishList/,CFIA Fish and Seafood Establishments (Export List),regulator,2026-02-06
ROYAL LANCER 30016 (CFIA Ref #6231),ROYAL LANCER 30016,Canada,British Columbia,POWELL RIVER,5-6965 YAROSHUK RD,V8A 0P8,6231,,,,approved,true,documentation_verified,CFIA export list entry. Species/by-products not verified; add only with explicit evidence.,https://apps.inspection.canada.ca/webapps/FishList/,CFIA Fish and Seafood Establishments (Export List),regulator,2026-02-06
Annix Holdings Ltd./ Fresh Catch (CFIA Ref #6233),Annix Holdings Ltd./ Fresh Catch,Canada,British Columbia,Lund,1075 Mead Road,V0N2G0,6233,,,,approved,true,documentation_verified,CFIA export list entry. Species/by-products not verified; add only with explicit evidence.,https://apps.inspection.canada.ca/webapps/FishList/,CFIA Fish and Seafood Establishments (Export List),regulator,2026-02-06
ALICE ELIDA (CFIA Ref #6235),ALICE ELIDA,Canada,British Columbia,COMOX,1940 ROBB AVE,V9N 9P1,6235,,,,approved,true,documentation_verified,CFIA export list entry. Species/by-products not verified; add only with explicit evidence.,https://apps.inspection.canada.ca/webapps/FishList/,CFIA Fish and Seafood Establishments (Export List),regulator,2026-02-06
GLADIATOR (CFIA Ref #6241),GLADIATOR,Canada,British Columbia,MADEIRA PARK,4387 FRANCIS PENINSULA ROAD,V0N2H1,6241,,,,approved,true,documentation_verified,CFIA export list entry. Species/by-products not verified; add only with explicit evidence.,https://apps.inspection.canada.ca/webapps/FishList/,CFIA Fish and Seafood Establishments (Export List),regulator,2026-02-06
CFV DOUBLE ODDS (CFIA Ref #6242),CFV DOUBLE ODDS,Canada,British Columbia,POWELL RIVER,7085 TAHSIS ST,V8A1G4,6242,,,,approved,true,documentation_verified,CFIA export list entry. Species/by-products not verified; add only with explicit evidence.,https://apps.inspection.canada.ca/webapps/FishList/,CFIA Fish and Seafood Establishments (Export List),regulator,2026-02-06
FAR NORTH SEA FOODS INC. / CAPITAL GAIN 29474 (CFIA Ref #6244),FAR NORTH SEA FOODS INC. / CAPITAL GAIN 29474,Canada,British Columbia,CAMPBELL RIVER,2580 RAINBOW RD,V9W4V9,6244,,,,approved,true,documentation_verified,CFIA export list entry. Species/by-products not verified; add only with explicit evidence.,https://apps.inspection.canada.ca/webapps/FishList/,CFIA Fish and Seafood Establishments (Export List),regulator,2026-02-06
LUCKY FISHING LTD. / GOLDEN SUN 310595 (CFIA Ref #6246),LUCKY FISHING LTD. / GOLDEN SUN 310595,Canada,British Columbia,COURTENAY,480 TENTH ST,V9N1P6,6246,,,,approved,true,documentation_verified,CFIA export list entry. Species/by-products not verified; add only with explicit evidence.,https://apps.inspection.canada.ca/webapps/FishList/,CFIA Fish and Seafood Establishments (Export List),regulator,2026-02-06
SUMMER STAR FISHING LTD./JABBERWOCK 22867/td> (CFIA Ref #6248),SUMMER STAR FISHING LTD./JABBERWOCK 22867/td>,Canada,British Columbia,MADEIRA PARK,13067 HASSAND ROAD,V0N2H0,6248,,,,approved,true,documentation_verified,CFIA export list entry. Species/by-products not verified; add only with explicit evidence.,https://apps.inspection.canada.ca/webapps/FishList/,CFIA Fish and Seafood Establishments (Export List),regulator,2026-02-06
Homards du Cap des Iles inc. (CFIA Ref #1477911),Homards du Cap des Iles inc.,Canada,Quebec,SAINT-EUSTACHE,559 BOUL INDUSTRIEL,J7R6C3,1477911,,,,approved,true,documentation_verified,CFIA export list entry. Species/by-products not verified; add only with explicit evidence.,https://apps.inspection.canada.ca/webapps/FishList/,CFIA Fish and Seafood Establishments (Export List),regulator,2026-02-06
FISHERMAN'S MARKET INTERNATIONAL INCORPORATED (CFIA Ref #3228),FISHERMAN'S MARKET INTERNATIONAL INCORPORATED,Canada,Nova Scotia,HALIFAX,607 BEDFORD HWY,B3M2L6,3228,,,,approved,true,documentation_verified,CFIA export list entry. Species/by-products not verified; add only with explicit evidence.,https://apps.inspection.canada.ca/webapps/FishList/,CFIA Fish and Seafood Establishments (Export List),regulator,2026-02-06
FISHERMAN'S MARKET INTERNATIONAL INCORPORATED (CFIA Ref #LL3228),FISHERMAN'S MARKET INTERNATIONAL INCORPORATED,Canada,Nova Scotia,HALIFAX,607 BEDFORD HWY,B3M2L6,LL3228,,,,approved,true,documentation_verified,CFIA export list entry. Species/by-products not verified; add only with explicit evidence.,https://apps.inspection.canada.ca/webapps/FishList/,CFIA Fish and Seafood Establishments (Export List),regulator,2026-02-06
P. & S. FISHERIES LTD. / SUMMERS RETREAT (CFIA Ref #6250),P. & S. FISHERIES LTD. / SUMMERS RETREAT,Canada,British Columbia,PARKSVILLE,842 BREAKWATER RD,V9P1Z8,6250,,,,approved,true,documentation_verified,CFIA export list entry. Species/by-products not verified; add only with explicit evidence.,https://apps.inspection.canada.ca/webapps/FishList/,CFIA Fish and Seafood Establishments (Export List),regulator,2026-02-06
CLARK'S HARBOUR SEAFOOD LIMITED (CFIA Ref #0283),CLARK'S HARBOUR SEAFOOD LIMITED,Canada,Nova Scotia,CLARK'S HARBOUR,58 WATER ST.,B0W1P0,0283,,,,approved,true,documentation_verified,CFIA export list entry. Species/by-products not verified; add only with explicit evidence.,https://apps.inspection.canada.ca/webapps/FishList/,CFIA Fish and Seafood Establishments (Export List),regulator,2026-02-06
KERKER ENTERPRISES LTD. / FV KERKER (CFIA Ref #6251),KERKER ENTERPRISES LTD. / FV KERKER,Canada,British Columbia,CAMPBELL RIVER,FISHERMAN’S WHARF 705 ISLAND HWY,V9W2C2,6251,,,,approved,true,documentation_verified,CFIA export list entry. Species/by-products not verified; add only with explicit evidence.,https://apps.inspection.canada.ca/webapps/FishList/,CFIA Fish and Seafood Establishments (Export List),regulator,2026-02-06
FV JESSICA (CFIA Ref #6252),FV JESSICA,Canada,British Columbia,BLACK CREEK,2330 PLOYART RD,V9N9W5,6252,,,,approved,true,documentation_verified,CFIA export list entry. Species/by-products not verified; add only with explicit evidence.,https://apps.inspection.canada.ca/webapps/FishList/,CFIA Fish and Seafood Establishments (Export List),regulator,2026-02-06
LES ALIMENTS MISE EN BOUCHE INC. (CFIA Ref #6254),LES ALIMENTS MISE EN BOUCHE INC.,Canada,Quebec,SAINT-EUSTACHE,"170, BOUL INDUSTRIEL",J7R5C2,6254,,,,approved,true,documentation_verified,CFIA export list entry. Species/by-products not verified; add only with explicit evidence.,https://apps.inspection.canada.ca/webapps/FishList/,CFIA Fish and Seafood Establishments (Export List),regulator,2026-02-06
KING FISHERIES (NORTHWEST) INC (CFIA Ref #6256),KING FISHERIES (NORTHWEST) INC,Canada,Ontario,CLEARWATER BAY,FIRE RD 22 HWY 17W,P0X1S0,6256,,,,approved,true,documentation_verified,CFIA export list entry. Species/by-products not verified; add only with explicit evidence.,https://apps.inspection.canada.ca/webapps/FishList/,CFIA Fish and Seafood Establishments (Export List),regulator,2026-02-06
C-FIN FISHING LTD./FV C-FIN (CFIA Ref #6257),C-FIN FISHING LTD./FV C-FIN,Canada,British Columbia,CAMPBELL RIVER,705 ISLAND HIGHWAY,V9W2C2,6257,,,,approved,true,documentation_verified,CFIA export list entry. Species/by-products not verified; add only with explicit evidence.,https://apps.inspection.canada.ca/webapps/FishList/,CFIA Fish and Seafood Establishments (Export List),regulator,2026-02-06
CFV PACIFIC BATTLER 30897 (CFIA Ref #6259),CFV PACIFIC BATTLER 30897,Canada,British Columbia,VANCOUVER,3945 W 51ST AVE,V6N3V9,6259,,,,approved,true,documentation_verified,CFIA export list entry. Species/by-products not verified; add only with explicit evidence.,https://apps.inspection.canada.ca/webapps/FishList/,CFIA Fish and Seafood Establishments (Export List),regulator,2026-02-06
INFINITY FISHING LTD. (CFIA Ref #6261),INFINITY FISHING LTD.,Canada,British Columbia,VANCOUVER,3222 MATAPAN CRESCENT,V5M4B1,6261,,,,approved,true,documentation_verified,CFIA export list entry. Species/by-products not verified; add only with explicit evidence.,https://apps.inspection.canada.ca/webapps/FishList/,CFIA Fish and Seafood Establishments (Export List),regulator,2026-02-06
TAMMY LEE (CFIA Ref #6238),TAMMY LEE,Canada,British Columbia,PARKSVILLE,600 PYM STREET,V9P1B6,6238,,,,approved,true,documentation_verified,CFIA export list entry. Species/by-products not verified; add only with explicit evidence.,https://apps.inspection.canada.ca/webapps/FishList/,CFIA Fish and Seafood Establishments (Export List),regulator,2026-02-06
L'IL MISS MOLLY (CFIA Ref #6237),L'IL MISS MOLLY,Canada,British Columbia,PARKSVILLE,600 PYM STREET,V9P1B6,6237,,,,approved,true,documentation_verified,CFIA export list entry. Species/by-products not verified; add only with explicit evidence.,https://apps.inspection.canada.ca/webapps/FishList/,CFIA Fish and Seafood Establishments (Export List),regulator,2026-02-06
1064922 B.C. LTD. / PACIFIC QUEST (CFIA Ref #6264),1064922 B.C. LTD. / PACIFIC QUEST,Canada,British Columbia,PORT ALBERNI,PORT ALBERNI PORT AUTHORITY 2750 HARBOUR RD.,V9Y7X2,6264,,,,approved,true,documentation_verified,CFIA export list entry. Species/by-products not verified; add only with explicit evidence.,https://apps.inspection.canada.ca/webapps/FishList/,CFIA Fish and Seafood Establishments (Export List),regulator,2026-02-06
HAPPACH MARINE LTD. / BASTION (CFIA Ref #6263),HAPPACH MARINE LTD. / BASTION,Canada,British Columbia,PARKSVILLE,HARBOUR AUTHORITY OF FRENCH CREEK 1055 LEE RD.,V9P2E1,6263,,,,approved,true,documentation_verified,CFIA export list entry. Species/by-products not verified; add only with explicit evidence.,https://apps.inspection.canada.ca/webapps/FishList/,CFIA Fish and Seafood Establishments (Export List),regulator,2026-02-06
CLS CATERING (CFIA Ref #6262),CLS CATERING,Canada,Alberta,CALGARY,110-588 AERO DRIVE NE,T2E8Z9,6262,,,,approved,true,documentation_verified,CFIA export list entry. Species/by-products not verified; add only with explicit evidence.,https://apps.inspection.canada.ca/webapps/FishList/,CFIA Fish and Seafood Establishments (Export List),regulator,2026-02-06
SPRING BAY FISHING COMPANY LTD. / LASQUETI ISLE (CFIA Ref #6267),SPRING BAY FISHING COMPANY LTD. / LASQUETI ISLE,Canada,British Columbia,PARKSVILLE,1055 LEE RD,V9P2E1,6267,,,,approved,true,documentation_verified,CFIA export list entry. Species/by-products not verified; add only with explicit evidence.,https://apps.inspection.canada.ca/webapps/FishList/,CFIA Fish and Seafood Establishments (Export List),regulator,2026-02-06
SUN-RA LOGOS LTD. / PACIFIC OTTER (CFIA Ref #6268),SUN-RA LOGOS LTD. / PACIFIC OTTER,Canada,British Columbia,Richmond,12740 Trites Road,V7E3R8,6268,,,,approved,true,documentation_verified,CFIA export list entry. Species/by-products not verified; add only with explicit evidence.,https://apps.inspection.canada.ca/webapps/FishList/,CFIA Fish and Seafood Establishments (Export List),regulator,2026-02-06
671743 N.B. INC. / OYSTER KINGS (CFIA Ref #6009),671743 N.B. INC. / OYSTER KINGS,Canada,New Brunswick,RICHIBUCTO VILLAGE,682 CHEMIN DE LA POINTE,E4W1G2,6009,,,,approved,true,documentation_verified,CFIA export list entry. Species/by-products not verified; add only with explicit evidence.,https://apps.inspection.canada.ca/webapps/FishList/,CFIA Fish and Seafood Establishments (Export List),regulator,2026-02-06
SEAMAN FISHING INCORPORATION/ BLUE SKY (CFIA Ref #6124),SEAMAN FISHING INCORPORATION/ BLUE SKY,Canada,British Columbia,VANCOUVER,3316 WORTHINGTON DR,V5M3T6,6124,,,,approved,true,documentation_verified,CFIA export list entry. Species/by-products not verified; add only with explicit evidence.,https://apps.inspection.canada.ca/webapps/FishList/,CFIA Fish and Seafood Establishments (Export List),regulator,2026-02-06
ALECSTER FISHERIES LIMITED/ALECSTER FISHERIES LTD (CFIA Ref #6271),ALECSTER FISHERIES LIMITED/ALECSTER FISHERIES LTD,Canada,Nova Scotia,LOWER WEST PUBNICO,204 DENNIS POINT ROAD,B0W2C0,6271,,,,approved,true,documentation_verified,CFIA export list entry. Species/by-products not verified; add only with explicit evidence.,https://apps.inspection.canada.ca/webapps/FishList/,CFIA Fish and Seafood Establishments (Export List),regulator,2026-02-06
IAN NADEAU / FISHING VESSEL VIKLA (CFIA Ref #6275),IAN NADEAU / FISHING VESSEL VIKLA,Canada,British Columbia,CAMPBELL RIVER,705 ISLAND HWY,V9W2C2,6275,,,,approved,true,documentation_verified,CFIA export list entry. Species/by-products not verified; add only with explicit evidence.,https://apps.inspection.canada.ca/webapps/FishList/,CFIA Fish and Seafood Establishments (Export List),regulator,2026-02-06
NGUYEN TANG NGUYEN / DAWN CHASE (CFIA Ref #6277),NGUYEN TANG NGUYEN / DAWN CHASE,Canada,British Columbia,PRINCE RUPERT,231 HERON ROAD,V8J4P6,6277,,,,approved,true,documentation_verified,CFIA export list entry. Species/by-products not verified; add only with explicit evidence.,https://apps.inspection.canada.ca/webapps/FishList/,CFIA Fish and Seafood Establishments (Export List),regulator,2026-02-06
DELCATO INC. (CFIA Ref #6279),DELCATO INC.,Canada,Ontario,TORONTO,30 DOHME AVENUE,M4B1Y9,6279,,,,approved,true,documentation_verified,CFIA export list entry. Species/by-products not verified; add only with explicit evidence.,https://apps.inspection.canada.ca/webapps/FishList/,CFIA Fish and Seafood Establishments (Export List),regulator,2026-02-06
C&H JOINT CATCH SEAFOOD LIMITED (CFIA Ref #6280),C&H JOINT CATCH SEAFOOD LIMITED,Canada,Nova Scotia,HALIFAX,50 WILLOW ROAD; BUILDING 1,B3V1L1,6280,,,,approved,true,documentation_verified,CFIA export list entry. Species/by-products not verified; add only with explicit evidence.,https://apps.inspection.canada.ca/webapps/FishList/,CFIA Fish and Seafood Establishments (Export List),regulator,2026-02-06
MAC'S OYSTERS LTD. (CFIA Ref #0938),MAC'S OYSTERS LTD.,Canada,British Columbia,FANNY BAY,7162 SOUTH ISLAND HIGHWAY,V0R1W0,0938,,,,approved,true,documentation_verified,CFIA export list entry. Species/by-products not verified; add only with explicit evidence.,https://apps.inspection.canada.ca/webapps/FishList/,CFIA Fish and Seafood Establishments (Export List),regulator,2026-02-06
HARVEST SEASON FISHING LTD./FV PACIFIC SCHOONER (CFIA Ref #6282),HARVEST SEASON FISHING LTD./FV PACIFIC SCHOONER,Canada,British Columbia,COURTENAY,1590 TRUMPETER CR.,V9N8W6,6282,,,,approved,true,documentation_verified,CFIA export list entry. Species/by-products not verified; add only with explicit evidence.,https://apps.inspection.canada.ca/webapps/FishList/,CFIA Fish and Seafood Establishments (Export List),regulator,2026-02-06
NWT FISH COMPANY LTD./NWT FISH COMPANY PROCESSING FACILITY (CFIA Ref #6283),NWT FISH COMPANY LTD./NWT FISH COMPANY PROCESSING FACILITY,Canada,Northwest Territories,YELLOWKNIFE,94 ENTERPRISE DRIVE,X1A0G2,6283,,,,approved,true,documentation_verified,CFIA export list entry. Species/by-products not verified; add only with explicit evidence.,https://apps.inspection.canada.ca/webapps/FishList/,CFIA Fish and Seafood Establishments (Export List),regulator,2026-02-06
"FRESH PREP FOODS INC., (CFIA Ref #6284)","FRESH PREP FOODS INC.,",Canada,British Columbia,VANCOUVER,188 VICTORIA DRIVE,V5L4C3,6284,,,,approved,true,documentation_verified,CFIA export list entry. Species/by-products not verified; add only with explicit evidence.,https://apps.inspection.canada.ca/webapps/FishList/,CFIA Fish and Seafood Establishments (Export List),regulator,2026-02-06
642650 NB INC. (CFIA Ref #1524343),642650 NB INC.,Canada,New Brunswick,Bayside,2685 Route 127,E5B2T4,1524343,,,,approved,true,documentation_verified,CFIA export list entry. Species/by-products not verified; add only with explicit evidence.,https://apps.inspection.canada.ca/webapps/FishList/,CFIA Fish and Seafood Establishments (Export List),regulator,2026-02-06
CANADIAN ATLANTIC SEAFOOD IMPORTS INC. (CFIA Ref #6286),CANADIAN ATLANTIC SEAFOOD IMPORTS INC.,Canada,Ontario,VAUGHAN,3-225 GIBRALTAR RD,L4H4P9,6286,,,,approved,true,documentation_verified,CFIA export list entry. Species/by-products not verified; add only with explicit evidence.,https://apps.inspection.canada.ca/webapps/FishList/,CFIA Fish and Seafood Establishments (Export List),regulator,2026-02-06
STEFAN LEJER FISHING LTD./F/V MIDNIGHT DANCER (CFIA Ref #6289),STEFAN LEJER FISHING LTD./F/V MIDNIGHT DANCER,Canada,British Columbia,VICTORIA,721 BOSSI PLACE,V8Y0A1,6289,,,,approved,true,documentation_verified,CFIA export list entry. Species/by-products not verified; add only with explicit evidence.,https://apps.inspection.canada.ca/webapps/FishList/,CFIA Fish and Seafood Establishments (Export List),regulator,2026-02-06
GAWIQA MARINE INC. (CFIA Ref #6287),GAWIQA MARINE INC.,Canada,British Columbia,CAMPBELL RIVER,2330 HENDERSON AVENUE,V9W6E3,6287,,,,approved,true,documentation_verified,CFIA export list entry. Species/by-products not verified; add only with explicit evidence.,https://apps.inspection.canada.ca/webapps/FishList/,CFIA Fish and Seafood Establishments (Export List),regulator,2026-02-06
JJ FISHING LTD. (CFIA Ref #6291),JJ FISHING LTD.,Canada,British Columbia,Comox,121 Port Augusta St,V9M3N8,6291,,,,approved,true,documentation_verified,CFIA export list entry. Species/by-products not verified; add only with explicit evidence.,https://apps.inspection.canada.ca/webapps/FishList/,CFIA Fish and Seafood Establishments (Export List),regulator,2026-02-06
BELMONT MEAT PRODUCTS LIMITED (CFIA Ref #6293),BELMONT MEAT PRODUCTS LIMITED,Canada,Ontario,TORONTO,230 SIGNET DRIVE,M9L1V2,6293,,,,approved,true,documentation_verified,CFIA export list entry. Species/by-products not verified; add only with explicit evidence.,https://apps.inspection.canada.ca/webapps/FishList/,CFIA Fish and Seafood Establishments (Export List),regulator,2026-02-06
PRN FISHING LTD. (CFIA Ref #6294),PRN FISHING LTD.,Canada,British Columbia,RICHMOND,7064 NO. 1 ROAD,V7C1T6,6294,,,,approved,true,documentation_verified,CFIA export list entry. Species/by-products not verified; add only with explicit evidence.,https://apps.inspection.canada.ca/webapps/FishList/,CFIA Fish and Seafood Establishments (Export List),regulator,2026-02-06
15857937 CANADA INC. (CFIA Ref #6292),15857937 CANADA INC.,Canada,Quebec,GASPÉ,30-1 RUE DE L'ENTREPÔT,G4X5L4,6292,,,,approved,true,documentation_verified,CFIA export list entry. Species/by-products not verified; add only with explicit evidence.,https://apps.inspection.canada.ca/webapps/FishList/,CFIA Fish and Seafood Establishments (Export List),regulator,2026-02-06
"BINH DANH CHUNG, TUYET NGUYET THAI / BINH DANH CHUNG (CFIA Ref #6295)","BINH DANH CHUNG, TUYET NGUYET THAI / BINH DANH CHUNG",Canada,British Columbia,COURTENAY,1661 SWAN CRES,V9N9A7,6295,,,,approved,true,documentation_verified,CFIA export list entry. Species/by-products not verified; add only with explicit evidence.,https://apps.inspection.canada.ca/webapps/FishList/,CFIA Fish and Seafood Establishments (Export List),regulator,2026-02-06
BOUNTY BAY INVESTMENTS INC. / DEEP BOUNTY (CFIA Ref #6296),BOUNTY BAY INVESTMENTS INC. / DEEP BOUNTY,Canada,British Columbia,CAMPBELL RIVER,705 ISLAND HWY,V9W2C2,6296,,,,approved,true,documentation_verified,CFIA export list entry. Species/by-products not verified; add only with explicit evidence.,https://apps.inspection.canada.ca/webapps/FishList/,CFIA Fish and Seafood Establishments (Export List),regulator,2026-02-06
KAREN TRUONG FISHING LTD./DARLENDA FISHING VESSEL (CFIA Ref #6297),KAREN TRUONG FISHING LTD./DARLENDA FISHING VESSEL,Canada,British Columbia,CAMPBELL RIVER,705 ISLAND HIGHWAY,V9W2C2,6297,,,,approved,true,documentation_verified,CFIA export list entry. Species/by-products not verified; add only with explicit evidence.,https://apps.inspection.canada.ca/webapps/FishList/,CFIA Fish and Seafood Establishments (Export List),regulator,2026-02-06
MARBRISA LE FISHING LTD/MARBRISA NO. 1 (CFIA Ref #6298),MARBRISA LE FISHING LTD/MARBRISA NO. 1,Canada,British Columbia,CAMPBELL RIVER,705 ISLAND HIGHWAY,V9W2C2,6298,,,,approved,true,documentation_verified,CFIA export list entry. Species/by-products not verified; add only with explicit evidence.,https://apps.inspection.canada.ca/webapps/FishList/,CFIA Fish and Seafood Establishments (Export List),regulator,2026-02-06
KAREN TRUONG FISHING LTD./WESTERN SUN FISHING VESSEL (CFIA Ref #6299),KAREN TRUONG FISHING LTD./WESTERN SUN FISHING VESSEL,Canada,British Columbia,CAMPBELL RIVER,705 ISLAND HIGHWAY,V9W3N7,6299,,,,approved,true,documentation_verified,CFIA export list entry. Species/by-products not verified; add only with explicit evidence.,https://apps.inspection.canada.ca/webapps/FishList/,CFIA Fish and Seafood Establishments (Export List),regulator,2026-02-06
TAI VAN NGUYEN/LASQUETI KNIGHT (CFIA Ref #6301),TAI VAN NGUYEN/LASQUETI KNIGHT,Canada,British Columbia,CAMPBELL RIVER,705 ISLAND HIGHWAY,V9W2C2,6301,,,,approved,true,documentation_verified,CFIA export list entry. Species/by-products not verified; add only with explicit evidence.,https://apps.inspection.canada.ca/webapps/FishList/,CFIA Fish and Seafood Establishments (Export List),regulator,2026-02-06
M. LEBLANC FISHERIES LTD (CFIA Ref #2463),M. LEBLANC FISHERIES LTD,Canada,New Brunswick,PETIT-CAP,20 SHORE ROAD,E4N2K4,2463,,,,approved,true,documentation_verified,CFIA export list entry. Species/by-products not verified; add only with explicit evidence.,https://apps.inspection.canada.ca/webapps/FishList/,CFIA Fish and Seafood Establishments (Export List),regulator,2026-02-06
SWEET OYSTER COMPANY INC. (CFIA Ref #6302),SWEET OYSTER COMPANY INC.,Canada,Prince Edward Island,CASCUMPEC,68 GORDONS WHARF ROAD,C0B1V0,6302,,,,approved,true,documentation_verified,CFIA export list entry. Species/by-products not verified; add only with explicit evidence.,https://apps.inspection.canada.ca/webapps/FishList/,CFIA Fish and Seafood Establishments (Export List),regulator,2026-02-06
SEPTEMBER ISLE FISHING LTD. / SEPTEMBER ISLE (CFIA Ref #6303),SEPTEMBER ISLE FISHING LTD. / SEPTEMBER ISLE,Canada,British Columbia,CAMPBELL RIVER,705 ISLAND HIGHWAY,V9W2C2,6303,,,,approved,true,documentation_verified,CFIA export list entry. Species/by-products not verified; add only with explicit evidence.,https://apps.inspection.canada.ca/webapps/FishList/,CFIA Fish and Seafood Establishments (Export List),regulator,2026-02-06
F.A.S. SEAFOOD PRODUCERS LTD. / NORDIC SPIRIT (CFIA Ref #6306),F.A.S. SEAFOOD PRODUCERS LTD. / NORDIC SPIRIT,Canada,British Columbia,VICTORIA,27 ERIE STREET,V8V1P8,6306,,,,approved,true,documentation_verified,CFIA export list entry. Species/by-products not verified; add only with explicit evidence.,https://apps.inspection.canada.ca/webapps/FishList/,CFIA Fish and Seafood Establishments (Export List),regulator,2026-02-06
K J FOODS INC (CFIA Ref #6304),K J FOODS INC,Canada,Ontario,RICHMOND HILL,120 WEST BEAVER CREEK RD. UNIT 1,L4B1L2,6304,,,,approved,true,documentation_verified,CFIA export list entry. Species/by-products not verified; add only with explicit evidence.,https://apps.inspection.canada.ca/webapps/FishList/,CFIA Fish and Seafood Establishments (Export List),regulator,2026-02-06
MCALPINE'S CUSTOM MEATS LIMITED (CFIA Ref #6305),MCALPINE'S CUSTOM MEATS LIMITED,Canada,Ontario,BURLINGTON,445 ENFIELD ROAD,L7T2X5,6305,,,,approved,true,documentation_verified,CFIA export list entry. Species/by-products not verified; add only with explicit evidence.,https://apps.inspection.canada.ca/webapps/FishList/,CFIA Fish and Seafood Establishments (Export List),regulator,2026-02-06
JBS FOOD CANADA ULC / JBS FOODS ONTARIO INC. (CFIA Ref #6307),JBS FOOD CANADA ULC / JBS FOODS ONTARIO INC.,Canada,Ontario,BELLEVILLE,240 JAMIESON BONE ROAD,K8N5T3,6307,,,,approved,true,documentation_verified,CFIA export list entry. Species/by-products not verified; add only with explicit evidence.,https://apps.inspection.canada.ca/webapps/FishList/,CFIA Fish and Seafood Establishments (Export List),regulator,2026-02-06
REBEKAH E PARLEE / SOOZEE (CFIA Ref #6310),REBEKAH E PARLEE / SOOZEE,Canada,British Columbia,SOINTULA,80 1ST STREET,V0N3E0,6310,,,,approved,true,documentation_verified,CFIA export list entry. Species/by-products not verified; add only with explicit evidence.,https://apps.inspection.canada.ca/webapps/FishList/,CFIA Fish and Seafood Establishments (Export List),regulator,2026-02-06
SANTE NATURELLE A.G. LTEE/SANTÉ NATURELLE ADRIEN GAGNON (CFIA Ref #6312),SANTE NATURELLE A.G. LTEE/SANTÉ NATURELLE ADRIEN GAGNON,Canada,Quebec,BROSSARD,"3555 BOULEVARD MATTE, PORTE M",J4Y2P4,6312,,,,approved,true,documentation_verified,CFIA export list entry. Species/by-products not verified; add only with explicit evidence.,https://apps.inspection.canada.ca/webapps/FishList/,CFIA Fish and Seafood Establishments (Export List),regulator,2026-02-06
10489310 CANADA INC. / ATLANTIC AUTOCOLD (CFIA Ref #6315),10489310 CANADA INC. / ATLANTIC AUTOCOLD,Canada,New Brunswick,SACKVILLE,96 CRESCENT STREET,E4L3V4,6315,,,,approved,true,documentation_verified,CFIA export list entry. Species/by-products not verified; add only with explicit evidence.,https://apps.inspection.canada.ca/webapps/FishList/,CFIA Fish and Seafood Establishments (Export List),regulator,2026-02-06
ORGANIC OCEAN SEAFOOD INC. (CFIA Ref #6316),ORGANIC OCEAN SEAFOOD INC.,Canada,British Columbia,RICHMOND,12740 TRITES ROAD UNIT 21S,V7E3R8,6316,,,,approved,true,documentation_verified,CFIA export list entry. Species/by-products not verified; add only with explicit evidence.,https://apps.inspection.canada.ca/webapps/FishList/,CFIA Fish and Seafood Establishments (Export List),regulator,2026-02-06
11809385 CANADA INC./11809385 CANADA UPPER CAPE (CFIA Ref #6317),11809385 CANADA INC./11809385 CANADA UPPER CAPE,Canada,New Brunswick,UPPER CAPE,36 JOHN A TRENHOLM RD.,E4M2R6,6317,,,,approved,true,documentation_verified,CFIA export list entry. Species/by-products not verified; add only with explicit evidence.,https://apps.inspection.canada.ca/webapps/FishList/,CFIA Fish and Seafood Establishments (Export List),regulator,2026-02-06
PUGWIS FISHING CO. LTD. / FV Polara (CFIA Ref #6318),PUGWIS FISHING CO. LTD. / FV Polara,Canada,British Columbia,Campbell River,1430 DRAKE RD,V9W7C9,6318,,,,approved,true,documentation_verified,CFIA export list entry. Species/by-products not verified; add only with explicit evidence.,https://apps.inspection.canada.ca/webapps/FishList/,CFIA Fish and Seafood Establishments (Export List),regulator,2026-02-06
OCEAN CHOICE INTERNATIONAL O/A OCEAN CHOICE INTERNATIONAL L.P./CALVERT (CFIA Ref #6173),OCEAN CHOICE INTERNATIONAL O/A OCEAN CHOICE INTERNATIONAL L.P./CALVERT,Canada,Newfoundland and Labrador,HARBOUR GRACE,119 WATER STREET,A0A2M0,6173,,,,approved,true,documentation_verified,CFIA export list entry. Species/by-products not verified; add only with explicit evidence.,https://apps.inspection.canada.ca/webapps/FishList/,CFIA Fish and Seafood Establishments (Export List),regulator,2026-02-06
SILVER NORTH HOLDINGS LTD./PACIFIC PROMISE (CFIA Ref #6319),SILVER NORTH HOLDINGS LTD./PACIFIC PROMISE,Canada,British Columbia,SURREY,9896 116TH STREET,V3V7V5,6319,,,,approved,true,documentation_verified,CFIA export list entry. Species/by-products not verified; add only with explicit evidence.,https://apps.inspection.canada.ca/webapps/FishList/,CFIA Fish and Seafood Establishments (Export List),regulator,2026-02-06
GREGG HOLM / HARVEST MOON III (CFIA Ref #6320),GREGG HOLM / HARVEST MOON III,Canada,British Columbia,SAANICHTON,7899 WALLACE DR.,V8M1L5,6320,,,,approved,true,documentation_verified,CFIA export list entry. Species/by-products not verified; add only with explicit evidence.,https://apps.inspection.canada.ca/webapps/FishList/,CFIA Fish and Seafood Establishments (Export List),regulator,2026-02-06
HTO SEAFOOD LTD. (CFIA Ref #6322),HTO SEAFOOD LTD.,Canada,British Columbia,RICHMOND,2460 VISCOUNT WAY,V6V1N1,6322,,,,approved,true,documentation_verified,CFIA export list entry. Species/by-products not verified; add only with explicit evidence.,https://apps.inspection.canada.ca/webapps/FishList/,CFIA Fish and Seafood Establishments (Export List),regulator,2026-02-06
INDEPENDENT SEAFOOD CANADA CORPORATION/SUNDEROEY (CFIA Ref #6324),INDEPENDENT SEAFOOD CANADA CORPORATION/SUNDEROEY,Canada,British Columbia,Vancouver,301 Waterfront Rd E,V6A0B3,6324,,,,approved,true,documentation_verified,CFIA export list entry. Species/by-products not verified; add only with explicit evidence.,https://apps.inspection.canada.ca/webapps/FishList/,CFIA Fish and Seafood Establishments (Export List),regulator,2026-02-06
ISLAND SEA FARMS INC / ISF CAMPBELL RIVER PROCESSING PLANT (CFIA Ref #6325),ISLAND SEA FARMS INC / ISF CAMPBELL RIVER PROCESSING PLANT,Canada,British Columbia,CAMPBELL RIVER,5722 MENZIES WAY,V9H1N6,6325,,,,approved,true,documentation_verified,CFIA export list entry. Species/by-products not verified; add only with explicit evidence.,https://apps.inspection.canada.ca/webapps/FishList/,CFIA Fish and Seafood Establishments (Export List),regulator,2026-02-06
HISPAN HOLDINGS CORP. / MAKE WAY FV (CFIA Ref #6326),HISPAN HOLDINGS CORP. / MAKE WAY FV,Canada,British Columbia,VICTORIA,925 SHEARWATER STREET,V9A4V3,6326,,,,approved,true,documentation_verified,CFIA export list entry. Species/by-products not verified; add only with explicit evidence.,https://apps.inspection.canada.ca/webapps/FishList/,CFIA Fish and Seafood Establishments (Export List),regulator,2026-02-06
MORRISON LAMOTHE INC. (CFIA Ref #6328),MORRISON LAMOTHE INC.,Canada,Ontario,TORONTO,399 EVANS AVE,M8Z1K9,6328,,,,approved,true,documentation_verified,CFIA export list entry. Species/by-products not verified; add only with explicit evidence.,https://apps.inspection.canada.ca/webapps/FishList/,CFIA Fish and Seafood Establishments (Export List),regulator,2026-02-06
DONALD G SCHIBLER/LITTLE DON FISHING (CFIA Ref #6329),DONALD G SCHIBLER/LITTLE DON FISHING,Canada,British Columbia,CAMPBELL RIVER,4032 CRAIG RD,V9H1N3,6329,,,,approved,true,documentation_verified,CFIA export list entry. Species/by-products not verified; add only with explicit evidence.,https://apps.inspection.canada.ca/webapps/FishList/,CFIA Fish and Seafood Establishments (Export List),regulator,2026-02-06
GO EASY TRADING LTD. (CFIA Ref #6331),GO EASY TRADING LTD.,Canada,British Columbia,VANCOUVER,3588 EAST 26TH AVE,V5R1M4,6331,,,,approved,true,documentation_verified,CFIA export list entry. Species/by-products not verified; add only with explicit evidence.,https://apps.inspection.canada.ca/webapps/FishList/,CFIA Fish and Seafood Establishments (Export List),regulator,2026-02-06
MARITIME SELECT LOBSTER INC. (CFIA Ref #1553027),MARITIME SELECT LOBSTER INC.,Canada,Prince Edward Island,ALBERTON,"288 RTE 152, PO BOX 17",C0B1B0,1553027,,,,approved,true,documentation_verified,CFIA export list entry. Species/by-products not verified; add only with explicit evidence.,https://apps.inspection.canada.ca/webapps/FishList/,CFIA Fish and Seafood Establishments (Export List),regulator,2026-02-06
THE SASKATCHEWAN FOOD INDUSTRY DEVELOPMENT CENTRE INC. / THE SASKATCHEWAN FOOD INDUSTRY DEVELOPMENT CENTRE (CFIA Ref #4066),THE SASKATCHEWAN FOOD INDUSTRY DEVELOPMENT CENTRE INC. / THE SASKATCHEWAN FOOD INDUSTRY DEVELOPMENT CENTRE,Canada,Saskatchewan,SASKATOON,52 INNOVATION BOULEVARD,S7N2V3,4066,,,,approved,true,documentation_verified,CFIA export list entry. Species/by-products not verified; add only with explicit evidence.,https://apps.inspection.canada.ca/webapps/FishList/,CFIA Fish and Seafood Establishments (Export List),regulator,2026-02-06
"SYSCO CANADA, INC./SYSCO CANADA INC EN GROS PIERRE (CFIA Ref #6333)","SYSCO CANADA, INC./SYSCO CANADA INC EN GROS PIERRE",Canada,Quebec,LAVAL,3300 BOULEVARD INDUSTRIEL,H7L4R9,6333,,,,approved,true,documentation_verified,CFIA export list entry. Species/by-products not verified; add only with explicit evidence.,https://apps.inspection.canada.ca/webapps/FishList/,CFIA Fish and Seafood Establishments (Export List),regulator,2026-02-06
LES ALIMENTS ACTIV INC. (CFIA Ref #6336),LES ALIMENTS ACTIV INC.,Canada,Quebec,COWANSVILLE,"790 RUE DU SUD, SUITE 111",J2K2Y3,6336,,,,approved,true,documentation_verified,CFIA export list entry. Species/by-products not verified; add only with explicit evidence.,https://apps.inspection.canada.ca/webapps/FishList/,CFIA Fish and Seafood Establishments (Export List),regulator,2026-02-06
FLURER SMOKERY LTD (CFIA Ref #6337),FLURER SMOKERY LTD,Canada,British Columbia,PORT ALBERNI,300-3140 D HARBOUR ROAD,V9Y4B9,6337,,,,approved,true,documentation_verified,CFIA export list entry. Species/by-products not verified; add only with explicit evidence.,https://apps.inspection.canada.ca/webapps/FishList/,CFIA Fish and Seafood Establishments (Export List),regulator,2026-02-06
T&T SUPERMARKET INC. (CFIA Ref #6338),T&T SUPERMARKET INC.,Canada,British Columbia,RICHMOND,6311 FRASERWOOD PLACE,V6W1J2,6338,,,,approved,true,documentation_verified,CFIA export list entry. Species/by-products not verified; add only with explicit evidence.,https://apps.inspection.canada.ca/webapps/FishList/,CFIA Fish and Seafood Establishments (Export List),regulator,2026-02-06
BRACKLEY BAY OYSTER COMPANY INC. (CFIA Ref #6339),BRACKLEY BAY OYSTER COMPANY INC.,Canada,Prince Edward Island,WEST COVEHEAD,808 MACMILLAN POINT ROAD,C0A1P0,6339,,,,approved,true,documentation_verified,CFIA export list entry. Species/by-products not verified; add only with explicit evidence.,https://apps.inspection.canada.ca/webapps/FishList/,CFIA Fish and Seafood Establishments (Export List),regulator,2026-02-06
LES ALIMENTS O'SOLE MIO INC. (CFIA Ref #6340),LES ALIMENTS O'SOLE MIO INC.,Canada,Quebec,BOISBRIAND,4600 AMBROISE LAFORTUNE,J7H0G1,6340,,,,approved,true,documentation_verified,CFIA export list entry. Species/by-products not verified; add only with explicit evidence.,https://apps.inspection.canada.ca/webapps/FishList/,CFIA Fish and Seafood Establishments (Export List),regulator,2026-02-06
ARTHUR KITCHENS 2011 INC./ARTHUR KITCHENS (CFIA Ref #6341),ARTHUR KITCHENS 2011 INC./ARTHUR KITCHENS,Canada,Newfoundland and Labrador,MOUNT PEARL,681 TOPSAIL RD,A1E2E3,6341,,,,approved,true,documentation_verified,CFIA export list entry. Species/by-products not verified; add only with explicit evidence.,https://apps.inspection.canada.ca/webapps/FishList/,CFIA Fish and Seafood Establishments (Export List),regulator,2026-02-06
PACIFIC RIM SHELLFISH (2003) CORP. (CFIA Ref #6342),PACIFIC RIM SHELLFISH (2003) CORP.,Canada,British Columbia,VANCOUVER,1805 MAST TOWER ROAD,V6H3X7,6342,,,,approved,true,documentation_verified,CFIA export list entry. Species/by-products not verified; add only with explicit evidence.,https://apps.inspection.canada.ca/webapps/FishList/,CFIA Fish and Seafood Establishments (Export List),regulator,2026-02-06
OCEAN LILY FISHING LTD. / OCEAN LILY (CFIA Ref #6270),OCEAN LILY FISHING LTD. / OCEAN LILY,Canada,British Columbia,SURREY,201-15399-102A AVE,V3R7K1,6270,,,,approved,true,documentation_verified,CFIA export list entry. Species/by-products not verified; add only with explicit evidence.,https://apps.inspection.canada.ca/webapps/FishList/,CFIA Fish and Seafood Establishments (Export List),regulator,2026-02-06
ELMA_K ENTERPRISES LTD. / BOLD VENTURE (CFIA Ref #6276),ELMA_K ENTERPRISES LTD. / BOLD VENTURE,Canada,British Columbia,VICTORIA,137 GOVERNMENT ST,V8V2K6,6276,,,,approved,true,documentation_verified,CFIA export list entry. Species/by-products not verified; add only with explicit evidence.,https://apps.inspection.canada.ca/webapps/FishList/,CFIA Fish and Seafood Establishments (Export List),regulator,2026-02-06
GERALD ENTERPRISES LTD. / JALUN RIVER (CFIA Ref #6323),GERALD ENTERPRISES LTD. / JALUN RIVER,Canada,British Columbia,CAMPBELL RIVER,980 ALDER ST,V9W2P6,6323,,,,approved,true,documentation_verified,CFIA export list entry. Species/by-products not verified; add only with explicit evidence.,https://apps.inspection.canada.ca/webapps/FishList/,CFIA Fish and Seafood Establishments (Export List),regulator,2026-02-06
"CAPE BALD PACKERS, LIMITED (CFIA Ref #6343)","CAPE BALD PACKERS, LIMITED",Canada,Nova Scotia,METEGHAN,7861 HIGHWAY 1,B0W2L0,6343,,,,approved,true,documentation_verified,CFIA export list entry. Species/by-products not verified; add only with explicit evidence.,https://apps.inspection.canada.ca/webapps/FishList/,CFIA Fish and Seafood Establishments (Export List),regulator,2026-02-06
LES FOURS CLEMENTI CANADA INC. (CFIA Ref #6344),LES FOURS CLEMENTI CANADA INC.,Canada,Quebec,MONTREAL-NORTH,10625 AVE BELLEVOIS,H1H3C6,6344,,,,approved,true,documentation_verified,CFIA export list entry. Species/by-products not verified; add only with explicit evidence.,https://apps.inspection.canada.ca/webapps/FishList/,CFIA Fish and Seafood Establishments (Export List),regulator,2026-02-06
9480-7427 Québec inc. (CFIA Ref #6345),9480-7427 Québec inc.,Canada,Quebec,SAINT-JEAN-SUR-RICHELIEU,700 RUE GAUDETTE,J3B1L7,6345,,,,approved,true,documentation_verified,CFIA export list entry. Species/by-products not verified; add only with explicit evidence.,https://apps.inspection.canada.ca/webapps/FishList/,CFIA Fish and Seafood Establishments (Export List),regulator,2026-02-06
K. SWAINE LOBSTERS LIMITED (CFIA Ref #6347),K. SWAINE LOBSTERS LIMITED,Canada,Nova Scotia,SHAG HARBOUR,5489 HWY 3,B0W3B0,6347,,,,approved,true,documentation_verified,CFIA export list entry. Species/by-products not verified; add only with explicit evidence.,https://apps.inspection.canada.ca/webapps/FishList/,CFIA Fish and Seafood Establishments (Export List),regulator,2026-02-06
CANADA NORTHPOLE 1 BIOLOGICAL TECHNOLOGY LTD. (CFIA Ref #6133),CANADA NORTHPOLE 1 BIOLOGICAL TECHNOLOGY LTD.,Canada,Ontario,OTTAWA,80 WALDEN DRIVE,K2K3L5,6133,,,,approved,true,documentation_verified,CFIA export list entry. Species/by-products not verified; add only with explicit evidence.,https://apps.inspection.canada.ca/webapps/FishList/,CFIA Fish and Seafood Establishments (Export List),regulator,2026-02-06
FUMOIRS GOSSELIN INC. (CFIA Ref #6346),FUMOIRS GOSSELIN INC.,Canada,Quebec,Cowansville,1-140 rue de Sherbrooke,J2K3Y9,6346,,,,approved,true,documentation_verified,CFIA export list entry. Species/by-products not verified; add only with explicit evidence.,https://apps.inspection.canada.ca/webapps/FishList/,CFIA Fish and Seafood Establishments (Export List),regulator,2026-02-06
CAP LUMIÉRE FISHING SUPPLIES INC. (CFIA Ref #0345),CAP LUMIÉRE FISHING SUPPLIES INC.,Canada,New Brunswick,RICHIBOUCTOU-VILLAGE,34 CHEMIN CAP-LUMIERE,E4W1R2,0345,,,,approved,true,documentation_verified,CFIA export list entry. Species/by-products not verified; add only with explicit evidence.,https://apps.inspection.canada.ca/webapps/FishList/,CFIA Fish and Seafood Establishments (Export List),regulator,2026-02-06
AFISHIONADO FISHMONGERS INC (CFIA Ref #6349),AFISHIONADO FISHMONGERS INC,Canada,Nova Scotia,BEDFORD,10-275 ROCKY LAKE RD,B4A2S7,6349,,,,approved,true,documentation_verified,CFIA export list entry. Species/by-products not verified; add only with explicit evidence.,https://apps.inspection.canada.ca/webapps/FishList/,CFIA Fish and Seafood Establishments (Export List),regulator,2026-02-06
H&M FOOD LIMITED (CFIA Ref #6351),H&M FOOD LIMITED,Canada,Saskatchewan,SASKATOON,3-301 45TH STREET WEST,S7L5Z9,6351,,,,approved,true,documentation_verified,CFIA export list entry. Species/by-products not verified; add only with explicit evidence.,https://apps.inspection.canada.ca/webapps/FishList/,CFIA Fish and Seafood Establishments (Export List),regulator,2026-02-06
FLORENTINA FOODS LTD./ORANGEVILLE PLANT (CFIA Ref #6353),FLORENTINA FOODS LTD./ORANGEVILLE PLANT,Canada,Ontario,ORANGEVILLE,165 CENTENNIAL ROAD,L9W3Z8,6353,,,,approved,true,documentation_verified,CFIA export list entry. Species/by-products not verified; add only with explicit evidence.,https://apps.inspection.canada.ca/webapps/FishList/,CFIA Fish and Seafood Establishments (Export List),regulator,2026-02-06
1458935 ONTARIO LTD. (CFIA Ref #6354),1458935 ONTARIO LTD.,Canada,Ontario,TORONTO,195 BRIDGELAND AVE.,M6A1Y7,6354,,,,approved,true,documentation_verified,CFIA export list entry. Species/by-products not verified; add only with explicit evidence.,https://apps.inspection.canada.ca/webapps/FishList/,CFIA Fish and Seafood Establishments (Export List),regulator,2026-02-06
PATUREL INTERNATIONAL COMPANY/PATUREL INTERNATIONAL COMPANY METEGHAN (CFIA Ref #6355),PATUREL INTERNATIONAL COMPANY/PATUREL INTERNATIONAL COMPANY METEGHAN,Canada,Nova Scotia,METEGHAN,4 PETER DUGAS ROAD,B0W2J0,6355,,,,approved,true,documentation_verified,CFIA export list entry. Species/by-products not verified; add only with explicit evidence.,https://apps.inspection.canada.ca/webapps/FishList/,CFIA Fish and Seafood Establishments (Export List),regulator,2026-02-06
MEMORIAL UNIVERSITY OF NEWFOUNDLAND (CFIA Ref #0034),MEMORIAL UNIVERSITY OF NEWFOUNDLAND,Canada,Newfoundland and Labrador,ST. JOHN'S,155 RIDGE ROAD,A1C5R3,0034,,,,approved,true,documentation_verified,CFIA export list entry. Species/by-products not verified; add only with explicit evidence.,https://apps.inspection.canada.ca/webapps/FishList/,CFIA Fish and Seafood Establishments (Export List),regulator,2026-02-06
PROSPERITY FOODS LTD. (CFIA Ref #6313),PROSPERITY FOODS LTD.,Canada,British Columbia,RICHMOND,2300 VAUXHALL PLACE,V6V1Z9,6313,,,,approved,true,documentation_verified,CFIA export list entry. Species/by-products not verified; add only with explicit evidence.,https://apps.inspection.canada.ca/webapps/FishList/,CFIA Fish and Seafood Establishments (Export List),regulator,2026-02-06
GUANG YI INTERNATIONAL INC. (CFIA Ref #6358),GUANG YI INTERNATIONAL INC.,Canada,Ontario,MISSISSAUGA,UNIT 1-7475 KIMBEL STREET,L5S1E7,6358,,,,approved,true,documentation_verified,CFIA export list entry. Species/by-products not verified; add only with explicit evidence.,https://apps.inspection.canada.ca/webapps/FishList/,CFIA Fish and Seafood Establishments (Export List),regulator,2026-02-06
FACTORS GROUP OF NUTRITIONAL COMPANIES INC. (BURNABY) (CFIA Ref #6359),FACTORS GROUP OF NUTRITIONAL COMPANIES INC. (BURNABY),Canada,British Columbia,BURNABY,3655 BONNEVILLE PLACE,V3N2L7,6359,,,,approved,true,documentation_verified,CFIA export list entry. Species/by-products not verified; add only with explicit evidence.,https://apps.inspection.canada.ca/webapps/FishList/,CFIA Fish and Seafood Establishments (Export List),regulator,2026-02-06
Canadian Red Crab Co. LTD. (CFIA Ref #6360),Canadian Red Crab Co. LTD.,Canada,Nova Scotia,UPPER PORT LA TOUR,127 SEAL POINT ROAD,B0W3N0,6360,,,,approved,true,documentation_verified,CFIA export list entry. Species/by-products not verified; add only with explicit evidence.,https://apps.inspection.canada.ca/webapps/FishList/,CFIA Fish and Seafood Establishments (Export List),regulator,2026-02-06
OCEAN FAMILY SEAFOOD INC. (CFIA Ref #6361),OCEAN FAMILY SEAFOOD INC.,Canada,British Columbia,RICHMOND,UNIT 101 - 1999 SAVAGE ROAD,V6V0A5,6361,,,,approved,true,documentation_verified,CFIA export list entry. Species/by-products not verified; add only with explicit evidence.,https://apps.inspection.canada.ca/webapps/FishList/,CFIA Fish and Seafood Establishments (Export List),regulator,2026-02-06
DANDY DAN'S FISH MARKET LIMITED (CFIA Ref #6363),DANDY DAN'S FISH MARKET LIMITED,Canada,Newfoundland and Labrador,SHIP HARBOUR,1 MAIN ROAD,A0B3E0,6363,,,,approved,true,documentation_verified,CFIA export list entry. Species/by-products not verified; add only with explicit evidence.,https://apps.inspection.canada.ca/webapps/FishList/,CFIA Fish and Seafood Establishments (Export List),regulator,2026-02-06
STAMPEDE CULINARY PARTNERS; INC. /STAMPEDE MEAT NORTH INC. (CFIA Ref #6102),STAMPEDE CULINARY PARTNERS; INC. /STAMPEDE MEAT NORTH INC.,Canada,Ontario,CAMBRIDGE,435 DOBBIE DRIVE,N1T1S9,6102,,,,approved,true,documentation_verified,CFIA export list entry. Species/by-products not verified; add only with explicit evidence.,https://apps.inspection.canada.ca/webapps/FishList/,CFIA Fish and Seafood Establishments (Export List),regulator,2026-02-06
CONGÉBEC INC. (CFIA Ref #6364),CONGÉBEC INC.,Canada,Ontario,CAMBRIDGE,2095 LOGISTICS DRIVE,L5S1Z9,6364,,,,approved,true,documentation_verified,CFIA export list entry. Species/by-products not verified; add only with explicit evidence.,https://apps.inspection.canada.ca/webapps/FishList/,CFIA Fish and Seafood Establishments (Export List),regulator,2026-02-06
BLUE CLAW FISHERIES LTD. (CFIA Ref #6365),BLUE CLAW FISHERIES LTD.,Canada,Nova Scotia,CLARK'S HARBOUR,2474 MAIN STREET,B0W1P0,6365,,,,approved,true,documentation_verified,CFIA export list entry. Species/by-products not verified; add only with explicit evidence.,https://apps.inspection.canada.ca/webapps/FishList/,CFIA Fish and Seafood Establishments (Export List),regulator,2026-02-06
TAMSCO FOOD SYSTEMS INC. (CFIA Ref #6108),TAMSCO FOOD SYSTEMS INC.,Canada,Ontario,BRANTFORD,50 COPERNICUS BLVD.,N3P1K5,6108,,,,approved,true,documentation_verified,CFIA export list entry. Species/by-products not verified; add only with explicit evidence.,https://apps.inspection.canada.ca/webapps/FishList/,CFIA Fish and Seafood Establishments (Export List),regulator,2026-02-06
GRAND RIVER FOOD LTD (CFIA Ref #6367),GRAND RIVER FOOD LTD,Canada,British Columbia,ABBOTSFORD,31100 WHEEL AVE,V2T6H1,6367,,,,approved,true,documentation_verified,CFIA export list entry. Species/by-products not verified; add only with explicit evidence.,https://apps.inspection.canada.ca/webapps/FishList/,CFIA Fish and Seafood Establishments (Export List),regulator,2026-02-06
OCEAN CHOICE INTERNATIONAL INC. (CFIA Ref #1417486),OCEAN CHOICE INTERNATIONAL INC.,Canada,Newfoundland and Labrador,SOUTH DILDO,FISH PLANT ROAD,A0B1R0,1417486,,,,approved,true,documentation_verified,CFIA export list entry. Species/by-products not verified; add only with explicit evidence.,https://apps.inspection.canada.ca/webapps/FishList/,CFIA Fish and Seafood Establishments (Export List),regulator,2026-02-06
ADIANTUM PRODUCTION INC. (CFIA Ref #6368),ADIANTUM PRODUCTION INC.,Canada,Quebec,SAINTE-JULIE,1777-A RUE NOBEL,J3E1Z6,6368,,,,approved,true,documentation_verified,CFIA export list entry. Species/by-products not verified; add only with explicit evidence.,https://apps.inspection.canada.ca/webapps/FishList/,CFIA Fish and Seafood Establishments (Export List),regulator,2026-02-06
"SYSCO CANADA, INC. / SYSCO FINE MEATS TORONTO – DERMA (CFIA Ref #6366)","SYSCO CANADA, INC. / SYSCO FINE MEATS TORONTO – DERMA",Canada,Ontario,VAUGHAN,1400 CREDITSTONE ROAD,L4K0E2,6366,,,,approved,true,documentation_verified,CFIA export list entry. Species/by-products not verified; add only with explicit evidence.,https://apps.inspection.canada.ca/webapps/FishList/,CFIA Fish and Seafood Establishments (Export List),regulator,2026-02-06
DANDY DAN’S FISH MARKET LIMITED (CFIA Ref #6370),DANDY DAN’S FISH MARKET LIMITED,Canada,Newfoundland and Labrador,ARGENTIA,110 CHARTER AVENUE,A0B1W0,6370,,,,approved,true,documentation_verified,CFIA export list entry. Species/by-products not verified; add only with explicit evidence.,https://apps.inspection.canada.ca/webapps/FishList/,CFIA Fish and Seafood Establishments (Export List),regulator,2026-02-06
LESLIE HARDY & SONS LTD. / LESLIE (CFIA Ref #2326),LESLIE HARDY & SONS LTD. / LESLIE,Canada,Prince Edward Island,ELLERSLIE,84 FOSTER SHARP ROAD,C0B1J0,2326,,,,approved,true,documentation_verified,CFIA export list entry. Species/by-products not verified; add only with explicit evidence.,https://apps.inspection.canada.ca/webapps/FishList/,CFIA Fish and Seafood Establishments (Export List),regulator,2026-02-06
CHIN TAI GINSENG CO. LTD. (CFIA Ref #6372),CHIN TAI GINSENG CO. LTD.,Canada,Ontario,Scotland,4425 Highway 24,N0E1R0,6372,,,,approved,true,documentation_verified,CFIA export list entry. Species/by-products not verified; add only with explicit evidence.,https://apps.inspection.canada.ca/webapps/FishList/,CFIA Fish and Seafood Establishments (Export List),regulator,2026-02-06
"GROUPE COLABOR INC./COLABOR GROUP INC./GROUPE COLABOR INC, DIVISION VIANDES LAUZON (CFIA Ref #6374)","GROUPE COLABOR INC./COLABOR GROUP INC./GROUPE COLABOR INC, DIVISION VIANDES LAUZON",Canada,Quebec,MONTREAL,2715 RUE READING,H3K1P7,6374,,,,approved,true,documentation_verified,CFIA export list entry. Species/by-products not verified; add only with explicit evidence.,https://apps.inspection.canada.ca/webapps/FishList/,CFIA Fish and Seafood Establishments (Export List),regulator,2026-02-06
FACTORS GROUP OF NUTRITIONAL COMPANIES INC. (CFIA Ref #6375),FACTORS GROUP OF NUTRITIONAL COMPANIES INC.,Canada,British Columbia,COQUITLAM,UNIT #2 2001 HARTLEY AVE,V3K6Z3,6375,,,,approved,true,documentation_verified,CFIA export list entry. Species/by-products not verified; add only with explicit evidence.,https://apps.inspection.canada.ca/webapps/FishList/,CFIA Fish and Seafood Establishments (Export List),regulator,2026-02-06
CONGÉBEC INC. (CFIA Ref #6376),CONGÉBEC INC.,Canada,Quebec,BOUCHERVILLE,130 J.-A. BOMBARDIER ST.,J4B8N4,6376,,,,approved,true,documentation_verified,CFIA export list entry. Species/by-products not verified; add only with explicit evidence.,https://apps.inspection.canada.ca/webapps/FishList/,CFIA Fish and Seafood Establishments (Export List),regulator,2026-02-06
NATURAL LIFE NUTRITION INC. (CFIA Ref #6377),NATURAL LIFE NUTRITION INC.,Canada,British Columbia,BURNABY,108-7337 FRASER WAY,V5J0G7,6377,,,,approved,true,documentation_verified,CFIA export list entry. Species/by-products not verified; add only with explicit evidence.,https://apps.inspection.canada.ca/webapps/FishList/,CFIA Fish and Seafood Establishments (Export List),regulator,2026-02-06
CRUSTACES G ROUSSY INC (CFIA Ref #6378),CRUSTACES G ROUSSY INC,Canada,Quebec,PORT-DANIEL,"459, RTE 132",G0C2N0,6378,,,,approved,true,documentation_verified,CFIA export list entry. Species/by-products not verified; add only with explicit evidence.,https://apps.inspection.canada.ca/webapps/FishList/,CFIA Fish and Seafood Establishments (Export List),regulator,2026-02-06
3340921 NOVA SCOTIA LIMITED (CFIA Ref #6379),3340921 NOVA SCOTIA LIMITED,Canada,Nova Scotia,YARMOUTH,18 WATER STREET,B5A1K8,6379,,,,approved,true,documentation_verified,CFIA export list entry. Species/by-products not verified; add only with explicit evidence.,https://apps.inspection.canada.ca/webapps/FishList/,CFIA Fish and Seafood Establishments (Export List),regulator,2026-02-06
C.B. ISLAND FISHERIES LTD. / KEYSTONE MERCHANDISING (CFIA Ref #6380),C.B. ISLAND FISHERIES LTD. / KEYSTONE MERCHANDISING,Canada,British Columbia,RICHMOND,#12 - 4751 SHELL ROAD,V6X3H4,6380,,,,approved,true,documentation_verified,CFIA export list entry. Species/by-products not verified; add only with explicit evidence.,https://apps.inspection.canada.ca/webapps/FishList/,CFIA Fish and Seafood Establishments (Export List),regulator,2026-02-06
CARLSON BROTHERS LTD (CFIA Ref #6381),CARLSON BROTHERS LTD,Canada,Ontario,BLIND RIVER,57 JETTY AVE.,P0R1B0,6381,,,,approved,true,documentation_verified,CFIA export list entry. Species/by-products not verified; add only with explicit evidence.,https://apps.inspection.canada.ca/webapps/FishList/,CFIA Fish and Seafood Establishments (Export List),regulator,2026-02-06
SEA TO SKY FISHING LTD./TRIPLE M II 326620 (CFIA Ref #6382),SEA TO SKY FISHING LTD./TRIPLE M II 326620,Canada,British Columbia,DELTA,7857 HUSTON ROAD,V4G0A5,6382,,,,approved,true,documentation_verified,CFIA export list entry. Species/by-products not verified; add only with explicit evidence.,https://apps.inspection.canada.ca/webapps/FishList/,CFIA Fish and Seafood Establishments (Export List),regulator,2026-02-06
PÉCHERIES LEBRETON & FILS LTÉE / LEBRETON & SONS FISHERIES LTD. / PÉCHERIES LEBRETON & FILS LTÉ DIVISION CARAQUET (CFIA Ref #6383),PÉCHERIES LEBRETON & FILS LTÉE / LEBRETON & SONS FISHERIES LTD. / PÉCHERIES LEBRETON & FILS LTÉ DIVISION CARAQUET,Canada,New Brunswick,CARAQUET,9 RUE DU QUAI,E1W1B6,6383,,,,approved,true,documentation_verified,CFIA export list entry. Species/by-products not verified; add only with explicit evidence.,https://apps.inspection.canada.ca/webapps/FishList/,CFIA Fish and Seafood Establishments (Export List),regulator,2026-02-06
DURE FOODS LIMITED (CFIA Ref #6384),DURE FOODS LIMITED,Canada,Ontario,BRANTFORD,120 ROY BOULEVARD,N3R7K2,6384,,,,approved,true,documentation_verified,CFIA export list entry. Species/by-products not verified; add only with explicit evidence.,https://apps.inspection.canada.ca/webapps/FishList/,CFIA Fish and Seafood Establishments (Export List),regulator,2026-02-06
"LAKE TO SKY, INC. (CFIA Ref #6386)","LAKE TO SKY, INC.",Canada,Manitoba,GIMLI,141 DUNLOP AVE. PO BOX 569,R0C1B0,6386,,,,approved,true,documentation_verified,CFIA export list entry. Species/by-products not verified; add only with explicit evidence.,https://apps.inspection.canada.ca/webapps/FishList/,CFIA Fish and Seafood Establishments (Export List),regulator,2026-02-06
LES ABEILLES SERVICE DECONDITIONNEMENT INC (CFIA Ref #6385),LES ABEILLES SERVICE DECONDITIONNEMENT INC,Canada,Quebec,ANJOU,11100 BOUL. LOUIS H-LAFONTAINE,H1J2Y5,6385,,,,approved,true,documentation_verified,CFIA export list entry. Species/by-products not verified; add only with explicit evidence.,https://apps.inspection.canada.ca/webapps/FishList/,CFIA Fish and Seafood Establishments (Export List),regulator,2026-02-06
FOREMOST FISHING LTD. (CFIA Ref #6387),FOREMOST FISHING LTD.,Canada,British Columbia,DELTA,7857 HUSTON ROAD,V4G0A5,6387,,,,approved,true,documentation_verified,CFIA export list entry. Species/by-products not verified; add only with explicit evidence.,https://apps.inspection.canada.ca/webapps/FishList/,CFIA Fish and Seafood Establishments (Export List),regulator,2026-02-06
PACHENA FISHING LTD./PACHENA NO 1 383461 (CFIA Ref #6389),PACHENA FISHING LTD./PACHENA NO 1 383461,Canada,British Columbia,DELTA,7857 HUSTON ROAD,V4G0A5,6389,,,,approved,true,documentation_verified,CFIA export list entry. Species/by-products not verified; add only with explicit evidence.,https://apps.inspection.canada.ca/webapps/FishList/,CFIA Fish and Seafood Establishments (Export List),regulator,2026-02-06
ALIMENTS MARTEL INC. (CFIA Ref #6390),ALIMENTS MARTEL INC.,Canada,Quebec,TERREBONNE,460 RUE FERNAND-POITRAS,J6Y1Y6,6390,,,,approved,true,documentation_verified,CFIA export list entry. Species/by-products not verified; add only with explicit evidence.,https://apps.inspection.canada.ca/webapps/FishList/,CFIA Fish and Seafood Establishments (Export List),regulator,2026-02-06
SABATINI U. GOURMET FOODS LIMITED (CFIA Ref #6397),SABATINI U. GOURMET FOODS LIMITED,Canada,Ontario,TORONTO,312 Dolomite Drive Units 923-931 Alness Street,M3J 2J1,6397,,,,approved,true,documentation_verified,CFIA export list entry. Species/by-products not verified; add only with explicit evidence.,https://apps.inspection.canada.ca/webapps/FishList/,CFIA Fish and Seafood Establishments (Export List),regulator,2026-02-06
GDE GROCERY DELIVERY E-SERVICES CANADA INC. / HFC SUMMERLEA (CFIA Ref #6398),GDE GROCERY DELIVERY E-SERVICES CANADA INC. / HFC SUMMERLEA,Canada,Ontario,BRAMPTON,"250 SUMMERLEA ROAD, UNIT 5 &6",L6T3V6,6398,,,,approved,true,documentation_verified,CFIA export list entry. Species/by-products not verified; add only with explicit evidence.,https://apps.inspection.canada.ca/webapps/FishList/,CFIA Fish and Seafood Establishments (Export List),regulator,2026-02-06
TOOTSI IMPEX INC (CFIA Ref #6394),TOOTSI IMPEX INC,Canada,Quebec,SAINT LAURENT,8800 HENRI BOURASSA,H4S1P4,6394,,,,approved,true,documentation_verified,CFIA export list entry. Species/by-products not verified; add only with explicit evidence.,https://apps.inspection.canada.ca/webapps/FishList/,CFIA Fish and Seafood Establishments (Export List),regulator,2026-02-06
TOOTSI IMPEX INC./LES ALIMENTS NATYA LIMITÉE (CFIA Ref #6395),TOOTSI IMPEX INC./LES ALIMENTS NATYA LIMITÉE,Canada,Quebec,SAINT-LAURENT,3015 RUE BRABANT MARINEAU,H4S1R8,6395,,,,approved,true,documentation_verified,CFIA export list entry. Species/by-products not verified; add only with explicit evidence.,https://apps.inspection.canada.ca/webapps/FishList/,CFIA Fish and Seafood Establishments (Export List),regulator,2026-02-06
COLUMBIA DUNGENESS CRAB LIMITED (CFIA Ref #6400),COLUMBIA DUNGENESS CRAB LIMITED,Canada,British Columbia,RICHMOND,8-12800 BATHGATE WAY,V6V1Z4,6400,,,,approved,true,documentation_verified,CFIA export list entry. Species/by-products not verified; add only with explicit evidence.,https://apps.inspection.canada.ca/webapps/FishList/,CFIA Fish and Seafood Establishments (Export List),regulator,2026-02-06
HELLOFRESH CANADA INC. (CFIA Ref #6401),HELLOFRESH CANADA INC.,Canada,British Columbia,ABBOTSFORD,3311 MOUNT LEHMAN ROAD,V4X2M9,6401,,,,approved,true,documentation_verified,CFIA export list entry. Species/by-products not verified; add only with explicit evidence.,https://apps.inspection.canada.ca/webapps/FishList/,CFIA Fish and Seafood Establishments (Export List),regulator,2026-02-06
FATHOM FISH & SEAFOOD INC. (CFIA Ref #6403),FATHOM FISH & SEAFOOD INC.,Canada,Nova Scotia,LITTLE BROOK,130 LITTLE BROOK ROAD,B0W1Z0,6403,,,,approved,true,documentation_verified,CFIA export list entry. Species/by-products not verified; add only with explicit evidence.,https://apps.inspection.canada.ca/webapps/FishList/,CFIA Fish and Seafood Establishments (Export List),regulator,2026-02-06
EAST CAPE OYSTER COMPANY (CFIA Ref #6405),EAST CAPE OYSTER COMPANY,Canada,Prince Edward Island,CHARLOTTETOWN,3C MACALEER DRIVE,C1E2A1,6405,,,,approved,true,documentation_verified,CFIA export list entry. Species/by-products not verified; add only with explicit evidence.,https://apps.inspection.canada.ca/webapps/FishList/,CFIA Fish and Seafood Establishments (Export List),regulator,2026-02-06
EAT-IN FOODS INC (CFIA Ref #6406),EAT-IN FOODS INC,Canada,Ontario,MISSISSAUGA,7389 KIMBEL STREET #7,L4T3M6,6406,,,,approved,true,documentation_verified,CFIA export list entry. Species/by-products not verified; add only with explicit evidence.,https://apps.inspection.canada.ca/webapps/FishList/,CFIA Fish and Seafood Establishments (Export List),regulator,2026-02-06
GOODMARK POULTRY (TORONTO) INC. (CFIA Ref #6407),GOODMARK POULTRY (TORONTO) INC.,Canada,Ontario,MISSISSAUGA,2445 LUCKNOW DR.,L5S1H9,6407,,,,approved,true,documentation_verified,CFIA export list entry. Species/by-products not verified; add only with explicit evidence.,https://apps.inspection.canada.ca/webapps/FishList/,CFIA Fish and Seafood Establishments (Export List),regulator,2026-02-06
M.V. OSPREY LTD. (CFIA Ref #1466088),M.V. OSPREY LTD.,Canada,Nova Scotia,NORTH SYDNEY,385 PURVES STREET,B2A3M3,1466088,,,,approved,true,documentation_verified,CFIA export list entry. Species/by-products not verified; add only with explicit evidence.,https://apps.inspection.canada.ca/webapps/FishList/,CFIA Fish and Seafood Establishments (Export List),regulator,2026-02-06
NORTH RIVER FISH FARMS LIMITED (CFIA Ref #6404),NORTH RIVER FISH FARMS LIMITED,Canada,Nova Scotia,TRURO,57 MACKENZIE SETTLEMENT,B6L6L7,6404,,,,approved,true,documentation_verified,CFIA export list entry. Species/by-products not verified; add only with explicit evidence.,https://apps.inspection.canada.ca/webapps/FishList/,CFIA Fish and Seafood Establishments (Export List),regulator,2026-02-06
MACGREGORS MEAT & SEAFOOD LTD. (CFIA Ref #6410),MACGREGORS MEAT & SEAFOOD LTD.,Canada,Ontario,TORONTO,265 GARYRAY DRIVE,M9L1P2,6410,,,,approved,true,documentation_verified,CFIA export list entry. Species/by-products not verified; add only with explicit evidence.,https://apps.inspection.canada.ca/webapps/FishList/,CFIA Fish and Seafood Establishments (Export List),regulator,2026-02-06
RID OF THE RED CHICKEN & SEAFOOD CO. LTD. (CFIA Ref #6412),RID OF THE RED CHICKEN & SEAFOOD CO. LTD.,Canada,British Columbia,BURNABY,3777 KEITH STREET,V5J3B9,6412,,,,approved,true,documentation_verified,CFIA export list entry. Species/by-products not verified; add only with explicit evidence.,https://apps.inspection.canada.ca/webapps/FishList/,CFIA Fish and Seafood Establishments (Export List),regulator,2026-02-06
1279426 B.C. LTD./ NOVA HARVEST - THE DOCK+ FOOD HUB (CFIA Ref #6409),1279426 B.C. LTD./ NOVA HARVEST - THE DOCK+ FOOD HUB,Canada,British Columbia,PORT ALBERNI,400-3140 HARBOUR ROAD,V9Y4B9,6409,,,,approved,true,documentation_verified,CFIA export list entry. Species/by-products not verified; add only with explicit evidence.,https://apps.inspection.canada.ca/webapps/FishList/,CFIA Fish and Seafood Establishments (Export List),regulator,2026-02-06
1299244 B.C. LTD./LEESWINNER (CFIA Ref #6314),1299244 B.C. LTD./LEESWINNER,Canada,British Columbia,RICHMOND,9791 FINN RD,V7A2L3,6314,,,,approved,true,documentation_verified,CFIA export list entry. Species/by-products not verified; add only with explicit evidence.,https://apps.inspection.canada.ca/webapps/FishList/,CFIA Fish and Seafood Establishments (Export List),regulator,2026-02-06
SCOTIA HARVEST INC. (CFIA Ref #6414),SCOTIA HARVEST INC.,Canada,Nova Scotia,SEABROOK,12538 HIGHWAY 217,B0V1A0,6414,,,,approved,true,documentation_verified,CFIA export list entry. Species/by-products not verified; add only with explicit evidence.,https://apps.inspection.canada.ca/webapps/FishList/,CFIA Fish and Seafood Establishments (Export List),regulator,2026-02-06
PUBNICO LEDGE FISHERIES LIMITED (CFIA Ref #6413),PUBNICO LEDGE FISHERIES LIMITED,Canada,Nova Scotia,WEST PUBNICO,286 DENNIS POINT RD,B0W2C0,6413,,,,approved,true,documentation_verified,CFIA export list entry. Species/by-products not verified; add only with explicit evidence.,https://apps.inspection.canada.ca/webapps/FishList/,CFIA Fish and Seafood Establishments (Export List),regulator,2026-02-06
CHEFSVILLE FOODS INC. (CFIA Ref #6416),CHEFSVILLE FOODS INC.,Canada,Ontario,MARKHAM,CHEFSVILLE FOODS INC.,L3P1W7,6416,,,,approved,true,documentation_verified,CFIA export list entry. Species/by-products not verified; add only with explicit evidence.,https://apps.inspection.canada.ca/webapps/FishList/,CFIA Fish and Seafood Establishments (Export List),regulator,2026-02-06
HAILMAR FISHERIES LIMITED (CFIA Ref #6417),HAILMAR FISHERIES LIMITED,Canada,Nova Scotia,OSBORNE HARBOUR,"193 OSBORNE HARBOUR RD, UNIT 2",B0T1L0,6417,,,,approved,true,documentation_verified,CFIA export list entry. Species/by-products not verified; add only with explicit evidence.,https://apps.inspection.canada.ca/webapps/FishList/,CFIA Fish and Seafood Establishments (Export List),regulator,2026-02-06
FACTORS GROUP OF NUTRITIONAL COMPANIES INC. /PITT MEADOWS (CFIA Ref #6418),FACTORS GROUP OF NUTRITIONAL COMPANIES INC. /PITT MEADOWS,Canada,British Columbia,PITT MEADOWS,19055 AIRPORT WAY UNIT 300,V3Y0G4,6418,,,,approved,true,documentation_verified,CFIA export list entry. Species/by-products not verified; add only with explicit evidence.,https://apps.inspection.canada.ca/webapps/FishList/,CFIA Fish and Seafood Establishments (Export List),regulator,2026-02-06
GOLDEN MAPLE GROUP INC. (CFIA Ref #6419),GOLDEN MAPLE GROUP INC.,Canada,Ontario,RICHMOND HILL,6-9040 LESLIE ST.,L4B3M4,6419,,,,approved,true,documentation_verified,CFIA export list entry. Species/by-products not verified; add only with explicit evidence.,https://apps.inspection.canada.ca/webapps/FishList/,CFIA Fish and Seafood Establishments (Export List),regulator,2026-02-06
MALPEQUE BAY OYSTER FARMS LTD (CFIA Ref #6421),MALPEQUE BAY OYSTER FARMS LTD,Canada,Prince Edward Island,ELLERSLIE,995 BIDEFORD RD,C0B1H0,6421,,,,approved,true,documentation_verified,CFIA export list entry. Species/by-products not verified; add only with explicit evidence.,https://apps.inspection.canada.ca/webapps/FishList/,CFIA Fish and Seafood Establishments (Export List),regulator,2026-02-06
FRESHSTONE BRANDS INC. (CFIA Ref #6422),FRESHSTONE BRANDS INC.,Canada,Ontario,ETOBICOKE,195 STEINWAY BLVD,M9W6H6,6422,,,,approved,true,documentation_verified,CFIA export list entry. Species/by-products not verified; add only with explicit evidence.,https://apps.inspection.canada.ca/webapps/FishList/,CFIA Fish and Seafood Establishments (Export List),regulator,2026-02-06
WISENT INC (CFIA Ref #6423),WISENT INC,Canada,Quebec,SAINT-CÉSAIRE,1015 ROUTE 112,J0L1T0,6423,,,,approved,true,documentation_verified,CFIA export list entry. Species/by-products not verified; add only with explicit evidence.,https://apps.inspection.canada.ca/webapps/FishList/,CFIA Fish and Seafood Establishments (Export List),regulator,2026-02-06
S.M. PRODUCTS (B.C.) LTD. (CFIA Ref #0942),S.M. PRODUCTS (B.C.) LTD.,Canada,British Columbia,DELTA,3827 RIVER ROAD WEST,V4K3N2,0942,,,,approved,true,documentation_verified,CFIA export list entry. Species/by-products not verified; add only with explicit evidence.,https://apps.inspection.canada.ca/webapps/FishList/,CFIA Fish and Seafood Establishments (Export List),regulator,2026-02-06
DAILY FRESH SHELLFISH INC. (CFIA Ref #6425),DAILY FRESH SHELLFISH INC.,Canada,British Columbia,RICHMOND,170-12855 CLARKE PLACE,V6V2H9,6425,,,,approved,true,documentation_verified,CFIA export list entry. Species/by-products not verified; add only with explicit evidence.,https://apps.inspection.canada.ca/webapps/FishList/,CFIA Fish and Seafood Establishments (Export List),regulator,2026-02-06
Ocean Choice International Inc. (CFIA Ref #6426),Ocean Choice International Inc.,Canada,Nova Scotia,DARTMOUTH,11 SIMMONDS DR,B3B1R4,6426,,,,approved,true,documentation_verified,CFIA export list entry. Species/by-products not verified; add only with explicit evidence.,https://apps.inspection.canada.ca/webapps/FishList/,CFIA Fish and Seafood Establishments (Export List),regulator,2026-02-06
CN GLOBAL DISTRIBUTOR INC. (CFIA Ref #1293632),CN GLOBAL DISTRIBUTOR INC.,Canada,Ontario,TORONTO,"2010 ELLESMERE RD, UNIT 8 & 9",M1H3B1,1293632,,,,approved,true,documentation_verified,CFIA export list entry. Species/by-products not verified; add only with explicit evidence.,https://apps.inspection.canada.ca/webapps/FishList/,CFIA Fish and Seafood Establishments (Export List),regulator,2026-02-06
GDE GROCERY DELIVERY E-SERVICES CANADA INC. (CFIA Ref #6429),GDE GROCERY DELIVERY E-SERVICES CANADA INC.,Canada,Alberta,NISKU,920-36 AVE,T9E1C9,6429,,,,approved,true,documentation_verified,CFIA export list entry. Species/by-products not verified; add only with explicit evidence.,https://apps.inspection.canada.ca/webapps/FishList/,CFIA Fish and Seafood Establishments (Export List),regulator,2026-02-06
"NOCA CANADIAN SEAFOOD BUYER, INC. DBA SUNCOAST SEAFOOD (CFIA Ref #2433)","NOCA CANADIAN SEAFOOD BUYER, INC. DBA SUNCOAST SEAFOOD",Canada,New Brunswick,GRAND-DIGUE,87 CHEMIN QUAI-CAP-CACAGNE,E4R 4H7,2433,,,,approved,true,documentation_verified,CFIA export list entry. Species/by-products not verified; add only with explicit evidence.,https://apps.inspection.canada.ca/webapps/FishList/,CFIA Fish and Seafood Establishments (Export List),regulator,2026-02-06
YOUNG'S LOBSTER COMPANY LTD. (CFIA Ref #6431),YOUNG'S LOBSTER COMPANY LTD.,Canada,New Brunswick,NORTHERN HARBOUR,349 NORTHERN HARBOUR ROAD,E5V 1G6,6431,,,,approved,true,documentation_verified,CFIA export list entry. Species/by-products not verified; add only with explicit evidence.,https://apps.inspection.canada.ca/webapps/FishList/,CFIA Fish and Seafood Establishments (Export List),regulator,2026-02-06
MIKUNI MARKETING LTD. (CFIA Ref #6432),MIKUNI MARKETING LTD.,Canada,British Columbia,RICHMOND,UNIT 200 6711 ELMBRIDGE WAY,V7C 4N1,6432,,,,approved,true,documentation_verified,CFIA export list entry. Species/by-products not verified; add only with explicit evidence.,https://apps.inspection.canada.ca/webapps/FishList/,CFIA Fish and Seafood Establishments (Export List),regulator,2026-02-06
NORTH BAY FISHERMAN'S CO-OPERATIVE LTD./NORTH BAY FISHERMAN'S COOP (CFIA Ref #6433),NORTH BAY FISHERMAN'S CO-OPERATIVE LTD./NORTH BAY FISHERMAN'S COOP,Canada,Nova Scotia,BALLANTYNE'S COVE ANTIG C,23 WHARF RD,B2G2L2,6433,,,,approved,true,documentation_verified,CFIA export list entry. Species/by-products not verified; add only with explicit evidence.,https://apps.inspection.canada.ca/webapps/FishList/,CFIA Fish and Seafood Establishments (Export List),regulator,2026-02-06
GOCOLD SOLUTIONS INC. / TORBRAM ROAD (CFIA Ref #6434),GOCOLD SOLUTIONS INC. / TORBRAM ROAD,Canada,Ontario,MISSISSAUGA,7570 TORBRAM ROAD,L4T3L8,6434,,,,approved,true,documentation_verified,CFIA export list entry. Species/by-products not verified; add only with explicit evidence.,https://apps.inspection.canada.ca/webapps/FishList/,CFIA Fish and Seafood Establishments (Export List),regulator,2026-02-06
FRUITS DE MER AAA SEAFOOD INC. (CFIA Ref #4114),FRUITS DE MER AAA SEAFOOD INC.,Canada,New Brunswick,Caraquet,44 BOUL INDUSTRIEL,E1W1A9,4114,,,,approved,true,documentation_verified,CFIA export list entry. Species/by-products not verified; add only with explicit evidence.,https://apps.inspection.canada.ca/webapps/FishList/,CFIA Fish and Seafood Establishments (Export List),regulator,2026-02-06
BIG EYE MARINE INC. / VIKING WIND (CFIA Ref #6436),BIG EYE MARINE INC. / VIKING WIND,Canada,British Columbia,PARKSVILLE,853 MILLER ROAD,V9P1Z1,6436,,,,approved,true,documentation_verified,CFIA export list entry. Species/by-products not verified; add only with explicit evidence.,https://apps.inspection.canada.ca/webapps/FishList/,CFIA Fish and Seafood Establishments (Export List),regulator,2026-02-06
RIGHT SOURCE GROUP LIMITED (CFIA Ref #6437),RIGHT SOURCE GROUP LIMITED,Canada,Nova Scotia,BEDFORD,421 BLUEWATER ROAD,B4B1J7,6437,,,,approved,true,documentation_verified,CFIA export list entry. Species/by-products not verified; add only with explicit evidence.,https://apps.inspection.canada.ca/webapps/FishList/,CFIA Fish and Seafood Establishments (Export List),regulator,2026-02-06
ALIMENTS PAST-MER INC. (CFIA Ref #6438),ALIMENTS PAST-MER INC.,Canada,Quebec,DORVAL,105 RUE AVRO,H9P0A8,6438,,,,approved,true,documentation_verified,CFIA export list entry. Species/by-products not verified; add only with explicit evidence.,https://apps.inspection.canada.ca/webapps/FishList/,CFIA Fish and Seafood Establishments (Export List),regulator,2026-02-06
E. GAGNON & FILS LTÉE/ E.GAGNON & FILS LTÉE 5217 (CFIA Ref #5217),E. GAGNON & FILS LTÉE/ E.GAGNON & FILS LTÉE 5217,Canada,Quebec,SAINTE-THÉRÉSE-DE-GASPÉ,18 RUE DU HAVRE,G0C3B0,5217,,,,approved,true,documentation_verified,CFIA export list entry. Species/by-products not verified; add only with explicit evidence.,https://apps.inspection.canada.ca/webapps/FishList/,CFIA Fish and Seafood Establishments (Export List),regulator,2026-02-06
AMOS AND ANDY FISHERIES LIMITED (CFIA Ref #6440),AMOS AND ANDY FISHERIES LIMITED,Canada,Nova Scotia,HALIFAX,50 WILLOW ROAD; BUILDING 1,B3V1L1,6440,,,,approved,true,documentation_verified,CFIA export list entry. Species/by-products not verified; add only with explicit evidence.,https://apps.inspection.canada.ca/webapps/FishList/,CFIA Fish and Seafood Establishments (Export List),regulator,2026-02-06
9322-0341 QUEBEC INC. / CUISINE FRAICHER URBAINE (CFIA Ref #6441),9322-0341 QUEBEC INC. / CUISINE FRAICHER URBAINE,Canada,Quebec,SAINT-LAURENT,409 MONTPELLIER,H4N2G6,6441,,,,approved,true,documentation_verified,CFIA export list entry. Species/by-products not verified; add only with explicit evidence.,https://apps.inspection.canada.ca/webapps/FishList/,CFIA Fish and Seafood Establishments (Export List),regulator,2026-02-06
JACOMBS SEAFOOD LTD. (CFIA Ref #6442),JACOMBS SEAFOOD LTD.,Canada,British Columbia,RICHMOND,3771 JACOMBS RD # 545,V6V2L9,6442,,,,approved,true,documentation_verified,CFIA export list entry. Species/by-products not verified; add only with explicit evidence.,https://apps.inspection.canada.ca/webapps/FishList/,CFIA Fish and Seafood Establishments (Export List),regulator,2026-02-06
GDE GROCERY DELIVERY E-SERVICES CANADA INC./FACTOR ONTARIO (CFIA Ref #986),GDE GROCERY DELIVERY E-SERVICES CANADA INC./FACTOR ONTARIO,Canada,Ontario,MISSISSAUGA,3520 LAIRD ROAD,L5L5Z7,986,,,,approved,true,documentation_verified,CFIA export list entry. Species/by-products not verified; add only with explicit evidence.,https://apps.inspection.canada.ca/webapps/FishList/,CFIA Fish and Seafood Establishments (Export List),regulator,2026-02-06
NATIONAL PASTA CORP. (CFIA Ref #6445),NATIONAL PASTA CORP.,Canada,Ontario,Cambridge,"129 PINEBUSH ROAD, UNIT 101",N1R8L2,6445,,,,approved,true,documentation_verified,CFIA export list entry. Species/by-products not verified; add only with explicit evidence.,https://apps.inspection.canada.ca/webapps/FishList/,CFIA Fish and Seafood Establishments (Export List),regulator,2026-02-06
PÉCHERIES LEBRETON & FILS LTÉE / LEBRETON & SONS LTD (CFIA Ref #2552),PÉCHERIES LEBRETON & FILS LTÉE / LEBRETON & SONS LTD,Canada,New Brunswick,VAL-COMEAU,78 RUE DU QUAI,E1X1L4,2552,,,,approved,true,documentation_verified,CFIA export list entry. Species/by-products not verified; add only with explicit evidence.,https://apps.inspection.canada.ca/webapps/FishList/,CFIA Fish and Seafood Establishments (Export List),regulator,2026-02-06
0862417 B.C. LTD. (CFIA Ref #6446),0862417 B.C. LTD.,Canada,British Columbia,LADYSMITH,13269 SIMPSON ROAD,V9G1H8,6446,,,,approved,true,documentation_verified,CFIA export list entry. Species/by-products not verified; add only with explicit evidence.,https://apps.inspection.canada.ca/webapps/FishList/,CFIA Fish and Seafood Establishments (Export List),regulator,2026-02-06
SUN RA LOGOS/ADVENTURER (CFIA Ref #6447),SUN RA LOGOS/ADVENTURER,Canada,British Columbia,DELTA,4508 DAWN PLACE,V4K4S1,6447,,,,approved,true,documentation_verified,CFIA export list entry. Species/by-products not verified; add only with explicit evidence.,https://apps.inspection.canada.ca/webapps/FishList/,CFIA Fish and Seafood Establishments (Export List),regulator,2026-02-06
ODIN SEAFOOD LTD. (CFIA Ref #6448),ODIN SEAFOOD LTD.,Canada,British Columbia,PRINCE RUPERT,237 COW BAY RD,V8J1A2,6448,,,,approved,true,documentation_verified,CFIA export list entry. Species/by-products not verified; add only with explicit evidence.,https://apps.inspection.canada.ca/webapps/FishList/,CFIA Fish and Seafood Establishments (Export List),regulator,2026-02-06
C.B. ISLAND FISHERIES LTD./SEA VALUE (CFIA Ref #6449),C.B. ISLAND FISHERIES LTD./SEA VALUE,Canada,British Columbia,SURREY,3177 - 188TH STREET,V3Z9V5,6449,,,,approved,true,documentation_verified,CFIA export list entry. Species/by-products not verified; add only with explicit evidence.,https://apps.inspection.canada.ca/webapps/FishList/,CFIA Fish and Seafood Establishments (Export List),regulator,2026-02-06
PHOENIX FISHING LTD. / FREEDOM CHARGER (CFIA Ref #6450),PHOENIX FISHING LTD. / FREEDOM CHARGER,Canada,British Columbia,COURTENAY,1501 KREBS CRESCENT,V9N9E9,6450,,,,approved,true,documentation_verified,CFIA export list entry. Species/by-products not verified; add only with explicit evidence.,https://apps.inspection.canada.ca/webapps/FishList/,CFIA Fish and Seafood Establishments (Export List),regulator,2026-02-06
R J KING FISHERIES LIMITED (CFIA Ref #6451),R J KING FISHERIES LIMITED,Canada,Nova Scotia,METEGHAN,7891 HIGHWAY 1,B0W2K0,6451,,,,approved,true,documentation_verified,CFIA export list entry. Species/by-products not verified; add only with explicit evidence.,https://apps.inspection.canada.ca/webapps/FishList/,CFIA Fish and Seafood Establishments (Export List),regulator,2026-02-06
R J KING FISHERIES LIMITED / MV ISLAND BOUNTY (CFIA Ref #3753),R J KING FISHERIES LIMITED / MV ISLAND BOUNTY,Canada,Nova Scotia,CANSO,120 WATER STREET,B0H1H0,3753,,,,approved,true,documentation_verified,CFIA export list entry. Species/by-products not verified; add only with explicit evidence.,https://apps.inspection.canada.ca/webapps/FishList/,CFIA Fish and Seafood Establishments (Export List),regulator,2026-02-06
WELLNESS TRADING INC. (CFIA Ref #6452),WELLNESS TRADING INC.,Canada,Ontario,RICHMOND HILL,9040 LESLIE ST UNIT 2,L4B3M4,6452,,,,approved,true,documentation_verified,CFIA export list entry. Species/by-products not verified; add only with explicit evidence.,https://apps.inspection.canada.ca/webapps/FishList/,CFIA Fish and Seafood Establishments (Export List),regulator,2026-02-06
AFRICAN CHOICE MARKET LTD. (CFIA Ref #6453),AFRICAN CHOICE MARKET LTD.,Canada,Alberta,CALGARY,12; 2010 30 AVENUE NE,T2E6Z3,6453,,,,approved,true,documentation_verified,CFIA export list entry. Species/by-products not verified; add only with explicit evidence.,https://apps.inspection.canada.ca/webapps/FishList/,CFIA Fish and Seafood Establishments (Export List),regulator,2026-02-06
OCEAN STORY FISHING GROUP INC. (CFIA Ref #1C54),OCEAN STORY FISHING GROUP INC.,Canada,British Columbia,RICHMOND,21300 GORDON WAY - UNIT 243,V6W1M2,1C54,,,,approved,true,documentation_verified,CFIA export list entry. Species/by-products not verified; add only with explicit evidence.,https://apps.inspection.canada.ca/webapps/FishList/,CFIA Fish and Seafood Establishments (Export List),regulator,2026-02-06
MALCOLM MACDERMID SEAFOOD LTD. (CFIA Ref #6454),MALCOLM MACDERMID SEAFOOD LTD.,Canada,Nova Scotia,BIG BRASS DOR,1825 OLD ROUTE 5,B1X1A5,6454,,,,approved,true,documentation_verified,CFIA export list entry. Species/by-products not verified; add only with explicit evidence.,https://apps.inspection.canada.ca/webapps/FishList/,CFIA Fish and Seafood Establishments (Export List),regulator,2026-02-06
CAPE BRETON BIVALVE INC. (CFIA Ref #1C58),CAPE BRETON BIVALVE INC.,Canada,Nova Scotia,ENGLISHTOWN,865 HWY 312,B0C1H0,1C58,,,,approved,true,documentation_verified,CFIA export list entry. Species/by-products not verified; add only with explicit evidence.,https://apps.inspection.canada.ca/webapps/FishList/,CFIA Fish and Seafood Establishments (Export List),regulator,2026-02-06
LELE SEAFOOD LTD. (CFIA Ref #6455),LELE SEAFOOD LTD.,Canada,British Columbia,RICHMOND,3102-12811 ROWAN PL.,V6V2S6,6455,,,,approved,true,documentation_verified,CFIA export list entry. Species/by-products not verified; add only with explicit evidence.,https://apps.inspection.canada.ca/webapps/FishList/,CFIA Fish and Seafood Establishments (Export List),regulator,2026-02-06
INNOVATIVE FISHERY PRODUCTS INCORPORATED (CFIA Ref #1C60),INNOVATIVE FISHERY PRODUCTS INCORPORATED,Canada,Nova Scotia,BELLIVEAU COVE,3567 HWY1,B0W1J0,1C60,,,,approved,true,documentation_verified,CFIA export list entry. Species/by-products not verified; add only with explicit evidence.,https://apps.inspection.canada.ca/webapps/FishList/,CFIA Fish and Seafood Establishments (Export List),regulator,2026-02-06
NUTRALAB CANADA CORP. (CFIA Ref #1B58),NUTRALAB CANADA CORP.,Canada,Ontario,SCARBOROUGH,980 TAPSCOTT RD,M1X1C3,1B58,,,,approved,true,documentation_verified,CFIA export list entry. Species/by-products not verified; add only with explicit evidence.,https://apps.inspection.canada.ca/webapps/FishList/,CFIA Fish and Seafood Establishments (Export List),regulator,2026-02-06
PREMIÉRE NATION WOLASTOQIYIK (MALÉCITE) WAHSIPEKUK (CFIA Ref #1C66),PREMIÉRE NATION WOLASTOQIYIK (MALÉCITE) WAHSIPEKUK,Canada,Quebec,CACOUNA,1000 RUE DU PATRIMOINE,G0L1G0,1C66,,,,approved,true,documentation_verified,CFIA export list entry. Species/by-products not verified; add only with explicit evidence.,https://apps.inspection.canada.ca/webapps/FishList/,CFIA Fish and Seafood Establishments (Export List),regulator,2026-02-06
SYSCO CANADA; INC./BUCKHEAD ALBERTA (CFIA Ref #1C61),SYSCO CANADA; INC./BUCKHEAD ALBERTA,Canada,Alberta,SHERWOOD PARK,278 CREE ROAD,T8A4G2,1C61,,,,approved,true,documentation_verified,CFIA export list entry. Species/by-products not verified; add only with explicit evidence.,https://apps.inspection.canada.ca/webapps/FishList/,CFIA Fish and Seafood Establishments (Export List),regulator,2026-02-06
OCEANWIDE SEAFOOD LTD. (CFIA Ref #1C68),OCEANWIDE SEAFOOD LTD.,Canada,British Columbia,RICHMOND,UNIT 1145; 12191 HAMMERSMITH WAY,V7A5H2,1C68,,,,approved,true,documentation_verified,CFIA export list entry. Species/by-products not verified; add only with explicit evidence.,https://apps.inspection.canada.ca/webapps/FishList/,CFIA Fish and Seafood Establishments (Export List),regulator,2026-02-06
THE BAIT MAN LIMITED (CFIA Ref #1C69),THE BAIT MAN LIMITED,Canada,Nova Scotia,CLARK'S HARBOUR,97 DANIELS HEAD ROAD,B0W1P0,1C69,,,,approved,true,documentation_verified,CFIA export list entry. Species/by-products not verified; add only with explicit evidence.,https://apps.inspection.canada.ca/webapps/FishList/,CFIA Fish and Seafood Establishments (Export List),regulator,2026-02-06
BASIN VIEW SEAFOOD INC./STANLEY'S SEAFOOD (CFIA Ref #1C70),BASIN VIEW SEAFOOD INC./STANLEY'S SEAFOOD,Canada,Prince Edward Island,NORTH RUSTICO,358 HARBOURVIEW DRIVE,C0A1X0,1C70,,,,approved,true,documentation_verified,CFIA export list entry. Species/by-products not verified; add only with explicit evidence.,https://apps.inspection.canada.ca/webapps/FishList/,CFIA Fish and Seafood Establishments (Export List),regulator,2026-02-06
MIKE'S QUEEN ST MEAT AND SEAFOOD MARKET INC./MIKES ISLAND MARKET (CFIA Ref #1C71),MIKE'S QUEEN ST MEAT AND SEAFOOD MARKET INC./MIKES ISLAND MARKET,Canada,Prince Edward Island,CHARLOTTETOWN,368 UNIVERSITY AVENUE,C1A4N1,1C71,,,,approved,true,documentation_verified,CFIA export list entry. Species/by-products not verified; add only with explicit evidence.,https://apps.inspection.canada.ca/webapps/FishList/,CFIA Fish and Seafood Establishments (Export List),regulator,2026-02-06
602390 ONTARIO LIMITED / OCEAN SEAFOOD COMPANY (CFIA Ref #73636),602390 ONTARIO LIMITED / OCEAN SEAFOOD COMPANY,Canada,Ontario,SCARBOROUGH,81 SCOTTFIELD DRIVE,M1S5R4,73636,,,,approved,true,documentation_verified,CFIA export list entry. Species/by-products not verified; add only with explicit evidence.,https://apps.inspection.canada.ca/webapps/FishList/,CFIA Fish and Seafood Establishments (Export List),regulator,2026-02-06
LANCE KUJALA / NOTORIOUS (CFIA Ref #1C72),LANCE KUJALA / NOTORIOUS,Canada,British Columbia,PORT ALBERNI,7880 CAMERON RD,V9Y8M9,1C72,,,,approved,true,documentation_verified,CFIA export list entry. Species/by-products not verified; add only with explicit evidence.,https://apps.inspection.canada.ca/webapps/FishList/,CFIA Fish and Seafood Establishments (Export List),regulator,2026-02-06
GOLDEN CLAW SEAFOOD LTD. (CFIA Ref #6456),GOLDEN CLAW SEAFOOD LTD.,Canada,British Columbia,RICHMOND,150-2400 SHELL ROAD,V6X2P1,6456,,,,approved,true,documentation_verified,CFIA export list entry. Species/by-products not verified; add only with explicit evidence.,https://apps.inspection.canada.ca/webapps/FishList/,CFIA Fish and Seafood Establishments (Export List),regulator,2026-02-06
ATLANTICWILD OCEAN KITCHEN INC. (CFIA Ref #1C73),ATLANTICWILD OCEAN KITCHEN INC.,Canada,Nova Scotia,LOWER WEST PUBNICO,244 DENNIS POINT ROAD UNIT 2,B0W2C0,1C73,,,,approved,true,documentation_verified,CFIA export list entry. Species/by-products not verified; add only with explicit evidence.,https://apps.inspection.canada.ca/webapps/FishList/,CFIA Fish and Seafood Establishments (Export List),regulator,2026-02-06
JMK FISH MART INC. (CFIA Ref #1C76),JMK FISH MART INC.,Canada,Prince Edward Island,SUMMERSIDE,110 QUEENS WHARF,C1N2G9,1C76,,,,approved,true,documentation_verified,CFIA export list entry. Species/by-products not verified; add only with explicit evidence.,https://apps.inspection.canada.ca/webapps/FishList/,CFIA Fish and Seafood Establishments (Export List),regulator,2026-02-06
JOEL SMITH FISHERIES (RICHMOND ROAD) (CFIA Ref #1C78),JOEL SMITH FISHERIES (RICHMOND ROAD),Canada,Nova Scotia,RICHMOND,31 PORTER CORNING ROAD,B5A5L4,1C78,,,,approved,true,documentation_verified,CFIA export list entry. Species/by-products not verified; add only with explicit evidence.,https://apps.inspection.canada.ca/webapps/FishList/,CFIA Fish and Seafood Establishments (Export List),regulator,2026-02-06
NOVA COLD LOGISTICS ULC (CFIA Ref #CS1459337),NOVA COLD LOGISTICS ULC,Canada,Nova Scotia,DARTMOUTH,635 WILKINSON AVE,B3B 0H4,CS1459337,,,,approved,true,documentation_verified,CFIA export list entry. Species/by-products not verified; add only with explicit evidence.,https://apps.inspection.canada.ca/webapps/FishList/,CFIA Fish and Seafood Establishments (Export List),regulator,2026-02-06
BOAT FRESH INTERNATIONAL TRADING LTD. (CFIA Ref #0776),BOAT FRESH INTERNATIONAL TRADING LTD.,Canada,British Columbia,RICHMOND,2500 VISCOUNT WAY,V6V1N1,0776,,,,approved,true,documentation_verified,CFIA export list entry. Species/by-products not verified; add only with explicit evidence.,https://apps.inspection.canada.ca/webapps/FishList/,CFIA Fish and Seafood Establishments (Export List),regulator,2026-02-06
LEPREAUX SHELLFISH LTD (CFIA Ref #1C80),LEPREAUX SHELLFISH LTD,Canada,New Brunswick,LEPREAU,2406 ROUTE 175,E5J0B4,1C80,,,,approved,true,documentation_verified,CFIA export list entry. Species/by-products not verified; add only with explicit evidence.,https://apps.inspection.canada.ca/webapps/FishList/,CFIA Fish and Seafood Establishments (Export List),regulator,2026-02-06
1321257 B.C. LTD./LILYBOB-B (CFIA Ref #1C82),1321257 B.C. LTD./LILYBOB-B,Canada,British Columbia,RICHMOND,NO12-12740 TRITES RD,V7E3R8,1C82,,,,approved,true,documentation_verified,CFIA export list entry. Species/by-products not verified; add only with explicit evidence.,https://apps.inspection.canada.ca/webapps/FishList/,CFIA Fish and Seafood Establishments (Export List),regulator,2026-02-06
1321257 B.C. LTD./ADVENTURER (CFIA Ref #6190),1321257 B.C. LTD./ADVENTURER,Canada,British Columbia,RICHMOND,NO12-12740 TRITES RD,V7E3R8,6190,,,,approved,true,documentation_verified,CFIA export list entry. Species/by-products not verified; add only with explicit evidence.,https://apps.inspection.canada.ca/webapps/FishList/,CFIA Fish and Seafood Establishments (Export List),regulator,2026-02-06
PREMIUM BRANDS OPERATING LIMITED PARTNERSHIP (CFIA Ref #970),PREMIUM BRANDS OPERATING LIMITED PARTNERSHIP,Canada,Alberta,EDMONTON,19020 111 AVENUE NW,T5S0B6,970,,,,approved,true,documentation_verified,CFIA export list entry. Species/by-products not verified; add only with explicit evidence.,https://apps.inspection.canada.ca/webapps/FishList/,CFIA Fish and Seafood Establishments (Export List),regulator,2026-02-06
PECHERIES LEOMAR INC. / LEOMAR FISHERIES INC. (CFIA Ref #5611),PECHERIES LEOMAR INC. / LEOMAR FISHERIES INC.,Canada,Quebec,GRANDE-ENTRÉE,18 CHEMIN DU QUAI,G4T7C6,5611,,,,approved,true,documentation_verified,CFIA export list entry. Species/by-products not verified; add only with explicit evidence.,https://apps.inspection.canada.ca/webapps/FishList/,CFIA Fish and Seafood Establishments (Export List),regulator,2026-02-06
PECHERIES LEOMAR INC. / LEOMAR FISHERIES INC. (CFIA Ref #0566),PECHERIES LEOMAR INC. / LEOMAR FISHERIES INC.,Canada,Quebec,L'ÉTANG-DU-NORD,521 CHEMIN GROS-CAP,G4T3M1,0566,,,,approved,true,documentation_verified,CFIA export list entry. Species/by-products not verified; add only with explicit evidence.,https://apps.inspection.canada.ca/webapps/FishList/,CFIA Fish and Seafood Establishments (Export List),regulator,2026-02-06
FIRST CATCH FISHERIES CO. LTD. (CFIA Ref #1C89),FIRST CATCH FISHERIES CO. LTD.,Canada,Nova Scotia,GOFFS,545 PRATT & WHITNEY DRIVE,B2T1R8,1C89,,,,approved,true,documentation_verified,CFIA export list entry. Species/by-products not verified; add only with explicit evidence.,https://apps.inspection.canada.ca/webapps/FishList/,CFIA Fish and Seafood Establishments (Export List),regulator,2026-02-06
1298360 B.C. LTD. (CFIA Ref #1C91),1298360 B.C. LTD.,Canada,British Columbia,PRINCE RUPERT,7 COW BAY RD,V8J1A4,1C91,,,,approved,true,documentation_verified,CFIA export list entry. Species/by-products not verified; add only with explicit evidence.,https://apps.inspection.canada.ca/webapps/FishList/,CFIA Fish and Seafood Establishments (Export List),regulator,2026-02-06
HARBOUR INTERNATIONAL LIMITED (CFIA Ref #CS1403133),HARBOUR INTERNATIONAL LIMITED,Canada,Newfoundland and Labrador,BAY ROBERTS,154 WATER STREET ; P.O. BOX 808,A0A1G0,CS1403133,,,,approved,true,documentation_verified,CFIA export list entry. Species/by-products not verified; add only with explicit evidence.,https://apps.inspection.canada.ca/webapps/FishList/,CFIA Fish and Seafood Establishments (Export List),regulator,2026-02-06
F.A.S. SEAFOOD PRODUCERS LTD./CONFIDENT (CFIA Ref #6196),F.A.S. SEAFOOD PRODUCERS LTD./CONFIDENT,Canada,British Columbia,VICTORIA,27 ERIE ST,V8V1P8,6196,,,,approved,true,documentation_verified,CFIA export list entry. Species/by-products not verified; add only with explicit evidence.,https://apps.inspection.canada.ca/webapps/FishList/,CFIA Fish and Seafood Establishments (Export List),regulator,2026-02-06
LBA ENTERPRISES LTD (CFIA Ref #1C95),LBA ENTERPRISES LTD,Canada,Newfoundland and Labrador,LITTLE BAY,P.O. BOX 69,A0J1T0,1C95,,,,approved,true,documentation_verified,CFIA export list entry. Species/by-products not verified; add only with explicit evidence.,https://apps.inspection.canada.ca/webapps/FishList/,CFIA Fish and Seafood Establishments (Export List),regulator,2026-02-06
ISLAND FISHING LTD. (CFIA Ref #1C97),ISLAND FISHING LTD.,Canada,British Columbia,UCLUELET,1341 EBER RD,V0R3A0,1C97,,,,approved,true,documentation_verified,CFIA export list entry. Species/by-products not verified; add only with explicit evidence.,https://apps.inspection.canada.ca/webapps/FishList/,CFIA Fish and Seafood Establishments (Export List),regulator,2026-02-06
DR MA'S LABORATORIES INC (CFIA Ref #6332),DR MA'S LABORATORIES INC,Canada,British Columbia,RICHMOND,2580 VISCOUNT WAY,V6V1N1,6332,,,,approved,true,documentation_verified,CFIA export list entry. Species/by-products not verified; add only with explicit evidence.,https://apps.inspection.canada.ca/webapps/FishList/,CFIA Fish and Seafood Establishments (Export List),regulator,2026-02-06
1401888 B.C. LTD./PACIFIC QUEST (CFIA Ref #1D00),1401888 B.C. LTD./PACIFIC QUEST,Canada,British Columbia,TOFINO,195 ESCOWISTA RESERVE,V0R2Z0,1D00,,,,approved,true,documentation_verified,CFIA export list entry. Species/by-products not verified; add only with explicit evidence.,https://apps.inspection.canada.ca/webapps/FishList/,CFIA Fish and Seafood Establishments (Export List),regulator,2026-02-06
CLOVERDALE COLD STORAGE LTD. (CFIA Ref #0789),CLOVERDALE COLD STORAGE LTD.,Canada,British Columbia,SURREY,3177 - 188TH STREET,V3Z9V5,0789,,,,approved,true,documentation_verified,CFIA export list entry. Species/by-products not verified; add only with explicit evidence.,https://apps.inspection.canada.ca/webapps/FishList/,CFIA Fish and Seafood Establishments (Export List),regulator,2026-02-06
CLOVERDALE COLD STORAGE LTD. (CFIA Ref #1928),CLOVERDALE COLD STORAGE LTD.,Canada,British Columbia,SURREY,3133 - 188TH STREET,V3Z9V5,1928,,,,approved,true,documentation_verified,CFIA export list entry. Species/by-products not verified; add only with explicit evidence.,https://apps.inspection.canada.ca/webapps/FishList/,CFIA Fish and Seafood Establishments (Export List),regulator,2026-02-06
CLOVERDALE COLD STORAGE LTD. (CFIA Ref #1C74),CLOVERDALE COLD STORAGE LTD.,Canada,British Columbia,SURREY,3188 - 188TH STREET,V3Z9V5,1C74,,,,approved,true,documentation_verified,CFIA export list entry. Species/by-products not verified; add only with explicit evidence.,https://apps.inspection.canada.ca/webapps/FishList/,CFIA Fish and Seafood Establishments (Export List),regulator,2026-02-06
SMML HOLDINGS INC./STEELHEAD FOOD CO. (CFIA Ref #1D01),SMML HOLDINGS INC./STEELHEAD FOOD CO.,Canada,Ontario,ST. THOMAS,5 BARRIE BOULEVARD,N5P4B9,1D01,,,,approved,true,documentation_verified,CFIA export list entry. Species/by-products not verified; add only with explicit evidence.,https://apps.inspection.canada.ca/webapps/FishList/,CFIA Fish and Seafood Establishments (Export List),regulator,2026-02-06
RASPBERRY POINT OYSTER CO. (2023) INC. (CFIA Ref #1C55),RASPBERRY POINT OYSTER CO. (2023) INC.,Canada,Prince Edward Island,BAYVIEW,9409 CAVENDISH ROAD; ROUTE 6,C0A1N0,1C55,,,,approved,true,documentation_verified,CFIA export list entry. Species/by-products not verified; add only with explicit evidence.,https://apps.inspection.canada.ca/webapps/FishList/,CFIA Fish and Seafood Establishments (Export List),regulator,2026-02-06
CONCORD PREMIUM MEATS LTD. (CFIA Ref #297),CONCORD PREMIUM MEATS LTD.,Canada,Ontario,VAUGHAN,125 EDILCAN DRIVE,L4K3S6,297,,,,approved,true,documentation_verified,CFIA export list entry. Species/by-products not verified; add only with explicit evidence.,https://apps.inspection.canada.ca/webapps/FishList/,CFIA Fish and Seafood Establishments (Export List),regulator,2026-02-06
STEFF LOBSTER LTD (CFIA Ref #1D03),STEFF LOBSTER LTD,Canada,New Brunswick,PONT-LANDRY,852; CH. ST-RAYMOND,E1X2S8,1D03,,,,approved,true,documentation_verified,CFIA export list entry. Species/by-products not verified; add only with explicit evidence.,https://apps.inspection.canada.ca/webapps/FishList/,CFIA Fish and Seafood Establishments (Export List),regulator,2026-02-06
METRO RICHELIEU INC./METRO TERREBONNE (CFIA Ref #979),METRO RICHELIEU INC./METRO TERREBONNE,Canada,Quebec,TERREBONNE,1055 BOULEVARD DE LA PINIÉRE OUEST,J6Y1J5,979,,,,approved,true,documentation_verified,CFIA export list entry. Species/by-products not verified; add only with explicit evidence.,https://apps.inspection.canada.ca/webapps/FishList/,CFIA Fish and Seafood Establishments (Export List),regulator,2026-02-06
FERMES BELLES-AMOURS INC./ BELLES-AMOURS FARMS INC. (CFIA Ref #1D04),FERMES BELLES-AMOURS INC./ BELLES-AMOURS FARMS INC.,Canada,Quebec,BLANC SABLON,ROUTE 138,G0G1W0,1D04,,,,approved,true,documentation_verified,CFIA export list entry. Species/by-products not verified; add only with explicit evidence.,https://apps.inspection.canada.ca/webapps/FishList/,CFIA Fish and Seafood Establishments (Export List),regulator,2026-02-06
J&F SEAFOOD CORP. (CFIA Ref #1D05),J&F SEAFOOD CORP.,Canada,Ontario,WOODBRIDGE,7900 HUNTINGTON RD.,L4H4M8,1D05,,,,approved,true,documentation_verified,CFIA export list entry. Species/by-products not verified; add only with explicit evidence.,https://apps.inspection.canada.ca/webapps/FishList/,CFIA Fish and Seafood Establishments (Export List),regulator,2026-02-06
MERCIES ENTERPRISES LTD (CFIA Ref #1D06),MERCIES ENTERPRISES LTD,Canada,British Columbia,RICHMOND,2160 - 12191 HAMMERSMITH WAY,V7A5H2,1D06,,,,approved,true,documentation_verified,CFIA export list entry. Species/by-products not verified; add only with explicit evidence.,https://apps.inspection.canada.ca/webapps/FishList/,CFIA Fish and Seafood Establishments (Export List),regulator,2026-02-06
VERSACOL LOGISTICS SERVICES - GREAT PLAINS (CFIA Ref #1496096),VERSACOL LOGISTICS SERVICES - GREAT PLAINS,Canada,Alberta,CALGARY,5600-76 AVENUE SE,T2C4N4,1496096,,,,approved,true,documentation_verified,CFIA export list entry. Species/by-products not verified; add only with explicit evidence.,https://apps.inspection.canada.ca/webapps/FishList/,CFIA Fish and Seafood Establishments (Export List),regulator,2026-02-06
OCEAN STORY FISHING GROUP INC/VIKING MOON (CFIA Ref #1C81),OCEAN STORY FISHING GROUP INC/VIKING MOON,Canada,British Columbia,PORT EDWARD,PORT EDWARD HARBOUR; 200 BAYVIEW DR,V0V1G0,1C81,,,,approved,true,documentation_verified,CFIA export list entry. Species/by-products not verified; add only with explicit evidence.,https://apps.inspection.canada.ca/webapps/FishList/,CFIA Fish and Seafood Establishments (Export List),regulator,2026-02-06
I. DEVEAU FISHERIES LIMITED (CFIA Ref #1D10),I. DEVEAU FISHERIES LIMITED,Canada,Nova Scotia,METEGHAN,74 PETER DUGAS ROAD,B0W2J0,1D10,,,,approved,true,documentation_verified,CFIA export list entry. Species/by-products not verified; add only with explicit evidence.,https://apps.inspection.canada.ca/webapps/FishList/,CFIA Fish and Seafood Establishments (Export List),regulator,2026-02-06
HAFA FISHERIES TRADING INC. (CFIA Ref #6396),HAFA FISHERIES TRADING INC.,Canada,Ontario,SCARBOROUGH,40 SKAGWAY AVE,M1M3V1,6396,,,,approved,true,documentation_verified,CFIA export list entry. Species/by-products not verified; add only with explicit evidence.,https://apps.inspection.canada.ca/webapps/FishList/,CFIA Fish and Seafood Establishments (Export List),regulator,2026-02-06
MOON DANCER FISHING CO. LTD./ROYAL SPIRIT 29227 (CFIA Ref #6180),MOON DANCER FISHING CO. LTD./ROYAL SPIRIT 29227,Canada,British Columbia,NANOOSE BAY,2425 EDWARDS RD.,V9P9A5,6180,,,,approved,true,documentation_verified,CFIA export list entry. Species/by-products not verified; add only with explicit evidence.,https://apps.inspection.canada.ca/webapps/FishList/,CFIA Fish and Seafood Establishments (Export List),regulator,2026-02-06
WORLD STORAGE LTD. (CFIA Ref #S917),WORLD STORAGE LTD.,Canada,British Columbia,DELTA,7672 PROGRESS WAY; 103,V3W5V9,S917,,,,approved,true,documentation_verified,CFIA export list entry. Species/by-products not verified; add only with explicit evidence.,https://apps.inspection.canada.ca/webapps/FishList/,CFIA Fish and Seafood Establishments (Export List),regulator,2026-02-06
RUPERT MEATS LTD. (CFIA Ref #1D24),RUPERT MEATS LTD.,Canada,British Columbia,PRINCE RUPERT,207 3RD AVE EAST,V8J1K4,1D24,,,,approved,true,documentation_verified,CFIA export list entry. Species/by-products not verified; add only with explicit evidence.,https://apps.inspection.canada.ca/webapps/FishList/,CFIA Fish and Seafood Establishments (Export List),regulator,2026-02-06
CONGEBEC INC (CFIA Ref #S725),CONGEBEC INC,Canada,Quebec,QUEBEC,810; AVENUE GODIN,G1M 2X9,S725,,,,approved,true,documentation_verified,CFIA export list entry. Species/by-products not verified; add only with explicit evidence.,https://apps.inspection.canada.ca/webapps/FishList/,CFIA Fish and Seafood Establishments (Export List),regulator,2026-02-06
CONGEBEC INC (CFIA Ref #S763),CONGEBEC INC,Canada,Quebec,QUEBEC,800; RUE FERNAND-DUFOUR,G1M 3B1,S763,,,,approved,true,documentation_verified,CFIA export list entry. Species/by-products not verified; add only with explicit evidence.,https://apps.inspection.canada.ca/webapps/FishList/,CFIA Fish and Seafood Establishments (Export List),regulator,2026-02-06
SHIN GRAND FOOD TRADING LTD. / SHIN GRAND FOOD (CFIA Ref #1D26),SHIN GRAND FOOD TRADING LTD. / SHIN GRAND FOOD,Canada,British Columbia,RICHMOND,2-12180 HORSESHOE WAY,V7A4V5,1D26,,,,approved,true,documentation_verified,CFIA export list entry. Species/by-products not verified; add only with explicit evidence.,https://apps.inspection.canada.ca/webapps/FishList/,CFIA Fish and Seafood Establishments (Export List),regulator,2026-02-06
PACIFIC-LINK ENTERPRISES LTD. (CFIA Ref #1D28),PACIFIC-LINK ENTERPRISES LTD.,Canada,British Columbia,RICHMOND,13080 WORSTER COURT,V6V2B8,1D28,,,,approved,true,documentation_verified,CFIA export list entry. Species/by-products not verified; add only with explicit evidence.,https://apps.inspection.canada.ca/webapps/FishList/,CFIA Fish and Seafood Establishments (Export List),regulator,2026-02-06
LIVE STOR SYDNEY LIMITED (CFIA Ref #1528049),LIVE STOR SYDNEY LIMITED,Canada,Nova Scotia,SYDNEY,440 KELTIC DRIVE,B1L1B8,1528049,,,,approved,true,documentation_verified,CFIA export list entry. Species/by-products not verified; add only with explicit evidence.,https://apps.inspection.canada.ca/webapps/FishList/,CFIA Fish and Seafood Establishments (Export List),regulator,2026-02-06
DEEP PACIFIC SEAFOOD LTD./MAJESTIC WARRIOR - 812715 (CFIA Ref #1D30),DEEP PACIFIC SEAFOOD LTD./MAJESTIC WARRIOR - 812715,Canada,British Columbia,HALFMOON BAY,7906 FAWN RD,V7Z1C8,1D30,,,,approved,true,documentation_verified,CFIA export list entry. Species/by-products not verified; add only with explicit evidence.,https://apps.inspection.canada.ca/webapps/FishList/,CFIA Fish and Seafood Establishments (Export List),regulator,2026-02-06
RISING SPIRIT INVESTMENTS LTD./PACIFIC SKYWATCH (CFIA Ref #6272),RISING SPIRIT INVESTMENTS LTD./PACIFIC SKYWATCH,Canada,British Columbia,ARMSTRONG,4491 GRIZZLY HILL RD,V0E1B4,6272,,,,approved,true,documentation_verified,CFIA export list entry. Species/by-products not verified; add only with explicit evidence.,https://apps.inspection.canada.ca/webapps/FishList/,CFIA Fish and Seafood Establishments (Export List),regulator,2026-02-06
GROUPE MANUFACTURIER METRO INC. / GROUPE METRO MANUFACTURIER INC. (CFIA Ref #874),GROUPE MANUFACTURIER METRO INC. / GROUPE METRO MANUFACTURIER INC.,Canada,Quebec,LAVAL,4205 RUE PHILLIPPE-LEBON,H7P0L6,874,,,,approved,true,documentation_verified,CFIA export list entry. Species/by-products not verified; add only with explicit evidence.,https://apps.inspection.canada.ca/webapps/FishList/,CFIA Fish and Seafood Establishments (Export List),regulator,2026-02-06
R D R FISHING CO. / #19 - SERINNA LYNN (CFIA Ref #6198),R D R FISHING CO. / #19 - SERINNA LYNN,Canada,British Columbia,POWELL RIVER,6790 WHARF ST.,V8A1T9,6198,,,,approved,true,documentation_verified,CFIA export list entry. Species/by-products not verified; add only with explicit evidence.,https://apps.inspection.canada.ca/webapps/FishList/,CFIA Fish and Seafood Establishments (Export List),regulator,2026-02-06
NORTH SEAFOOD LTD. (CFIA Ref #1D31),NORTH SEAFOOD LTD.,Canada,British Columbia,RICHMOND,12740 TRITES RD UNIT 12,V7E3R8,1D31,,,,approved,true,documentation_verified,CFIA export list entry. Species/by-products not verified; add only with explicit evidence.,https://apps.inspection.canada.ca/webapps/FishList/,CFIA Fish and Seafood Establishments (Export List),regulator,2026-02-06
OLD HABITS FERMENTATION CO INC. (CFIA Ref #1D32),OLD HABITS FERMENTATION CO INC.,Canada,British Columbia,VICTORIA,776 FAIRVIEW ROAD,V9A5V1,1D32,,,,approved,true,documentation_verified,CFIA export list entry. Species/by-products not verified; add only with explicit evidence.,https://apps.inspection.canada.ca/webapps/FishList/,CFIA Fish and Seafood Establishments (Export List),regulator,2026-02-06
CARREFOUR INDUSTRIEL DE MATANE INC (CFIA Ref #CS1405163),CARREFOUR INDUSTRIEL DE MATANE INC,Canada,Quebec,MATANE,78 RUE BRILLANT,G4W0J9,CS1405163,,,,approved,true,documentation_verified,CFIA export list entry. Species/by-products not verified; add only with explicit evidence.,https://apps.inspection.canada.ca/webapps/FishList/,CFIA Fish and Seafood Establishments (Export List),regulator,2026-02-06
QUIN-SEA FISHERIES LIMITED (CFIA Ref #1565495),QUIN-SEA FISHERIES LIMITED,Canada,Newfoundland and Labrador,NEW HARBOUR,1 HIGDON'S FISH PLANT ROAD,A0B 2P0,1565495,,,,approved,true,documentation_verified,CFIA export list entry. Species/by-products not verified; add only with explicit evidence.,https://apps.inspection.canada.ca/webapps/FishList/,CFIA Fish and Seafood Establishments (Export List),regulator,2026-02-06
SEA TO STORM FISHING LTD. / LASQUETI STORM (CFIA Ref #6249),SEA TO STORM FISHING LTD. / LASQUETI STORM,Canada,British Columbia,DELTA,7857 HUSTON ROAD,V4G0A5,6249,,,,approved,true,documentation_verified,CFIA export list entry. Species/by-products not verified; add only with explicit evidence.,https://apps.inspection.canada.ca/webapps/FishList/,CFIA Fish and Seafood Establishments (Export List),regulator,2026-02-06
LASQUETI STEELER FISHING CO. LTD. / LASQUETI GAMBLER 22610 (CFIA Ref #6185),LASQUETI STEELER FISHING CO. LTD. / LASQUETI GAMBLER 22610,Canada,British Columbia,NANAIMO,103-4535 UPLANDS DRIVE,V9T6M8,6185,,,,approved,true,documentation_verified,CFIA export list entry. Species/by-products not verified; add only with explicit evidence.,https://apps.inspection.canada.ca/webapps/FishList/,CFIA Fish and Seafood Establishments (Export List),regulator,2026-02-06
FGC Foods Ltd. (CFIA Ref #0982),FGC Foods Ltd.,Canada,British Columbia,Surrey,19405 94 Ave,V4N4E6,0982,,,,approved,true,documentation_verified,CFIA export list entry. Species/by-products not verified; add only with explicit evidence.,https://apps.inspection.canada.ca/webapps/FishList/,CFIA Fish and Seafood Establishments (Export List),regulator,2026-02-06
Highline Fishing Ltd/Stormryder 312340 (CFIA Ref #6187),Highline Fishing Ltd/Stormryder 312340,Canada,British Columbia,Campbell River,705 Island Hwy,V9W2C2,6187,,,,approved,true,documentation_verified,CFIA export list entry. Species/by-products not verified; add only with explicit evidence.,https://apps.inspection.canada.ca/webapps/FishList/,CFIA Fish and Seafood Establishments (Export List),regulator,2026-02-06
FORECAST FISHERIES INC./HOLDING LOBSTER (CFIA Ref #1D35),FORECAST FISHERIES INC./HOLDING LOBSTER,Canada,New Brunswick,POKESHAW,9495 Route 11,E5A5S3,1D35,,,,approved,true,documentation_verified,CFIA export list entry. Species/by-products not verified; add only with explicit evidence.,https://apps.inspection.canada.ca/webapps/FishList/,CFIA Fish and Seafood Establishments (Export List),regulator,2026-02-06
Phillips Bridge Seafood ULC (CFIA Ref #4227),Phillips Bridge Seafood ULC,Canada,Prince Edward Island,Bloomfield,6 Foy Road,C0B1E0,4227,,,,approved,true,documentation_verified,CFIA export list entry. Species/by-products not verified; add only with explicit evidence.,https://apps.inspection.canada.ca/webapps/FishList/,CFIA Fish and Seafood Establishments (Export List),regulator,2026-02-06
Phillips Bridge Seafood ULC (CFIA Ref #2399),Phillips Bridge Seafood ULC,Canada,Prince Edward Island,Bloomfield,75 Griffin Drive,C0B1E0,2399,,,,approved,true,documentation_verified,CFIA export list entry. Species/by-products not verified; add only with explicit evidence.,https://apps.inspection.canada.ca/webapps/FishList/,CFIA Fish and Seafood Establishments (Export List),regulator,2026-02-06
Cotter's Ocean Products Inc. (CFIA Ref #1D36),Cotter's Ocean Products Inc.,Canada,Nova Scotia,Belliveau Cove,3275 HIGHWAY 1,B0W1J0,1D36,,,,approved,true,documentation_verified,CFIA export list entry. Species/by-products not verified; add only with explicit evidence.,https://apps.inspection.canada.ca/webapps/FishList/,CFIA Fish and Seafood Establishments (Export List),regulator,2026-02-06
RBM Fishing Ltd./Sointula Sky (CFIA Ref #1D38),RBM Fishing Ltd./Sointula Sky,Canada,British Columbia,Sointula,710-1st Street,V0N3E0,1D38,,,,approved,true,documentation_verified,CFIA export list entry. Species/by-products not verified; add only with explicit evidence.,https://apps.inspection.canada.ca/webapps/FishList/,CFIA Fish and Seafood Establishments (Export List),regulator,2026-02-06
Graham Millicheap Holdings. Ltd. / Sun Seeker (CFIA Ref #6229),Graham Millicheap Holdings. Ltd. / Sun Seeker,Canada,British Columbia,Parksville,1055 Lee Road,V9P2E1,6229,,,,approved,true,documentation_verified,CFIA export list entry. Species/by-products not verified; add only with explicit evidence.,https://apps.inspection.canada.ca/webapps/FishList/,CFIA Fish and Seafood Establishments (Export List),regulator,2026-02-06
12935180 Canada inc. (CFIA Ref #1D39),12935180 Canada inc.,Canada,Quebec,Grande-Entrée,528 Rte 199,G4T7A8,1D39,,,,approved,true,documentation_verified,CFIA export list entry. Species/by-products not verified; add only with explicit evidence.,https://apps.inspection.canada.ca/webapps/FishList/,CFIA Fish and Seafood Establishments (Export List),regulator,2026-02-06
Phillips Bridge Seafood ULC (CFIA Ref #LLPE001),Phillips Bridge Seafood ULC,Canada,Prince Edward Island,Borden-Carleton,4 Borden Ave,C0B1X0,LLPE001,,,,approved,true,documentation_verified,CFIA export list entry. Species/by-products not verified; add only with explicit evidence.,https://apps.inspection.canada.ca/webapps/FishList/,CFIA Fish and Seafood Establishments (Export List),regulator,2026-02-06
Cootes Fishing Co. Ltd./F/V Sarah C (CFIA Ref #1D40),Cootes Fishing Co. Ltd./F/V Sarah C,Canada,British Columbia,Nanaimo,10 Wharf Street,V9R2X3,1D40,,,,approved,true,documentation_verified,CFIA export list entry. Species/by-products not verified; add only with explicit evidence.,https://apps.inspection.canada.ca/webapps/FishList/,CFIA Fish and Seafood Establishments (Export List),regulator,2026-02-06
F.A.S. SEAFOOD PRODUCERS LTD. - MALAHAT II (CFIA Ref #1D44),F.A.S. SEAFOOD PRODUCERS LTD. - MALAHAT II,Canada,British Columbia,VICTORIA,27 ERIE ST,V8V1P8,1D44,,,,approved,true,documentation_verified,CFIA export list entry. Species/by-products not verified; add only with explicit evidence.,https://apps.inspection.canada.ca/webapps/FishList/,CFIA Fish and Seafood Establishments (Export List),regulator,2026-02-06
T.R. FISHING LTD. (CFIA Ref #1D45),T.R. FISHING LTD.,Canada,British Columbia,PORT EDWARD,200 Bayview Drive,V0V1G0,1D45,,,,approved,true,documentation_verified,CFIA export list entry. Species/by-products not verified; add only with explicit evidence.,https://apps.inspection.canada.ca/webapps/FishList/,CFIA Fish and Seafood Establishments (Export List),regulator,2026-02-06
3231974 NOVA SCOTIA LIMITED / Do Lobster (CFIA Ref #1D46),3231974 NOVA SCOTIA LIMITED / Do Lobster,Canada,Nova Scotia,Eastern Passage,1319 Main Road,B3G1M4,1D46,,,,approved,true,documentation_verified,CFIA export list entry. Species/by-products not verified; add only with explicit evidence.,https://apps.inspection.canada.ca/webapps/FishList/,CFIA Fish and Seafood Establishments (Export List),regulator,2026-02-06
Coral Ice Developments Ltd./Coral Ice wetholding (CFIA Ref #1D47),Coral Ice Developments Ltd./Coral Ice wetholding,Canada,British Columbia,Bowser,7555 Island Hwy West,V9P9C9,1D47,,,,approved,true,documentation_verified,CFIA export list entry. Species/by-products not verified; add only with explicit evidence.,https://apps.inspection.canada.ca/webapps/FishList/,CFIA Fish and Seafood Establishments (Export List),regulator,2026-02-06
T.R. FISHING LTD./Pandalus 29308 (CFIA Ref #6311),T.R. FISHING LTD./Pandalus 29308,Canada,British Columbia,PORT EDWARD,200 Bayview Drive,V0V1G0,6311,,,,approved,true,documentation_verified,CFIA export list entry. Species/by-products not verified; add only with explicit evidence.,https://apps.inspection.canada.ca/webapps/FishList/,CFIA Fish and Seafood Establishments (Export List),regulator,2026-02-06
LES VIANDES MONTCALM INC. / MONTCALM MEATS INC. / LES VIANDES MONTCALM INC. / MONTCALM MEATS INC. (CFIA Ref #1D51),LES VIANDES MONTCALM INC. / MONTCALM MEATS INC. / LES VIANDES MONTCALM INC. / MONTCALM MEATS INC.,Canada,Quebec,Montreal,7755 Grenache,H1J1C4,1D51,,,,approved,true,documentation_verified,CFIA export list entry. Species/by-products not verified; add only with explicit evidence.,https://apps.inspection.canada.ca/webapps/FishList/,CFIA Fish and Seafood Establishments (Export List),regulator,2026-02-06
HPP Tolling Facility Canada Ltd. (CFIA Ref #1D52),HPP Tolling Facility Canada Ltd.,Canada,British Columbia,Delta,1668 Fosters Way,V3M6S6,1D52,,,,approved,true,documentation_verified,CFIA export list entry. Species/by-products not verified; add only with explicit evidence.,https://apps.inspection.canada.ca/webapps/FishList/,CFIA Fish and Seafood Establishments (Export List),regulator,2026-02-06
New Roots Herbal Inc (CFIA Ref #1D55),New Roots Herbal Inc,Canada,Quebec,Vaudreuil-Dorion,3405 FX Tessier,J7V5V5,1D55,,,,approved,true,documentation_verified,CFIA export list entry. Species/by-products not verified; add only with explicit evidence.,https://apps.inspection.canada.ca/webapps/FishList/,CFIA Fish and Seafood Establishments (Export List),regulator,2026-02-06
94872 NEWFOUNDLAND & LABRADOR INC. / Émilien D (CFIA Ref #6047),94872 NEWFOUNDLAND & LABRADOR INC. / Émilien D,Canada,Newfoundland and Labrador,SOUTH DILDO,FISH PLANT ROAD,A0B1R0,6047,,,,approved,true,documentation_verified,CFIA export list entry. Species/by-products not verified; add only with explicit evidence.,https://apps.inspection.canada.ca/webapps/FishList/,CFIA Fish and Seafood Establishments (Export List),regulator,2026-02-06
Maritime Cold Storage Ltd. (CFIA Ref #CS1402842),Maritime Cold Storage Ltd.,Canada,New Brunswick,Portage,4987 Route 15,E4N0A7,CS1402842,,,,approved,true,documentation_verified,CFIA export list entry. Species/by-products not verified; add only with explicit evidence.,https://apps.inspection.canada.ca/webapps/FishList/,CFIA Fish and Seafood Establishments (Export List),regulator,2026-02-06
Orion Cold Storage Limited (CFIA Ref #CS1329858),Orion Cold Storage Limited,Canada,Nova Scotia,Dartmouth,43 Orion Court,B2Y4W6,CS1329858,,,,approved,true,documentation_verified,CFIA export list entry. Species/by-products not verified; add only with explicit evidence.,https://apps.inspection.canada.ca/webapps/FishList/,CFIA Fish and Seafood Establishments (Export List),regulator,2026-02-06
Congébec Inc. / (CFIA Ref #S730),Congébec Inc. /,Canada,Quebec,SAINTE-JULIE,"2050, RUE BOMBARDIER",J3E2J9,S730,,,,approved,true,documentation_verified,CFIA export list entry. Species/by-products not verified; add only with explicit evidence.,https://apps.inspection.canada.ca/webapps/FishList/,CFIA Fish and Seafood Establishments (Export List),regulator,2026-02-06
Congébec Inc. (CFIA Ref #971),Congébec Inc.,Canada,Quebec,MASCOUCHE,3601 AVENUE DE LA GARE,J7K3C1,971,,,,approved,true,documentation_verified,CFIA export list entry. Species/by-products not verified; add only with explicit evidence.,https://apps.inspection.canada.ca/webapps/FishList/,CFIA Fish and Seafood Establishments (Export List),regulator,2026-02-06
Congébec Inc. (CFIA Ref #S413),Congébec Inc.,Canada,Manitoba,WINNIPEG,1555 CHEVRIER BLVD,R3T1Y7,S413,,,,approved,true,documentation_verified,CFIA export list entry. Species/by-products not verified; add only with explicit evidence.,https://apps.inspection.canada.ca/webapps/FishList/,CFIA Fish and Seafood Establishments (Export List),regulator,2026-02-06
RONNIE TRADING CO. LTD. (CFIA Ref #1D60),RONNIE TRADING CO. LTD.,Canada,British Columbia,Richmond,"UNIT 8, 1350 VALMONT WAY",V6V1Y4,1D60,,,,approved,true,documentation_verified,CFIA export list entry. Species/by-products not verified; add only with explicit evidence.,https://apps.inspection.canada.ca/webapps/FishList/,CFIA Fish and Seafood Establishments (Export List),regulator,2026-02-06
Shelburne Bait Company Limited (CFIA Ref #1D61),Shelburne Bait Company Limited,Canada,Nova Scotia,Shelburne,1482 Sandy Point Road,B0T1W0,1D61,,,,approved,true,documentation_verified,CFIA export list entry. Species/by-products not verified; add only with explicit evidence.,https://apps.inspection.canada.ca/webapps/FishList/,CFIA Fish and Seafood Establishments (Export List),regulator,2026-02-06
NATUR+L XTD INC. (CFIA Ref #1D63),NATUR+L XTD INC.,Canada,Quebec,Saint-Hyacinthe,2905 av José-Maria-Rosell,J2S0J9,1D63,,,,approved,true,documentation_verified,CFIA export list entry. Species/by-products not verified; add only with explicit evidence.,https://apps.inspection.canada.ca/webapps/FishList/,CFIA Fish and Seafood Establishments (Export List),regulator,2026-02-06
Ocean Aces Seafood Ltd. (CFIA Ref #1D64),Ocean Aces Seafood Ltd.,Canada,British Columbia,Richmond,Unit 15-12840 Bathgate Way,V6V1Z4,1D64,,,,approved,true,documentation_verified,CFIA export list entry. Species/by-products not verified; add only with explicit evidence.,https://apps.inspection.canada.ca/webapps/FishList/,CFIA Fish and Seafood Establishments (Export List),regulator,2026-02-06
CANADA UNCLE BILL GROUP INC (CFIA Ref #1D65),CANADA UNCLE BILL GROUP INC,Canada,Ontario,SCARBOROUGH,60 MELFORD DR,M1B3V3,1D65,,,,approved,true,documentation_verified,CFIA export list entry. Species/by-products not verified; add only with explicit evidence.,https://apps.inspection.canada.ca/webapps/FishList/,CFIA Fish and Seafood Establishments (Export List),regulator,2026-02-06
T&T Supermarket Inc. (CFIA Ref #7042),T&T Supermarket Inc.,Canada,Ontario,SCARBOROUGH,800 TAPSCOTT RD.,M1X 1A4,7042,,,,approved,true,documentation_verified,CFIA export list entry. Species/by-products not verified; add only with explicit evidence.,https://apps.inspection.canada.ca/webapps/FishList/,CFIA Fish and Seafood Establishments (Export List),regulator,2026-02-06
ANC Trading Ltd. (CFIA Ref #1D68),ANC Trading Ltd.,Canada,Alberta,Calgary,225 42 Ave SE,T2G0A4,1D68,,,,approved,true,documentation_verified,CFIA export list entry. Species/by-products not verified; add only with explicit evidence.,https://apps.inspection.canada.ca/webapps/FishList/,CFIA Fish and Seafood Establishments (Export List),regulator,2026-02-06
Distribution Le Perco inc. (CFIA Ref #1D71),Distribution Le Perco inc.,Canada,Quebec,Henryville,1010 Rte 133,J0J 1E0,1D71,,,,approved,true,documentation_verified,CFIA export list entry. Species/by-products not verified; add only with explicit evidence.,https://apps.inspection.canada.ca/webapps/FishList/,CFIA Fish and Seafood Establishments (Export List),regulator,2026-02-06
NOVASHELL WHOLESALE LOBSTER INC. (CFIA Ref #1D72),NOVASHELL WHOLESALE LOBSTER INC.,Canada,Nova Scotia,Tantallon,13100 Peggys Cove Rd,B3Z1K2,1D72,,,,approved,true,documentation_verified,CFIA export list entry. Species/by-products not verified; add only with explicit evidence.,https://apps.inspection.canada.ca/webapps/FishList/,CFIA Fish and Seafood Establishments (Export List),regulator,2026-02-06
Hamel Inc. (CFIA Ref #6369),Hamel Inc.,Canada,Quebec,LÉVIS,436 AVE TANIATA,LÉVIS,6369,,,,approved,true,documentation_verified,CFIA export list entry. Species/by-products not verified; add only with explicit evidence.,https://apps.inspection.canada.ca/webapps/FishList/,CFIA Fish and Seafood Establishments (Export List),regulator,2026-02-06
Niqitaq Fisheries Ltd./INUKSUK II (CFIA Ref #1D75),Niqitaq Fisheries Ltd./INUKSUK II,Canada,Newfoundland and Labrador,Bay Roberts,154 Water Street,A0G1G0,1D75,,,,approved,true,documentation_verified,CFIA export list entry. Species/by-products not verified; add only with explicit evidence.,https://apps.inspection.canada.ca/webapps/FishList/,CFIA Fish and Seafood Establishments (Export List),regulator,2026-02-06
"CAPE BALD PACKERS, LIMITED (CFIA Ref #1450124)","CAPE BALD PACKERS, LIMITED",Canada,Nova Scotia,METEGHAN,11 JOHN THIBODEAU ROAD,B0W2K0,1450124,,,,approved,true,documentation_verified,CFIA export list entry. Species/by-products not verified; add only with explicit evidence.,https://apps.inspection.canada.ca/webapps/FishList/,CFIA Fish and Seafood Establishments (Export List),regulator,2026-02-06
"CAPE BALD PACKERS, LIMITED (CFIA Ref #CS1428954)","CAPE BALD PACKERS, LIMITED",Canada,Nova Scotia,METEGHAN CENTRE,9101 HIGHWAY 1,B0W2L0,CS1428954,,,,approved,true,documentation_verified,CFIA export list entry. Species/by-products not verified; add only with explicit evidence.,https://apps.inspection.canada.ca/webapps/FishList/,CFIA Fish and Seafood Establishments (Export List),regulator,2026-02-06
"CAPE BALD PACKERS, LIMITED (CFIA Ref #CS1417484)","CAPE BALD PACKERS, LIMITED",Canada,Nova Scotia,METEGHAN CENTRE,9089 HIGHWAY 1,B0W2L0,CS1417484,,,,approved,true,documentation_verified,CFIA export list entry. Species/by-products not verified; add only with explicit evidence.,https://apps.inspection.canada.ca/webapps/FishList/,CFIA Fish and Seafood Establishments (Export List),regulator,2026-02-06
"CAPE BALD PACKERS, LIMITED (CFIA Ref #60407E)","CAPE BALD PACKERS, LIMITED",Canada,Nova Scotia,METEGHAN CENTRE,9089 HIGHWAY 1,B0W2L0,60407E,,,,approved,true,documentation_verified,CFIA export list entry. Species/by-products not verified; add only with explicit evidence.,https://apps.inspection.canada.ca/webapps/FishList/,CFIA Fish and Seafood Establishments (Export List),regulator,2026-02-06
TC Harbour Lobsters Inc. / T&C Harbour Lobsters Inc (CFIA Ref #1D76),TC Harbour Lobsters Inc. / T&C Harbour Lobsters Inc,Canada,New Brunswick,Dipper Harbour,74 Dipper Harbour Rd,E5J1X4,1D76,,,,approved,true,documentation_verified,CFIA export list entry. Species/by-products not verified; add only with explicit evidence.,https://apps.inspection.canada.ca/webapps/FishList/,CFIA Fish and Seafood Establishments (Export List),regulator,2026-02-06
BOSTON WHOLESALE LOBSTER CANADA INC. O/A SANDY POINT LOBSTER (CFIA Ref #6435),BOSTON WHOLESALE LOBSTER CANADA INC. O/A SANDY POINT LOBSTER,Canada,Nova Scotia,SHELBURN,2208 SANDY POINT ROAD,B0W1T0,6435,,,,approved,true,documentation_verified,CFIA export list entry. Species/by-products not verified; add only with explicit evidence.,https://apps.inspection.canada.ca/webapps/FishList/,CFIA Fish and Seafood Establishments (Export List),regulator,2026-02-06
BOSTON LOBSTER CANADA INC. (CFIA Ref #3739),BOSTON LOBSTER CANADA INC.,Canada,Nova Scotia,NEWELLTON,2052 HIGHWAY 330,B0W1P0,3739,,,,approved,true,documentation_verified,CFIA export list entry. Species/by-products not verified; add only with explicit evidence.,https://apps.inspection.canada.ca/webapps/FishList/,CFIA Fish and Seafood Establishments (Export List),regulator,2026-02-06
Harbour Grace CS Inc (CFIA Ref #CS1299522),Harbour Grace CS Inc,Canada,Newfoundland and Labrador,Harbour Grace,119 Water Street,A0A2M0,CS1299522,,,,approved,true,documentation_verified,CFIA export list entry. Species/by-products not verified; add only with explicit evidence.,https://apps.inspection.canada.ca/webapps/FishList/,CFIA Fish and Seafood Establishments (Export List),regulator,2026-02-06
Ocean Fresh Mussel Growers Ltd (CFIA Ref #1083),Ocean Fresh Mussel Growers Ltd,Canada,Newfoundland and Labrador,Summerford,9-11 Wharf Loop,A0G4E0,1083,,,,approved,true,documentation_verified,CFIA export list entry. Species/by-products not verified; add only with explicit evidence.,https://apps.inspection.canada.ca/webapps/FishList/,CFIA Fish and Seafood Establishments (Export List),regulator,2026-02-06
Poissonnerie du Creek Ltee / Creek Fish Market Ltd (CFIA Ref #1D80),Poissonnerie du Creek Ltee / Creek Fish Market Ltd,Canada,Quebec,Caraquet,9 Rue Du Quai,E1W1B6,1D80,,,,approved,true,documentation_verified,CFIA export list entry. Species/by-products not verified; add only with explicit evidence.,https://apps.inspection.canada.ca/webapps/FishList/,CFIA Fish and Seafood Establishments (Export List),regulator,2026-02-06
Boréal Oméga Inc. (CFIA Ref #1D81),Boréal Oméga Inc.,Canada,Quebec,Havre-Aux-Maisons,25 Ch De La Pointe,G4T 5P8,1D81,,,,approved,true,documentation_verified,CFIA export list entry. Species/by-products not verified; add only with explicit evidence.,https://apps.inspection.canada.ca/webapps/FishList/,CFIA Fish and Seafood Establishments (Export List),regulator,2026-02-06
4608396 Nova Scotia Limited/Marie Eve II (CFIA Ref #1D83),4608396 Nova Scotia Limited/Marie Eve II,Canada,Nova Scotia,Brooklyn,112 Port Mersey Dr,B0J1H0,1D83,,,,approved,true,documentation_verified,CFIA export list entry. Species/by-products not verified; add only with explicit evidence.,https://apps.inspection.canada.ca/webapps/FishList/,CFIA Fish and Seafood Establishments (Export List),regulator,2026-02-06
Ocean Trawlers Limited (CFIA Ref #3721),Ocean Trawlers Limited,Canada,Nova Scotia,Little River,217 Little River Road,B0V1C0,3721,,,,approved,true,documentation_verified,CFIA export list entry. Species/by-products not verified; add only with explicit evidence.,https://apps.inspection.canada.ca/webapps/FishList/,CFIA Fish and Seafood Establishments (Export List),regulator,2026-02-06
Ryan Holm / Mrs. H 29488 (CFIA Ref #6239),Ryan Holm / Mrs. H 29488,Canada,British Columbia,Powell River,6790 Wharf St,V8A1T8,6239,,,,approved,true,documentation_verified,CFIA export list entry. Species/by-products not verified; add only with explicit evidence.,https://apps.inspection.canada.ca/webapps/FishList/,CFIA Fish and Seafood Establishments (Export List),regulator,2026-02-06
RRPM Lobster Limited (CFIA Ref #1D87),RRPM Lobster Limited,Canada,Nova Scotia,Sluice Point,1788 Highway 308,B0W3M0,1D87,,,,approved,true,documentation_verified,CFIA export list entry. Species/by-products not verified; add only with explicit evidence.,https://apps.inspection.canada.ca/webapps/FishList/,CFIA Fish and Seafood Establishments (Export List),regulator,2026-02-06
incentive fishing ltd. / F/V Outsider (CFIA Ref #1D88),incentive fishing ltd. / F/V Outsider,Canada,British Columbia,ERRINGTON,1815 SWAYNE RD,V0R1V0,1D88,,,,approved,true,documentation_verified,CFIA export list entry. Species/by-products not verified; add only with explicit evidence.,https://apps.inspection.canada.ca/webapps/FishList/,CFIA Fish and Seafood Establishments (Export List),regulator,2026-02-06
BAIT MASTERS INC. (CFIA Ref #1D89),BAIT MASTERS INC.,Canada,Prince Edward Island,NINE MILE CREEK,221 WHARF ROAD,C0A1H2,1D89,,,,approved,true,documentation_verified,CFIA export list entry. Species/by-products not verified; add only with explicit evidence.,https://apps.inspection.canada.ca/webapps/FishList/,CFIA Fish and Seafood Establishments (Export List),regulator,2026-02-06
Novacan Live Seafood Ltd. (CFIA Ref #1D90),Novacan Live Seafood Ltd.,Canada,Nova Scotia,Arichat,816 Veteran's Memorial Dr,B0E1A0,1D90,,,,approved,true,documentation_verified,CFIA export list entry. Species/by-products not verified; add only with explicit evidence.,https://apps.inspection.canada.ca/webapps/FishList/,CFIA Fish and Seafood Establishments (Export List),regulator,2026-02-06
Rivage Global LTD. (CFIA Ref #1D91),Rivage Global LTD.,Canada,Alberta,Calgary,#244 - 2340 Pegasus Way NE,T2E 8M5,1D91,,,,approved,true,documentation_verified,CFIA export list entry. Species/by-products not verified; add only with explicit evidence.,https://apps.inspection.canada.ca/webapps/FishList/,CFIA Fish and Seafood Establishments (Export List),regulator,2026-02-06
Valley Pearl Oysters Inc. (CFIA Ref #1D92),Valley Pearl Oysters Inc.,Canada,Prince Edward Island,Tyne Valley,6983 Rte 12,C0B2C0,1D92,,,,approved,true,documentation_verified,CFIA export list entry. Species/by-products not verified; add only with explicit evidence.,https://apps.inspection.canada.ca/webapps/FishList/,CFIA Fish and Seafood Establishments (Export List),regulator,2026-02-06
I. DEVEAU FISHERIES LIMITED (CFIA Ref #1D93),I. DEVEAU FISHERIES LIMITED,Canada,Nova Scotia,Arichat,441 Lobster Plant Rd,B0E1A0,1D93,,,,approved,true,documentation_verified,CFIA export list entry. Species/by-products not verified; add only with explicit evidence.,https://apps.inspection.canada.ca/webapps/FishList/,CFIA Fish and Seafood Establishments (Export List),regulator,2026-02-06
North 49 Holdings Ltd. (Woods Harbour) (CFIA Ref #1D94),North 49 Holdings Ltd. (Woods Harbour),Canada,Nova Scotia,Woods Harbour,Site B - 6689 Highway 3,B0W2E0,1D94,,,,approved,true,documentation_verified,CFIA export list entry. Species/by-products not verified; add only with explicit evidence.,https://apps.inspection.canada.ca/webapps/FishList/,CFIA Fish and Seafood Establishments (Export List),regulator,2026-02-06
KITASOO BAND STORE LTD/F.V./PACIFIC GULL 23136 (CFIA Ref #6192),KITASOO BAND STORE LTD/F.V./PACIFIC GULL 23136,Canada,British Columbia,KLEMTU,540 Kitasoo Road,V0T1L0,6192,,,,approved,true,documentation_verified,CFIA export list entry. Species/by-products not verified; add only with explicit evidence.,https://apps.inspection.canada.ca/webapps/FishList/,CFIA Fish and Seafood Establishments (Export List),regulator,2026-02-06
PACIFIC BLUE STORAGE LTD. (CFIA Ref #S952),PACIFIC BLUE STORAGE LTD.,Canada,British Columbia,Surrey,19080 32 AVE,V3S0L5,S952,,,,approved,true,documentation_verified,CFIA export list entry. Species/by-products not verified; add only with explicit evidence.,https://apps.inspection.canada.ca/webapps/FishList/,CFIA Fish and Seafood Establishments (Export List),regulator,2026-02-06
"DOM International Limited / DOM International Limited, Storage Facility (CFIA Ref #1D98)","DOM International Limited / DOM International Limited, Storage Facility",Canada,Ontario,Toronto,1 Golden Gate Crt,M1P3A5,1D98,,,,approved,true,documentation_verified,CFIA export list entry. Species/by-products not verified; add only with explicit evidence.,https://apps.inspection.canada.ca/webapps/FishList/,CFIA Fish and Seafood Establishments (Export List),regulator,2026-02-06
Murphy Oyster Company Ltd. (CFIA Ref #1D99),Murphy Oyster Company Ltd.,Canada,Prince Edward Island,kensington,96 Jollimores Drive,C0B1M0,1D99,,,,approved,true,documentation_verified,CFIA export list entry. Species/by-products not verified; add only with explicit evidence.,https://apps.inspection.canada.ca/webapps/FishList/,CFIA Fish and Seafood Establishments (Export List),regulator,2026-02-06
Hensall Foods Inc. (CFIA Ref #6415),Hensall Foods Inc.,Canada,Ontario,Exeter,210 Wellington St W,N0M1S2,6415,,,,approved,true,documentation_verified,CFIA export list entry. Species/by-products not verified; add only with explicit evidence.,https://apps.inspection.canada.ca/webapps/FishList/,CFIA Fish and Seafood Establishments (Export List),regulator,2026-02-06
Boréal Oméga Inc./Boréal Oméga Thetford Mines (CFIA Ref #1E01),Boréal Oméga Inc./Boréal Oméga Thetford Mines,Canada,Quebec,Thetford Mines,835 Rue Mooney,G6G0A5,1E01,,,,approved,true,documentation_verified,CFIA export list entry. Species/by-products not verified; add only with explicit evidence.,https://apps.inspection.canada.ca/webapps/FishList/,CFIA Fish and Seafood Establishments (Export List),regulator,2026-02-06
"Nikka Traders, Incorporated (CFIA Ref #1E02)","Nikka Traders, Incorporated",Canada,British Columbia,Vancouver,9291 Shaughnessy St,V6P6P4,1E02,,,,approved,true,documentation_verified,CFIA export list entry. Species/by-products not verified; add only with explicit evidence.,https://apps.inspection.canada.ca/webapps/FishList/,CFIA Fish and Seafood Establishments (Export List),regulator,2026-02-06
Kelcold refrigerated Warehouse and Logistics Inc (CFIA Ref #1533520),Kelcold refrigerated Warehouse and Logistics Inc,Canada,New Brunswick,Moncton,55 Frenette Ave,E1H3S5,1533520,,,,approved,true,documentation_verified,CFIA export list entry. Species/by-products not verified; add only with explicit evidence.,https://apps.inspection.canada.ca/webapps/FishList/,CFIA Fish and Seafood Establishments (Export List),regulator,2026-02-06
FRESH BITES INC. (CFIA Ref #7060),FRESH BITES INC.,Canada,Alberta,CALGARY,"106, 10761 25TH STREET NE",T3N1A6,7060,,,,approved,true,documentation_verified,CFIA export list entry. Species/by-products not verified; add only with explicit evidence.,https://apps.inspection.canada.ca/webapps/FishList/,CFIA Fish and Seafood Establishments (Export List),regulator,2026-02-06
MILLBROOK FIRST NATION ABORIGINAL FISHERIES LTD. (CFIA Ref #1E04),MILLBROOK FIRST NATION ABORIGINAL FISHERIES LTD.,Canada,Nova Scotia,Saulnierville,739 Hwy 1,B0W2Z0,1E04,,,,approved,true,documentation_verified,CFIA export list entry. Species/by-products not verified; add only with explicit evidence.,https://apps.inspection.canada.ca/webapps/FishList/,CFIA Fish and Seafood Establishments (Export List),regulator,2026-02-06
HSF Ocean Products Ltd./HSF Plant (CFIA Ref #1E05),HSF Ocean Products Ltd./HSF Plant,Canada,Newfoundland and Labrador,O'Donnell's,1 Wharf Road,A0B3A0,1E05,,,,approved,true,documentation_verified,CFIA export list entry. Species/by-products not verified; add only with explicit evidence.,https://apps.inspection.canada.ca/webapps/FishList/,CFIA Fish and Seafood Establishments (Export List),regulator,2026-02-06
SEA BROOK FISHERIES LIMITED (CFIA Ref #1323),SEA BROOK FISHERIES LIMITED,Canada,Nova Scotia,DIGBY,12568 HIGHWAY 217,B0V1A0,1323,,,,approved,true,documentation_verified,CFIA export list entry. Species/by-products not verified; add only with explicit evidence.,https://apps.inspection.canada.ca/webapps/FishList/,CFIA Fish and Seafood Establishments (Export List),regulator,2026-02-06
Bill Beauty & Health Products Ltd. (CFIA Ref #1E07),Bill Beauty & Health Products Ltd.,Canada,Ontario,SCARBOROUGH,120 SILVER STAR BLVD,M1V4V8,1E07,,,,approved,true,documentation_verified,CFIA export list entry. Species/by-products not verified; add only with explicit evidence.,https://apps.inspection.canada.ca/webapps/FishList/,CFIA Fish and Seafood Establishments (Export List),regulator,2026-02-06
Scallops Unlimited Incorporated (CFIA Ref #1448),Scallops Unlimited Incorporated,Canada,Nova Scotia,Hillsburn,4126 Shore Rd W,B0S1A0,1448,,,,approved,true,documentation_verified,CFIA export list entry. Species/by-products not verified; add only with explicit evidence.,https://apps.inspection.canada.ca/webapps/FishList/,CFIA Fish and Seafood Establishments (Export List),regulator,2026-02-06
NovasTown Health Inc. (CFIA Ref #1E12),NovasTown Health Inc.,Canada,British Columbia,Burnaby,110-3728 North Fraser Way,V5J5G1,1E12,,,,approved,true,documentation_verified,CFIA export list entry. Species/by-products not verified; add only with explicit evidence.,https://apps.inspection.canada.ca/webapps/FishList/,CFIA Fish and Seafood Establishments (Export List),regulator,2026-02-06
Marbros Fishing Ltd./Pakalot (CFIA Ref #1E13),Marbros Fishing Ltd./Pakalot,Canada,British Columbia,Ucluelet,250 Main St,V0R3A0,1E13,,,,approved,true,documentation_verified,CFIA export list entry. Species/by-products not verified; add only with explicit evidence.,https://apps.inspection.canada.ca/webapps/FishList/,CFIA Fish and Seafood Establishments (Export List),regulator,2026-02-06
Marbros Fishing Ltd. - Janatlee (CFIA Ref #1E14),Marbros Fishing Ltd. - Janatlee,Canada,British Columbia,Ucluelet,"250 Main St, ",V0R 3A0,1E14,,,,approved,true,documentation_verified,CFIA export list entry. Species/by-products not verified; add only with explicit evidence.,https://apps.inspection.canada.ca/webapps/FishList/,CFIA Fish and Seafood Establishments (Export List),regulator,2026-02-06
Paul David Robinson/Concord 101 (CFIA Ref #1E15),Paul David Robinson/Concord 101,Canada,British Columbia,Tofino,40 Fourth St.,V0R2Z0,1E15,,,,approved,true,documentation_verified,CFIA export list entry. Species/by-products not verified; add only with explicit evidence.,https://apps.inspection.canada.ca/webapps/FishList/,CFIA Fish and Seafood Establishments (Export List),regulator,2026-02-06
Ocean Delight Enterprise Ltd. (CFIA Ref #1E16),Ocean Delight Enterprise Ltd.,Canada,British Columbia,Richmond,1201-12740 Trites Road,V7E3R8,1E16,,,,approved,true,documentation_verified,CFIA export list entry. Species/by-products not verified; add only with explicit evidence.,https://apps.inspection.canada.ca/webapps/FishList/,CFIA Fish and Seafood Establishments (Export List),regulator,2026-02-06
NovasPure Nutrition Inc. (CFIA Ref #1E17),NovasPure Nutrition Inc.,Canada,British Columbia,Burnaby,108-3728 North Fraser Way,V5J5G1,1E17,,,,approved,true,documentation_verified,CFIA export list entry. Species/by-products not verified; add only with explicit evidence.,https://apps.inspection.canada.ca/webapps/FishList/,CFIA Fish and Seafood Establishments (Export List),regulator,2026-02-06
Can-Am Logistics INC (CFIA Ref #S957),Can-Am Logistics INC,Canada,Ontario,Caledon,12203 Airport Rd Unit A,L7C2X3,S957,,,,approved,true,documentation_verified,CFIA export list entry. Species/by-products not verified; add only with explicit evidence.,https://apps.inspection.canada.ca/webapps/FishList/,CFIA Fish and Seafood Establishments (Export List),regulator,2026-02-06
Poissonnerie des iles Renaud Inc. (CFIA Ref #1E19),Poissonnerie des iles Renaud Inc.,Canada,Quebec,Saint-Eustache,559 Boul Industriel,J7R6C6,1E19,,,,approved,true,documentation_verified,CFIA export list entry. Species/by-products not verified; add only with explicit evidence.,https://apps.inspection.canada.ca/webapps/FishList/,CFIA Fish and Seafood Establishments (Export List),regulator,2026-02-06
old atlantic shore natural foods ltd. (CFIA Ref #1E21),old atlantic shore natural foods ltd.,Canada,Nova Scotia,Hacketts Cove,212 Pauls Point Rd,B3Z3K7,1E21,,,,approved,true,documentation_verified,CFIA export list entry. Species/by-products not verified; add only with explicit evidence.,https://apps.inspection.canada.ca/webapps/FishList/,CFIA Fish and Seafood Establishments (Export List),regulator,2026-02-06
Pacific Northwest Shellfish Company Ltd. (CFIA Ref #0740),Pacific Northwest Shellfish Company Ltd.,Canada,British Columbia,Richmond,150-8851 Beckwith Rd,V6X1V4,0740,,,,approved,true,documentation_verified,CFIA export list entry. Species/by-products not verified; add only with explicit evidence.,https://apps.inspection.canada.ca/webapps/FishList/,CFIA Fish and Seafood Establishments (Export List),regulator,2026-02-06
Vital Life Pharmaceutical Inc. (CFIA Ref #1E00),Vital Life Pharmaceutical Inc.,Canada,Ontario,Scarborough,70 Melford Dr. Unit 4,M1B 1Y9,1E00,,,,approved,true,documentation_verified,CFIA export list entry. Species/by-products not verified; add only with explicit evidence.,https://apps.inspection.canada.ca/webapps/FishList/,CFIA Fish and Seafood Establishments (Export List),regulator,2026-02-06
