entity_id,field,value,source_url,source_title,source_type,access_date,evidence_snippet,confidence
2405,name,ALVIN & RUFIN BOUDREAU & SONS LTD. (CFIA Ref #2405),https://apps.inspection.canada.ca/webapps/FishList/,CFIA Fish and Seafood Establishments (Export List),regulator,2026-02-06,CFIA export list entry,HIGH
2405,address,"1724 ROUTE 950, TROIS-RUISSEAUX, NB, E4N2Z6, Canada",https://apps.inspection.canada.ca/webapps/FishList/,CFIA Fish and Seafood Establishments (Export List),regulator,2026-02-06,CFIA export list entry,HIGH
2447,name,AMCO FISHERIES LTD. (PLANT #1) (CFIA Ref #2447),https://apps.inspection.canada.ca/webapps/FishList/,CFIA Fish and Seafood Establishments (Export List),regulator,2026-02-06,CFIA export list entry,HIGH
2447,address,"915 ROUTE 950, BAS-CAP-PELÉ, NB, E4N3B3, Canada",https://apps.inspection.canada.ca/webapps/FishList/,CFIA Fish and Seafood Establishments (Export List),regulator,2026-02-06,CFIA export list entry,HIGH
2407,name,AMCO FISHERIES LTD (CFIA Ref #2407),https://apps.inspection.canada.ca/webapps/FishList/,CFIA Fish and Seafood Establishments (Export List),regulator,2026-02-06,CFIA export list entry,HIGH
2407,address,"896 CHEMIN BAS-CAP-PELÉ, BAS-CAP-PELÉ, NB, E4N1K3, Canada",https://apps.inspection.canada.ca/webapps/FishList/,CFIA Fish and Seafood Establishments (Export List),regulator,2026-02-06,CFIA export list entry,HIGH
0134,name,B.A. RICHARD LTEE. (CFIA Ref #0134),https://apps.inspection.canada.ca/webapps/FishList/,CFIA Fish and Seafood Establishments (Export List),regulator,2026-02-06,CFIA export list entry,HIGH
0134,address,"374 CHEMIN COTE SAINTE-ANNE, STE. ANNE DE KENT, NB, E4S1M6, Canada",https://apps.inspection.canada.ca/webapps/FishList/,CFIA Fish and Seafood Establishments (Export List),regulator,2026-02-06,CFIA export list entry,HIGH
1207,name,M. LeBlanc Fisheries Ltd. (CFIA Ref #1207),https://apps.inspection.canada.ca/webapps/FishList/,CFIA Fish and Seafood Establishments (Export List),regulator,2026-02-06,CFIA export list entry,HIGH
1207,address,"2112 Route 950, Petit-Cap, NB, E4N2J8, Canada",https://apps.inspection.canada.ca/webapps/FishList/,CFIA Fish and Seafood Establishments (Export List),regulator,2026-02-06,CFIA export list entry,HIGH
2404,name,BOUDREAU FARM & SEA PRODUCTS LTD (CFIA Ref #2404),https://apps.inspection.canada.ca/webapps/FishList/,CFIA Fish and Seafood Establishments (Export List),regulator,2026-02-06,CFIA export list entry,HIGH
2404,address,"1920 ROUTE 950, PETIT-CAP, NB, E4N2J2, Canada",https://apps.inspection.canada.ca/webapps/FishList/,CFIA Fish and Seafood Establishments (Export List),regulator,2026-02-06,CFIA export list entry,HIGH
0220,name,ABRIEL FISHERIES COMPANY (CFIA Ref #0220),https://apps.inspection.canada.ca/webapps/FishList/,CFIA Fish and Seafood Establishments (Export List),regulator,2026-02-06,CFIA export list entry,HIGH
0220,address,"368 COOPER'S ROAD, TANGIER, NS, B0J3H0, Canada",https://apps.inspection.canada.ca/webapps/FishList/,CFIA Fish and Seafood Establishments (Export List),regulator,2026-02-06,CFIA export list entry,HIGH
2432,name,COCAGNE SEAFOOD (1995) LTD. (CFIA Ref #2432),https://apps.inspection.canada.ca/webapps/FishList/,CFIA Fish and Seafood Establishments (Export List),regulator,2026-02-06,CFIA export list entry,HIGH
2432,address,"4638 ROUTE 134, COCAGNE, NB, E4R3R3, Canada",https://apps.inspection.canada.ca/webapps/FishList/,CFIA Fish and Seafood Establishments (Export List),regulator,2026-02-06,CFIA export list entry,HIGH
0025,name,QUIN-SEA FISHERIES LIMITED (CFIA Ref #0025),https://apps.inspection.canada.ca/webapps/FishList/,CFIA Fish and Seafood Establishments (Export List),regulator,2026-02-06,CFIA export list entry,HIGH
0025,address,"257-269 MARINE DRIVE, SOUTHERN HARBOUR, NL, A0B3H0, Canada",https://apps.inspection.canada.ca/webapps/FishList/,CFIA Fish and Seafood Establishments (Export List),regulator,2026-02-06,CFIA export list entry,HIGH
1119,name,PRINCETON SEAWATER FISHERIES LIMITED (CFIA Ref #1119),https://apps.inspection.canada.ca/webapps/FishList/,CFIA Fish and Seafood Establishments (Export List),regulator,2026-02-06,CFIA export list entry,HIGH
1119,address,"MAIN ROAD, PRINCETON, NL, A0C2K0, Canada",https://apps.inspection.canada.ca/webapps/FishList/,CFIA Fish and Seafood Establishments (Export List),regulator,2026-02-06,CFIA export list entry,HIGH
0171,name,QUIN-SEA FISHERIES LIMITED (CFIA Ref #0171),https://apps.inspection.canada.ca/webapps/FishList/,CFIA Fish and Seafood Establishments (Export List),regulator,2026-02-06,CFIA export list entry,HIGH
0171,address,"50-70 MARINE DRIVE, OLD PERLICAN, NL, A0A3G0, Canada",https://apps.inspection.canada.ca/webapps/FishList/,CFIA Fish and Seafood Establishments (Export List),regulator,2026-02-06,CFIA export list entry,HIGH
0098,name,QUINLAN BROTHERS LIMITED (CFIA Ref #0098),https://apps.inspection.canada.ca/webapps/FishList/,CFIA Fish and Seafood Establishments (Export List),regulator,2026-02-06,CFIA export list entry,HIGH
0098,address,"73-79 MARINE DRIVE, OLD PERLICAN, NL, A0A3G0, Canada",https://apps.inspection.canada.ca/webapps/FishList/,CFIA Fish and Seafood Establishments (Export List),regulator,2026-02-06,CFIA export list entry,HIGH
0130,name,QUINLAN BROTHERS LIMITED (CFIA Ref #0130),https://apps.inspection.canada.ca/webapps/FishList/,CFIA Fish and Seafood Establishments (Export List),regulator,2026-02-06,CFIA export list entry,HIGH
0130,address,"6 WHARF RD, BAY DE VERDE, NL, A0A1E0, Canada",https://apps.inspection.canada.ca/webapps/FishList/,CFIA Fish and Seafood Establishments (Export List),regulator,2026-02-06,CFIA export list entry,HIGH
0082,name,NATURES SEA FARMS INC. (CFIA Ref #0082),https://apps.inspection.canada.ca/webapps/FishList/,CFIA Fish and Seafood Establishments (Export List),regulator,2026-02-06,CFIA export list entry,HIGH
0082,address,"5 WHARF LANE, ST. ALBAN'S, NL, A0H2E0, Canada",https://apps.inspection.canada.ca/webapps/FishList/,CFIA Fish and Seafood Establishments (Export List),regulator,2026-02-06,CFIA export list entry,HIGH
0046,name,OCEAN CHOICE INTERNATIONAL L.P. (CFIA Ref #0046),https://apps.inspection.canada.ca/webapps/FishList/,CFIA Fish and Seafood Establishments (Export List),regulator,2026-02-06,CFIA export list entry,HIGH
0046,address,"#10 MAIN ROAD, SUMMERVILLE, NL, -, Canada",https://apps.inspection.canada.ca/webapps/FishList/,CFIA Fish and Seafood Establishments (Export List),regulator,2026-02-06,CFIA export list entry,HIGH
2206,name,AQUASHELL HOLDINGS COMPANY (CFIA Ref #2206),https://apps.inspection.canada.ca/webapps/FishList/,CFIA Fish and Seafood Establishments (Export List),regulator,2026-02-06,CFIA export list entry,HIGH
2206,address,"13915 ROUTE 6, WALLACE, NS, B0K1Y0, Canada",https://apps.inspection.canada.ca/webapps/FishList/,CFIA Fish and Seafood Establishments (Export List),regulator,2026-02-06,CFIA export list entry,HIGH
3136,name,WOODS HARBOUR LOBSTER CO LTD (CFIA Ref #3136),https://apps.inspection.canada.ca/webapps/FishList/,CFIA Fish and Seafood Establishments (Export List),regulator,2026-02-06,CFIA export list entry,HIGH
3136,address,"32-34 FERRY ROAD, WOODS HARBOUR, NS, B0W2E0, Canada",https://apps.inspection.canada.ca/webapps/FishList/,CFIA Fish and Seafood Establishments (Export List),regulator,2026-02-06,CFIA export list entry,HIGH
0124,name,TORNGAT FISH PRODUCERS CO-OP SOCIETY LIMITED (CFIA Ref #0124),https://apps.inspection.canada.ca/webapps/FishList/,CFIA Fish and Seafood Establishments (Export List),regulator,2026-02-06,CFIA export list entry,HIGH
0124,address,"10 CHURCH ROAD, NAIN, NL, A0P1L0, Canada",https://apps.inspection.canada.ca/webapps/FishList/,CFIA Fish and Seafood Establishments (Export List),regulator,2026-02-06,CFIA export list entry,HIGH
0194,name,"TORNGAT FISH PRODUCERS CO-OPERATIVE SOCIETY, LIMITED (MAKKOVIK) (CFIA Ref #0194)",https://apps.inspection.canada.ca/webapps/FishList/,CFIA Fish and Seafood Establishments (Export List),regulator,2026-02-06,CFIA export list entry,HIGH
0194,address,"140A MORAVIAN STREET, MAKKOVIK, NL, A0P1J0, Canada",https://apps.inspection.canada.ca/webapps/FishList/,CFIA Fish and Seafood Establishments (Export List),regulator,2026-02-06,CFIA export list entry,HIGH
1111,name,WOOD-PICK ENTERPRISES LIMITED (CFIA Ref #1111),https://apps.inspection.canada.ca/webapps/FishList/,CFIA Fish and Seafood Establishments (Export List),regulator,2026-02-06,CFIA export list entry,HIGH
1111,address,"9 SPURRELLS LANE, WAREHAM, NL, A0G4P0, Canada",https://apps.inspection.canada.ca/webapps/FishList/,CFIA Fish and Seafood Establishments (Export List),regulator,2026-02-06,CFIA export list entry,HIGH
3519,name,BAY ENTERPRISES LTD (CFIA Ref #3519),https://apps.inspection.canada.ca/webapps/FishList/,CFIA Fish and Seafood Establishments (Export List),regulator,2026-02-06,CFIA export list entry,HIGH
3519,address,"2642 MALAGASH ROAD, UPPER MALAGASH, NS, B0K1E0, Canada",https://apps.inspection.canada.ca/webapps/FishList/,CFIA Fish and Seafood Establishments (Export List),regulator,2026-02-06,CFIA export list entry,HIGH
3102,name,I. C. FISH SMOKERS LIMITED (CFIA Ref #3102),https://apps.inspection.canada.ca/webapps/FishList/,CFIA Fish and Seafood Establishments (Export List),regulator,2026-02-06,CFIA export list entry,HIGH
3102,address,"1730 HWY 335, LOWER WEST PUBNICO, NS, B0W2C0, Canada",https://apps.inspection.canada.ca/webapps/FishList/,CFIA Fish and Seafood Establishments (Export List),regulator,2026-02-06,CFIA export list entry,HIGH
1434,name,SCOTIA GARDEN SEAFOOD INCORPORATED (CFIA Ref #1434),https://apps.inspection.canada.ca/webapps/FishList/,CFIA Fish and Seafood Establishments (Export List),regulator,2026-02-06,CFIA export list entry,HIGH
1434,address,"112 WATER STREET, YARMOUTH, NS, B5A4K5, Canada",https://apps.inspection.canada.ca/webapps/FishList/,CFIA Fish and Seafood Establishments (Export List),regulator,2026-02-06,CFIA export list entry,HIGH
3017,name,SAMBRO FISHERIES LIMITED (CFIA Ref #3017),https://apps.inspection.canada.ca/webapps/FishList/,CFIA Fish and Seafood Establishments (Export List),regulator,2026-02-06,CFIA export list entry,HIGH
3017,address,"40 LENNY'S LANE, SAMBRO, NS, B3V1L5, Canada",https://apps.inspection.canada.ca/webapps/FishList/,CFIA Fish and Seafood Establishments (Export List),regulator,2026-02-06,CFIA export list entry,HIGH
1212,name,DUGUAY FISH PACKERS LTD. (CFIA Ref #1212),https://apps.inspection.canada.ca/webapps/FishList/,CFIA Fish and Seafood Establishments (Export List),regulator,2026-02-06,CFIA export list entry,HIGH
1212,address,"1062 CHEMIN BAS-CAP-PELE, CAP-PELE, NB, E4N1K9, Canada",https://apps.inspection.canada.ca/webapps/FishList/,CFIA Fish and Seafood Establishments (Export List),regulator,2026-02-06,CFIA export list entry,HIGH
2411,name,EASTERN SEA PRODUCTS LTD. (CFIA Ref #2411),https://apps.inspection.canada.ca/webapps/FishList/,CFIA Fish and Seafood Establishments (Export List),regulator,2026-02-06,CFIA export list entry,HIGH
2411,address,"11 ADDISON AVENUE, SCOUDOUC, NB, E4P3N3, Canada",https://apps.inspection.canada.ca/webapps/FishList/,CFIA Fish and Seafood Establishments (Export List),regulator,2026-02-06,CFIA export list entry,HIGH
1271,name,ACADIAN FISH PROCESSORS LIMITED (CFIA Ref #1271),https://apps.inspection.canada.ca/webapps/FishList/,CFIA Fish and Seafood Establishments (Export List),regulator,2026-02-06,CFIA export list entry,HIGH
1271,address,"171 DENNIS POINT ROAD, LOWER WEST PUBNICO, NS, B0W2C0, Canada",https://apps.inspection.canada.ca/webapps/FishList/,CFIA Fish and Seafood Establishments (Export List),regulator,2026-02-06,CFIA export list entry,HIGH
0445,name,EDMOND GAGNON LTD (CFIA Ref #0445),https://apps.inspection.canada.ca/webapps/FishList/,CFIA Fish and Seafood Establishments (Export List),regulator,2026-02-06,CFIA export list entry,HIGH
0445,address,"9 QUAI DES ROBICHAUD RD, BARACHOIS, NB, E4P8A4, Canada",https://apps.inspection.canada.ca/webapps/FishList/,CFIA Fish and Seafood Establishments (Export List),regulator,2026-02-06,CFIA export list entry,HIGH
1338,name,OCEANS ALIVE SEAFOOD LIMITED (CFIA Ref #1338),https://apps.inspection.canada.ca/webapps/FishList/,CFIA Fish and Seafood Establishments (Export List),regulator,2026-02-06,CFIA export list entry,HIGH
1338,address,"39 PROSPECT POINT ROAD, SHAG HARBOUR, NS, B0W3B0, Canada",https://apps.inspection.canada.ca/webapps/FishList/,CFIA Fish and Seafood Establishments (Export List),regulator,2026-02-06,CFIA export list entry,HIGH
2420,name,ELPHEGE & NORBERT LEBLANC LTD. (CFIA Ref #2420),https://apps.inspection.canada.ca/webapps/FishList/,CFIA Fish and Seafood Establishments (Export List),regulator,2026-02-06,CFIA export list entry,HIGH
2420,address,"47 CHEMIN DU QUAI, PETIT-CAP, NB, E4N2E8, Canada",https://apps.inspection.canada.ca/webapps/FishList/,CFIA Fish and Seafood Establishments (Export List),regulator,2026-02-06,CFIA export list entry,HIGH
1270,name,Deep Harbour Lobster Seafood Ltd. (CFIA Ref #1270),https://apps.inspection.canada.ca/webapps/FishList/,CFIA Fish and Seafood Establishments (Export List),regulator,2026-02-06,CFIA export list entry,HIGH
1270,address,"65 Dipper Harbour Road, Dipper Harbour, NB, E5J1X3, Canada",https://apps.inspection.canada.ca/webapps/FishList/,CFIA Fish and Seafood Establishments (Export List),regulator,2026-02-06,CFIA export list entry,HIGH
0238,name,GAUDET & OUELLETTE LTD. (CFIA Ref #0238),https://apps.inspection.canada.ca/webapps/FishList/,CFIA Fish and Seafood Establishments (Export List),regulator,2026-02-06,CFIA export list entry,HIGH
0238,address,"519 CHEMIN BAS-CAP-PELE, BAS-CAP-PELÉ, NB, E4N3B1, Canada",https://apps.inspection.canada.ca/webapps/FishList/,CFIA Fish and Seafood Establishments (Export List),regulator,2026-02-06,CFIA export list entry,HIGH
2563,name,ICHIBOSHI L.P.C. LTD. (CFIA Ref #2563),https://apps.inspection.canada.ca/webapps/FishList/,CFIA Fish and Seafood Establishments (Export List),regulator,2026-02-06,CFIA export list entry,HIGH
2563,address,"24 RUE DU QUAI, CARAQUET, NB, E1W1B6, Canada",https://apps.inspection.canada.ca/webapps/FishList/,CFIA Fish and Seafood Establishments (Export List),regulator,2026-02-06,CFIA export list entry,HIGH
2527,name,LA FERME OSTRÉICOLE CHIASSON LTÉE (CFIA Ref #2527),https://apps.inspection.canada.ca/webapps/FishList/,CFIA Fish and Seafood Establishments (Export List),regulator,2026-02-06,CFIA export list entry,HIGH
2527,address,"31 RUE DE L'ETANG, LAMÉQUE, NB, E8T1C2, Canada",https://apps.inspection.canada.ca/webapps/FishList/,CFIA Fish and Seafood Establishments (Export List),regulator,2026-02-06,CFIA export list entry,HIGH
2540,name,FERME OSTRÉICOLE GAÉTAN DUGAS LTÉE (CFIA Ref #2540),https://apps.inspection.canada.ca/webapps/FishList/,CFIA Fish and Seafood Establishments (Export List),regulator,2026-02-06,CFIA export list entry,HIGH
2540,address,"675 BOUL, ST-PIERRE OUEST, CARAQUET, NB, E1W1A2, Canada",https://apps.inspection.canada.ca/webapps/FishList/,CFIA Fish and Seafood Establishments (Export List),regulator,2026-02-06,CFIA export list entry,HIGH
2442,name,POISSONNERIE LEGER FISHERIES LTEE/LTD. (CFIA Ref #2442),https://apps.inspection.canada.ca/webapps/FishList/,CFIA Fish and Seafood Establishments (Export List),regulator,2026-02-06,CFIA export list entry,HIGH
2442,address,"38 CHEMIN DE LA CÔTE, TROIS-RUISSEAUX, NB, E4N2V7, Canada",https://apps.inspection.canada.ca/webapps/FishList/,CFIA Fish and Seafood Establishments (Export List),regulator,2026-02-06,CFIA export list entry,HIGH
2510,name,BOLERO Transformation de Crustacés Inc. BOLERO Shellfish Processing Inc. (CFIA Ref #2510),https://apps.inspection.canada.ca/webapps/FishList/,CFIA Fish and Seafood Establishments (Export List),regulator,2026-02-06,CFIA export list entry,HIGH
2510,address,"1324 Route 335, Saint-Simon, NB, E8P2B2, Canada",https://apps.inspection.canada.ca/webapps/FishList/,CFIA Fish and Seafood Establishments (Export List),regulator,2026-02-06,CFIA export list entry,HIGH
2518,name,PÉCHERIES STE-CÉCILE INC (CFIA Ref #2518),https://apps.inspection.canada.ca/webapps/FishList/,CFIA Fish and Seafood Establishments (Export List),regulator,2026-02-06,CFIA export list entry,HIGH
2518,address,"136 CHEMIN LACROIX, SAINTE-CÉCILE, NB, E8T2X2, Canada",https://apps.inspection.canada.ca/webapps/FishList/,CFIA Fish and Seafood Establishments (Export List),regulator,2026-02-06,CFIA export list entry,HIGH
2406,name,LESLIE LEGER & SONS LTD (CFIA Ref #2406),https://apps.inspection.canada.ca/webapps/FishList/,CFIA Fish and Seafood Establishments (Export List),regulator,2026-02-06,CFIA export list entry,HIGH
2406,address,"34 CHEMIN DE LA COTE, TROIS-RUISSEAUX, NB, E4N2V7, Canada",https://apps.inspection.canada.ca/webapps/FishList/,CFIA Fish and Seafood Establishments (Export List),regulator,2026-02-06,CFIA export list entry,HIGH
2547,name,MCGRAW SEAFOOD (2008) INC. (CFIA Ref #2547),https://apps.inspection.canada.ca/webapps/FishList/,CFIA Fish and Seafood Establishments (Export List),regulator,2026-02-06,CFIA export list entry,HIGH
2547,address,"3113 RUE PRINCIPALE, TRACADIE-SHEILA, NB, E1X1G5, Canada",https://apps.inspection.canada.ca/webapps/FishList/,CFIA Fish and Seafood Establishments (Export List),regulator,2026-02-06,CFIA export list entry,HIGH
1459,name,B.C.D. FISHERIES LIMITED (CFIA Ref #1459),https://apps.inspection.canada.ca/webapps/FishList/,CFIA Fish and Seafood Establishments (Export List),regulator,2026-02-06,CFIA export list entry,HIGH
1459,address,"22 LITTLE BROOK ROAD, LITTLE BROOK, NS, B0W1Z0, Canada",https://apps.inspection.canada.ca/webapps/FishList/,CFIA Fish and Seafood Establishments (Export List),regulator,2026-02-06,CFIA export list entry,HIGH
0346,name,BAKERS POINT FISHERIES LIMITED (CFIA Ref #0346),https://apps.inspection.canada.ca/webapps/FishList/,CFIA Fish and Seafood Establishments (Export List),regulator,2026-02-06,CFIA export list entry,HIGH
0346,address,"33 BAKER'S POINT ROAD, EAST JEDDORE, NS, B0J1W0, Canada",https://apps.inspection.canada.ca/webapps/FishList/,CFIA Fish and Seafood Establishments (Export List),regulator,2026-02-06,CFIA export list entry,HIGH
3293,name,MISTY HARBOUR SEAFOOD (CFIA Ref #3293),https://apps.inspection.canada.ca/webapps/FishList/,CFIA Fish and Seafood Establishments (Export List),regulator,2026-02-06,CFIA export list entry,HIGH
3293,address,"2304 OCEAN WESTWAY, SAINT JOHN, NB, E2M5J4, Canada",https://apps.inspection.canada.ca/webapps/FishList/,CFIA Fish and Seafood Establishments (Export List),regulator,2026-02-06,CFIA export list entry,HIGH
2570,name,BARRY GROUP INC. (CFIA Ref #2570),https://apps.inspection.canada.ca/webapps/FishList/,CFIA Fish and Seafood Establishments (Export List),regulator,2026-02-06,CFIA export list entry,HIGH
2570,address,"764 RUE PRINCIPALE, LOWER NÉGUAC, NB, E9G1N5, Canada",https://apps.inspection.canada.ca/webapps/FishList/,CFIA Fish and Seafood Establishments (Export List),regulator,2026-02-06,CFIA export list entry,HIGH
2448,name,OCEAN PIER INC. (CFIA Ref #2448),https://apps.inspection.canada.ca/webapps/FishList/,CFIA Fish and Seafood Establishments (Export List),regulator,2026-02-06,CFIA export list entry,HIGH
2448,address,"20 PATTISON STREET, SCOUDOUC, NB, E4P3R4, Canada",https://apps.inspection.canada.ca/webapps/FishList/,CFIA Fish and Seafood Establishments (Export List),regulator,2026-02-06,CFIA export list entry,HIGH
2403,name,M. LEBLANC FISHERIES LTD. (CFIA Ref #2403),https://apps.inspection.canada.ca/webapps/FishList/,CFIA Fish and Seafood Establishments (Export List),regulator,2026-02-06,CFIA export list entry,HIGH
2403,address,"4 RUE BRUN, PETIT-CAP, NB, E4N2E4, Canada",https://apps.inspection.canada.ca/webapps/FishList/,CFIA Fish and Seafood Establishments (Export List),regulator,2026-02-06,CFIA export list entry,HIGH
3028,name,OVEN HEAD SALMON SMOKERS LTD (CFIA Ref #3028),https://apps.inspection.canada.ca/webapps/FishList/,CFIA Fish and Seafood Establishments (Export List),regulator,2026-02-06,CFIA export list entry,HIGH
3028,address,"101 OVEN HEAD ROAD, BETHEL, NB, E5C1S3, Canada",https://apps.inspection.canada.ca/webapps/FishList/,CFIA Fish and Seafood Establishments (Export List),regulator,2026-02-06,CFIA export list entry,HIGH
1209,name,PÉCHERIES BELLE-ILE FISHERIES LTÉE LTD (CFIA Ref #1209),https://apps.inspection.canada.ca/webapps/FishList/,CFIA Fish and Seafood Establishments (Export List),regulator,2026-02-06,CFIA export list entry,HIGH
1209,address,"4 RUE DU PORT, SAINTE-MARIE-SAINT-RAPHAEL, NB, E8T1T4, Canada",https://apps.inspection.canada.ca/webapps/FishList/,CFIA Fish and Seafood Establishments (Export List),regulator,2026-02-06,CFIA export list entry,HIGH
2555,name,PÉCHERIES ST-PAUL (1989) LTÉE./ST-PAUL FISHERIES (1989) LTD. (PLANT #2555) (CFIA Ref #2555),https://apps.inspection.canada.ca/webapps/FishList/,CFIA Fish and Seafood Establishments (Export List),regulator,2026-02-06,CFIA export list entry,HIGH
2555,address,"2261 RUE INDUSTRIELLE, BAS-CARAQUET, NB, E1W5Z1, Canada",https://apps.inspection.canada.ca/webapps/FishList/,CFIA Fish and Seafood Establishments (Export List),regulator,2026-02-06,CFIA export list entry,HIGH
1213,name,PHILIP OUELLETTE & SONS LTD (CFIA Ref #1213),https://apps.inspection.canada.ca/webapps/FishList/,CFIA Fish and Seafood Establishments (Export List),regulator,2026-02-06,CFIA export list entry,HIGH
1213,address,"44 CH DU QUAI, PETIT-CAP, NB, E4N2G5, Canada",https://apps.inspection.canada.ca/webapps/FishList/,CFIA Fish and Seafood Establishments (Export List),regulator,2026-02-06,CFIA export list entry,HIGH
3287,name,POINT QUEEN FISHERIES LTD (CFIA Ref #3287),https://apps.inspection.canada.ca/webapps/FishList/,CFIA Fish and Seafood Establishments (Export List),regulator,2026-02-06,CFIA export list entry,HIGH
3287,address,"1207 ROUTE 172, LETETE, NB, E5C3S8, Canada",https://apps.inspection.canada.ca/webapps/FishList/,CFIA Fish and Seafood Establishments (Export List),regulator,2026-02-06,CFIA export list entry,HIGH
2514,name,PÉCHERIES ARSENEAU FISHERIES (CFIA Ref #2514),https://apps.inspection.canada.ca/webapps/FishList/,CFIA Fish and Seafood Establishments (Export List),regulator,2026-02-06,CFIA export list entry,HIGH
2514,address,"221 RUE PRINCIPALE, NIGADOO, NB, E8K3S8, Canada",https://apps.inspection.canada.ca/webapps/FishList/,CFIA Fish and Seafood Establishments (Export List),regulator,2026-02-06,CFIA export list entry,HIGH
0255,name,PRODUITS BELLE BAIE LTEE (CFIA Ref #0255),https://apps.inspection.canada.ca/webapps/FishList/,CFIA Fish and Seafood Establishments (Export List),regulator,2026-02-06,CFIA export list entry,HIGH
0255,address,"10 RUE DU QUAI, CARAQUET, NB, E1W1B6, Canada",https://apps.inspection.canada.ca/webapps/FishList/,CFIA Fish and Seafood Establishments (Export List),regulator,2026-02-06,CFIA export list entry,HIGH
5964,name,FUMOIR LA FÉE DES GRÉVES (CFIA Ref #5964),https://apps.inspection.canada.ca/webapps/FishList/,CFIA Fish and Seafood Establishments (Export List),regulator,2026-02-06,CFIA export list entry,HIGH
5964,address,"1920 AVENUE JEAN-DE-CLERMONT, QUÉBEC, QC, G1E3S3, Canada",https://apps.inspection.canada.ca/webapps/FishList/,CFIA Fish and Seafood Establishments (Export List),regulator,2026-02-06,CFIA export list entry,HIGH
5093,name,ALIMENTS LUDA FOODS INC. (CFIA Ref #5093),https://apps.inspection.canada.ca/webapps/FishList/,CFIA Fish and Seafood Establishments (Export List),regulator,2026-02-06,CFIA export list entry,HIGH
5093,address,"6200 RTE TRANS-CANADA, POINTE-CLAIRE, QC, H9R1B9, Canada",https://apps.inspection.canada.ca/webapps/FishList/,CFIA Fish and Seafood Establishments (Export List),regulator,2026-02-06,CFIA export list entry,HIGH
5776,name,CRUSTACÉS BAIE-TRINITÉ INC. (CFIA Ref #5776),https://apps.inspection.canada.ca/webapps/FishList/,CFIA Fish and Seafood Establishments (Export List),regulator,2026-02-06,CFIA export list entry,HIGH
5776,address,"75, ROUTE 138, BAIE-TRINITÉ, QC, G0H1A0, Canada",https://apps.inspection.canada.ca/webapps/FishList/,CFIA Fish and Seafood Establishments (Export List),regulator,2026-02-06,CFIA export list entry,HIGH
5227,name,CRUSTACÉS DE MALBAIE INC. (CFIA Ref #5227),https://apps.inspection.canada.ca/webapps/FishList/,CFIA Fish and Seafood Establishments (Export List),regulator,2026-02-06,CFIA export list entry,HIGH
5227,address,"1491, ROUTE 132 EST, SAINT-GEORGES-DE-MALBAIE, QC, G0C2X0, Canada",https://apps.inspection.canada.ca/webapps/FishList/,CFIA Fish and Seafood Establishments (Export List),regulator,2026-02-06,CFIA export list entry,HIGH
5197,name,CUSIMER (1991) INC. (CFIA Ref #5197),https://apps.inspection.canada.ca/webapps/FishList/,CFIA Fish and Seafood Establishments (Export List),regulator,2026-02-06,CFIA export list entry,HIGH
5197,address,"54, 1 IÉRE AVENUE OUEST, MONT-LOUIS, QC, G0E1T0, Canada",https://apps.inspection.canada.ca/webapps/FishList/,CFIA Fish and Seafood Establishments (Export List),regulator,2026-02-06,CFIA export list entry,HIGH
0546,name,E. GAGNON ET FILS LTEE (CFIA Ref #0546),https://apps.inspection.canada.ca/webapps/FishList/,CFIA Fish and Seafood Establishments (Export List),regulator,2026-02-06,CFIA export list entry,HIGH
0546,address,"405 ROUTE 132, SAINTE-THÉRÉSE-DE-GASPÉ, QC, G0C3B0, Canada",https://apps.inspection.canada.ca/webapps/FishList/,CFIA Fish and Seafood Establishments (Export List),regulator,2026-02-06,CFIA export list entry,HIGH
5095,name,FERME PISCICOLE DES BOBINES INC (CFIA Ref #5095),https://apps.inspection.canada.ca/webapps/FishList/,CFIA Fish and Seafood Establishments (Export List),regulator,2026-02-06,CFIA export list entry,HIGH
5095,address,"1 RUE SAINT-HENRI, EAST HEREFORD, QC, J0B1S0, Canada",https://apps.inspection.canada.ca/webapps/FishList/,CFIA Fish and Seafood Establishments (Export List),regulator,2026-02-06,CFIA export list entry,HIGH
5928,name,FUMOIR GRIZZLY INC. (CFIA Ref #5928),https://apps.inspection.canada.ca/webapps/FishList/,CFIA Fish and Seafood Establishments (Export List),regulator,2026-02-06,CFIA export list entry,HIGH
5928,address,"159 D'AMSTERDAM, SAINT-AUGUSTIN-DE-DESMAURES, QC, G3A2V5, Canada",https://apps.inspection.canada.ca/webapps/FishList/,CFIA Fish and Seafood Establishments (Export List),regulator,2026-02-06,CFIA export list entry,HIGH
3117,name,JK Crawlers Inc. (CFIA Ref #3117),https://apps.inspection.canada.ca/webapps/FishList/,CFIA Fish and Seafood Establishments (Export List),regulator,2026-02-06,CFIA export list entry,HIGH
3117,address,"3203 Port Latour Road, Port Latour, NS, B0W2T0, Canada",https://apps.inspection.canada.ca/webapps/FishList/,CFIA Fish and Seafood Establishments (Export List),regulator,2026-02-06,CFIA export list entry,HIGH
0594,name,LES ALIMENTS KRINOS FOODS CANADA LTD./LTEE. (CFIA Ref #0594),https://apps.inspection.canada.ca/webapps/FishList/,CFIA Fish and Seafood Establishments (Export List),regulator,2026-02-06,CFIA export list entry,HIGH
0594,address,"5555 BOULEVARD THIMENS, MONTRÉAL, QC, H4R2H4, Canada",https://apps.inspection.canada.ca/webapps/FishList/,CFIA Fish and Seafood Establishments (Export List),regulator,2026-02-06,CFIA export list entry,HIGH
0558,name,LA CREVETTE DU NORD ATLANTIQUE INC (CFIA Ref #0558),https://apps.inspection.canada.ca/webapps/FishList/,CFIA Fish and Seafood Establishments (Export List),regulator,2026-02-06,CFIA export list entry,HIGH
0558,address,"9 DE LA MARY, RIVIÉRE-AU-RENARD, QC, G4X5E9, Canada",https://apps.inspection.canada.ca/webapps/FishList/,CFIA Fish and Seafood Establishments (Export List),regulator,2026-02-06,CFIA export list entry,HIGH
0529,name,"LELIÉVRE, LELIÉVRE ET LEMOIGNAN LTÉE (CFIA Ref #0529)",https://apps.inspection.canada.ca/webapps/FishList/,CFIA Fish and Seafood Establishments (Export List),regulator,2026-02-06,CFIA export list entry,HIGH
0529,address,"52 RUE DES VIGNEAUX, SAINTE-THÉRÉSE-DE-GASPÉ, QC, G0C3B0, Canada",https://apps.inspection.canada.ca/webapps/FishList/,CFIA Fish and Seafood Establishments (Export List),regulator,2026-02-06,CFIA export list entry,HIGH
2002,name,CEILIDH FISHERMEN CO-OP LIMITED (CFIA Ref #2002),https://apps.inspection.canada.ca/webapps/FishList/,CFIA Fish and Seafood Establishments (Export List),regulator,2026-02-06,CFIA export list entry,HIGH
2002,address,"MURPHY'S POND ROAD, PORT HOOD, NS, B0E2W0, Canada",https://apps.inspection.canada.ca/webapps/FishList/,CFIA Fish and Seafood Establishments (Export List),regulator,2026-02-06,CFIA export list entry,HIGH
3179,name,CHARLESVILLE FISHERIES LIMITED (CFIA Ref #3179),https://apps.inspection.canada.ca/webapps/FishList/,CFIA Fish and Seafood Establishments (Export List),regulator,2026-02-06,CFIA export list entry,HIGH
3179,address,"789 HWY #3; LOWER EAST PUBNICO, YARMOUTH COUNTY, NS, B0W2A0, Canada",https://apps.inspection.canada.ca/webapps/FishList/,CFIA Fish and Seafood Establishments (Export List),regulator,2026-02-06,CFIA export list entry,HIGH
2013,name,CHASE'S LOBSTER POUND LIMITED (CFIA Ref #2013),https://apps.inspection.canada.ca/webapps/FishList/,CFIA Fish and Seafood Establishments (Export List),regulator,2026-02-06,CFIA export list entry,HIGH
2013,address,"7935 HIGHWAY #6, PORT HOWE, NS, B0L1K0, Canada",https://apps.inspection.canada.ca/webapps/FishList/,CFIA Fish and Seafood Establishments (Export List),regulator,2026-02-06,CFIA export list entry,HIGH
5782,name,LES CRABIERS DU NORD INC (CFIA Ref #5782),https://apps.inspection.canada.ca/webapps/FishList/,CFIA Fish and Seafood Establishments (Export List),regulator,2026-02-06,CFIA export list entry,HIGH
5782,address,"428, RUE PRINCIPALE, C.P. 255, PORTNEUF-SUR-MER, QC, G0T1P0, Canada",https://apps.inspection.canada.ca/webapps/FishList/,CFIA Fish and Seafood Establishments (Export List),regulator,2026-02-06,CFIA export list entry,HIGH
0542,name,LES FRUITS DE MER DE L'EST DU QUÉBEC (1998) LTÉE (CFIA Ref #0542),https://apps.inspection.canada.ca/webapps/FishList/,CFIA Fish and Seafood Establishments (Export List),regulator,2026-02-06,CFIA export list entry,HIGH
0542,address,"1600, MATANE-SUR-MER, MATANE, QC, G4W3M6, Canada",https://apps.inspection.canada.ca/webapps/FishList/,CFIA Fish and Seafood Establishments (Export List),regulator,2026-02-06,CFIA export list entry,HIGH
5615,name,LES FRUITS DE MER MADELEINE INC. (CFIA Ref #5615),https://apps.inspection.canada.ca/webapps/FishList/,CFIA Fish and Seafood Establishments (Export List),regulator,2026-02-06,CFIA export list entry,HIGH
5615,address,"546 CHEMIN FOUGÉRE, ETANG-DU-NORD, QC, G4T3Z8, Canada",https://apps.inspection.canada.ca/webapps/FishList/,CFIA Fish and Seafood Establishments (Export List),regulator,2026-02-06,CFIA export list entry,HIGH
0543,name,LES PÉCHERIES GASPÉSIENNES INC. (CFIA Ref #0543),https://apps.inspection.canada.ca/webapps/FishList/,CFIA Fish and Seafood Establishments (Export List),regulator,2026-02-06,CFIA export list entry,HIGH
0543,address,"48 RUE DES VAGUES, GASPÉ, QC, G4X4M9, Canada",https://apps.inspection.canada.ca/webapps/FishList/,CFIA Fish and Seafood Establishments (Export List),regulator,2026-02-06,CFIA export list entry,HIGH
5178,name,LES PÉCHERIES MARINARD LTÉE (CFIA Ref #5178),https://apps.inspection.canada.ca/webapps/FishList/,CFIA Fish and Seafood Establishments (Export List),regulator,2026-02-06,CFIA export list entry,HIGH
5178,address,"41 RUE DE L'ENTREPÔT, GASPÉ, QC, G4X5L3, Canada",https://apps.inspection.canada.ca/webapps/FishList/,CFIA Fish and Seafood Establishments (Export List),regulator,2026-02-06,CFIA export list entry,HIGH
5077,name,LES PLATS DU CHEF ULC (CFIA Ref #5077),https://apps.inspection.canada.ca/webapps/FishList/,CFIA Fish and Seafood Establishments (Export List),regulator,2026-02-06,CFIA export list entry,HIGH
5077,address,"51 RUE KESMARK, DOLLARD-DES-ORMEAUX, QC, H9B3J1, Canada",https://apps.inspection.canada.ca/webapps/FishList/,CFIA Fish and Seafood Establishments (Export List),regulator,2026-02-06,CFIA export list entry,HIGH
5103,name,FLEURY MICHON AMERICA INC. (CFIA Ref #5103),https://apps.inspection.canada.ca/webapps/FishList/,CFIA Fish and Seafood Establishments (Export List),regulator,2026-02-06,CFIA export list entry,HIGH
5103,address,"26 RUE J MARC SÉGUIN, RIGAUD, QC, J0P1P0, Canada",https://apps.inspection.canada.ca/webapps/FishList/,CFIA Fish and Seafood Establishments (Export List),regulator,2026-02-06,CFIA export list entry,HIGH
5817,name,COOPÉRATIVE COMMUNAUTAIRE DE FRUITS DE MER DE LA BASSE COTE-NORD/LNS Community Seafood Cooperative (CFIA Ref #5817),https://apps.inspection.canada.ca/webapps/FishList/,CFIA Fish and Seafood Establishments (Export List),regulator,2026-02-06,CFIA export list entry,HIGH
5817,address,"2 Dockside Dr, CP 129, HARRINGTON HARBOUR, QC, G0G1N0, Canada",https://apps.inspection.canada.ca/webapps/FishList/,CFIA Fish and Seafood Establishments (Export List),regulator,2026-02-06,CFIA export list entry,HIGH
0550,name,POISSON SALÉ GASPÉSIEN LTÉE (CFIA Ref #0550),https://apps.inspection.canada.ca/webapps/FishList/,CFIA Fish and Seafood Establishments (Export List),regulator,2026-02-06,CFIA export list entry,HIGH
0550,address,"39 RUE DU PARC, GRANDE-RIVIÉRE, QC, G0C1V0, Canada",https://apps.inspection.canada.ca/webapps/FishList/,CFIA Fish and Seafood Establishments (Export List),regulator,2026-02-06,CFIA export list entry,HIGH
5167,name,POISSONNERIE BLANCHETTE INC. (CFIA Ref #5167),https://apps.inspection.canada.ca/webapps/FishList/,CFIA Fish and Seafood Establishments (Export List),regulator,2026-02-06,CFIA export list entry,HIGH
5167,address,"150, BOUL. PERRON EST, SAINTE-ANNE-DES-MONTS, QC, G4V3A4, Canada",https://apps.inspection.canada.ca/webapps/FishList/,CFIA Fish and Seafood Establishments (Export List),regulator,2026-02-06,CFIA export list entry,HIGH
1394,name,COMEAU'S SEA FOODS LIMITED (CFIA Ref #1394),https://apps.inspection.canada.ca/webapps/FishList/,CFIA Fish and Seafood Establishments (Export List),regulator,2026-02-06,CFIA export list entry,HIGH
1394,address,"13 SAULNIERVILLE WHARF ROAD, SAULNIERVILLE, NS, B0W2Z0, Canada",https://apps.inspection.canada.ca/webapps/FishList/,CFIA Fish and Seafood Establishments (Export List),regulator,2026-02-06,CFIA export list entry,HIGH
0547,name,POISSONNERIE DE CLORIDORME INC. (CFIA Ref #0547),https://apps.inspection.canada.ca/webapps/FishList/,CFIA Fish and Seafood Establishments (Export List),regulator,2026-02-06,CFIA export list entry,HIGH
0547,address,"643 ROUTE 132, CLORIDORME, QC, G0E1G0, Canada",https://apps.inspection.canada.ca/webapps/FishList/,CFIA Fish and Seafood Establishments (Export List),regulator,2026-02-06,CFIA export list entry,HIGH
1392,name,COMEAU'S SEA FOODS LIMITED (CFIA Ref #1392),https://apps.inspection.canada.ca/webapps/FishList/,CFIA Fish and Seafood Establishments (Export List),regulator,2026-02-06,CFIA export list entry,HIGH
1392,address,"36 SAULNIERVILLE WHARF ROAD, SAULNIERVILLE, NS, B0W2Z0, Canada",https://apps.inspection.canada.ca/webapps/FishList/,CFIA Fish and Seafood Establishments (Export List),regulator,2026-02-06,CFIA export list entry,HIGH
5808,name,POISSONNERIE DU HAVRE LTÉE (CFIA Ref #5808),https://apps.inspection.canada.ca/webapps/FishList/,CFIA Fish and Seafood Establishments (Export List),regulator,2026-02-06,CFIA export list entry,HIGH
5808,address,"968 RUE DE LA BERGE, HAVRE-SAINT-PIERRE, QC, G0G1P0, Canada",https://apps.inspection.canada.ca/webapps/FishList/,CFIA Fish and Seafood Establishments (Export List),regulator,2026-02-06,CFIA export list entry,HIGH
0301,name,COMEAU'S SEA FOODS LIMITED (CFIA Ref #0301),https://apps.inspection.canada.ca/webapps/FishList/,CFIA Fish and Seafood Establishments (Export List),regulator,2026-02-06,CFIA export list entry,HIGH
0301,address,"14 SAULNIERVILLE WHARF ROAD, SAULNIERVILLE, NS, B0W2Z0, Canada",https://apps.inspection.canada.ca/webapps/FishList/,CFIA Fish and Seafood Establishments (Export List),regulator,2026-02-06,CFIA export list entry,HIGH
5766,name,POISSONNERIE JEAN-GUY LAPRISE INC. (CFIA Ref #5766),https://apps.inspection.canada.ca/webapps/FishList/,CFIA Fish and Seafood Establishments (Export List),regulator,2026-02-06,CFIA export list entry,HIGH
5766,address,"142, RUE VALLILEE, CHUTE-AUX-OUTARDES, QC, G0H1C0, Canada",https://apps.inspection.canada.ca/webapps/FishList/,CFIA Fish and Seafood Establishments (Export List),regulator,2026-02-06,CFIA export list entry,HIGH
5806,name,"POSÉIDON ""LES POISSONS ET CRUSTACÉS"" INC. (CFIA Ref #5806)",https://apps.inspection.canada.ca/webapps/FishList/,CFIA Fish and Seafood Establishments (Export List),regulator,2026-02-06,CFIA export list entry,HIGH
5806,address,"259, RUE DE LA MER, LONGUE-POINTE-DE-MINGAN, QC, G0G1V0, Canada",https://apps.inspection.canada.ca/webapps/FishList/,CFIA Fish and Seafood Establishments (Export List),regulator,2026-02-06,CFIA export list entry,HIGH
1260,name,FRANKLAND CANNING COMPANY (CFIA Ref #1260),https://apps.inspection.canada.ca/webapps/FishList/,CFIA Fish and Seafood Establishments (Export List),regulator,2026-02-06,CFIA export list entry,HIGH
1260,address,"20 PATRICE ROAD, CHURCH POINT, NS, B0W1M0, Canada",https://apps.inspection.canada.ca/webapps/FishList/,CFIA Fish and Seafood Establishments (Export List),regulator,2026-02-06,CFIA export list entry,HIGH
0423,name,CORMIER'S FIVE ISLAND CLAMS LIMITED (CFIA Ref #0423),https://apps.inspection.canada.ca/webapps/FishList/,CFIA Fish and Seafood Establishments (Export List),regulator,2026-02-06,CFIA export list entry,HIGH
0423,address,"93 WHARF ROAD, FIVE ISLANDS, NS, B0M1K0, Canada",https://apps.inspection.canada.ca/webapps/FishList/,CFIA Fish and Seafood Establishments (Export List),regulator,2026-02-06,CFIA export list entry,HIGH
5199,name,UNIPECHE M.D.M. LTEE (CFIA Ref #5199),https://apps.inspection.canada.ca/webapps/FishList/,CFIA Fish and Seafood Establishments (Export List),regulator,2026-02-06,CFIA export list entry,HIGH
5199,address,"66 AVENUE DU QUAI, PLANT ID: 5199, PASPÉBIAC, QC, G0C2K0, Canada",https://apps.inspection.canada.ca/webapps/FishList/,CFIA Fish and Seafood Establishments (Export List),regulator,2026-02-06,CFIA export list entry,HIGH
3342,name,DAVE'S FRESH CLAMS (CFIA Ref #3342),https://apps.inspection.canada.ca/webapps/FishList/,CFIA Fish and Seafood Establishments (Export List),regulator,2026-02-06,CFIA export list entry,HIGH
3342,address,"1440 GRANVILLE RD, PORT WADE, NS, B0S1A0, Canada",https://apps.inspection.canada.ca/webapps/FishList/,CFIA Fish and Seafood Establishments (Export List),regulator,2026-02-06,CFIA export list entry,HIGH
3346,name,DEEP COVE AQUA FARMS LIMITED (CFIA Ref #3346),https://apps.inspection.canada.ca/webapps/FishList/,CFIA Fish and Seafood Establishments (Export List),regulator,2026-02-06,CFIA export list entry,HIGH
3346,address,"5182 HIGHWAY 329, BLANDFORD, NS, B0J1C0, Canada",https://apps.inspection.canada.ca/webapps/FishList/,CFIA Fish and Seafood Establishments (Export List),regulator,2026-02-06,CFIA export list entry,HIGH
3120,name,DELAPS COVE FISH PRODUCTS LTD. (CFIA Ref #3120),https://apps.inspection.canada.ca/webapps/FishList/,CFIA Fish and Seafood Establishments (Export List),regulator,2026-02-06,CFIA export list entry,HIGH
3120,address,"2680 SHORE RD WEST, DELAPS COVE, NS, B0S1K0, Canada",https://apps.inspection.canada.ca/webapps/FishList/,CFIA Fish and Seafood Establishments (Export List),regulator,2026-02-06,CFIA export list entry,HIGH
2401,name,SEA TIDE IMPORT & EXPORT LTD. (PLANT #1) (CFIA Ref #2401),https://apps.inspection.canada.ca/webapps/FishList/,CFIA Fish and Seafood Establishments (Export List),regulator,2026-02-06,CFIA export list entry,HIGH
2401,address,"55 CORMIER STREET, CAP-PELE, NB, E4N1N8, Canada",https://apps.inspection.canada.ca/webapps/FishList/,CFIA Fish and Seafood Establishments (Export List),regulator,2026-02-06,CFIA export list entry,HIGH
2439,name,SEA TIDE IMPORT & EXPORT LTD (CFIA Ref #2439),https://apps.inspection.canada.ca/webapps/FishList/,CFIA Fish and Seafood Establishments (Export List),regulator,2026-02-06,CFIA export list entry,HIGH
2439,address,"45 CORMIER STREET, CAP-PELE, NB, E4N1N8, Canada",https://apps.inspection.canada.ca/webapps/FishList/,CFIA Fish and Seafood Establishments (Export List),regulator,2026-02-06,CFIA export list entry,HIGH
0277,name,EAST SIDE FISHERIES LIMITED (CFIA Ref #0277),https://apps.inspection.canada.ca/webapps/FishList/,CFIA Fish and Seafood Establishments (Export List),regulator,2026-02-06,CFIA export list entry,HIGH
0277,address,"337 HWY 3, LOWER EAST PUBNICO, NS, B0W2A0, Canada",https://apps.inspection.canada.ca/webapps/FishList/,CFIA Fish and Seafood Establishments (Export List),regulator,2026-02-06,CFIA export list entry,HIGH
0177,name,SHEDIAC LOBSTER SHOP LTD. (CFIA Ref #0177),https://apps.inspection.canada.ca/webapps/FishList/,CFIA Fish and Seafood Establishments (Export List),regulator,2026-02-06,CFIA export list entry,HIGH
0177,address,"261 MAIN STREET, SHEDIAC, NB, E4P2A6, Canada",https://apps.inspection.canada.ca/webapps/FishList/,CFIA Fish and Seafood Establishments (Export List),regulator,2026-02-06,CFIA export list entry,HIGH
1400,name,EMERY SMITH FISHERIES LIMITED (CFIA Ref #1400),https://apps.inspection.canada.ca/webapps/FishList/,CFIA Fish and Seafood Establishments (Export List),regulator,2026-02-06,CFIA export list entry,HIGH
1400,address,"5309 HWY 3, SHAG HARBOUR, NS, B0W3B0, Canada",https://apps.inspection.canada.ca/webapps/FishList/,CFIA Fish and Seafood Establishments (Export List),regulator,2026-02-06,CFIA export list entry,HIGH
2427,name,SOUTH SHORE TRADING CO. LTD. (CFIA Ref #2427),https://apps.inspection.canada.ca/webapps/FishList/,CFIA Fish and Seafood Establishments (Export List),regulator,2026-02-06,CFIA export list entry,HIGH
2427,address,"36 JOHN A. TRENHOLM ROAD, UPPER CAPE, NB, E4M2R6, Canada",https://apps.inspection.canada.ca/webapps/FishList/,CFIA Fish and Seafood Establishments (Export List),regulator,2026-02-06,CFIA export list entry,HIGH
2422,name,WEST INDIA TRADING CO. INC. (CFIA Ref #2422),https://apps.inspection.canada.ca/webapps/FishList/,CFIA Fish and Seafood Establishments (Export List),regulator,2026-02-06,CFIA export list entry,HIGH
2422,address,"2086 ROUTE 950, PETIT-CAP, NB, E4N2J7, Canada",https://apps.inspection.canada.ca/webapps/FishList/,CFIA Fish and Seafood Establishments (Export List),regulator,2026-02-06,CFIA export list entry,HIGH
1336,name,FORT POINT FISHERIES LIMITED (CFIA Ref #1336),https://apps.inspection.canada.ca/webapps/FishList/,CFIA Fish and Seafood Establishments (Export List),regulator,2026-02-06,CFIA export list entry,HIGH
1336,address,"107 FORT POINT ROAD, SHELBURNE, NS, -, Canada",https://apps.inspection.canada.ca/webapps/FishList/,CFIA Fish and Seafood Establishments (Export List),regulator,2026-02-06,CFIA export list entry,HIGH
1475,name,GULLIVER'S COVE FISHERIES (CFIA Ref #1475),https://apps.inspection.canada.ca/webapps/FishList/,CFIA Fish and Seafood Establishments (Export List),regulator,2026-02-06,CFIA export list entry,HIGH
1475,address,"556 GULLIVER'S COVE ROAD, DIGBY, NS, B0V1A0, Canada",https://apps.inspection.canada.ca/webapps/FishList/,CFIA Fish and Seafood Establishments (Export List),regulator,2026-02-06,CFIA export list entry,HIGH
0997,name,MAC'S OYSTERS LTD. (CFIA Ref #0997),https://apps.inspection.canada.ca/webapps/FishList/,CFIA Fish and Seafood Establishments (Export List),regulator,2026-02-06,CFIA export list entry,HIGH
0997,address,"7162 SOUTH ISLAND HIGHWAY, FANNY BAY, BC, V0R1W0, Canada",https://apps.inspection.canada.ca/webapps/FishList/,CFIA Fish and Seafood Establishments (Export List),regulator,2026-02-06,CFIA export list entry,HIGH
0728,name,HUB CITY FISHERIES LTD. (CFIA Ref #0728),https://apps.inspection.canada.ca/webapps/FishList/,CFIA Fish and Seafood Establishments (Export List),regulator,2026-02-06,CFIA export list entry,HIGH
0728,address,"262 SOUTHSIDE DRIVE, NANAIMO, BC, V9R6Z5, Canada",https://apps.inspection.canada.ca/webapps/FishList/,CFIA Fish and Seafood Establishments (Export List),regulator,2026-02-06,CFIA export list entry,HIGH
1956,name,MID-OCEAN FISHERIES LTD. (CFIA Ref #1956),https://apps.inspection.canada.ca/webapps/FishList/,CFIA Fish and Seafood Establishments (Export List),regulator,2026-02-06,CFIA export list entry,HIGH
1956,address,"#150 - 12831 CLARKE PLACE, RICHMOND, BC, V6V2H9, Canada",https://apps.inspection.canada.ca/webapps/FishList/,CFIA Fish and Seafood Establishments (Export List),regulator,2026-02-06,CFIA export list entry,HIGH
0769,name,AERO TRADING CO. LTD. (CFIA Ref #0769),https://apps.inspection.canada.ca/webapps/FishList/,CFIA Fish and Seafood Establishments (Export List),regulator,2026-02-06,CFIA export list entry,HIGH
0769,address,"1080 SKEENA DRIVE, PORT EDWARD, BC, V0V1G0, Canada",https://apps.inspection.canada.ca/webapps/FishList/,CFIA Fish and Seafood Establishments (Export List),regulator,2026-02-06,CFIA export list entry,HIGH
1976,name,MOON ENTERPRISES INC. (CFIA Ref #1976),https://apps.inspection.canada.ca/webapps/FishList/,CFIA Fish and Seafood Establishments (Export List),regulator,2026-02-06,CFIA export list entry,HIGH
1976,address,"#2 - 11720 VOYAGEUR WAY, RICHMOND, BC, V6X3G9, Canada",https://apps.inspection.canada.ca/webapps/FishList/,CFIA Fish and Seafood Establishments (Export List),regulator,2026-02-06,CFIA export list entry,HIGH
0770,name,AERO TRADING CO. LTD. (CFIA Ref #0770),https://apps.inspection.canada.ca/webapps/FishList/,CFIA Fish and Seafood Establishments (Export List),regulator,2026-02-06,CFIA export list entry,HIGH
0770,address,"200-8592 FRASER STREET, VANCOUVER, BC, V5X3Y3, Canada",https://apps.inspection.canada.ca/webapps/FishList/,CFIA Fish and Seafood Establishments (Export List),regulator,2026-02-06,CFIA export list entry,HIGH
0959,name,SEABORN ENTERPRISES LTD. (CFIA Ref #0959),https://apps.inspection.canada.ca/webapps/FishList/,CFIA Fish and Seafood Establishments (Export List),regulator,2026-02-06,CFIA export list entry,HIGH
0959,address,"79 & 91 EAST KENT AVENUE NORTH, VANCOUVER, BC, V5X2X5, Canada",https://apps.inspection.canada.ca/webapps/FishList/,CFIA Fish and Seafood Establishments (Export List),regulator,2026-02-06,CFIA export list entry,HIGH
0767,name,"CANADIAN FISHING COMPANY, A DIVISION OF JIM PATTISON ENTERPRISES LTD. (CFIA Ref #0767)",https://apps.inspection.canada.ca/webapps/FishList/,CFIA Fish and Seafood Establishments (Export List),regulator,2026-02-06,CFIA export list entry,HIGH
0767,address,"FOOT OF SEAL COVE ROAD, PRINCE RUPERT, BC, V8J3R5, Canada",https://apps.inspection.canada.ca/webapps/FishList/,CFIA Fish and Seafood Establishments (Export List),regulator,2026-02-06,CFIA export list entry,HIGH
0702,name,"CANADIAN FISHING COMPANY, A DIVISION OF JIM PATTISON ENTERPRISES LTD. (CFIA Ref #0702)",https://apps.inspection.canada.ca/webapps/FishList/,CFIA Fish and Seafood Establishments (Export List),regulator,2026-02-06,CFIA export list entry,HIGH
0702,address,"13140 RICE MILL ROAD, RICHMOND, BC, V6W1A1, Canada",https://apps.inspection.canada.ca/webapps/FishList/,CFIA Fish and Seafood Establishments (Export List),regulator,2026-02-06,CFIA export list entry,HIGH
0792,name,"CANADIAN FISHING COMPANY, A DIVISION OF JIM PATTISON ENTERPRISES LTD. (CFIA Ref #0792)",https://apps.inspection.canada.ca/webapps/FishList/,CFIA Fish and Seafood Establishments (Export List),regulator,2026-02-06,CFIA export list entry,HIGH
0792,address,"181 GEORGE HILLS WAY, PRINCE RUPERT, BC, V8J1A3, Canada",https://apps.inspection.canada.ca/webapps/FishList/,CFIA Fish and Seafood Establishments (Export List),regulator,2026-02-06,CFIA export list entry,HIGH
0950,name,MOWI CANADA WEST INC. (CFIA Ref #0950),https://apps.inspection.canada.ca/webapps/FishList/,CFIA Fish and Seafood Establishments (Export List),regulator,2026-02-06,CFIA export list entry,HIGH
0950,address,"7200 COHO ROAD, PORT HARDY, BC, V0N2P0, Canada",https://apps.inspection.canada.ca/webapps/FishList/,CFIA Fish and Seafood Establishments (Export List),regulator,2026-02-06,CFIA export list entry,HIGH
1982,name,OCEANFOOD INDUSTRIES LIMITED (CFIA Ref #1982),https://apps.inspection.canada.ca/webapps/FishList/,CFIA Fish and Seafood Establishments (Export List),regulator,2026-02-06,CFIA export list entry,HIGH
1982,address,"11520 EBURNE WAY, RICHMOND, BC, V6V2G7, Canada",https://apps.inspection.canada.ca/webapps/FishList/,CFIA Fish and Seafood Establishments (Export List),regulator,2026-02-06,CFIA export list entry,HIGH
0915,name,ORCA SPECIALTY FOODS LTD. (CFIA Ref #0915),https://apps.inspection.canada.ca/webapps/FishList/,CFIA Fish and Seafood Establishments (Export List),regulator,2026-02-06,CFIA export list entry,HIGH
0915,address,"#4 17350 56TH AVENUE, SURREY, BC, V3S1C3, Canada",https://apps.inspection.canada.ca/webapps/FishList/,CFIA Fish and Seafood Establishments (Export List),regulator,2026-02-06,CFIA export list entry,HIGH
0943,name,CERMAQ CANADA PROCESSING LTD. (CFIA Ref #0943),https://apps.inspection.canada.ca/webapps/FishList/,CFIA Fish and Seafood Establishments (Export List),regulator,2026-02-06,CFIA export list entry,HIGH
0943,address,"61 - 4TH STREET, TOFINO, BC, -, Canada",https://apps.inspection.canada.ca/webapps/FishList/,CFIA Fish and Seafood Establishments (Export List),regulator,2026-02-06,CFIA export list entry,HIGH
0910,name,Baynes Sound Oyster Co. Ltd. (CFIA Ref #0910),https://apps.inspection.canada.ca/webapps/FishList/,CFIA Fish and Seafood Establishments (Export List),regulator,2026-02-06,CFIA export list entry,HIGH
0910,address,"5848 ISLAND HIGHWAY SOUTH, UNION BAY, BC, V0R3B0, Canada",https://apps.inspection.canada.ca/webapps/FishList/,CFIA Fish and Seafood Establishments (Export List),regulator,2026-02-06,CFIA export list entry,HIGH
0747,name,HEILTSUK FISHERIES MANAGEMENT LTD. (CFIA Ref #0747),https://apps.inspection.canada.ca/webapps/FishList/,CFIA Fish and Seafood Establishments (Export List),regulator,2026-02-06,CFIA export list entry,HIGH
0747,address,"FOOT OF MCLOUGHLIN BAY ROAD, BELLA BELLA 1, BC, V0T1Z0, Canada",https://apps.inspection.canada.ca/webapps/FishList/,CFIA Fish and Seafood Establishments (Export List),regulator,2026-02-06,CFIA export list entry,HIGH
1944,name,PACIFIC RIM SHELLFISH (2003) CORP. (CFIA Ref #1944),https://apps.inspection.canada.ca/webapps/FishList/,CFIA Fish and Seafood Establishments (Export List),regulator,2026-02-06,CFIA export list entry,HIGH
1944,address,"1807 MAST TOWER ROAD, VANCOUVER, BC, V6H3X7, Canada",https://apps.inspection.canada.ca/webapps/FishList/,CFIA Fish and Seafood Establishments (Export List),regulator,2026-02-06,CFIA export list entry,HIGH
0964,name,PACIFIC LINK HOLDINGS LTD. (CFIA Ref #0964),https://apps.inspection.canada.ca/webapps/FishList/,CFIA Fish and Seafood Establishments (Export List),regulator,2026-02-06,CFIA export list entry,HIGH
0964,address,"#12 - 4751 SHELL ROAD, RICHMOND, BC, V6X3H4, Canada",https://apps.inspection.canada.ca/webapps/FishList/,CFIA Fish and Seafood Establishments (Export List),regulator,2026-02-06,CFIA export list entry,HIGH
0983,name,PALADIN INTERNATIONAL FOOD SALES LTD. (CFIA Ref #0983),https://apps.inspection.canada.ca/webapps/FishList/,CFIA Fish and Seafood Establishments (Export List),regulator,2026-02-06,CFIA export list entry,HIGH
0983,address,"#9 - 12671 BATHGATE WAY, RICHMOND, BC, V6V1Y5, Canada",https://apps.inspection.canada.ca/webapps/FishList/,CFIA Fish and Seafood Establishments (Export List),regulator,2026-02-06,CFIA export list entry,HIGH
0969,name,THE PENDER HARBOUR FISHING CO. LTD (CFIA Ref #0969),https://apps.inspection.canada.ca/webapps/FishList/,CFIA Fish and Seafood Establishments (Export List),regulator,2026-02-06,CFIA export list entry,HIGH
0969,address,"13067 HASSAN ROAD, MADEIRA PARK, BC, V0N2H0, Canada",https://apps.inspection.canada.ca/webapps/FishList/,CFIA Fish and Seafood Establishments (Export List),regulator,2026-02-06,CFIA export list entry,HIGH
0904,name,BROWN'S BAY PACKING COMPANY LTD. (CFIA Ref #0904),https://apps.inspection.canada.ca/webapps/FishList/,CFIA Fish and Seafood Establishments (Export List),regulator,2026-02-06,CFIA export list entry,HIGH
0904,address,"15007 BROWN'S BAY ROAD, CAMPBELL RIVER, BC, V9H1N9, Canada",https://apps.inspection.canada.ca/webapps/FishList/,CFIA Fish and Seafood Establishments (Export List),regulator,2026-02-06,CFIA export list entry,HIGH
0795,name,CAMPBELL RIVER FISHING CO. LTD. (CFIA Ref #0795),https://apps.inspection.canada.ca/webapps/FishList/,CFIA Fish and Seafood Establishments (Export List),regulator,2026-02-06,CFIA export list entry,HIGH
0795,address,"1330 HOMEWOOD ROAD, CAMPBELL RIVER, BC, V9W3N7, Canada",https://apps.inspection.canada.ca/webapps/FishList/,CFIA Fish and Seafood Establishments (Export List),regulator,2026-02-06,CFIA export list entry,HIGH
1908,name,PACIFIC SALMON INDUSTRIES INC. O/A SCANNER ENTERPRISES (CFIA Ref #1908),https://apps.inspection.canada.ca/webapps/FishList/,CFIA Fish and Seafood Establishments (Export List),regulator,2026-02-06,CFIA export list entry,HIGH
1908,address,"8305 - 128TH STREET, SURREY, BC, V3W4G1, Canada",https://apps.inspection.canada.ca/webapps/FishList/,CFIA Fish and Seafood Establishments (Export List),regulator,2026-02-06,CFIA export list entry,HIGH
1967,name,SEA WORLD FISHERIES LTD. (CFIA Ref #1967),https://apps.inspection.canada.ca/webapps/FishList/,CFIA Fish and Seafood Establishments (Export List),regulator,2026-02-06,CFIA export list entry,HIGH
1967,address,"1708 PANDORA STREET, VANCOUVER, BC, V5L1L9, Canada",https://apps.inspection.canada.ca/webapps/FishList/,CFIA Fish and Seafood Establishments (Export List),regulator,2026-02-06,CFIA export list entry,HIGH
0978,name,HAIDA WILD LIMITED PARTNERSHIP (CFIA Ref #0978),https://apps.inspection.canada.ca/webapps/FishList/,CFIA Fish and Seafood Establishments (Export List),regulator,2026-02-06,CFIA export list entry,HIGH
0978,address,"1620 OLD BEACH ROAD, MASSET, BC, V0T1M0, Canada",https://apps.inspection.canada.ca/webapps/FishList/,CFIA Fish and Seafood Establishments (Export List),regulator,2026-02-06,CFIA export list entry,HIGH
0780,name,ST. JEAN'S COAST MOUNTAIN RESOURCES INC. (CFIA Ref #0780),https://apps.inspection.canada.ca/webapps/FishList/,CFIA Fish and Seafood Establishments (Export List),regulator,2026-02-06,CFIA export list entry,HIGH
0780,address,"242 SOUTHSIDE DRIVE, NANAIMO, BC, V9R6Z5, Canada",https://apps.inspection.canada.ca/webapps/FishList/,CFIA Fish and Seafood Establishments (Export List),regulator,2026-02-06,CFIA export list entry,HIGH
0772,name,SUNG FISH COMPANY LIMITED (CFIA Ref #0772),https://apps.inspection.canada.ca/webapps/FishList/,CFIA Fish and Seafood Establishments (Export List),regulator,2026-02-06,CFIA export list entry,HIGH
0772,address,"1795 PANDORA STREET, VANCOUVER, BC, V5L1L8, Canada",https://apps.inspection.canada.ca/webapps/FishList/,CFIA Fish and Seafood Establishments (Export List),regulator,2026-02-06,CFIA export list entry,HIGH
1939,name,TIMOTHY OYSTER CO. LTD. (CFIA Ref #1939),https://apps.inspection.canada.ca/webapps/FishList/,CFIA Fish and Seafood Establishments (Export List),regulator,2026-02-06,CFIA export list entry,HIGH
1939,address,"5035 PATON ROAD, LADYSMITH, BC, V9G1M6, Canada",https://apps.inspection.canada.ca/webapps/FishList/,CFIA Fish and Seafood Establishments (Export List),regulator,2026-02-06,CFIA export list entry,HIGH
0903,name,COOPER'S COVE OYSTER FARM LTD. (CFIA Ref #0903),https://apps.inspection.canada.ca/webapps/FishList/,CFIA Fish and Seafood Establishments (Export List),regulator,2026-02-06,CFIA export list entry,HIGH
0903,address,"6377 BELVISTA PLACE, SOOKE, BC, V9Z0S9, Canada",https://apps.inspection.canada.ca/webapps/FishList/,CFIA Fish and Seafood Establishments (Export List),regulator,2026-02-06,CFIA export list entry,HIGH
0993,name,COOPER'S COVE OYSTER FARM LTD. (CFIA Ref #0993),https://apps.inspection.canada.ca/webapps/FishList/,CFIA Fish and Seafood Establishments (Export List),regulator,2026-02-06,CFIA export list entry,HIGH
0993,address,"6377 BELVISTA PLACE, SOOKE, BC, V9Z0S9, Canada",https://apps.inspection.canada.ca/webapps/FishList/,CFIA Fish and Seafood Establishments (Export List),regulator,2026-02-06,CFIA export list entry,HIGH
0799,name,DOLLAR FOOD MFG. INC. (CFIA Ref #0799),https://apps.inspection.canada.ca/webapps/FishList/,CFIA Fish and Seafood Establishments (Export List),regulator,2026-02-06,CFIA export list entry,HIGH
0799,address,"1410 - 1450 ODLUM DRIVE, VANCOUVER, BC, V5L4X7, Canada",https://apps.inspection.canada.ca/webapps/FishList/,CFIA Fish and Seafood Establishments (Export List),regulator,2026-02-06,CFIA export list entry,HIGH
0717,name,SEA DRIFT FISH COMPANY LTD. (CFIA Ref #0717),https://apps.inspection.canada.ca/webapps/FishList/,CFIA Fish and Seafood Establishments (Export List),regulator,2026-02-06,CFIA export list entry,HIGH
0717,address,"248 SOUTHSIDE DRIVE, NANAIMO, BC, V9R6Z5, Canada",https://apps.inspection.canada.ca/webapps/FishList/,CFIA Fish and Seafood Establishments (Export List),regulator,2026-02-06,CFIA export list entry,HIGH
0773,name,TAYLOR SHELLFISH CANADA ULC DBA FANNY BAY OYSTERS (CFIA Ref #0773),https://apps.inspection.canada.ca/webapps/FishList/,CFIA Fish and Seafood Establishments (Export List),regulator,2026-02-06,CFIA export list entry,HIGH
0773,address,"8260 SOUTH ISLAND HIGHWAY, FANNY BAY, BC, V0R1W0, Canada",https://apps.inspection.canada.ca/webapps/FishList/,CFIA Fish and Seafood Establishments (Export List),regulator,2026-02-06,CFIA export list entry,HIGH
0994,name,TAYLOR SHELLFISH CANADA ULC (CFIA Ref #0994),https://apps.inspection.canada.ca/webapps/FishList/,CFIA Fish and Seafood Establishments (Export List),regulator,2026-02-06,CFIA export list entry,HIGH
0994,address,"8260 SOUTH ISLAND HIGHWAY, FANNY BAY, BC, V0R1W0, Canada",https://apps.inspection.canada.ca/webapps/FishList/,CFIA Fish and Seafood Establishments (Export List),regulator,2026-02-06,CFIA export list entry,HIGH
0712,name,SOO JERKY LIMITED (CFIA Ref #0712),https://apps.inspection.canada.ca/webapps/FishList/,CFIA Fish and Seafood Establishments (Export List),regulator,2026-02-06,CFIA export list entry,HIGH
0712,address,"13191 PRINCESS STREET, RICHMOND, BC, V7E3S1, Canada",https://apps.inspection.canada.ca/webapps/FishList/,CFIA Fish and Seafood Establishments (Export List),regulator,2026-02-06,CFIA export list entry,HIGH
0787,name,FRENCH CREEK SEAFOOD LTD. (CFIA Ref #0787),https://apps.inspection.canada.ca/webapps/FishList/,CFIA Fish and Seafood Establishments (Export List),regulator,2026-02-06,CFIA export list entry,HIGH
0787,address,"1097 LEE ROAD, PARKSVILLE, BC, V9P2E1, Canada",https://apps.inspection.canada.ca/webapps/FishList/,CFIA Fish and Seafood Establishments (Export List),regulator,2026-02-06,CFIA export list entry,HIGH
1926,name,GRAND HALE MARINE PRODUCTS COMPANY LIMITED (CFIA Ref #1926),https://apps.inspection.canada.ca/webapps/FishList/,CFIA Fish and Seafood Establishments (Export List),regulator,2026-02-06,CFIA export list entry,HIGH
1926,address,"11551 TWIGG PLACE, RICHMOND, BC, V6V2Y2, Canada",https://apps.inspection.canada.ca/webapps/FishList/,CFIA Fish and Seafood Establishments (Export List),regulator,2026-02-06,CFIA export list entry,HIGH
0763,name,GREAT GLACIER SALMON LTD (CFIA Ref #0763),https://apps.inspection.canada.ca/webapps/FishList/,CFIA Fish and Seafood Establishments (Export List),regulator,2026-02-06,CFIA export list entry,HIGH
0763,address,"MILE 35, PRINCE RUPERT, BC, -, Canada",https://apps.inspection.canada.ca/webapps/FishList/,CFIA Fish and Seafood Establishments (Export List),regulator,2026-02-06,CFIA export list entry,HIGH
1833,name,DIANA'S SEAFOOD DELIGHT INC. (CFIA Ref #1833),https://apps.inspection.canada.ca/webapps/FishList/,CFIA Fish and Seafood Establishments (Export List),regulator,2026-02-06,CFIA export list entry,HIGH
1833,address,"2101 LAWRENCE AVENUE EAST, SCARBOROUGH, ON, M1R2Z4, Canada",https://apps.inspection.canada.ca/webapps/FishList/,CFIA Fish and Seafood Establishments (Export List),regulator,2026-02-06,CFIA export list entry,HIGH
0742,name,COAST TSIMSHIAN FISH PLANT LTD. (CFIA Ref #0742),https://apps.inspection.canada.ca/webapps/FishList/,CFIA Fish and Seafood Establishments (Export List),regulator,2026-02-06,CFIA export list entry,HIGH
0742,address,"100 SHASHAAK STREET, LAX KW'ALAAMS, BC, V0V1H0, Canada",https://apps.inspection.canada.ca/webapps/FishList/,CFIA Fish and Seafood Establishments (Export List),regulator,2026-02-06,CFIA export list entry,HIGH
0604,name,ALL TEMP FOODS LTD (CFIA Ref #0604),https://apps.inspection.canada.ca/webapps/FishList/,CFIA Fish and Seafood Establishments (Export List),regulator,2026-02-06,CFIA export list entry,HIGH
0604,address,"15 INDUSTRIAL ROAD, LEAMINGTON, ON, N8H4W4, Canada",https://apps.inspection.canada.ca/webapps/FishList/,CFIA Fish and Seafood Establishments (Export List),regulator,2026-02-06,CFIA export list entry,HIGH
0777,name,LIONS' GATE FISHERIES LTD. (CFIA Ref #0777),https://apps.inspection.canada.ca/webapps/FishList/,CFIA Fish and Seafood Establishments (Export List),regulator,2026-02-06,CFIA export list entry,HIGH
0777,address,"4179 RIVER ROAD WEST, DELTA, BC, V4K1R9, Canada",https://apps.inspection.canada.ca/webapps/FishList/,CFIA Fish and Seafood Establishments (Export List),regulator,2026-02-06,CFIA export list entry,HIGH
1762,name,ALLSEAS FISHERIES INC. (CFIA Ref #1762),https://apps.inspection.canada.ca/webapps/FishList/,CFIA Fish and Seafood Establishments (Export List),regulator,2026-02-06,CFIA export list entry,HIGH
1762,address,"55 VANSCO ROAD, TORONTO, ON, M8Z5Z8, Canada",https://apps.inspection.canada.ca/webapps/FishList/,CFIA Fish and Seafood Establishments (Export List),regulator,2026-02-06,CFIA export list entry,HIGH
1918,name,LIONS' GATE FISHERIES LTD. (CFIA Ref #1918),https://apps.inspection.canada.ca/webapps/FishList/,CFIA Fish and Seafood Establishments (Export List),regulator,2026-02-06,CFIA export list entry,HIGH
1918,address,"612 CAMPBELL STREET, TOFINO, BC, V0R2Z0, Canada",https://apps.inspection.canada.ca/webapps/FishList/,CFIA Fish and Seafood Establishments (Export List),regulator,2026-02-06,CFIA export list entry,HIGH
1653,name,BOS SMOKED FISH INC (CFIA Ref #1653),https://apps.inspection.canada.ca/webapps/FishList/,CFIA Fish and Seafood Establishments (Export List),regulator,2026-02-06,CFIA export list entry,HIGH
1653,address,"1175 PATTULLO AVENUE, WOODSTOCK, ON, N4S7W3, Canada",https://apps.inspection.canada.ca/webapps/FishList/,CFIA Fish and Seafood Establishments (Export List),regulator,2026-02-06,CFIA export list entry,HIGH
0657,name,MANITOULIN TROUT FARMS (A DIVISION OF COLE MONROE FOODS INC.) (CFIA Ref #0657),https://apps.inspection.canada.ca/webapps/FishList/,CFIA Fish and Seafood Establishments (Export List),regulator,2026-02-06,CFIA export list entry,HIGH
0657,address,"54 VANKOOGHNET ST E, LITTLE CURRENT, ON, POP1K0, Canada",https://apps.inspection.canada.ca/webapps/FishList/,CFIA Fish and Seafood Establishments (Export List),regulator,2026-02-06,CFIA export list entry,HIGH
1771,name,CANYON CREEK FOOD COMPANY LTD. (CFIA Ref #1771),https://apps.inspection.canada.ca/webapps/FishList/,CFIA Fish and Seafood Establishments (Export List),regulator,2026-02-06,CFIA export list entry,HIGH
1771,address,"8704 53RD AVENUE, EDMONTON, AB, T6E5G2, Canada",https://apps.inspection.canada.ca/webapps/FishList/,CFIA Fish and Seafood Establishments (Export List),regulator,2026-02-06,CFIA export list entry,HIGH
1896,name,ETOBICOKE NOODLES INC. (CFIA Ref #1896),https://apps.inspection.canada.ca/webapps/FishList/,CFIA Fish and Seafood Establishments (Export List),regulator,2026-02-06,CFIA export list entry,HIGH
1896,address,"66 NEWCASTLE STREET, TORONTO, ON, M8Y1A4, Canada",https://apps.inspection.canada.ca/webapps/FishList/,CFIA Fish and Seafood Establishments (Export List),regulator,2026-02-06,CFIA export list entry,HIGH
1684,name,Presteve Foods Limited (CFIA Ref #1684),https://apps.inspection.canada.ca/webapps/FishList/,CFIA Fish and Seafood Establishments (Export List),regulator,2026-02-06,CFIA export list entry,HIGH
1684,address,"24 FERROCLAD ROAD, BATCHAWANA BAY, ON, P0S1A0, Canada",https://apps.inspection.canada.ca/webapps/FishList/,CFIA Fish and Seafood Establishments (Export List),regulator,2026-02-06,CFIA export list entry,HIGH
1664,name,FRESHWATER FISH MARKETING CORPORATION (CFIA Ref #1664),https://apps.inspection.canada.ca/webapps/FishList/,CFIA Fish and Seafood Establishments (Export List),regulator,2026-02-06,CFIA export list entry,HIGH
1664,address,"-, WINNIPEG, MB, R2C3L4, Canada",https://apps.inspection.canada.ca/webapps/FishList/,CFIA Fish and Seafood Establishments (Export List),regulator,2026-02-06,CFIA export list entry,HIGH
1890,name,La Nassa Foods Inc. (CFIA Ref #1890),https://apps.inspection.canada.ca/webapps/FishList/,CFIA Fish and Seafood Establishments (Export List),regulator,2026-02-06,CFIA export list entry,HIGH
1890,address,"215 Industry Rd, Kingsville, ON, N9Y1K9, Canada",https://apps.inspection.canada.ca/webapps/FishList/,CFIA Fish and Seafood Establishments (Export List),regulator,2026-02-06,CFIA export list entry,HIGH
0635,name,INDEPENDENT FISH CO LTD (CFIA Ref #0635),https://apps.inspection.canada.ca/webapps/FishList/,CFIA Fish and Seafood Establishments (Export List),regulator,2026-02-06,CFIA export list entry,HIGH
0635,address,"941 SHERBROOK STREET, WINNIPEG, MB, R3A1N3, Canada",https://apps.inspection.canada.ca/webapps/FishList/,CFIA Fish and Seafood Establishments (Export List),regulator,2026-02-06,CFIA export list entry,HIGH
0628,name,MARINER NEPTUNE FISH & SEAFOOD COMPANY LTD. (CFIA Ref #0628),https://apps.inspection.canada.ca/webapps/FishList/,CFIA Fish and Seafood Establishments (Export List),regulator,2026-02-06,CFIA export list entry,HIGH
0628,address,"472 DUFFERIN AVE, WINNIPEG, MB, R2C0G9, Canada",https://apps.inspection.canada.ca/webapps/FishList/,CFIA Fish and Seafood Establishments (Export List),regulator,2026-02-06,CFIA export list entry,HIGH
1712,name,MINOR FISHERIES LTD. (CFIA Ref #1712),https://apps.inspection.canada.ca/webapps/FishList/,CFIA Fish and Seafood Establishments (Export List),regulator,2026-02-06,CFIA export list entry,HIGH
1712,address,"1070 ELM STREET, PORT COLBORNE, ON, L3K5V5, Canada",https://apps.inspection.canada.ca/webapps/FishList/,CFIA Fish and Seafood Establishments (Export List),regulator,2026-02-06,CFIA export list entry,HIGH
1752,name,WILD WEST STEELHEAD (CFIA Ref #1752),https://apps.inspection.canada.ca/webapps/FishList/,CFIA Fish and Seafood Establishments (Export List),regulator,2026-02-06,CFIA export list entry,HIGH
1752,address,"NE Q 21-23-07 W3, LUCKY LAKE, SK, S0L1Z0, Canada",https://apps.inspection.canada.ca/webapps/FishList/,CFIA Fish and Seafood Establishments (Export List),regulator,2026-02-06,CFIA export list entry,HIGH
1849,name,OCEAN FOOD COMPANY LIMITED (CFIA Ref #1849),https://apps.inspection.canada.ca/webapps/FishList/,CFIA Fish and Seafood Establishments (Export List),regulator,2026-02-06,CFIA export list entry,HIGH
1849,address,"3 TURBINA AVENUE, SCARBOROUGH, ON, M1V5G3, Canada",https://apps.inspection.canada.ca/webapps/FishList/,CFIA Fish and Seafood Establishments (Export List),regulator,2026-02-06,CFIA export list entry,HIGH
1742,name,PACIFIC FRESH FISH LTD (CFIA Ref #1742),https://apps.inspection.canada.ca/webapps/FishList/,CFIA Fish and Seafood Establishments (Export List),regulator,2026-02-06,CFIA export list entry,HIGH
1742,address,"679 HENDERSON DRIVE, REGINA, SK, S4N6A8, Canada",https://apps.inspection.canada.ca/webapps/FishList/,CFIA Fish and Seafood Establishments (Export List),regulator,2026-02-06,CFIA export list entry,HIGH
1867,name,PRESTEVE FOODS LIMITED (CFIA Ref #1867),https://apps.inspection.canada.ca/webapps/FishList/,CFIA Fish and Seafood Establishments (Export List),regulator,2026-02-06,CFIA export list entry,HIGH
1867,address,"20954 ERIE STREET SOUTH, WHEATLEY, ON, N0P2P0, Canada",https://apps.inspection.canada.ca/webapps/FishList/,CFIA Fish and Seafood Establishments (Export List),regulator,2026-02-06,CFIA export list entry,HIGH
1718,name,PURDY FISHERIES LIMITED (CFIA Ref #1718),https://apps.inspection.canada.ca/webapps/FishList/,CFIA Fish and Seafood Establishments (Export List),regulator,2026-02-06,CFIA export list entry,HIGH
1718,address,"1 RIVER FRONT, POINT EDWARD, ON, N7T8G4, Canada",https://apps.inspection.canada.ca/webapps/FishList/,CFIA Fish and Seafood Establishments (Export List),regulator,2026-02-06,CFIA export list entry,HIGH
1775,name,POS BIO-SCIENCES (CFIA Ref #1775),https://apps.inspection.canada.ca/webapps/FishList/,CFIA Fish and Seafood Establishments (Export List),regulator,2026-02-06,CFIA export list entry,HIGH
1775,address,"118 VETERINARY ROAD, SASKATOON, SK, S7N2R4, Canada",https://apps.inspection.canada.ca/webapps/FishList/,CFIA Fish and Seafood Establishments (Export List),regulator,2026-02-06,CFIA export list entry,HIGH
1774,name,SEACORE SEAFOOD INC (CFIA Ref #1774),https://apps.inspection.canada.ca/webapps/FishList/,CFIA Fish and Seafood Establishments (Export List),regulator,2026-02-06,CFIA export list entry,HIGH
1774,address,"81 AVIVA PARK DRIVE, WOODBRIDGE, ON, L4L9C1, Canada",https://apps.inspection.canada.ca/webapps/FishList/,CFIA Fish and Seafood Establishments (Export List),regulator,2026-02-06,CFIA export list entry,HIGH
1830,name,THE PURVIS BROS. LIMITED (CFIA Ref #1830),https://apps.inspection.canada.ca/webapps/FishList/,CFIA Fish and Seafood Establishments (Export List),regulator,2026-02-06,CFIA export list entry,HIGH
1830,address,"1981 BURNT ISLAND ROAD, BURNT ISLAND, ON, P0P1Y0, Canada",https://apps.inspection.canada.ca/webapps/FishList/,CFIA Fish and Seafood Establishments (Export List),regulator,2026-02-06,CFIA export list entry,HIGH
1853,name,LES PLATS DU CHEF ULC (CFIA Ref #1853),https://apps.inspection.canada.ca/webapps/FishList/,CFIA Fish and Seafood Establishments (Export List),regulator,2026-02-06,CFIA export list entry,HIGH
1853,address,"610 OSTER LANE, VAUGHAN, ON, L4K2C1, Canada",https://apps.inspection.canada.ca/webapps/FishList/,CFIA Fish and Seafood Establishments (Export List),regulator,2026-02-06,CFIA export list entry,HIGH
1293,name,TRUE NORTH SALMON LIMITED PARTNERSHIP (CFIA Ref #1293),https://apps.inspection.canada.ca/webapps/FishList/,CFIA Fish and Seafood Establishments (Export List),regulator,2026-02-06,CFIA export list entry,HIGH
1293,address,"17 WALKER DRIVE, CHARLOTTETOWN, PE, C1A8S5, Canada",https://apps.inspection.canada.ca/webapps/FishList/,CFIA Fish and Seafood Establishments (Export List),regulator,2026-02-06,CFIA export list entry,HIGH
2302,name,BELLE RIVER ENTERPRISES LIMITED (CFIA Ref #2302),https://apps.inspection.canada.ca/webapps/FishList/,CFIA Fish and Seafood Establishments (Export List),regulator,2026-02-06,CFIA export list entry,HIGH
2302,address,"12 WATERVIEW LANE, BELLE RIVER, PE, C0A1B0, Canada",https://apps.inspection.canada.ca/webapps/FishList/,CFIA Fish and Seafood Establishments (Export List),regulator,2026-02-06,CFIA export list entry,HIGH
0610,name,COUNTRY QUEEN FOODS INC. (CFIA Ref #0610),https://apps.inspection.canada.ca/webapps/FishList/,CFIA Fish and Seafood Establishments (Export List),regulator,2026-02-06,CFIA export list entry,HIGH
0610,address,"205 WILKINSON ROAD, BRAMPTON, ON, L6T4M2, Canada",https://apps.inspection.canada.ca/webapps/FishList/,CFIA Fish and Seafood Establishments (Export List),regulator,2026-02-06,CFIA export list entry,HIGH
2307,name,MACKINNON'S LOBSTER POUND LTD. (CFIA Ref #2307),https://apps.inspection.canada.ca/webapps/FishList/,CFIA Fish and Seafood Establishments (Export List),regulator,2026-02-06,CFIA export list entry,HIGH
2307,address,"2 PRINCE STREET, CHARLOTTETOWN, PE, C1A0C4, Canada",https://apps.inspection.canada.ca/webapps/FishList/,CFIA Fish and Seafood Establishments (Export List),regulator,2026-02-06,CFIA export list entry,HIGH
2394,name,P.E.I. MUSSEL KING (1994) INC. (CFIA Ref #2394),https://apps.inspection.canada.ca/webapps/FishList/,CFIA Fish and Seafood Establishments (Export List),regulator,2026-02-06,CFIA export list entry,HIGH
2394,address,"318 RED HEAD ROAD, MORELL, PE, C0A1S0, Canada",https://apps.inspection.canada.ca/webapps/FishList/,CFIA Fish and Seafood Establishments (Export List),regulator,2026-02-06,CFIA export list entry,HIGH
0607,name,INOVATA FOODS CORP. (CFIA Ref #0607),https://apps.inspection.canada.ca/webapps/FishList/,CFIA Fish and Seafood Establishments (Export List),regulator,2026-02-06,CFIA export list entry,HIGH
0607,address,"95 SPRUCE ST, TILLSONBURG, ON, N4G5C4, Canada",https://apps.inspection.canada.ca/webapps/FishList/,CFIA Fish and Seafood Establishments (Export List),regulator,2026-02-06,CFIA export list entry,HIGH
1D19,name,GRANDE-ENTRÉE AQUACULTURE INC (CFIA Ref #1D19),https://apps.inspection.canada.ca/webapps/FishList/,CFIA Fish and Seafood Establishments (Export List),regulator,2026-02-06,CFIA export list entry,HIGH
1D19,address,"703 ROUTE 199 C.P. 2260, HAVRE AUX MAISONS, QC, G4T5P4, Canada",https://apps.inspection.canada.ca/webapps/FishList/,CFIA Fish and Seafood Establishments (Export List),regulator,2026-02-06,CFIA export list entry,HIGH
2354,name,PRINCE EDWARD AQUA FARMS INC (CFIA Ref #2354),https://apps.inspection.canada.ca/webapps/FishList/,CFIA Fish and Seafood Establishments (Export List),regulator,2026-02-06,CFIA export list entry,HIGH
2354,address,"5891 ROUTE 20, KENSINGTON, PE, C0B 1M0, Canada",https://apps.inspection.canada.ca/webapps/FishList/,CFIA Fish and Seafood Establishments (Export List),regulator,2026-02-06,CFIA export list entry,HIGH
2391,name,ROYAL STAR FOODS LTD. (CFIA Ref #2391),https://apps.inspection.canada.ca/webapps/FishList/,CFIA Fish and Seafood Establishments (Export List),regulator,2026-02-06,CFIA export list entry,HIGH
2391,address,"175 JUDES POINT ROAD, TIGNISH, PE, C0B2B0, Canada",https://apps.inspection.canada.ca/webapps/FishList/,CFIA Fish and Seafood Establishments (Export List),regulator,2026-02-06,CFIA export list entry,HIGH
2392,name,ROYAL STAR FOODS LTD. (CFIA Ref #2392),https://apps.inspection.canada.ca/webapps/FishList/,CFIA Fish and Seafood Establishments (Export List),regulator,2026-02-06,CFIA export list entry,HIGH
2392,address,"439 FOUNDERS LANE, TIGNISH, PE, C0B2B0, Canada",https://apps.inspection.canada.ca/webapps/FishList/,CFIA Fish and Seafood Establishments (Export List),regulator,2026-02-06,CFIA export list entry,HIGH
1110,name,OCEAN CONCORD (CFIA Ref #1110),https://apps.inspection.canada.ca/webapps/FishList/,CFIA Fish and Seafood Establishments (Export List),regulator,2026-02-06,CFIA export list entry,HIGH
1110,address,"428 MAIN STREET, MULGRAVE, NS, B0E2G0, Canada",https://apps.inspection.canada.ca/webapps/FishList/,CFIA Fish and Seafood Establishments (Export List),regulator,2026-02-06,CFIA export list entry,HIGH
0827,name,SEAFOOD 2000 LTD (CFIA Ref #0827),https://apps.inspection.canada.ca/webapps/FishList/,CFIA Fish and Seafood Establishments (Export List),regulator,2026-02-06,CFIA export list entry,HIGH
0827,address,"10 WATER STREET, GEORGETOWN, PE, C0A1L0, Canada",https://apps.inspection.canada.ca/webapps/FishList/,CFIA Fish and Seafood Establishments (Export List),regulator,2026-02-06,CFIA export list entry,HIGH
2386,name,TRACADIE BAY AQUA FARMS INC. (CFIA Ref #2386),https://apps.inspection.canada.ca/webapps/FishList/,CFIA Fish and Seafood Establishments (Export List),regulator,2026-02-06,CFIA export list entry,HIGH
2386,address,"460 HARBOUR ROAD, GRAND TRACADIE, PE, C0A1P0, Canada",https://apps.inspection.canada.ca/webapps/FishList/,CFIA Fish and Seafood Establishments (Export List),regulator,2026-02-06,CFIA export list entry,HIGH
0651,name,KIVALLIQ ARCTIC FOODS LTD (CFIA Ref #0651),https://apps.inspection.canada.ca/webapps/FishList/,CFIA Fish and Seafood Establishments (Export List),regulator,2026-02-06,CFIA export list entry,HIGH
0651,address,"PTN LOT 40, PLAN 603, RANKIN INLET, NU, X0C0G0, Canada",https://apps.inspection.canada.ca/webapps/FishList/,CFIA Fish and Seafood Establishments (Export List),regulator,2026-02-06,CFIA export list entry,HIGH
1640,name,KITIKMEOT FOODS LTD (CFIA Ref #1640),https://apps.inspection.canada.ca/webapps/FishList/,CFIA Fish and Seafood Establishments (Export List),regulator,2026-02-06,CFIA export list entry,HIGH
1640,address,"26 MITIK STREET, CAMBRIDGE BAY, NU, X0B0C0, Canada",https://apps.inspection.canada.ca/webapps/FishList/,CFIA Fish and Seafood Establishments (Export List),regulator,2026-02-06,CFIA export list entry,HIGH
1758,name,PANGNIRTUNG FISHERIES LTD. (CFIA Ref #1758),https://apps.inspection.canada.ca/webapps/FishList/,CFIA Fish and Seafood Establishments (Export List),regulator,2026-02-06,CFIA export list entry,HIGH
1758,address,"653 LAKESHORE RD, PANGNIRTUNG, NU, -, Canada",https://apps.inspection.canada.ca/webapps/FishList/,CFIA Fish and Seafood Establishments (Export List),regulator,2026-02-06,CFIA export list entry,HIGH
2122,name,3 T'S LIMITED (CFIA Ref #2122),https://apps.inspection.canada.ca/webapps/FishList/,CFIA Fish and Seafood Establishments (Export List),regulator,2026-02-06,CFIA export list entry,HIGH
2122,address,"24 WATER ST, WOODY POINT, NL, A0K1P0, Canada",https://apps.inspection.canada.ca/webapps/FishList/,CFIA Fish and Seafood Establishments (Export List),regulator,2026-02-06,CFIA export list entry,HIGH
0151,name,ALLEN'S FISHERIES LIMITED (CFIA Ref #0151),https://apps.inspection.canada.ca/webapps/FishList/,CFIA Fish and Seafood Establishments (Export List),regulator,2026-02-06,CFIA export list entry,HIGH
0151,address,"392 MAIN STREET, BENOIT'S COVE, NL, A0L1A0, Canada",https://apps.inspection.canada.ca/webapps/FishList/,CFIA Fish and Seafood Establishments (Export List),regulator,2026-02-06,CFIA export list entry,HIGH
1433,name,GUNNING COVE INDUSTRIES LIMITED (CFIA Ref #1433),https://apps.inspection.canada.ca/webapps/FishList/,CFIA Fish and Seafood Establishments (Export List),regulator,2026-02-06,CFIA export list entry,HIGH
1433,address,"601 SHORE ROAD, SHELBURNE, NS, B0T1W0, Canada",https://apps.inspection.canada.ca/webapps/FishList/,CFIA Fish and Seafood Establishments (Export List),regulator,2026-02-06,CFIA export list entry,HIGH
2466,name,MICHEL & CHARLES LEBLANC FISHERIES LTD. (CFIA Ref #2466),https://apps.inspection.canada.ca/webapps/FishList/,CFIA Fish and Seafood Establishments (Export List),regulator,2026-02-06,CFIA export list entry,HIGH
2466,address,"61 RUE GAUTREAU, CAP-PELE, NB, E4N1V2, Canada",https://apps.inspection.canada.ca/webapps/FishList/,CFIA Fish and Seafood Establishments (Export List),regulator,2026-02-06,CFIA export list entry,HIGH
0393,name,HERVIC ENTERPRISES LIMITED (CFIA Ref #0393),https://apps.inspection.canada.ca/webapps/FishList/,CFIA Fish and Seafood Establishments (Export List),regulator,2026-02-06,CFIA export list entry,HIGH
0393,address,"2896 MELBOURNE ROAD, ARCADIA, NS, B0W1B0, Canada",https://apps.inspection.canada.ca/webapps/FishList/,CFIA Fish and Seafood Establishments (Export List),regulator,2026-02-06,CFIA export list entry,HIGH
1403,name,HOPKINS & DEVINE FISHERIES LIMITED (CFIA Ref #1403),https://apps.inspection.canada.ca/webapps/FishList/,CFIA Fish and Seafood Establishments (Export List),regulator,2026-02-06,CFIA export list entry,HIGH
1403,address,"39 NEW WHARF ROAD, WOODS HARBOUR, NS, B0W2E0, Canada",https://apps.inspection.canada.ca/webapps/FishList/,CFIA Fish and Seafood Establishments (Export List),regulator,2026-02-06,CFIA export list entry,HIGH
1D20,name,SEVEN SEAS INC/SEA LUX (CFIA Ref #1D20),https://apps.inspection.canada.ca/webapps/FishList/,CFIA Fish and Seafood Establishments (Export List),regulator,2026-02-06,CFIA export list entry,HIGH
1D20,address,"100 REGINA RD UNIT 4, WOODBRIDGE, ON, L4L8M7, Canada",https://apps.inspection.canada.ca/webapps/FishList/,CFIA Fish and Seafood Establishments (Export List),regulator,2026-02-06,CFIA export list entry,HIGH
1461,name,HUSKINS FISHERIES LIMITED (CFIA Ref #1461),https://apps.inspection.canada.ca/webapps/FishList/,CFIA Fish and Seafood Establishments (Export List),regulator,2026-02-06,CFIA export list entry,HIGH
1461,address,"954 FORBES POINT ROAD, WOODS HARBOUR, NS, -, Canada",https://apps.inspection.canada.ca/webapps/FishList/,CFIA Fish and Seafood Establishments (Export List),regulator,2026-02-06,CFIA export list entry,HIGH
0233,name,IMO FOODS LIMITED (CFIA Ref #0233),https://apps.inspection.canada.ca/webapps/FishList/,CFIA Fish and Seafood Establishments (Export List),regulator,2026-02-06,CFIA export list entry,HIGH
0233,address,"PO BOX 236, YARMOUTH, NS, B5A4B2, Canada",https://apps.inspection.canada.ca/webapps/FishList/,CFIA Fish and Seafood Establishments (Export List),regulator,2026-02-06,CFIA export list entry,HIGH
0047,name,ALLEN'S FISHERIES LIMITED (CFIA Ref #0047),https://apps.inspection.canada.ca/webapps/FishList/,CFIA Fish and Seafood Establishments (Export List),regulator,2026-02-06,CFIA export list entry,HIGH
0047,address,"420 MAIN STREET, BENOIT'S COVE, NL, A0L1A0, Canada",https://apps.inspection.canada.ca/webapps/FishList/,CFIA Fish and Seafood Establishments (Export List),regulator,2026-02-06,CFIA export list entry,HIGH
0031,name,"ANDREW DALEY LIMITED ""ROYAL MARINER"" (CFIA Ref #0031)",https://apps.inspection.canada.ca/webapps/FishList/,CFIA Fish and Seafood Establishments (Export List),regulator,2026-02-06,CFIA export list entry,HIGH
0031,address,"MAIN ROAD, ST. JOSEPH'S, NL, -, Canada",https://apps.inspection.canada.ca/webapps/FishList/,CFIA Fish and Seafood Establishments (Export List),regulator,2026-02-06,CFIA export list entry,HIGH
0133,name,AQUA CRAB PRODUCERS INC. (CFIA Ref #0133),https://apps.inspection.canada.ca/webapps/FishList/,CFIA Fish and Seafood Establishments (Export List),regulator,2026-02-06,CFIA export list entry,HIGH
0133,address,"54 LOOP ROAD, AQUAFORTE, NL, -, Canada",https://apps.inspection.canada.ca/webapps/FishList/,CFIA Fish and Seafood Establishments (Export List),regulator,2026-02-06,CFIA export list entry,HIGH
1085,name,"AVALON OCEAN PRODUCTS, INCORPORATED (CFIA Ref #1085)",https://apps.inspection.canada.ca/webapps/FishList/,CFIA Fish and Seafood Establishments (Export List),regulator,2026-02-06,CFIA export list entry,HIGH
1085,address,"MAIN ROAD, FAIR HAVEN, NL, AOB1T0, Canada",https://apps.inspection.canada.ca/webapps/FishList/,CFIA Fish and Seafood Establishments (Export List),regulator,2026-02-06,CFIA export list entry,HIGH
1068,name,BARRY GROUP INC. (CFIA Ref #1068),https://apps.inspection.canada.ca/webapps/FishList/,CFIA Fish and Seafood Establishments (Export List),regulator,2026-02-06,CFIA export list entry,HIGH
1068,address,"433 GRIFFIN DRIVE, CORNER BROOK, NL, -, Canada",https://apps.inspection.canada.ca/webapps/FishList/,CFIA Fish and Seafood Establishments (Export List),regulator,2026-02-06,CFIA export list entry,HIGH
0193,name,QUIN-SEA FISHERIES LIMITED (CFIA Ref #0193),https://apps.inspection.canada.ca/webapps/FishList/,CFIA Fish and Seafood Establishments (Export List),regulator,2026-02-06,CFIA export list entry,HIGH
0193,address,"40 HARBOUR ROAD, CAPE BROYLE, NL, A0A1P0, Canada",https://apps.inspection.canada.ca/webapps/FishList/,CFIA Fish and Seafood Establishments (Export List),regulator,2026-02-06,CFIA export list entry,HIGH
0040,name,CARINO PROCESSING LTD. (CFIA Ref #0040),https://apps.inspection.canada.ca/webapps/FishList/,CFIA Fish and Seafood Establishments (Export List),regulator,2026-02-06,CFIA export list entry,HIGH
0040,address,"1 FISH PLANT RD, SOUTH DILDO, NL, A0B1R0, Canada",https://apps.inspection.canada.ca/webapps/FishList/,CFIA Fish and Seafood Establishments (Export List),regulator,2026-02-06,CFIA export list entry,HIGH
2111,name,CARROLL'S STORE AND FISHERIES LIMITED (CFIA Ref #2111),https://apps.inspection.canada.ca/webapps/FishList/,CFIA Fish and Seafood Establishments (Export List),regulator,2026-02-06,CFIA export list entry,HIGH
2111,address,"53 OCEAN VIEW ROAD, COOK'S HARBOUR, NL, -, Canada",https://apps.inspection.canada.ca/webapps/FishList/,CFIA Fish and Seafood Establishments (Export List),regulator,2026-02-06,CFIA export list entry,HIGH
0496,name,JAMES L. MOOD FISHERIES LIMITED (CFIA Ref #0496),https://apps.inspection.canada.ca/webapps/FishList/,CFIA Fish and Seafood Establishments (Export List),regulator,2026-02-06,CFIA export list entry,HIGH
0496,address,"130 FALLS POINT ROAD, WOODS HARBOUR, NS, B0W2E0, Canada",https://apps.inspection.canada.ca/webapps/FishList/,CFIA Fish and Seafood Establishments (Export List),regulator,2026-02-06,CFIA export list entry,HIGH
0477,name,K&N FISHERIES LIMITED (CFIA Ref #0477),https://apps.inspection.canada.ca/webapps/FishList/,CFIA Fish and Seafood Establishments (Export List),regulator,2026-02-06,CFIA export list entry,HIGH
0477,address,"130 SEAL POINT ROAD, UPPER PORT LATOUR, NS, B0W3N0, Canada",https://apps.inspection.canada.ca/webapps/FishList/,CFIA Fish and Seafood Establishments (Export List),regulator,2026-02-06,CFIA export list entry,HIGH
1134,name,DOUG NORMAN & SONS LIMITED (CFIA Ref #1134),https://apps.inspection.canada.ca/webapps/FishList/,CFIA Fish and Seafood Establishments (Export List),regulator,2026-02-06,CFIA export list entry,HIGH
1134,address,"DELANEY'S ROAD, FOXTRAP, NL, -, Canada",https://apps.inspection.canada.ca/webapps/FishList/,CFIA Fish and Seafood Establishments (Export List),regulator,2026-02-06,CFIA export list entry,HIGH
1116,name,EASTERN FISH MARKETS LIMITED (CFIA Ref #1116),https://apps.inspection.canada.ca/webapps/FishList/,CFIA Fish and Seafood Establishments (Export List),regulator,2026-02-06,CFIA export list entry,HIGH
1116,address,"54 MAIN STREET SOUTH, CARMANVILLE, NL, A0G1N0, Canada",https://apps.inspection.canada.ca/webapps/FishList/,CFIA Fish and Seafood Establishments (Export List),regulator,2026-02-06,CFIA export list entry,HIGH
1443,name,LEO G. ATKINSON FISHERIES LIMITED (CFIA Ref #1443),https://apps.inspection.canada.ca/webapps/FishList/,CFIA Fish and Seafood Establishments (Export List),regulator,2026-02-06,CFIA export list entry,HIGH
1443,address,"89 DANIEL'S HEAD RD., SHELBURNE COUNTY, NS, B0W1P0, Canada",https://apps.inspection.canada.ca/webapps/FishList/,CFIA Fish and Seafood Establishments (Export List),regulator,2026-02-06,CFIA export list entry,HIGH
0058,name,FOGO ISLAND CO-OPERATIVE SOCIETY LIMITED (CFIA Ref #0058),https://apps.inspection.canada.ca/webapps/FishList/,CFIA Fish and Seafood Establishments (Export List),regulator,2026-02-06,CFIA export list entry,HIGH
0058,address,"147 SOUTHSIDE ROAD, JOE BATT'S ARM, NL, A0G2X0, Canada",https://apps.inspection.canada.ca/webapps/FishList/,CFIA Fish and Seafood Establishments (Export List),regulator,2026-02-06,CFIA export list entry,HIGH
0010,name,FOGO ISLAND CO-OPERATIVE SOCIETY LIMITED (CFIA Ref #0010),https://apps.inspection.canada.ca/webapps/FishList/,CFIA Fish and Seafood Establishments (Export List),regulator,2026-02-06,CFIA export list entry,HIGH
0010,address,"22-24 GARRISON ROAD, FOGO, NL, A0G2B0, Canada",https://apps.inspection.canada.ca/webapps/FishList/,CFIA Fish and Seafood Establishments (Export List),regulator,2026-02-06,CFIA export list entry,HIGH
0413,name,HIGH LINER FOODS INCORPORATED/LES ALIMENTS HIGH LINER INCORPOREE (CFIA Ref #0413),https://apps.inspection.canada.ca/webapps/FishList/,CFIA Fish and Seafood Establishments (Export List),regulator,2026-02-06,CFIA export list entry,HIGH
0413,address,"100 BATTERY POINT, LUNENBURG, NS, B0J2C0, Canada",https://apps.inspection.canada.ca/webapps/FishList/,CFIA Fish and Seafood Establishments (Export List),regulator,2026-02-06,CFIA export list entry,HIGH
0095,name,GOULD FISHERIES LIMITED (CFIA Ref #0095),https://apps.inspection.canada.ca/webapps/FishList/,CFIA Fish and Seafood Establishments (Export List),regulator,2026-02-06,CFIA export list entry,HIGH
0095,address,"32 MAIN ST, RIVER OF PONDS, NL, A0K4M0, Canada",https://apps.inspection.canada.ca/webapps/FishList/,CFIA Fish and Seafood Establishments (Export List),regulator,2026-02-06,CFIA export list entry,HIGH
0027,name,OCEAN CHOICE INTERNATIONAL L.P. (CFIA Ref #0027),https://apps.inspection.canada.ca/webapps/FishList/,CFIA Fish and Seafood Establishments (Export List),regulator,2026-02-06,CFIA export list entry,HIGH
0027,address,"262-264 HARBOUR DRIVE, LAWN, NL, -, Canada",https://apps.inspection.canada.ca/webapps/FishList/,CFIA Fish and Seafood Establishments (Export List),regulator,2026-02-06,CFIA export list entry,HIGH
1006,name,Ocean Choice International Inc. (St. Lawrence) (CFIA Ref #1006),https://apps.inspection.canada.ca/webapps/FishList/,CFIA Fish and Seafood Establishments (Export List),regulator,2026-02-06,CFIA export list entry,HIGH
1006,address,"Water Street West, ST. LAWRENCE, NL, A0E2V0, Canada",https://apps.inspection.canada.ca/webapps/FishList/,CFIA Fish and Seafood Establishments (Export List),regulator,2026-02-06,CFIA export list entry,HIGH
3064,name,OCEAN PRIDE FISHERIES LIMITED (CFIA Ref #3064),https://apps.inspection.canada.ca/webapps/FishList/,CFIA Fish and Seafood Establishments (Export List),regulator,2026-02-06,CFIA export list entry,HIGH
3064,address,"136 JACQUARD ROAD, YARMOUTH COUNTY, NS, B0W2B0, Canada",https://apps.inspection.canada.ca/webapps/FishList/,CFIA Fish and Seafood Establishments (Export List),regulator,2026-02-06,CFIA export list entry,HIGH
3072,name,OCEANS' BEST SEAFOOD LIMITED (CFIA Ref #3072),https://apps.inspection.canada.ca/webapps/FishList/,CFIA Fish and Seafood Establishments (Export List),regulator,2026-02-06,CFIA export list entry,HIGH
3072,address,"8630 HWY 1, METEGHAN CENTRE, NS, B0W2K0, Canada",https://apps.inspection.canada.ca/webapps/FishList/,CFIA Fish and Seafood Establishments (Export List),regulator,2026-02-06,CFIA export list entry,HIGH
3241,name,PITTMAN'S LOBSTERS INC. (CFIA Ref #3241),https://apps.inspection.canada.ca/webapps/FishList/,CFIA Fish and Seafood Establishments (Export List),regulator,2026-02-06,CFIA export list entry,HIGH
3241,address,"40 HARBOUR STREET, GLACE BAY, NS, B1A1R8, Canada",https://apps.inspection.canada.ca/webapps/FishList/,CFIA Fish and Seafood Establishments (Export List),regulator,2026-02-06,CFIA export list entry,HIGH
2147,name,H. HOPKINS LTD. (CFIA Ref #2147),https://apps.inspection.canada.ca/webapps/FishList/,CFIA Fish and Seafood Establishments (Export List),regulator,2026-02-06,CFIA export list entry,HIGH
2147,address,"2 TUCKERS COVE ROAD, COW HEAD, NL, A0K2A0, Canada",https://apps.inspection.canada.ca/webapps/FishList/,CFIA Fish and Seafood Establishments (Export List),regulator,2026-02-06,CFIA export list entry,HIGH
0102,name,HAPPY ADVENTURE SEA PRODUCTS (1991) LIMITED (CFIA Ref #0102),https://apps.inspection.canada.ca/webapps/FishList/,CFIA Fish and Seafood Establishments (Export List),regulator,2026-02-06,CFIA export list entry,HIGH
0102,address,"16 PLANT RD, HAPPY ADVENTURE, NL, -, Canada",https://apps.inspection.canada.ca/webapps/FishList/,CFIA Fish and Seafood Establishments (Export List),regulator,2026-02-06,CFIA export list entry,HIGH
1384,name,PUBNICO TRAWLERS LIMITED (CFIA Ref #1384),https://apps.inspection.canada.ca/webapps/FishList/,CFIA Fish and Seafood Establishments (Export List),regulator,2026-02-06,CFIA export list entry,HIGH
1384,address,"155 HIGHWAY 3, LOWER EAST PUBNICO, NS, B0W2A0, Canada",https://apps.inspection.canada.ca/webapps/FishList/,CFIA Fish and Seafood Establishments (Export List),regulator,2026-02-06,CFIA export list entry,HIGH
3322,name,R. BAKER FISHERIES LIMITED (CFIA Ref #3322),https://apps.inspection.canada.ca/webapps/FishList/,CFIA Fish and Seafood Establishments (Export List),regulator,2026-02-06,CFIA export list entry,HIGH
3322,address,"32 WATER STREET, LOCKEPORT, NS, B0T1L0, Canada",https://apps.inspection.canada.ca/webapps/FishList/,CFIA Fish and Seafood Establishments (Export List),regulator,2026-02-06,CFIA export list entry,HIGH
3328,name,OCEANS' BEST SEAFOOD LIMITED (M/V FINAL VENTURE) (CFIA Ref #3328),https://apps.inspection.canada.ca/webapps/FishList/,CFIA Fish and Seafood Establishments (Export List),regulator,2026-02-06,CFIA export list entry,HIGH
3328,address,"8632 HIGHWAY 1, CANSO, NS, B0H1H0, Canada",https://apps.inspection.canada.ca/webapps/FishList/,CFIA Fish and Seafood Establishments (Export List),regulator,2026-02-06,CFIA export list entry,HIGH
0279,name,SABLE FISH PACKERS (1988) LIMITED (CFIA Ref #0279),https://apps.inspection.canada.ca/webapps/FishList/,CFIA Fish and Seafood Establishments (Export List),regulator,2026-02-06,CFIA export list entry,HIGH
0279,address,"377 DANIELS HEAD ROAD, SHELBURNE COUNTY, NS, B0W1P0, Canada",https://apps.inspection.canada.ca/webapps/FishList/,CFIA Fish and Seafood Establishments (Export List),regulator,2026-02-06,CFIA export list entry,HIGH
1389,name,SALT WATER FISHERIES LIMITED (CFIA Ref #1389),https://apps.inspection.canada.ca/webapps/FishList/,CFIA Fish and Seafood Establishments (Export List),regulator,2026-02-06,CFIA export list entry,HIGH
1389,address,"2879 PINKNEY'S POINT, YARMOUTH COUNTY, NS, -, Canada",https://apps.inspection.canada.ca/webapps/FishList/,CFIA Fish and Seafood Establishments (Export List),regulator,2026-02-06,CFIA export list entry,HIGH
0136,name,J.W. HISCOCK SONS LIMITED (CFIA Ref #0136),https://apps.inspection.canada.ca/webapps/FishList/,CFIA Fish and Seafood Establishments (Export List),regulator,2026-02-06,CFIA export list entry,HIGH
0136,address,"14 KEATINGS ROAD., BRIGUS, NL, A0A1K0, Canada",https://apps.inspection.canada.ca/webapps/FishList/,CFIA Fish and Seafood Establishments (Export List),regulator,2026-02-06,CFIA export list entry,HIGH
1322,name,SEA CREST FISHERIES LIMITED (CFIA Ref #1322),https://apps.inspection.canada.ca/webapps/FishList/,CFIA Fish and Seafood Establishments (Export List),regulator,2026-02-06,CFIA export list entry,HIGH
1322,address,"30 COMEAUVILLE WHARF RD, COMEAUVILLE, NS, -, Canada",https://apps.inspection.canada.ca/webapps/FishList/,CFIA Fish and Seafood Establishments (Export List),regulator,2026-02-06,CFIA export list entry,HIGH
1087,name,LABRADOR FISHERMEN'S UNION SHRIMP COMPANY LIMITED (PINSENT'S ARM) (CFIA Ref #1087),https://apps.inspection.canada.ca/webapps/FishList/,CFIA Fish and Seafood Establishments (Export List),regulator,2026-02-06,CFIA export list entry,HIGH
1087,address,"1 MAIN ST, PINSENTS ARM, NL, A0K5Y0, Canada",https://apps.inspection.canada.ca/webapps/FishList/,CFIA Fish and Seafood Establishments (Export List),regulator,2026-02-06,CFIA export list entry,HIGH
1043,name,LABRADOR FISHERMEN'S UNION SHRIMP COMPANY LIMITED (CFIA Ref #1043),https://apps.inspection.canada.ca/webapps/FishList/,CFIA Fish and Seafood Establishments (Export List),regulator,2026-02-06,CFIA export list entry,HIGH
1043,address,"278 - 284 MAIN STREET, MARY'S HARBOUR, NL, -, Canada",https://apps.inspection.canada.ca/webapps/FishList/,CFIA Fish and Seafood Establishments (Export List),regulator,2026-02-06,CFIA export list entry,HIGH
1044,name,LABRADOR FISHERMEN'S UNION SHRIMP COMPANY LIMITED (CFIA Ref #1044),https://apps.inspection.canada.ca/webapps/FishList/,CFIA Fish and Seafood Establishments (Export List),regulator,2026-02-06,CFIA export list entry,HIGH
1044,address,"1 MAIN ROAD, CARTWRIGHT, NL, A0K1Z0, Canada",https://apps.inspection.canada.ca/webapps/FishList/,CFIA Fish and Seafood Establishments (Export List),regulator,2026-02-06,CFIA export list entry,HIGH
0113,name,LABRADOR FISHERMEN'S UNION SHRIMP COMPANY LIMITED (CFIA Ref #0113),https://apps.inspection.canada.ca/webapps/FishList/,CFIA Fish and Seafood Establishments (Export List),regulator,2026-02-06,CFIA export list entry,HIGH
0113,address,"46-48 WATERFRONT ROAD, L'ANSE-AU-LOUP, NL, A0K3L0, Canada",https://apps.inspection.canada.ca/webapps/FishList/,CFIA Fish and Seafood Establishments (Export List),regulator,2026-02-06,CFIA export list entry,HIGH
0070,name,NORTH ATLANTIC AQUAPONICS LTD. (CFIA Ref #0070),https://apps.inspection.canada.ca/webapps/FishList/,CFIA Fish and Seafood Establishments (Export List),regulator,2026-02-06,CFIA export list entry,HIGH
0070,address,"GENERAL DELIVERY MAIN ROAD, ROBINSONS, NL, A0N1G0, Canada",https://apps.inspection.canada.ca/webapps/FishList/,CFIA Fish and Seafood Establishments (Export List),regulator,2026-02-06,CFIA export list entry,HIGH
LL32103,name,R.I. SMITH LOBSTER CO. LTD. (CFIA Ref #LL32103),https://apps.inspection.canada.ca/webapps/FishList/,CFIA Fish and Seafood Establishments (Export List),regulator,2026-02-06,CFIA export list entry,HIGH
LL32103,address,"P.O. BOX 9, SHAG HARBOUR, NS, B0W3B0, Canada",https://apps.inspection.canada.ca/webapps/FishList/,CFIA Fish and Seafood Establishments (Export List),regulator,2026-02-06,CFIA export list entry,HIGH
LL32114,name,I. DEVEAU FISHERIES LIMITED (CFIA Ref #LL32114),https://apps.inspection.canada.ca/webapps/FishList/,CFIA Fish and Seafood Establishments (Export List),regulator,2026-02-06,CFIA export list entry,HIGH
LL32114,address,"508 HIGHWAY 330, NORTH EAST POINT, NS, B0W2P0, Canada",https://apps.inspection.canada.ca/webapps/FishList/,CFIA Fish and Seafood Establishments (Export List),regulator,2026-02-06,CFIA export list entry,HIGH
LL32115,name,CLARK'S HARBOUR SEAFOOD LIMITED (CFIA Ref #LL32115),https://apps.inspection.canada.ca/webapps/FishList/,CFIA Fish and Seafood Establishments (Export List),regulator,2026-02-06,CFIA export list entry,HIGH
LL32115,address,"58 WATER STREET, CLARK'S HARBOUR, NS, B0W1P0, Canada",https://apps.inspection.canada.ca/webapps/FishList/,CFIA Fish and Seafood Establishments (Export List),regulator,2026-02-06,CFIA export list entry,HIGH
LL32122,name,GARRETT AND DALTON FISHERIES LIMITED (CFIA Ref #LL32122),https://apps.inspection.canada.ca/webapps/FishList/,CFIA Fish and Seafood Establishments (Export List),regulator,2026-02-06,CFIA export list entry,HIGH
LL32122,address,"60 WALTERS LANE, SHELBURNE COUNTY, NS, B0W3J0, Canada",https://apps.inspection.canada.ca/webapps/FishList/,CFIA Fish and Seafood Establishments (Export List),regulator,2026-02-06,CFIA export list entry,HIGH
4213,name,ATLANTIC AQUA FARMS LTD. (CFIA Ref #4213),https://apps.inspection.canada.ca/webapps/FishList/,CFIA Fish and Seafood Establishments (Export List),regulator,2026-02-06,CFIA export list entry,HIGH
4213,address,"10 BORDEN AVENUE, BORDEN-CARLETON, PE, COB1X0, Canada",https://apps.inspection.canada.ca/webapps/FishList/,CFIA Fish and Seafood Establishments (Export List),regulator,2026-02-06,CFIA export list entry,HIGH
1051,name,16771408 CANADA INC. (CFIA Ref #1051),https://apps.inspection.canada.ca/webapps/FishList/,CFIA Fish and Seafood Establishments (Export List),regulator,2026-02-06,CFIA export list entry,HIGH
1051,address,"188 B Main Street North, Glovertown, NL, A0G2L0, Canada",https://apps.inspection.canada.ca/webapps/FishList/,CFIA Fish and Seafood Establishments (Export List),regulator,2026-02-06,CFIA export list entry,HIGH
1106,name,GOLDEN SHELL FISHERIES (2014) LIMITED (CFIA Ref #1106),https://apps.inspection.canada.ca/webapps/FishList/,CFIA Fish and Seafood Establishments (Export List),regulator,2026-02-06,CFIA export list entry,HIGH
1106,address,"3 PLANT ROAD, HICKMAN'S HARBOUR, NL, A0C1P0, Canada",https://apps.inspection.canada.ca/webapps/FishList/,CFIA Fish and Seafood Establishments (Export List),regulator,2026-02-06,CFIA export list entry,HIGH
0970,name,CLEAR BAY FISHERIES INC. (CFIA Ref #0970),https://apps.inspection.canada.ca/webapps/FishList/,CFIA Fish and Seafood Establishments (Export List),regulator,2026-02-06,CFIA export list entry,HIGH
0970,address,"#13 - 16, 12200 VULCAN WAY, RICHMOND, BC, V6V1J8, Canada",https://apps.inspection.canada.ca/webapps/FishList/,CFIA Fish and Seafood Establishments (Export List),regulator,2026-02-06,CFIA export list entry,HIGH
0373,name,"CAPE BALD PACKERS, LIMITED (CFIA Ref #0373)",https://apps.inspection.canada.ca/webapps/FishList/,CFIA Fish and Seafood Establishments (Export List),regulator,2026-02-06,CFIA export list entry,HIGH
0373,address,"2618 CHEMIN ACADIE ROAD, CAP-PELE, NB, E4N1E3, Canada",https://apps.inspection.canada.ca/webapps/FishList/,CFIA Fish and Seafood Establishments (Export List),regulator,2026-02-06,CFIA export list entry,HIGH
0199,name,BEOTHIC FISH PROCESSORS LIMITED (CFIA Ref #0199),https://apps.inspection.canada.ca/webapps/FishList/,CFIA Fish and Seafood Establishments (Export List),regulator,2026-02-06,CFIA export list entry,HIGH
0199,address,"1 BEOTHIC RD, VALLEYFIELD, NL, AOG1B0, Canada",https://apps.inspection.canada.ca/webapps/FishList/,CFIA Fish and Seafood Establishments (Export List),regulator,2026-02-06,CFIA export list entry,HIGH
4210,name,HOWARD'S COVE SHELLFISH LTD. (CFIA Ref #4210),https://apps.inspection.canada.ca/webapps/FishList/,CFIA Fish and Seafood Establishments (Export List),regulator,2026-02-06,CFIA export list entry,HIGH
4210,address,"152 FREDERICK COVE RD, FREELAND, PE, C0B1J0, Canada",https://apps.inspection.canada.ca/webapps/FishList/,CFIA Fish and Seafood Establishments (Export List),regulator,2026-02-06,CFIA export list entry,HIGH
0272,name,HOPKINS & DEVINE FISHERIES LIMITED (CFIA Ref #0272),https://apps.inspection.canada.ca/webapps/FishList/,CFIA Fish and Seafood Establishments (Export List),regulator,2026-02-06,CFIA export list entry,HIGH
0272,address,"6579 HWY.3, LOWER WOODS HARBOUR, SHELBURNE COUNTY, NS, B0W2E0, Canada",https://apps.inspection.canada.ca/webapps/FishList/,CFIA Fish and Seafood Establishments (Export List),regulator,2026-02-06,CFIA export list entry,HIGH
0730,name,SEAGATE FISHERIES LTD. (CFIA Ref #0730),https://apps.inspection.canada.ca/webapps/FishList/,CFIA Fish and Seafood Establishments (Export List),regulator,2026-02-06,CFIA export list entry,HIGH
0730,address,"12180 VULCAN WAY, RICHMOND, BC, V6V1J8, Canada",https://apps.inspection.canada.ca/webapps/FishList/,CFIA Fish and Seafood Establishments (Export List),regulator,2026-02-06,CFIA export list entry,HIGH
5005,name,BAXTERS CANADA INC. (CFIA Ref #5005),https://apps.inspection.canada.ca/webapps/FishList/,CFIA Fish and Seafood Establishments (Export List),regulator,2026-02-06,CFIA export list entry,HIGH
5005,address,"4800 AVE. PINARD, SAINT-HYACINTHE, QC, J2S8E1, Canada",https://apps.inspection.canada.ca/webapps/FishList/,CFIA Fish and Seafood Establishments (Export List),regulator,2026-02-06,CFIA export list entry,HIGH
4009,name,PÉCHERIES BAS-CARAQUET FISHERIES INC. (CFIA Ref #4009),https://apps.inspection.canada.ca/webapps/FishList/,CFIA Fish and Seafood Establishments (Export List),regulator,2026-02-06,CFIA export list entry,HIGH
4009,address,"2270 RUE INDUSTRIELLE, BAS-CARAQUET, NB, E1W5Z2, Canada",https://apps.inspection.canada.ca/webapps/FishList/,CFIA Fish and Seafood Establishments (Export List),regulator,2026-02-06,CFIA export list entry,HIGH
3757,name,OCEAN PRIDE FISHERIES LIMITED (CFIA Ref #3757),https://apps.inspection.canada.ca/webapps/FishList/,CFIA Fish and Seafood Establishments (Export List),regulator,2026-02-06,CFIA export list entry,HIGH
3757,address,"138 JACQUARD RD, LOWER WEDGEPORT, NS, B0W2BO, Canada",https://apps.inspection.canada.ca/webapps/FishList/,CFIA Fish and Seafood Establishments (Export List),regulator,2026-02-06,CFIA export list entry,HIGH
4226,name,CAPTAIN COOKE'S SEAFOOD INC. (CFIA Ref #4226),https://apps.inspection.canada.ca/webapps/FishList/,CFIA Fish and Seafood Establishments (Export List),regulator,2026-02-06,CFIA export list entry,HIGH
4226,address,"23675 TRANS CANADA HIGHWAY, BORDEN-CARLETON, PE, C0B1X0, Canada",https://apps.inspection.canada.ca/webapps/FishList/,CFIA Fish and Seafood Establishments (Export List),regulator,2026-02-06,CFIA export list entry,HIGH
0644,name,APETITO HFS LIMITED/HEART TO HOME MEALS (CFIA Ref #0644),https://apps.inspection.canada.ca/webapps/FishList/,CFIA Fish and Seafood Establishments (Export List),regulator,2026-02-06,CFIA export list entry,HIGH
0644,address,"12 INDELL LANE, BRAMPTON, ON, L6T3Y3, Canada",https://apps.inspection.canada.ca/webapps/FishList/,CFIA Fish and Seafood Establishments (Export List),regulator,2026-02-06,CFIA export list entry,HIGH
3752,name,GERRET ENTERPRISES INCORPORATED (CFIA Ref #3752),https://apps.inspection.canada.ca/webapps/FishList/,CFIA Fish and Seafood Establishments (Export List),regulator,2026-02-06,CFIA export list entry,HIGH
3752,address,"84 BOUNDRY STREET, CLARK'S HARBOUR, NS, B0W1P0, Canada",https://apps.inspection.canada.ca/webapps/FishList/,CFIA Fish and Seafood Establishments (Export List),regulator,2026-02-06,CFIA export list entry,HIGH
0636,name,MACGREGOR MEAT & SEAFOOD LTD. (CFIA Ref #0636),https://apps.inspection.canada.ca/webapps/FishList/,CFIA Fish and Seafood Establishments (Export List),regulator,2026-02-06,CFIA export list entry,HIGH
0636,address,"258 GARYRAY DRIVE, TORONTO, ON, M9L1P1, Canada",https://apps.inspection.canada.ca/webapps/FishList/,CFIA Fish and Seafood Establishments (Export List),regulator,2026-02-06,CFIA export list entry,HIGH
5099,name,9103-8158 QUEBEC INC. (CFIA Ref #5099),https://apps.inspection.canada.ca/webapps/FishList/,CFIA Fish and Seafood Establishments (Export List),regulator,2026-02-06,CFIA export list entry,HIGH
5099,address,"660 RUE BERNARD, GRANBY, QC, J2J0H6, Canada",https://apps.inspection.canada.ca/webapps/FishList/,CFIA Fish and Seafood Establishments (Export List),regulator,2026-02-06,CFIA export list entry,HIGH
2356,name,ATLANTIC SHELLFISH PRODUCTS INC. (CFIA Ref #2356),https://apps.inspection.canada.ca/webapps/FishList/,CFIA Fish and Seafood Establishments (Export List),regulator,2026-02-06,CFIA export list entry,HIGH
2356,address,"306 RED HEAD ROAD, MORELL, PE, C0A1S0, Canada",https://apps.inspection.canada.ca/webapps/FishList/,CFIA Fish and Seafood Establishments (Export List),regulator,2026-02-06,CFIA export list entry,HIGH
2343,name,EAST RIVER SHELLFISH INC. (CFIA Ref #2343),https://apps.inspection.canada.ca/webapps/FishList/,CFIA Fish and Seafood Establishments (Export List),regulator,2026-02-06,CFIA export list entry,HIGH
2343,address,"10 MACDONALD ROAD, GLENFINNAN, PE, C1A7J8, Canada",https://apps.inspection.canada.ca/webapps/FishList/,CFIA Fish and Seafood Establishments (Export List),regulator,2026-02-06,CFIA export list entry,HIGH
3702,name,INNOVATIVE FISHERY PRODUCTS INCORPORATED (CFIA Ref #3702),https://apps.inspection.canada.ca/webapps/FishList/,CFIA Fish and Seafood Establishments (Export List),regulator,2026-02-06,CFIA export list entry,HIGH
3702,address,"3569 HWY 1, ST. BERNARD, NS, B0W1J0, Canada",https://apps.inspection.canada.ca/webapps/FishList/,CFIA Fish and Seafood Establishments (Export List),regulator,2026-02-06,CFIA export list entry,HIGH
3724,name,INNOVATIVE FISHERY PRODUCTS INCORPORATED (CFIA Ref #3724),https://apps.inspection.canada.ca/webapps/FishList/,CFIA Fish and Seafood Establishments (Export List),regulator,2026-02-06,CFIA export list entry,HIGH
3724,address,"3569 HIGHWAY 1, ST. BERNARD, NS, B0W1J0, Canada",https://apps.inspection.canada.ca/webapps/FishList/,CFIA Fish and Seafood Establishments (Export List),regulator,2026-02-06,CFIA export list entry,HIGH
3725,name,DEON OYSTER COMPANY LTD. (CFIA Ref #3725),https://apps.inspection.canada.ca/webapps/FishList/,CFIA Fish and Seafood Establishments (Export List),regulator,2026-02-06,CFIA export list entry,HIGH
3725,address,"6590 HIGHWAY 3, YARMOUTH, NS, B0W2X0, Canada",https://apps.inspection.canada.ca/webapps/FishList/,CFIA Fish and Seafood Establishments (Export List),regulator,2026-02-06,CFIA export list entry,HIGH
5214,name,ATKINS ET FRÉRES INC. (CFIA Ref #5214),https://apps.inspection.canada.ca/webapps/FishList/,CFIA Fish and Seafood Establishments (Export List),regulator,2026-02-06,CFIA export list entry,HIGH
5214,address,"1, CHANOINE-RICHARD, Saint Maxime du Mont-Louis, QC, G0E1T0, Canada",https://apps.inspection.canada.ca/webapps/FishList/,CFIA Fish and Seafood Establishments (Export List),regulator,2026-02-06,CFIA export list entry,HIGH
0706,name,CANADIAN FISHING COMPANY (CFIA Ref #0706),https://apps.inspection.canada.ca/webapps/FishList/,CFIA Fish and Seafood Establishments (Export List),regulator,2026-02-06,CFIA export list entry,HIGH
0706,address,"301 E WATERFRONT ROAD, VANCOUVER, BC, V6A0B3, Canada",https://apps.inspection.canada.ca/webapps/FishList/,CFIA Fish and Seafood Establishments (Export List),regulator,2026-02-06,CFIA export list entry,HIGH
0435,name,L'ASSOCIATION COOPÉRATIVE DES PÉCHEURS DE L'ILE LIMITÉE (CFIA Ref #0435),https://apps.inspection.canada.ca/webapps/FishList/,CFIA Fish and Seafood Establishments (Export List),regulator,2026-02-06,CFIA export list entry,HIGH
0435,address,"90, RUE PRINCIPALE, LAMÉQUE, NB, E8T1M8, Canada",https://apps.inspection.canada.ca/webapps/FishList/,CFIA Fish and Seafood Establishments (Export List),regulator,2026-02-06,CFIA export list entry,HIGH
1861,name,CAMPBELL COMPANY OF CANADA/COMPAGNIE CAMPBELL DU CANADA (CFIA Ref #1861),https://apps.inspection.canada.ca/webapps/FishList/,CFIA Fish and Seafood Establishments (Export List),regulator,2026-02-06,CFIA export list entry,HIGH
1861,address,"60 BIRMINGHAM STREET, TORONTO, ON, M8V2B8, Canada",https://apps.inspection.canada.ca/webapps/FishList/,CFIA Fish and Seafood Establishments (Export List),regulator,2026-02-06,CFIA export list entry,HIGH
0782,name,SEA PLUS FOODS LTD. (CFIA Ref #0782),https://apps.inspection.canada.ca/webapps/FishList/,CFIA Fish and Seafood Establishments (Export List),regulator,2026-02-06,CFIA export list entry,HIGH
0782,address,"7124 THUNDER BAY STREET, POWELL RIVER, BC, V8A1E6, Canada",https://apps.inspection.canada.ca/webapps/FishList/,CFIA Fish and Seafood Establishments (Export List),regulator,2026-02-06,CFIA export list entry,HIGH
0045,name,LABRADOR FISHERMEN'S UNION SHRIMP COMPANY LIMITED (CFIA Ref #0045),https://apps.inspection.canada.ca/webapps/FishList/,CFIA Fish and Seafood Establishments (Export List),regulator,2026-02-06,CFIA export list entry,HIGH
0045,address,"1 MARINE DRIVE, CHARLOTTETOWN, NL, A0K5Y0, Canada",https://apps.inspection.canada.ca/webapps/FishList/,CFIA Fish and Seafood Establishments (Export List),regulator,2026-02-06,CFIA export list entry,HIGH
0796,name,SAKURA SEAFOOD CO. LTD. (CFIA Ref #0796),https://apps.inspection.canada.ca/webapps/FishList/,CFIA Fish and Seafood Establishments (Export List),regulator,2026-02-06,CFIA export list entry,HIGH
0796,address,"#293 - 295 BAYVIEW DRIVE, PORT EDWARD, BC, V0V1G0, Canada",https://apps.inspection.canada.ca/webapps/FishList/,CFIA Fish and Seafood Establishments (Export List),regulator,2026-02-06,CFIA export list entry,HIGH
3341,name,COMEAU'S SEA FOODS LIMITED (CFIA Ref #3341),https://apps.inspection.canada.ca/webapps/FishList/,CFIA Fish and Seafood Establishments (Export List),regulator,2026-02-06,CFIA export list entry,HIGH
3341,address,"1065 Highway 3, East Pubnico, NS, B0W2A0, Canada",https://apps.inspection.canada.ca/webapps/FishList/,CFIA Fish and Seafood Establishments (Export List),regulator,2026-02-06,CFIA export list entry,HIGH
0627,name,LEF MCLEAN BROTHERS INTERNATIONAL (2001) INC. (CFIA Ref #0627),https://apps.inspection.canada.ca/webapps/FishList/,CFIA Fish and Seafood Establishments (Export List),regulator,2026-02-06,CFIA export list entry,HIGH
0627,address,"20912 ERIE ST SOUTH, WHEATLEY, ON, N0P2P0, Canada",https://apps.inspection.canada.ca/webapps/FishList/,CFIA Fish and Seafood Establishments (Export List),regulator,2026-02-06,CFIA export list entry,HIGH
0920,name,COASTWISE PROCESSORS INC. (CFIA Ref #0920),https://apps.inspection.canada.ca/webapps/FishList/,CFIA Fish and Seafood Establishments (Export List),regulator,2026-02-06,CFIA export list entry,HIGH
0920,address,"#11 - 9548 192ND STREET, SURREY, BC, V4N3R9, Canada",https://apps.inspection.canada.ca/webapps/FishList/,CFIA Fish and Seafood Establishments (Export List),regulator,2026-02-06,CFIA export list entry,HIGH
4215,name,KEYBRAND FOODS (CFIA Ref #4215),https://apps.inspection.canada.ca/webapps/FishList/,CFIA Fish and Seafood Establishments (Export List),regulator,2026-02-06,CFIA export list entry,HIGH
4215,address,"23 FOURTH STREET, CHARLOTTETOWN, PE, C1E2B4, Canada",https://apps.inspection.canada.ca/webapps/FishList/,CFIA Fish and Seafood Establishments (Export List),regulator,2026-02-06,CFIA export list entry,HIGH
4216,name,COLVILLE BAY OYSTER CO. LTD. (CFIA Ref #4216),https://apps.inspection.canada.ca/webapps/FishList/,CFIA Fish and Seafood Establishments (Export List),regulator,2026-02-06,CFIA export list entry,HIGH
4216,address,"83 LOWER ROLLO BAY RD, SOURIS, PE, C0A2B0, Canada",https://apps.inspection.canada.ca/webapps/FishList/,CFIA Fish and Seafood Establishments (Export List),regulator,2026-02-06,CFIA export list entry,HIGH
5169,name,LES FUMOIRS GASPÉ CURED INC. (CFIA Ref #5169),https://apps.inspection.canada.ca/webapps/FishList/,CFIA Fish and Seafood Establishments (Export List),regulator,2026-02-06,CFIA export list entry,HIGH
5169,address,"65 RUE DE LA STATION CP189, CAP D'ESPOIR, QC, G0C 1G, Canada",https://apps.inspection.canada.ca/webapps/FishList/,CFIA Fish and Seafood Establishments (Export List),regulator,2026-02-06,CFIA export list entry,HIGH
4004,name,L'ÉTANG RUISSEAU BAR LIMITÉE (CFIA Ref #4004),https://apps.inspection.canada.ca/webapps/FishList/,CFIA Fish and Seafood Establishments (Export List),regulator,2026-02-06,CFIA export list entry,HIGH
4004,address,"111, RUE POINTE-BRÉLÉE, SHIPPAGAN, NB, E8S3H9, Canada",https://apps.inspection.canada.ca/webapps/FishList/,CFIA Fish and Seafood Establishments (Export List),regulator,2026-02-06,CFIA export list entry,HIGH
0630,name,VICTORY'S KITCHEN LTD (CFIA Ref #0630),https://apps.inspection.canada.ca/webapps/FishList/,CFIA Fish and Seafood Establishments (Export List),regulator,2026-02-06,CFIA export list entry,HIGH
0630,address,"30 GUNNS ROAD, UNIT 1, TORONTO, ON, M6N3S5, Canada",https://apps.inspection.canada.ca/webapps/FishList/,CFIA Fish and Seafood Establishments (Export List),regulator,2026-02-06,CFIA export list entry,HIGH
4005,name,LA MAISON BEAUSOLEIL (2010) INC. (CFIA Ref #4005),https://apps.inspection.canada.ca/webapps/FishList/,CFIA Fish and Seafood Establishments (Export List),regulator,2026-02-06,CFIA export list entry,HIGH
4005,address,"42 RUE OTHO, NEGUAC, NB, E9G4H3, Canada",https://apps.inspection.canada.ca/webapps/FishList/,CFIA Fish and Seafood Establishments (Export List),regulator,2026-02-06,CFIA export list entry,HIGH
0631,name,NEWLY WEDS FOODS CO. (CFIA Ref #0631),https://apps.inspection.canada.ca/webapps/FishList/,CFIA Fish and Seafood Establishments (Export List),regulator,2026-02-06,CFIA export list entry,HIGH
0631,address,"450 SUPERIOR BLVD., MISSISSAUGA, ON, L5T2R9, Canada",https://apps.inspection.canada.ca/webapps/FishList/,CFIA Fish and Seafood Establishments (Export List),regulator,2026-02-06,CFIA export list entry,HIGH
0741,name,STELLAR BAY SHELLFISH LTD. (CFIA Ref #0741),https://apps.inspection.canada.ca/webapps/FishList/,CFIA Fish and Seafood Establishments (Export List),regulator,2026-02-06,CFIA export list entry,HIGH
0741,address,"7400 ISLAND HIGHWAY WEST, BOWSER, BC, V0R1G0, Canada",https://apps.inspection.canada.ca/webapps/FishList/,CFIA Fish and Seafood Establishments (Export List),regulator,2026-02-06,CFIA export list entry,HIGH
3738,name,"KENNEY & ROSS, LIMITED (CFIA Ref #3738)",https://apps.inspection.canada.ca/webapps/FishList/,CFIA Fish and Seafood Establishments (Export List),regulator,2026-02-06,CFIA export list entry,HIGH
3738,address,"6493 SHORE ROAD, RR 3, PORT SAXON, NS, B0T1W0, Canada",https://apps.inspection.canada.ca/webapps/FishList/,CFIA Fish and Seafood Establishments (Export List),regulator,2026-02-06,CFIA export list entry,HIGH
0633,name,CAUDLES CATCH SEAFOOD LTD (CFIA Ref #0633),https://apps.inspection.canada.ca/webapps/FishList/,CFIA Fish and Seafood Establishments (Export List),regulator,2026-02-06,CFIA export list entry,HIGH
0633,address,"60 OTONABEE DRIVE, KITCHENER, ON, N2C1L6, Canada",https://apps.inspection.canada.ca/webapps/FishList/,CFIA Fish and Seafood Establishments (Export List),regulator,2026-02-06,CFIA export list entry,HIGH
0065,name,Clearwater Ocean Prawns Venture LP / Atlantic Enterprise (CFIA Ref #0065),https://apps.inspection.canada.ca/webapps/FishList/,CFIA Fish and Seafood Establishments (Export List),regulator,2026-02-06,CFIA export list entry,HIGH
0065,address,"119 Water Street, Harbour Grace, NL, A0A2M0, Canada",https://apps.inspection.canada.ca/webapps/FishList/,CFIA Fish and Seafood Establishments (Export List),regulator,2026-02-06,CFIA export list entry,HIGH
0063,name,QUIN-SEA FISHERIES LIMITED (CFIA Ref #0063),https://apps.inspection.canada.ca/webapps/FishList/,CFIA Fish and Seafood Establishments (Export List),regulator,2026-02-06,CFIA export list entry,HIGH
0063,address,"QUAY ROAD, CUPIDS, NL, -, Canada",https://apps.inspection.canada.ca/webapps/FishList/,CFIA Fish and Seafood Establishments (Export List),regulator,2026-02-06,CFIA export list entry,HIGH
4101,name,CAPTAIN DAN'S INC. (CFIA Ref #4101),https://apps.inspection.canada.ca/webapps/FishList/,CFIA Fish and Seafood Establishments (Export List),regulator,2026-02-06,CFIA export list entry,HIGH
4101,address,"341 CAP-LUMIÉRE ROAD, RICHIBUCTO VILLAGE, NB, E4W1C9, Canada",https://apps.inspection.canada.ca/webapps/FishList/,CFIA Fish and Seafood Establishments (Export List),regulator,2026-02-06,CFIA export list entry,HIGH
0020,name,ARCTIC ENDURANCE (CFIA Ref #0020),https://apps.inspection.canada.ca/webapps/FishList/,CFIA Fish and Seafood Establishments (Export List),regulator,2026-02-06,CFIA export list entry,HIGH
0020,address,"428 MAIN ST, MULGRAVE, NS, B0E2G0, Canada",https://apps.inspection.canada.ca/webapps/FishList/,CFIA Fish and Seafood Establishments (Export List),regulator,2026-02-06,CFIA export list entry,HIGH
1436,name,SCOTIA GARDEN SEAFOOD INCORPORATED (CFIA Ref #1436),https://apps.inspection.canada.ca/webapps/FishList/,CFIA Fish and Seafood Establishments (Export List),regulator,2026-02-06,CFIA export list entry,HIGH
1436,address,"112 WATER STREET, YARMOUTH, NS, B5A1L5, Canada",https://apps.inspection.canada.ca/webapps/FishList/,CFIA Fish and Seafood Establishments (Export List),regulator,2026-02-06,CFIA export list entry,HIGH
3740,name,ATLANTIC DESTINY (CFIA Ref #3740),https://apps.inspection.canada.ca/webapps/FishList/,CFIA Fish and Seafood Establishments (Export List),regulator,2026-02-06,CFIA export list entry,HIGH
3740,address,"140 KRAUT POINT ROAD, RIVERPORT, NS, B0J2W0, Canada",https://apps.inspection.canada.ca/webapps/FishList/,CFIA Fish and Seafood Establishments (Export List),regulator,2026-02-06,CFIA export list entry,HIGH
0039,name,FOGO ISLAND CO-OPERATIVE SOCIETY LIMITED (CFIA Ref #0039),https://apps.inspection.canada.ca/webapps/FishList/,CFIA Fish and Seafood Establishments (Export List),regulator,2026-02-06,CFIA export list entry,HIGH
0039,address,"97 HARBOUR DRIVE, SELDOM, NL, A0G3Z0, Canada",https://apps.inspection.canada.ca/webapps/FishList/,CFIA Fish and Seafood Establishments (Export List),regulator,2026-02-06,CFIA export list entry,HIGH
0709,name,PREMIUM FOOD SALES LTD. (CFIA Ref #0709),https://apps.inspection.canada.ca/webapps/FishList/,CFIA Fish and Seafood Establishments (Export List),regulator,2026-02-06,CFIA export list entry,HIGH
0709,address,"#6 - 12671 BATHGATE WAY, RICHMOND, BC, V6V1Y5, Canada",https://apps.inspection.canada.ca/webapps/FishList/,CFIA Fish and Seafood Establishments (Export List),regulator,2026-02-06,CFIA export list entry,HIGH
0105,name,BARRY GROUP INC. (CFIA Ref #0105),https://apps.inspection.canada.ca/webapps/FishList/,CFIA Fish and Seafood Establishments (Export List),regulator,2026-02-06,CFIA export list entry,HIGH
0105,address,"MAIN ROAD, DOVER, NL, A2H3E9, Canada",https://apps.inspection.canada.ca/webapps/FishList/,CFIA Fish and Seafood Establishments (Export List),regulator,2026-02-06,CFIA export list entry,HIGH
0166,name,Barry Group Inc./Barry Group Inc - Witless Bay (CFIA Ref #0166),https://apps.inspection.canada.ca/webapps/FishList/,CFIA Fish and Seafood Establishments (Export List),regulator,2026-02-06,CFIA export list entry,HIGH
0166,address,"76C HARBOUR ROAD, WITLESS BAY, NL, A0A4K0, Canada",https://apps.inspection.canada.ca/webapps/FishList/,CFIA Fish and Seafood Establishments (Export List),regulator,2026-02-06,CFIA export list entry,HIGH
0103,name,LABRADOR FISHERMEN'S UNION SHRIMP COMPANY LIMITED / BELLE ISLE BANKER F/V (CFIA Ref #0103),https://apps.inspection.canada.ca/webapps/FishList/,CFIA Fish and Seafood Establishments (Export List),regulator,2026-02-06,CFIA export list entry,HIGH
0103,address,"130 SOUTHSIDE RD, PIER 21, ST. JOHN'S, NL, A1E0A2, Canada",https://apps.inspection.canada.ca/webapps/FishList/,CFIA Fish and Seafood Establishments (Export List),regulator,2026-02-06,CFIA export list entry,HIGH
0015,name,LABRADOR FISHERMEN'S UNION SHRIMP COMPANY / NAIN BANKER F/V (CFIA Ref #0015),https://apps.inspection.canada.ca/webapps/FishList/,CFIA Fish and Seafood Establishments (Export List),regulator,2026-02-06,CFIA export list entry,HIGH
0015,address,"130 SOUTHSIDE RD, PIER 21, ST. JOHN'S, NL, A1E0A2, Canada",https://apps.inspection.canada.ca/webapps/FishList/,CFIA Fish and Seafood Establishments (Export List),regulator,2026-02-06,CFIA export list entry,HIGH
0746,name,HARDY BUOYS SMOKED FISH INC. (CFIA Ref #0746),https://apps.inspection.canada.ca/webapps/FishList/,CFIA Fish and Seafood Establishments (Export List),regulator,2026-02-06,CFIA export list entry,HIGH
0746,address,"9300 TRUSTEE ROAD, PORT HARDY, BC, V0N2P0, Canada",https://apps.inspection.canada.ca/webapps/FishList/,CFIA Fish and Seafood Establishments (Export List),regulator,2026-02-06,CFIA export list entry,HIGH
3562,name,BST LOBSTER SALES LIMITED (CFIA Ref #3562),https://apps.inspection.canada.ca/webapps/FishList/,CFIA Fish and Seafood Establishments (Export List),regulator,2026-02-06,CFIA export list entry,HIGH
3562,address,"13318 104 HIGHWAY, AULDS COVE, NS, B0H1P0, Canada",https://apps.inspection.canada.ca/webapps/FishList/,CFIA Fish and Seafood Establishments (Export List),regulator,2026-02-06,CFIA export list entry,HIGH
4006,name,PÉCHERIES BAIE CHALEURS FISHERIES (2012) INC. (CFIA Ref #4006),https://apps.inspection.canada.ca/webapps/FishList/,CFIA Fish and Seafood Establishments (Export List),regulator,2026-02-06,CFIA export list entry,HIGH
4006,address,"2261 RUE DU QUAI, BAS-CARAQUET, NB, E1W5X9, Canada",https://apps.inspection.canada.ca/webapps/FishList/,CFIA Fish and Seafood Establishments (Export List),regulator,2026-02-06,CFIA export list entry,HIGH
5607,name,CUISINE MALIMOUSSE INC. (CFIA Ref #5607),https://apps.inspection.canada.ca/webapps/FishList/,CFIA Fish and Seafood Establishments (Export List),regulator,2026-02-06,CFIA export list entry,HIGH
5607,address,"75, DES GRANDS LACS, SAINT-AUGUSTIN, QC, G3A1T5, Canada",https://apps.inspection.canada.ca/webapps/FishList/,CFIA Fish and Seafood Establishments (Export List),regulator,2026-02-06,CFIA export list entry,HIGH
3122,name,"KATSHESHUK FISHERIES LTD. ""KATSHESHUK II"" (CFIA Ref #3122)",https://apps.inspection.canada.ca/webapps/FishList/,CFIA Fish and Seafood Establishments (Export List),regulator,2026-02-06,CFIA export list entry,HIGH
3122,address,"119 WATER ST, HARBOUR GRACE, NL, A0A2M0, Canada",https://apps.inspection.canada.ca/webapps/FishList/,CFIA Fish and Seafood Establishments (Export List),regulator,2026-02-06,CFIA export list entry,HIGH
0634,name,DOM INTERNATIONAL LIMITED (CFIA Ref #0634),https://apps.inspection.canada.ca/webapps/FishList/,CFIA Fish and Seafood Establishments (Export List),regulator,2026-02-06,CFIA export list entry,HIGH
0634,address,"10 GOLDEN GATE COURT, TORONTO, ON, M1P3A5, Canada",https://apps.inspection.canada.ca/webapps/FishList/,CFIA Fish and Seafood Establishments (Export List),regulator,2026-02-06,CFIA export list entry,HIGH
4219,name,FIVE STAR SHELLFISH INC. (CFIA Ref #4219),https://apps.inspection.canada.ca/webapps/FishList/,CFIA Fish and Seafood Establishments (Export List),regulator,2026-02-06,CFIA export list entry,HIGH
4219,address,"1066 MILLIGAN'S WHARF ROAD, ELLERSLIE, PE, C0B1J0, Canada",https://apps.inspection.canada.ca/webapps/FishList/,CFIA Fish and Seafood Establishments (Export List),regulator,2026-02-06,CFIA export list entry,HIGH
5070,name,ALIMENTS ATG INC. (CFIA Ref #5070),https://apps.inspection.canada.ca/webapps/FishList/,CFIA Fish and Seafood Establishments (Export List),regulator,2026-02-06,CFIA export list entry,HIGH
5070,address,"1175 RUE BERGERON, DRUMMONDVILLE, QC, J2C6Y1, Canada",https://apps.inspection.canada.ca/webapps/FishList/,CFIA Fish and Seafood Establishments (Export List),regulator,2026-02-06,CFIA export list entry,HIGH
3750,name,R.I. SMITH LOBSTER CO. LTD. (CFIA Ref #3750),https://apps.inspection.canada.ca/webapps/FishList/,CFIA Fish and Seafood Establishments (Export List),regulator,2026-02-06,CFIA export list entry,HIGH
3750,address,"201 WEST BEAR POINT ROAD, BEAR POINT, NS, B0W3B0, Canada",https://apps.inspection.canada.ca/webapps/FishList/,CFIA Fish and Seafood Establishments (Export List),regulator,2026-02-06,CFIA export list entry,HIGH
5111,name,NEPTUNE SOLUTIONS BIEN-ÉTRE INC. / NEPTUNE WELLNESS SOLUTIONS INC. (CFIA Ref #5111),https://apps.inspection.canada.ca/webapps/FishList/,CFIA Fish and Seafood Establishments (Export List),regulator,2026-02-06,CFIA export list entry,HIGH
5111,address,"795 RUE PÉPIN, SHERBROOKE, QC, J1L2P8, Canada",https://apps.inspection.canada.ca/webapps/FishList/,CFIA Fish and Seafood Establishments (Export List),regulator,2026-02-06,CFIA export list entry,HIGH
0072,name,"ARCTIC FISHERY ALLIANCE L.P. ""SUVAK"" (CFIA Ref #0072)",https://apps.inspection.canada.ca/webapps/FishList/,CFIA Fish and Seafood Establishments (Export List),regulator,2026-02-06,CFIA export list entry,HIGH
0072,address,"PIER 2, ST. JOHN'S HARBOUR, SOUTH SIDE, ST. JOHN'S, NL, A1B3T1, Canada",https://apps.inspection.canada.ca/webapps/FishList/,CFIA Fish and Seafood Establishments (Export List),regulator,2026-02-06,CFIA export list entry,HIGH
0005,name,OCEAN CHOICE INTERNATIONAL O/A OCEAN CHOICE INTERNATIONAL L.P./LYNX (CFIA Ref #0005),https://apps.inspection.canada.ca/webapps/FishList/,CFIA Fish and Seafood Establishments (Export List),regulator,2026-02-06,CFIA export list entry,HIGH
0005,address,"119 WATER STREET, HARBOUR GRACE, NL, A0A2M0, Canada",https://apps.inspection.canada.ca/webapps/FishList/,CFIA Fish and Seafood Establishments (Export List),regulator,2026-02-06,CFIA export list entry,HIGH
0048,name,Ocean Choice International Inc. (Triton) (CFIA Ref #0048),https://apps.inspection.canada.ca/webapps/FishList/,CFIA Fish and Seafood Establishments (Export List),regulator,2026-02-06,CFIA export list entry,HIGH
0048,address,"11 HARBOUR DRIVE, TRITON, NL, A0J1V0, Canada",https://apps.inspection.canada.ca/webapps/FishList/,CFIA Fish and Seafood Establishments (Export List),regulator,2026-02-06,CFIA export list entry,HIGH
0164,name,Ocean Choice International Inc. (Bonavista) (CFIA Ref #0164),https://apps.inspection.canada.ca/webapps/FishList/,CFIA Fish and Seafood Establishments (Export List),regulator,2026-02-06,CFIA export list entry,HIGH
0164,address,"10 - 28 CAMPBELL STREET, BONAVISTA, NL, A0C1B0, Canada",https://apps.inspection.canada.ca/webapps/FishList/,CFIA Fish and Seafood Establishments (Export List),regulator,2026-02-06,CFIA export list entry,HIGH
4014,name,LES CUISINES ROI KITCHENS LTÉE (CFIA Ref #4014),https://apps.inspection.canada.ca/webapps/FishList/,CFIA Fish and Seafood Establishments (Export List),regulator,2026-02-06,CFIA export list entry,HIGH
4014,address,"220 ROUTE 134, PETIT-ROCHER-NORD, NB, E8J3B2, Canada",https://apps.inspection.canada.ca/webapps/FishList/,CFIA Fish and Seafood Establishments (Export List),regulator,2026-02-06,CFIA export list entry,HIGH
1804,name,1496519 ONTARIO INC. O/A BENTO NOUVEAU (CFIA Ref #1804),https://apps.inspection.canada.ca/webapps/FishList/,CFIA Fish and Seafood Establishments (Export List),regulator,2026-02-06,CFIA export list entry,HIGH
1804,address,"8 - 2675 BLACKWELL STREET, OTTAWA, ON, K1B4E4, Canada",https://apps.inspection.canada.ca/webapps/FishList/,CFIA Fish and Seafood Establishments (Export List),regulator,2026-02-06,CFIA export list entry,HIGH
3593,name,NATURE'S WAY OF CANADA LIMITED (CFIA Ref #3593),https://apps.inspection.canada.ca/webapps/FishList/,CFIA Fish and Seafood Establishments (Export List),regulator,2026-02-06,CFIA export list entry,HIGH
3593,address,"15 GARLAND AVE. UNIT 9, DARTMOUTH, NS, B3B0A6, Canada",https://apps.inspection.canada.ca/webapps/FishList/,CFIA Fish and Seafood Establishments (Export List),regulator,2026-02-06,CFIA export list entry,HIGH
1805,name,APETITO 2019 FOOD CANADA LTD. (CFIA Ref #1805),https://apps.inspection.canada.ca/webapps/FishList/,CFIA Fish and Seafood Establishments (Export List),regulator,2026-02-06,CFIA export list entry,HIGH
1805,address,"1010 DAIRY DRIVE, OTTAWA, ON, K4A3N3, Canada",https://apps.inspection.canada.ca/webapps/FishList/,CFIA Fish and Seafood Establishments (Export List),regulator,2026-02-06,CFIA export list entry,HIGH
3594,name,NORTHSYDE PROCESSING LTD. (CFIA Ref #3594),https://apps.inspection.canada.ca/webapps/FishList/,CFIA Fish and Seafood Establishments (Export List),regulator,2026-02-06,CFIA export list entry,HIGH
3594,address,"139 QUEEN STREET, NORTH SYDNEY, NS, B2A1A9, Canada",https://apps.inspection.canada.ca/webapps/FishList/,CFIA Fish and Seafood Establishments (Export List),regulator,2026-02-06,CFIA export list entry,HIGH
3735,name,NOVA'S FINEST FISHERIES INC. (PLANT # 3735 - LOWER WEST PUBNICO) (CFIA Ref #3735),https://apps.inspection.canada.ca/webapps/FishList/,CFIA Fish and Seafood Establishments (Export List),regulator,2026-02-06,CFIA export list entry,HIGH
3735,address,"260 DENNIS POINT, LOWER WEST PUBNICO, NS, B0W2C0, Canada",https://apps.inspection.canada.ca/webapps/FishList/,CFIA Fish and Seafood Establishments (Export List),regulator,2026-02-06,CFIA export list entry,HIGH
0127,name,CHANGE ISLANDS FISHERMEN'S IMPROVEMENT COMMITTEE INC. (CFIA Ref #0127),https://apps.inspection.canada.ca/webapps/FishList/,CFIA Fish and Seafood Establishments (Export List),regulator,2026-02-06,CFIA export list entry,HIGH
0127,address,"41 MAIN RD, CHANGE ISLANDS, NL, A0G1R0, Canada",https://apps.inspection.canada.ca/webapps/FishList/,CFIA Fish and Seafood Establishments (Export List),regulator,2026-02-06,CFIA export list entry,HIGH
4417,name,ACADIAN STURGEON AND CAVIAR INC. (CFIA Ref #4417),https://apps.inspection.canada.ca/webapps/FishList/,CFIA Fish and Seafood Establishments (Export List),regulator,2026-02-06,CFIA export list entry,HIGH
4417,address,"30 CARTERS WHARF ROAD, CARTERS POINT, NB, E5S1S5, Canada",https://apps.inspection.canada.ca/webapps/FishList/,CFIA Fish and Seafood Establishments (Export List),regulator,2026-02-06,CFIA export list entry,HIGH
0154,name,Ocean Choice International Inc. (Fortune) (CFIA Ref #0154),https://apps.inspection.canada.ca/webapps/FishList/,CFIA Fish and Seafood Establishments (Export List),regulator,2026-02-06,CFIA export list entry,HIGH
0154,address,"MAIN STREET, FORTUNE, NL, A0E1P0, Canada",https://apps.inspection.canada.ca/webapps/FishList/,CFIA Fish and Seafood Establishments (Export List),regulator,2026-02-06,CFIA export list entry,HIGH
0914,name,OCEAN NOVA SEAFOOD CANADA LTD. (CFIA Ref #0914),https://apps.inspection.canada.ca/webapps/FishList/,CFIA Fish and Seafood Establishments (Export List),regulator,2026-02-06,CFIA export list entry,HIGH
0914,address,"UNIT 250 - 2268 NO. 5 ROAD, RICHMOND, BC, V6X2T1, Canada",https://apps.inspection.canada.ca/webapps/FishList/,CFIA Fish and Seafood Establishments (Export List),regulator,2026-02-06,CFIA export list entry,HIGH
0944,name,SEVEN SEAS FISH CO. LTD. (CFIA Ref #0944),https://apps.inspection.canada.ca/webapps/FishList/,CFIA Fish and Seafood Establishments (Export List),regulator,2026-02-06,CFIA export list entry,HIGH
0944,address,"12411 VULCAN WAY, RICHMOND, BC, V6V1J7, Canada",https://apps.inspection.canada.ca/webapps/FishList/,CFIA Fish and Seafood Establishments (Export List),regulator,2026-02-06,CFIA export list entry,HIGH
3787,name,DOUCET FISHERIES LIMITED (CFIA Ref #3787),https://apps.inspection.canada.ca/webapps/FishList/,CFIA Fish and Seafood Establishments (Export List),regulator,2026-02-06,CFIA export list entry,HIGH
3787,address,"32 OCEAN DRIVE, COMEAUVILLE, NS, B0W2Z0, Canada",https://apps.inspection.canada.ca/webapps/FishList/,CFIA Fish and Seafood Establishments (Export List),regulator,2026-02-06,CFIA export list entry,HIGH
0935,name,Canadian Pacific Seafood 2025 Ltd. (CFIA Ref #0935),https://apps.inspection.canada.ca/webapps/FishList/,CFIA Fish and Seafood Establishments (Export List),regulator,2026-02-06,CFIA export list entry,HIGH
0935,address,"110-8851 Beckwith Road, Richmond, BC, V6X1V4, Canada",https://apps.inspection.canada.ca/webapps/FishList/,CFIA Fish and Seafood Establishments (Export List),regulator,2026-02-06,CFIA export list entry,HIGH
0661,name,KEYBRAND FOODS (CFIA Ref #0661),https://apps.inspection.canada.ca/webapps/FishList/,CFIA Fish and Seafood Establishments (Export List),regulator,2026-02-06,CFIA export list entry,HIGH
0661,address,"1326 VICTORIA STREET NORTH, KITCHENER, ON, N2B3E2, Canada",https://apps.inspection.canada.ca/webapps/FishList/,CFIA Fish and Seafood Establishments (Export List),regulator,2026-02-06,CFIA export list entry,HIGH
0097,name,SEA WATER PRODUCTS INC. (CFIA Ref #0097),https://apps.inspection.canada.ca/webapps/FishList/,CFIA Fish and Seafood Establishments (Export List),regulator,2026-02-06,CFIA export list entry,HIGH
0097,address,"6 STAGE RD, FLEUR DE LYS, NL, -, Canada",https://apps.inspection.canada.ca/webapps/FishList/,CFIA Fish and Seafood Establishments (Export List),regulator,2026-02-06,CFIA export list entry,HIGH
0090,name,PHOCALUX INTERNATIONAL INC. (CFIA Ref #0090),https://apps.inspection.canada.ca/webapps/FishList/,CFIA Fish and Seafood Establishments (Export List),regulator,2026-02-06,CFIA export list entry,HIGH
0090,address,"2 WATER FRONT AVENUE, FLEUR DE LYS, NL, A0K2M0, Canada",https://apps.inspection.canada.ca/webapps/FishList/,CFIA Fish and Seafood Establishments (Export List),regulator,2026-02-06,CFIA export list entry,HIGH
0239,name,GRANVILLE GATES & SONS LIMITED (CFIA Ref #0239),https://apps.inspection.canada.ca/webapps/FishList/,CFIA Fish and Seafood Establishments (Export List),regulator,2026-02-06,CFIA export list entry,HIGH
0239,address,"60 GATES FISH PLANT ROAD, BLANDFORD, NS, B0J1T0, Canada",https://apps.inspection.canada.ca/webapps/FishList/,CFIA Fish and Seafood Establishments (Export List),regulator,2026-02-06,CFIA export list entry,HIGH
1008,name,NORTHERN TIP LTD. (CFIA Ref #1008),https://apps.inspection.canada.ca/webapps/FishList/,CFIA Fish and Seafood Establishments (Export List),regulator,2026-02-06,CFIA export list entry,HIGH
1008,address,"14 HILLCREST AVE., COOK'S HARBOUR, NL, A0K1Z0, Canada",https://apps.inspection.canada.ca/webapps/FishList/,CFIA Fish and Seafood Establishments (Export List),regulator,2026-02-06,CFIA export list entry,HIGH
0665,name,MARSAN FOODS ULC (CFIA Ref #0665),https://apps.inspection.canada.ca/webapps/FishList/,CFIA Fish and Seafood Establishments (Export List),regulator,2026-02-06,CFIA export list entry,HIGH
0665,address,"46 MODERN ROAD, TORONTO, ON, M1R3B6, Canada",https://apps.inspection.canada.ca/webapps/FishList/,CFIA Fish and Seafood Establishments (Export List),regulator,2026-02-06,CFIA export list entry,HIGH
0126,name,NUTAN FURS INC. (CFIA Ref #0126),https://apps.inspection.canada.ca/webapps/FishList/,CFIA Fish and Seafood Establishments (Export List),regulator,2026-02-06,CFIA export list entry,HIGH
0126,address,"430 GRIFFIN DRIVE, CORNER BROOK, NL, A2H3E9, Canada",https://apps.inspection.canada.ca/webapps/FishList/,CFIA Fish and Seafood Establishments (Export List),regulator,2026-02-06,CFIA export list entry,HIGH
0606,name,CAVENDISH FARMS CORPORATION (CFIA Ref #0606),https://apps.inspection.canada.ca/webapps/FishList/,CFIA Fish and Seafood Establishments (Export List),regulator,2026-02-06,CFIA export list entry,HIGH
0606,address,"303 MILO ROAD, WHEATLEY, ON, N0P2P0, Canada",https://apps.inspection.canada.ca/webapps/FishList/,CFIA Fish and Seafood Establishments (Export List),regulator,2026-02-06,CFIA export list entry,HIGH
3799,name,FISHERMAN'S MARKET INTERNATIONAL INCORPORATED (CFIA Ref #3799),https://apps.inspection.canada.ca/webapps/FishList/,CFIA Fish and Seafood Establishments (Export List),regulator,2026-02-06,CFIA export list entry,HIGH
3799,address,"5771 SHORE ROAD NORTH WEST HARBOUR, NORTH WEST HARBOUR, NS, B0W2T0, Canada",https://apps.inspection.canada.ca/webapps/FishList/,CFIA Fish and Seafood Establishments (Export List),regulator,2026-02-06,CFIA export list entry,HIGH
3798,name,INSHORE FISHERIES LIMITED (CFIA Ref #3798),https://apps.inspection.canada.ca/webapps/FishList/,CFIA Fish and Seafood Establishments (Export List),regulator,2026-02-06,CFIA export list entry,HIGH
3798,address,"95 DENNIS POINT WHARF ROAD, WEST PUBNICO, NS, -, Canada",https://apps.inspection.canada.ca/webapps/FishList/,CFIA Fish and Seafood Establishments (Export List),regulator,2026-02-06,CFIA export list entry,HIGH
5784,name,LA CREVETTE DU NORD ATLANTIQUE INC. (CFIA Ref #5784),https://apps.inspection.canada.ca/webapps/FishList/,CFIA Fish and Seafood Establishments (Export List),regulator,2026-02-06,CFIA export list entry,HIGH
5784,address,"553, BOUL. GRIFFON, ANSE-AU-GRIFFON, QC, G4X6A5, Canada",https://apps.inspection.canada.ca/webapps/FishList/,CFIA Fish and Seafood Establishments (Export List),regulator,2026-02-06,CFIA export list entry,HIGH
0946,name,SEA WORLD TRADING LTD. (CFIA Ref #0946),https://apps.inspection.canada.ca/webapps/FishList/,CFIA Fish and Seafood Establishments (Export List),regulator,2026-02-06,CFIA export list entry,HIGH
0946,address,"#1102 - 12811 ROWAN PLACE, RICHMOND, BC, V6V2S6, Canada",https://apps.inspection.canada.ca/webapps/FishList/,CFIA Fish and Seafood Establishments (Export List),regulator,2026-02-06,CFIA export list entry,HIGH
5785,name,FUMOIR DU NORD (CFIA Ref #5785),https://apps.inspection.canada.ca/webapps/FishList/,CFIA Fish and Seafood Establishments (Export List),regulator,2026-02-06,CFIA export list entry,HIGH
5785,address,"540 RUE DU PLATINE, QUÉBEC, QC, G2N2G6, Canada",https://apps.inspection.canada.ca/webapps/FishList/,CFIA Fish and Seafood Establishments (Export List),regulator,2026-02-06,CFIA export list entry,HIGH
4237,name,BEACH POINT PROCESSING COMPANY (CFIA Ref #4237),https://apps.inspection.canada.ca/webapps/FishList/,CFIA Fish and Seafood Establishments (Export List),regulator,2026-02-06,CFIA export list entry,HIGH
4237,address,"75 WHARF LANE, BEACH POINT, PE, C0A1V0, Canada",https://apps.inspection.canada.ca/webapps/FishList/,CFIA Fish and Seafood Establishments (Export List),regulator,2026-02-06,CFIA export list entry,HIGH
4236,name,BEACH POINT PROCESSING COMPANY (CFIA Ref #4236),https://apps.inspection.canada.ca/webapps/FishList/,CFIA Fish and Seafood Establishments (Export List),regulator,2026-02-06,CFIA export list entry,HIGH
4236,address,"26 MACKENZIE LANE, BEACH POINT, PE, C0A1V0, Canada",https://apps.inspection.canada.ca/webapps/FishList/,CFIA Fish and Seafood Establishments (Export List),regulator,2026-02-06,CFIA export list entry,HIGH
0645,name,JOHN O'S FOODS INC. (CFIA Ref #0645),https://apps.inspection.canada.ca/webapps/FishList/,CFIA Fish and Seafood Establishments (Export List),regulator,2026-02-06,CFIA export list entry,HIGH
0645,address,"827 DROVERS ROAD, WHEATLEY, ON, N0P2P0, Canada",https://apps.inspection.canada.ca/webapps/FishList/,CFIA Fish and Seafood Establishments (Export List),regulator,2026-02-06,CFIA export list entry,HIGH
0838,name,"CAPE BALD PACKERS LIMITED, O/A LOBSTER DIVISION REG #0838 (CFIA Ref #0838)",https://apps.inspection.canada.ca/webapps/FishList/,CFIA Fish and Seafood Establishments (Export List),regulator,2026-02-06,CFIA export list entry,HIGH
0838,address,"52 RUE NILES, BAS-CAP-PELÉ, NB, E4N1E3, Canada",https://apps.inspection.canada.ca/webapps/FishList/,CFIA Fish and Seafood Establishments (Export List),regulator,2026-02-06,CFIA export list entry,HIGH
0759,name,NORTH-WEST SEAFOOD LTD. (CFIA Ref #0759),https://apps.inspection.canada.ca/webapps/FishList/,CFIA Fish and Seafood Establishments (Export List),regulator,2026-02-06,CFIA export list entry,HIGH
0759,address,"#102 - 8475 ONTARIO STREET, VANCOUVER, BC, V5X3E8, Canada",https://apps.inspection.canada.ca/webapps/FishList/,CFIA Fish and Seafood Establishments (Export List),regulator,2026-02-06,CFIA export list entry,HIGH
4409,name,YOUNG'S LOBSTER COMPANY LTD. (CFIA Ref #4409),https://apps.inspection.canada.ca/webapps/FishList/,CFIA Fish and Seafood Establishments (Export List),regulator,2026-02-06,CFIA export list entry,HIGH
4409,address,"1354 ROUTE 772, CHOCOLATE COVE, NB, -, Canada",https://apps.inspection.canada.ca/webapps/FishList/,CFIA Fish and Seafood Establishments (Export List),regulator,2026-02-06,CFIA export list entry,HIGH
3575,name,CAPE NORTH MUSSELS LIMITED (CFIA Ref #3575),https://apps.inspection.canada.ca/webapps/FishList/,CFIA Fish and Seafood Establishments (Export List),regulator,2026-02-06,CFIA export list entry,HIGH
3575,address,"43 MACLEOD LANE, CAPE NORTH, NS, B0C1G0, Canada",https://apps.inspection.canada.ca/webapps/FishList/,CFIA Fish and Seafood Establishments (Export List),regulator,2026-02-06,CFIA export list entry,HIGH
0781,name,"AZUMA FOODS (CANADA) CO., LTD. (CFIA Ref #0781)",https://apps.inspection.canada.ca/webapps/FishList/,CFIA Fish and Seafood Establishments (Export List),regulator,2026-02-06,CFIA export list entry,HIGH
0781,address,"11451 TWIGG PLACE, RICHMOND, BC, V6V2Y2, Canada",https://apps.inspection.canada.ca/webapps/FishList/,CFIA Fish and Seafood Establishments (Export List),regulator,2026-02-06,CFIA export list entry,HIGH
0022,name,Qikiqtaaluk Fisheries Corporation / Saputi (CFIA Ref #0022),https://apps.inspection.canada.ca/webapps/FishList/,CFIA Fish and Seafood Establishments (Export List),regulator,2026-02-06,CFIA export list entry,HIGH
0022,address,"154 Water Street, Bay Robert's, NL, A0A1G0, Canada",https://apps.inspection.canada.ca/webapps/FishList/,CFIA Fish and Seafood Establishments (Export List),regulator,2026-02-06,CFIA export list entry,HIGH
3775,name,SHIP'S LOBSTER POUND (2005) LIMITED (CFIA Ref #3775),https://apps.inspection.canada.ca/webapps/FishList/,CFIA Fish and Seafood Establishments (Export List),regulator,2026-02-06,CFIA export list entry,HIGH
3775,address,"6649 HIGHWAY 3, LOWER WOODS HARBOUR, NS, B0W2E0, Canada",https://apps.inspection.canada.ca/webapps/FishList/,CFIA Fish and Seafood Establishments (Export List),regulator,2026-02-06,CFIA export list entry,HIGH
4105,name,BONTE FOODS LTD (CFIA Ref #4105),https://apps.inspection.canada.ca/webapps/FishList/,CFIA Fish and Seafood Establishments (Export List),regulator,2026-02-06,CFIA export list entry,HIGH
4105,address,"615 CHAMPLAIN STREET, DIEPPE, NB, E1A7Z7, Canada",https://apps.inspection.canada.ca/webapps/FishList/,CFIA Fish and Seafood Establishments (Export List),regulator,2026-02-06,CFIA export list entry,HIGH
0650,name,16016723 CANADA INC. / Maximum Seafood (CFIA Ref #0650),https://apps.inspection.canada.ca/webapps/FishList/,CFIA Fish and Seafood Establishments (Export List),regulator,2026-02-06,CFIA export list entry,HIGH
0650,address,"189 WESTCREEK DRIVE, WOODBRIDGE, ON, L4L9N6, Canada",https://apps.inspection.canada.ca/webapps/FishList/,CFIA Fish and Seafood Establishments (Export List),regulator,2026-02-06,CFIA export list entry,HIGH
3034,name,TRUE NORTH SALMON LIMITED PARTNERSHIP (CFIA Ref #3034),https://apps.inspection.canada.ca/webapps/FishList/,CFIA Fish and Seafood Establishments (Export List),regulator,2026-02-06,CFIA export list entry,HIGH
3034,address,"1 FUNDY BAY DRIVE, ST. GEORGE, NB, E5C3E2, Canada",https://apps.inspection.canada.ca/webapps/FishList/,CFIA Fish and Seafood Establishments (Export List),regulator,2026-02-06,CFIA export list entry,HIGH
3578,name,LOBSTER WORLD INC. (CFIA Ref #3578),https://apps.inspection.canada.ca/webapps/FishList/,CFIA Fish and Seafood Establishments (Export List),regulator,2026-02-06,CFIA export list entry,HIGH
3578,address,"10320 HWY 7, 7 OYSTER POND, JEDDORE OYSTER PONDS, NS, B0J1W0, Canada",https://apps.inspection.canada.ca/webapps/FishList/,CFIA Fish and Seafood Establishments (Export List),regulator,2026-02-06,CFIA export list entry,HIGH
5621,name,"GROUPE UMEK, SOCIÉTÉ EN COMMANDITE (CFIA Ref #5621)",https://apps.inspection.canada.ca/webapps/FishList/,CFIA Fish and Seafood Establishments (Export List),regulator,2026-02-06,CFIA export list entry,HIGH
5621,address,"230 AVENUE ARNAUD, SEPT-ILES, QC, G4R3A7, Canada",https://apps.inspection.canada.ca/webapps/FishList/,CFIA Fish and Seafood Establishments (Export List),regulator,2026-02-06,CFIA export list entry,HIGH
0908,name,FACTORS LABORATORIES LTD. (CFIA Ref #0908),https://apps.inspection.canada.ca/webapps/FishList/,CFIA Fish and Seafood Establishments (Export List),regulator,2026-02-06,CFIA export list entry,HIGH
0908,address,"8955 JIM BAILEY CRESCENT, KELOWNA, BC, V4V2L7, Canada",https://apps.inspection.canada.ca/webapps/FishList/,CFIA Fish and Seafood Establishments (Export List),regulator,2026-02-06,CFIA export list entry,HIGH
3580,name,SHANDAPH OYSTER CO. INC./ SHANDAPH OYSTER PLANT (CFIA Ref #3580),https://apps.inspection.canada.ca/webapps/FishList/,CFIA Fish and Seafood Establishments (Export List),regulator,2026-02-06,CFIA export list entry,HIGH
3580,address,"636 BIG ISLAND RD, MERIGOMISH, NS, B0K1G0, Canada",https://apps.inspection.canada.ca/webapps/FishList/,CFIA Fish and Seafood Establishments (Export List),regulator,2026-02-06,CFIA export list entry,HIGH
0930,name,WEST COAST FISHCULTURE (LOIS LAKE) LTD. (CFIA Ref #0930),https://apps.inspection.canada.ca/webapps/FishList/,CFIA Fish and Seafood Establishments (Export List),regulator,2026-02-06,CFIA export list entry,HIGH
0930,address,"11060 C MORTON ROAD, POWELL RIVER, BC, V8A0L9, Canada",https://apps.inspection.canada.ca/webapps/FishList/,CFIA Fish and Seafood Establishments (Export List),regulator,2026-02-06,CFIA export list entry,HIGH
1430,name,GERRET ENTERPRISES INCORPORATED (CFIA Ref #1430),https://apps.inspection.canada.ca/webapps/FishList/,CFIA Fish and Seafood Establishments (Export List),regulator,2026-02-06,CFIA export list entry,HIGH
1430,address,"58 BOUNDRY STREET, CLARK'S HARBOUR, NS, B0W1P0, Canada",https://apps.inspection.canada.ca/webapps/FishList/,CFIA Fish and Seafood Establishments (Export List),regulator,2026-02-06,CFIA export list entry,HIGH
3780,name,FISHERMAN'S MARKET INTERNATIONAL INCORPORATED (CFIA Ref #3780),https://apps.inspection.canada.ca/webapps/FishList/,CFIA Fish and Seafood Establishments (Export List),regulator,2026-02-06,CFIA export list entry,HIGH
3780,address,"354 BLACKPOINT ROAD, SHELBURNE COUNTY, NS, -, Canada",https://apps.inspection.canada.ca/webapps/FishList/,CFIA Fish and Seafood Establishments (Export List),regulator,2026-02-06,CFIA export list entry,HIGH
1803,name,7987072 CANADA INC. (CFIA Ref #1803),https://apps.inspection.canada.ca/webapps/FishList/,CFIA Fish and Seafood Establishments (Export List),regulator,2026-02-06,CFIA export list entry,HIGH
1803,address,"800 HUNT CLUB ROAD, UNIT 5, OTTAWA, ON, K1V1C3, Canada",https://apps.inspection.canada.ca/webapps/FishList/,CFIA Fish and Seafood Establishments (Export List),regulator,2026-02-06,CFIA export list entry,HIGH
4108,name,PETIT-CAP FISHERIES LTD (CFIA Ref #4108),https://apps.inspection.canada.ca/webapps/FishList/,CFIA Fish and Seafood Establishments (Export List),regulator,2026-02-06,CFIA export list entry,HIGH
4108,address,"2056 ROUTE 950, PETIT-CAP, NB, E4N2J6, Canada",https://apps.inspection.canada.ca/webapps/FishList/,CFIA Fish and Seafood Establishments (Export List),regulator,2026-02-06,CFIA export list entry,HIGH
0731,name,ATLANTIS FOODS LTD. (CFIA Ref #0731),https://apps.inspection.canada.ca/webapps/FishList/,CFIA Fish and Seafood Establishments (Export List),regulator,2026-02-06,CFIA export list entry,HIGH
0731,address,"8295 CROMPTON STREET, VANCOUVER, BC, V5X4H8, Canada",https://apps.inspection.canada.ca/webapps/FishList/,CFIA Fish and Seafood Establishments (Export List),regulator,2026-02-06,CFIA export list entry,HIGH
0655,name,LES PLATS DU CHEF ULC (CFIA Ref #0655),https://apps.inspection.canada.ca/webapps/FishList/,CFIA Fish and Seafood Establishments (Export List),regulator,2026-02-06,CFIA export list entry,HIGH
0655,address,"575 OSTER LANE, VAUGHAN, ON, L4K2B9, Canada",https://apps.inspection.canada.ca/webapps/FishList/,CFIA Fish and Seafood Establishments (Export List),regulator,2026-02-06,CFIA export list entry,HIGH
2134,name,NU SEA PRODUCTS INC. (CFIA Ref #2134),https://apps.inspection.canada.ca/webapps/FishList/,CFIA Fish and Seafood Establishments (Export List),regulator,2026-02-06,CFIA export list entry,HIGH
2134,address,"MAIN ROAD, ANCHOR POINT, NL, -, Canada",https://apps.inspection.canada.ca/webapps/FishList/,CFIA Fish and Seafood Establishments (Export List),regulator,2026-02-06,CFIA export list entry,HIGH
4110,name,M & M CORMIER FISHERIES LTD. (CFIA Ref #4110),https://apps.inspection.canada.ca/webapps/FishList/,CFIA Fish and Seafood Establishments (Export List),regulator,2026-02-06,CFIA export list entry,HIGH
4110,address,"11 ALLÉE ANDRÉ, CAP-PELE, NB, E4N2E1, Canada",https://apps.inspection.canada.ca/webapps/FishList/,CFIA Fish and Seafood Establishments (Export List),regulator,2026-02-06,CFIA export list entry,HIGH
0083,name,NORLANTIC PROCESSORS LIMITED (CFIA Ref #0083),https://apps.inspection.canada.ca/webapps/FishList/,CFIA Fish and Seafood Establishments (Export List),regulator,2026-02-06,CFIA export list entry,HIGH
0083,address,"54 MAIN ST, PLEASANTVIEW, NL, -, Canada",https://apps.inspection.canada.ca/webapps/FishList/,CFIA Fish and Seafood Establishments (Export List),regulator,2026-02-06,CFIA export list entry,HIGH
0155,name,54417 NEWFOUNDLAND AND LABRADOR INC. (CFIA Ref #0155),https://apps.inspection.canada.ca/webapps/FishList/,CFIA Fish and Seafood Establishments (Export List),regulator,2026-02-06,CFIA export list entry,HIGH
0155,address,"85 SOUTH SIDE DRIVE, HARBOUR BRETON, NL, -, Canada",https://apps.inspection.canada.ca/webapps/FishList/,CFIA Fish and Seafood Establishments (Export List),regulator,2026-02-06,CFIA export list entry,HIGH
0912,name,FAVORITE FOODS LTD. (CFIA Ref #0912),https://apps.inspection.canada.ca/webapps/FishList/,CFIA Fish and Seafood Establishments (Export List),regulator,2026-02-06,CFIA export list entry,HIGH
0912,address,"6934 GREENWOOD STREET, BURNABY, BC, V5A1X8, Canada",https://apps.inspection.canada.ca/webapps/FishList/,CFIA Fish and Seafood Establishments (Export List),regulator,2026-02-06,CFIA export list entry,HIGH
3586,name,ATLANTIC CANADA EELS INC. (CFIA Ref #3586),https://apps.inspection.canada.ca/webapps/FishList/,CFIA Fish and Seafood Establishments (Export List),regulator,2026-02-06,CFIA export list entry,HIGH
3586,address,"LOT #1 - 10 GEOTHERMAL INDUSTRIAL PARK, SPRINGHILL, NS, B0M1X0, Canada",https://apps.inspection.canada.ca/webapps/FishList/,CFIA Fish and Seafood Establishments (Export List),regulator,2026-02-06,CFIA export list entry,HIGH
1785,name,FRESHSTONE BRANDS INC. (CFIA Ref #1785),https://apps.inspection.canada.ca/webapps/FishList/,CFIA Fish and Seafood Establishments (Export List),regulator,2026-02-06,CFIA export list entry,HIGH
1785,address,"2545-96 STREET NW, EDMONTON, AB, T6N1E3, Canada",https://apps.inspection.canada.ca/webapps/FishList/,CFIA Fish and Seafood Establishments (Export List),regulator,2026-02-06,CFIA export list entry,HIGH
5768,name,MENU-MER LTÉE (CFIA Ref #5768),https://apps.inspection.canada.ca/webapps/FishList/,CFIA Fish and Seafood Establishments (Export List),regulator,2026-02-06,CFIA export list entry,HIGH
5768,address,"153, BOUL. RENARD EST, RIVIÉRE-AU-RENARD, QC, G4X5K9, Canada",https://apps.inspection.canada.ca/webapps/FishList/,CFIA Fish and Seafood Establishments (Export List),regulator,2026-02-06,CFIA export list entry,HIGH
3588,name,APAQTAUKEWAQ FISHERIES CO-OP LTD. (CFIA Ref #3588),https://apps.inspection.canada.ca/webapps/FishList/,CFIA Fish and Seafood Establishments (Export List),regulator,2026-02-06,CFIA export list entry,HIGH
3588,address,"127 FISHERY ROAD, CHAPEL ISLAND 5, NS, B0E3B0, Canada",https://apps.inspection.canada.ca/webapps/FishList/,CFIA Fish and Seafood Establishments (Export List),regulator,2026-02-06,CFIA export list entry,HIGH
3756,name,PATUREL INTERNATIONAL COMPANY (CFIA Ref #3756),https://apps.inspection.canada.ca/webapps/FishList/,CFIA Fish and Seafood Establishments (Export List),regulator,2026-02-06,CFIA export list entry,HIGH
3756,address,"2474 HIGHWAY 330, CLARK'S HARBOUR, NS, BOW1PO, Canada",https://apps.inspection.canada.ca/webapps/FishList/,CFIA Fish and Seafood Establishments (Export List),regulator,2026-02-06,CFIA export list entry,HIGH
0157,name,LABRADOR GEM SEAFOOD INCORPORATED (CFIA Ref #0157),https://apps.inspection.canada.ca/webapps/FishList/,CFIA Fish and Seafood Establishments (Export List),regulator,2026-02-06,CFIA export list entry,HIGH
0157,address,"21 MAIN STREET, RAMEA, NL, AON2G0, Canada",https://apps.inspection.canada.ca/webapps/FishList/,CFIA Fish and Seafood Establishments (Export List),regulator,2026-02-06,CFIA export list entry,HIGH
3591,name,OCEAN VIEW FISHERIES LIMITED (CFIA Ref #3591),https://apps.inspection.canada.ca/webapps/FishList/,CFIA Fish and Seafood Establishments (Export List),regulator,2026-02-06,CFIA export list entry,HIGH
3591,address,"26 LENNYS LANE, SAMBRO, NS, B3V1L5, Canada",https://apps.inspection.canada.ca/webapps/FishList/,CFIA Fish and Seafood Establishments (Export List),regulator,2026-02-06,CFIA export list entry,HIGH
0087,name,Ocean Choice International Inc. (Aqviq) (CFIA Ref #0087),https://apps.inspection.canada.ca/webapps/FishList/,CFIA Fish and Seafood Establishments (Export List),regulator,2026-02-06,CFIA export list entry,HIGH
0087,address,"119 Water Street, HARBOUR GRACE, NL, A0A2M0, Canada",https://apps.inspection.canada.ca/webapps/FishList/,CFIA Fish and Seafood Establishments (Export List),regulator,2026-02-06,CFIA export list entry,HIGH
4416,name,MOWI CANADA EAST INC. (CFIA Ref #4416),https://apps.inspection.canada.ca/webapps/FishList/,CFIA Fish and Seafood Establishments (Export List),regulator,2026-02-06,CFIA export list entry,HIGH
4416,address,"2 SALAR COURT, ST. GEORGE, NB, E5C3N1, Canada",https://apps.inspection.canada.ca/webapps/FishList/,CFIA Fish and Seafood Establishments (Export List),regulator,2026-02-06,CFIA export list entry,HIGH
3841,name,I. DEVEAU FISHERIES LIMITED (CFIA Ref #3841),https://apps.inspection.canada.ca/webapps/FishList/,CFIA Fish and Seafood Establishments (Export List),regulator,2026-02-06,CFIA export list entry,HIGH
3841,address,"88 COOK POINT ROAD, NORTH EAST POINT, NS, B0W1P0, Canada",https://apps.inspection.canada.ca/webapps/FishList/,CFIA Fish and Seafood Establishments (Export List),regulator,2026-02-06,CFIA export list entry,HIGH
0713,name,FINE CHOICE FOODS LTD. (CFIA Ref #0713),https://apps.inspection.canada.ca/webapps/FishList/,CFIA Fish and Seafood Establishments (Export List),regulator,2026-02-06,CFIA export list entry,HIGH
0713,address,"23011 FRASERWOOD WAY, RICHMOND, BC, V6V3B3, Canada",https://apps.inspection.canada.ca/webapps/FishList/,CFIA Fish and Seafood Establishments (Export List),regulator,2026-02-06,CFIA export list entry,HIGH
3613,name,DONALD B. GILLIS & SON FISH WHOLESALER LIMITED (CFIA Ref #3613),https://apps.inspection.canada.ca/webapps/FishList/,CFIA Fish and Seafood Establishments (Export List),regulator,2026-02-06,CFIA export list entry,HIGH
3613,address,"P.O. BOX 65, NORTH SYDNEY, NS, B2A3M1, Canada",https://apps.inspection.canada.ca/webapps/FishList/,CFIA Fish and Seafood Establishments (Export List),regulator,2026-02-06,CFIA export list entry,HIGH
4124,name,RB FRUITS DE MER INC. (CFIA Ref #4124),https://apps.inspection.canada.ca/webapps/FishList/,CFIA Fish and Seafood Establishments (Export List),regulator,2026-02-06,CFIA export list entry,HIGH
4124,address,"252 CH PETIT CAREY, SIX ROADS, NB, E1X3A6, Canada",https://apps.inspection.canada.ca/webapps/FishList/,CFIA Fish and Seafood Establishments (Export List),regulator,2026-02-06,CFIA export list entry,HIGH
0992,name,INTERCITY PACKERS LTD. (CFIA Ref #0992),https://apps.inspection.canada.ca/webapps/FishList/,CFIA Fish and Seafood Establishments (Export List),regulator,2026-02-06,CFIA export list entry,HIGH
0992,address,"1900 NO. 6 ROAD, RICHMOND, BC, V6V1W3, Canada",https://apps.inspection.canada.ca/webapps/FishList/,CFIA Fish and Seafood Establishments (Export List),regulator,2026-02-06,CFIA export list entry,HIGH
3619,name,K&N FISHERIES LIMITED (CFIA Ref #3619),https://apps.inspection.canada.ca/webapps/FishList/,CFIA Fish and Seafood Establishments (Export List),regulator,2026-02-06,CFIA export list entry,HIGH
3619,address,"70 FISH PLANT ROAD, WHITEHEAD, NS, B0H1T0, Canada",https://apps.inspection.canada.ca/webapps/FishList/,CFIA Fish and Seafood Establishments (Export List),regulator,2026-02-06,CFIA export list entry,HIGH
3620,name,KD PHARMA CANADA LTD. (CFIA Ref #3620),https://apps.inspection.canada.ca/webapps/FishList/,CFIA Fish and Seafood Establishments (Export List),regulator,2026-02-06,CFIA export list entry,HIGH
3620,address,"39 ENGLAND AVE, MULGRAVE, NS, B0E2G0, Canada",https://apps.inspection.canada.ca/webapps/FishList/,CFIA Fish and Seafood Establishments (Export List),regulator,2026-02-06,CFIA export list entry,HIGH
5024,name,MITO SUSHI (CFIA Ref #5024),https://apps.inspection.canada.ca/webapps/FishList/,CFIA Fish and Seafood Establishments (Export List),regulator,2026-02-06,CFIA export list entry,HIGH
5024,address,"4600 RUE MOLSON, MONTRÉAL, QC, H1Y0A3, Canada",https://apps.inspection.canada.ca/webapps/FishList/,CFIA Fish and Seafood Establishments (Export List),regulator,2026-02-06,CFIA export list entry,HIGH
1431691,name,FISHER DIRECT LTD. (CFIA Ref #1431691),https://apps.inspection.canada.ca/webapps/FishList/,CFIA Fish and Seafood Establishments (Export List),regulator,2026-02-06,CFIA export list entry,HIGH
1431691,address,"382 BEAR POINT, SHELBURNE COUNTY, NS, B0W3B0, Canada",https://apps.inspection.canada.ca/webapps/FishList/,CFIA Fish and Seafood Establishments (Export List),regulator,2026-02-06,CFIA export list entry,HIGH
0076,name,BELLE CARNELL (CFIA Ref #0076),https://apps.inspection.canada.ca/webapps/FishList/,CFIA Fish and Seafood Establishments (Export List),regulator,2026-02-06,CFIA export list entry,HIGH
0076,address,"119 WATER ST., HARBOUR GRACE, NL, A0A2M0, Canada",https://apps.inspection.canada.ca/webapps/FishList/,CFIA Fish and Seafood Establishments (Export List),regulator,2026-02-06,CFIA export list entry,HIGH
6013,name,"KWONG MAN SANG COMPANY, LIMITED (CFIA Ref #6013)",https://apps.inspection.canada.ca/webapps/FishList/,CFIA Fish and Seafood Establishments (Export List),regulator,2026-02-06,CFIA export list entry,HIGH
6013,address,"190-12831 CLARKE PLACE, RICHMOND, BC, V6V2H9, Canada",https://apps.inspection.canada.ca/webapps/FishList/,CFIA Fish and Seafood Establishments (Export List),regulator,2026-02-06,CFIA export list entry,HIGH
6044,name,WHYCOCOMAGH BAND COUNCIL (CFIA Ref #6044),https://apps.inspection.canada.ca/webapps/FishList/,CFIA Fish and Seafood Establishments (Export List),regulator,2026-02-06,CFIA export list entry,HIGH
6044,address,"11446 HIGHWAY 105, ABERDEEN, NS, B0E3M0, Canada",https://apps.inspection.canada.ca/webapps/FishList/,CFIA Fish and Seafood Establishments (Export List),regulator,2026-02-06,CFIA export list entry,HIGH
1922,name,Independent Seafood Canada Corporation / FV Raw Spirit. (CFIA Ref #1922),https://apps.inspection.canada.ca/webapps/FishList/,CFIA Fish and Seafood Establishments (Export List),regulator,2026-02-06,CFIA export list entry,HIGH
1922,address,"301 Waterfront Rd. E, Vancouver, BC, V6A0B3, Canada",https://apps.inspection.canada.ca/webapps/FishList/,CFIA Fish and Seafood Establishments (Export List),regulator,2026-02-06,CFIA export list entry,HIGH
6079,name,BLUE COAST SEAFOOD LTD. (CFIA Ref #6079),https://apps.inspection.canada.ca/webapps/FishList/,CFIA Fish and Seafood Establishments (Export List),regulator,2026-02-06,CFIA export list entry,HIGH
6079,address,"#110 - 13911 MAYCREST WAY, RICHMOND, BC, V6V2J4, Canada",https://apps.inspection.canada.ca/webapps/FishList/,CFIA Fish and Seafood Establishments (Export List),regulator,2026-02-06,CFIA export list entry,HIGH
6035,name,MOWI CANADA WEST INC. (CFIA Ref #6035),https://apps.inspection.canada.ca/webapps/FishList/,CFIA Fish and Seafood Establishments (Export List),regulator,2026-02-06,CFIA export list entry,HIGH
6035,address,"#200 - 5355 152ND STREET, SURREY, BC, V3S5A5, Canada",https://apps.inspection.canada.ca/webapps/FishList/,CFIA Fish and Seafood Establishments (Export List),regulator,2026-02-06,CFIA export list entry,HIGH
6064,name,MILLION OCEAN SEAFOOD LTD. (CFIA Ref #6064),https://apps.inspection.canada.ca/webapps/FishList/,CFIA Fish and Seafood Establishments (Export List),regulator,2026-02-06,CFIA export list entry,HIGH
6064,address,"#230-240 2088 NO. 5 ROAD, RICHMOND, BC, V6X2T1, Canada",https://apps.inspection.canada.ca/webapps/FishList/,CFIA Fish and Seafood Establishments (Export List),regulator,2026-02-06,CFIA export list entry,HIGH
6106,name,2 LEO'S FOOD INC. (CFIA Ref #6106),https://apps.inspection.canada.ca/webapps/FishList/,CFIA Fish and Seafood Establishments (Export List),regulator,2026-02-06,CFIA export list entry,HIGH
6106,address,"7517 BREN ROAD, UNITS 19-20, MISSISSAUGA, ON, L4T3V4, Canada",https://apps.inspection.canada.ca/webapps/FishList/,CFIA Fish and Seafood Establishments (Export List),regulator,2026-02-06,CFIA export list entry,HIGH
6127,name,WOODS HARBOUR LOBSTER CO LTD (CFIA Ref #6127),https://apps.inspection.canada.ca/webapps/FishList/,CFIA Fish and Seafood Establishments (Export List),regulator,2026-02-06,CFIA export list entry,HIGH
6127,address,"697 BEAR POINT ROAD, SHAG HARBOUR, SHELBURNE COUNTY, NS, B0W2E0, Canada",https://apps.inspection.canada.ca/webapps/FishList/,CFIA Fish and Seafood Establishments (Export List),regulator,2026-02-06,CFIA export list entry,HIGH
6045,name,LIU HOLDINGS LTD. (CFIA Ref #6045),https://apps.inspection.canada.ca/webapps/FishList/,CFIA Fish and Seafood Establishments (Export List),regulator,2026-02-06,CFIA export list entry,HIGH
6045,address,"2460 VISCOUNT WAY, RICHMOND, BC, V6V1N1, Canada",https://apps.inspection.canada.ca/webapps/FishList/,CFIA Fish and Seafood Establishments (Export List),regulator,2026-02-06,CFIA export list entry,HIGH
6131,name,DESPRES FISHERIES LTD. (CFIA Ref #6131),https://apps.inspection.canada.ca/webapps/FishList/,CFIA Fish and Seafood Establishments (Export List),regulator,2026-02-06,CFIA export list entry,HIGH
6131,address,"73 CHEMIN DE L'ILE, PETIT-CAP, NB, E4N2G6, Canada",https://apps.inspection.canada.ca/webapps/FishList/,CFIA Fish and Seafood Establishments (Export List),regulator,2026-02-06,CFIA export list entry,HIGH
1564767,name,JK CRAWLERS INC. (CFIA Ref #1564767),https://apps.inspection.canada.ca/webapps/FishList/,CFIA Fish and Seafood Establishments (Export List),regulator,2026-02-06,CFIA export list entry,HIGH
1564767,address,"1027 HWY 335, YARMOUTH COUNTY, NS, B0W2M0, Canada",https://apps.inspection.canada.ca/webapps/FishList/,CFIA Fish and Seafood Establishments (Export List),regulator,2026-02-06,CFIA export list entry,HIGH
6132,name,16016723 CANADA INC. / CENTENNIAL FOOD GROUP (CFIA Ref #6132),https://apps.inspection.canada.ca/webapps/FishList/,CFIA Fish and Seafood Establishments (Export List),regulator,2026-02-06,CFIA export list entry,HIGH
6132,address,"50 LEEK CRESCENT, RICHMOND HILL, ON, L4B4J3, Canada",https://apps.inspection.canada.ca/webapps/FishList/,CFIA Fish and Seafood Establishments (Export List),regulator,2026-02-06,CFIA export list entry,HIGH
1565466,name,A.L. LEBLANC LIMITED (CFIA Ref #1565466),https://apps.inspection.canada.ca/webapps/FishList/,CFIA Fish and Seafood Establishments (Export List),regulator,2026-02-06,CFIA export list entry,HIGH
1565466,address,"2473 HWY 334, WEDGEPORT, NS, B0W3P0, Canada",https://apps.inspection.canada.ca/webapps/FishList/,CFIA Fish and Seafood Establishments (Export List),regulator,2026-02-06,CFIA export list entry,HIGH
1565473,name,L & M FISHERIES LIMITED (CFIA Ref #1565473),https://apps.inspection.canada.ca/webapps/FishList/,CFIA Fish and Seafood Establishments (Export List),regulator,2026-02-06,CFIA export list entry,HIGH
1565473,address,"2278 HWY 334, PO BOX 39, WEDGEPORT, NS, B0W3P0, Canada",https://apps.inspection.canada.ca/webapps/FishList/,CFIA Fish and Seafood Establishments (Export List),regulator,2026-02-06,CFIA export list entry,HIGH
6130,name,CAPTAIN ATLANTIC INTERNATIONAL TRADE CO. LIMITED (CFIA Ref #6130),https://apps.inspection.canada.ca/webapps/FishList/,CFIA Fish and Seafood Establishments (Export List),regulator,2026-02-06,CFIA export list entry,HIGH
6130,address,"697 BEAR POINT ROAD, SHAG HARBOUR, NS, B0W3B0, Canada",https://apps.inspection.canada.ca/webapps/FishList/,CFIA Fish and Seafood Establishments (Export List),regulator,2026-02-06,CFIA export list entry,HIGH
6100,name,PLANET SHRIMP INC. (CFIA Ref #6100),https://apps.inspection.canada.ca/webapps/FishList/,CFIA Fish and Seafood Establishments (Export List),regulator,2026-02-06,CFIA export list entry,HIGH
6100,address,"516 JOHN STREET, AYLMER, ON, N5H2B8, Canada",https://apps.inspection.canada.ca/webapps/FishList/,CFIA Fish and Seafood Establishments (Export List),regulator,2026-02-06,CFIA export list entry,HIGH
6105,name,C2C ALBERTA (CFIA Ref #6105),https://apps.inspection.canada.ca/webapps/FishList/,CFIA Fish and Seafood Establishments (Export List),regulator,2026-02-06,CFIA export list entry,HIGH
6105,address,"BAY 132, CALGARY, AB, T2B3M1, Canada",https://apps.inspection.canada.ca/webapps/FishList/,CFIA Fish and Seafood Establishments (Export List),regulator,2026-02-06,CFIA export list entry,HIGH
1567386,name,JACKO LOBSTERS LIMITED (CFIA Ref #1567386),https://apps.inspection.canada.ca/webapps/FishList/,CFIA Fish and Seafood Establishments (Export List),regulator,2026-02-06,CFIA export list entry,HIGH
1567386,address,"223 NICHOLAS ROAD, -, NS, B0W2B0, Canada",https://apps.inspection.canada.ca/webapps/FishList/,CFIA Fish and Seafood Establishments (Export List),regulator,2026-02-06,CFIA export list entry,HIGH
1562172,name,WEST HEAD LOBSTER LIMITED/TANKHOUSE (CFIA Ref #1562172),https://apps.inspection.canada.ca/webapps/FishList/,CFIA Fish and Seafood Establishments (Export List),regulator,2026-02-06,CFIA export list entry,HIGH
1562172,address,"2164 HWY 330, NEWELLTON, NS, B0W1P0, Canada",https://apps.inspection.canada.ca/webapps/FishList/,CFIA Fish and Seafood Establishments (Export List),regulator,2026-02-06,CFIA export list entry,HIGH
6119,name,3854397 MANITOBA LTD. (CFIA Ref #6119),https://apps.inspection.canada.ca/webapps/FishList/,CFIA Fish and Seafood Establishments (Export List),regulator,2026-02-06,CFIA export list entry,HIGH
6119,address,"BOX 1, 390 REGGIE LEACH DRIVE, RIVERTON, MB, R0C2R0, Canada",https://apps.inspection.canada.ca/webapps/FishList/,CFIA Fish and Seafood Establishments (Export List),regulator,2026-02-06,CFIA export list entry,HIGH
3623,name,LONGSHORE FISHERIES LTD. (CFIA Ref #3623),https://apps.inspection.canada.ca/webapps/FishList/,CFIA Fish and Seafood Establishments (Export List),regulator,2026-02-06,CFIA export list entry,HIGH
3623,address,"2025 SONORA ROAD, SONORA, NS, B0J3C0, Canada",https://apps.inspection.canada.ca/webapps/FishList/,CFIA Fish and Seafood Establishments (Export List),regulator,2026-02-06,CFIA export list entry,HIGH
4235,name,CASCUMPEC BAY OYSTER COMPANY LTD. (CFIA Ref #4235),https://apps.inspection.canada.ca/webapps/FishList/,CFIA Fish and Seafood Establishments (Export List),regulator,2026-02-06,CFIA export list entry,HIGH
4235,address,"80 TROUT RIVER RD. - RTE 137, CARLETON, PE, C0B1H0, Canada",https://apps.inspection.canada.ca/webapps/FishList/,CFIA Fish and Seafood Establishments (Export List),regulator,2026-02-06,CFIA export list entry,HIGH
3840,name,3274876 NOVA SCOTIA LIMITED; DBA ATLANTIC CHICAN SEAFOOD (CFIA Ref #3840),https://apps.inspection.canada.ca/webapps/FishList/,CFIA Fish and Seafood Establishments (Export List),regulator,2026-02-06,CFIA export list entry,HIGH
3840,address,"55 ORION WHARF ROAD, SHELBURNE COUNTY, NS, B0W1P0, Canada",https://apps.inspection.canada.ca/webapps/FishList/,CFIA Fish and Seafood Establishments (Export List),regulator,2026-02-06,CFIA export list entry,HIGH
4449,name,ALDER SEAFOOD LTD (CFIA Ref #4449),https://apps.inspection.canada.ca/webapps/FishList/,CFIA Fish and Seafood Establishments (Export List),regulator,2026-02-06,CFIA export list entry,HIGH
4449,address,"126 MEALEY RD, PENNFIELD, NB, E5H0B1, Canada",https://apps.inspection.canada.ca/webapps/FishList/,CFIA Fish and Seafood Establishments (Export List),regulator,2026-02-06,CFIA export list entry,HIGH
1010,name,NORTHERN LIGHTS SEAFOOD INC. (CFIA Ref #1010),https://apps.inspection.canada.ca/webapps/FishList/,CFIA Fish and Seafood Establishments (Export List),regulator,2026-02-06,CFIA export list entry,HIGH
1010,address,"40-44 WATER ST, MAIN BROOK, NL, A0K3N0, Canada",https://apps.inspection.canada.ca/webapps/FishList/,CFIA Fish and Seafood Establishments (Export List),regulator,2026-02-06,CFIA export list entry,HIGH
1819,name,NORTH SHORE SPECIALTIES (CFIA Ref #1819),https://apps.inspection.canada.ca/webapps/FishList/,CFIA Fish and Seafood Establishments (Export List),regulator,2026-02-06,CFIA export list entry,HIGH
1819,address,"1843 23 STREET EAST, OWEN SOUND, ON, N4K6H6, Canada",https://apps.inspection.canada.ca/webapps/FishList/,CFIA Fish and Seafood Establishments (Export List),regulator,2026-02-06,CFIA export list entry,HIGH
4239,name,HALIBUT PEI INC. (CFIA Ref #4239),https://apps.inspection.canada.ca/webapps/FishList/,CFIA Fish and Seafood Establishments (Export List),regulator,2026-02-06,CFIA export list entry,HIGH
4239,address,"1 CAUSEWAY ROAD, VICTORIA, PE, C0A2G0, Canada",https://apps.inspection.canada.ca/webapps/FishList/,CFIA Fish and Seafood Establishments (Export List),regulator,2026-02-06,CFIA export list entry,HIGH
3811,name,ISLAND BAIT LIMITED (CFIA Ref #3811),https://apps.inspection.canada.ca/webapps/FishList/,CFIA Fish and Seafood Establishments (Export List),regulator,2026-02-06,CFIA export list entry,HIGH
3811,address,"1220 HIGHWAY 330, CENTREVILLE, NS, B0W2G0, Canada",https://apps.inspection.canada.ca/webapps/FishList/,CFIA Fish and Seafood Establishments (Export List),regulator,2026-02-06,CFIA export list entry,HIGH
1860,name,LA NASSA FOODS INC. (CFIA Ref #1860),https://apps.inspection.canada.ca/webapps/FishList/,CFIA Fish and Seafood Establishments (Export List),regulator,2026-02-06,CFIA export list entry,HIGH
1860,address,"3 DOCK ROAD, KINGSVILLE, ON, N9Y1K9, Canada",https://apps.inspection.canada.ca/webapps/FishList/,CFIA Fish and Seafood Establishments (Export List),regulator,2026-02-06,CFIA export list entry,HIGH
0600,name,RIDGELAND AQUA FARMS INCORPORATED (CFIA Ref #0600),https://apps.inspection.canada.ca/webapps/FishList/,CFIA Fish and Seafood Establishments (Export List),regulator,2026-02-06,CFIA export list entry,HIGH
0600,address,"36111 RICHLAND ROAD, 54 NORTH, ANOLA, MB, R0E0K0, Canada",https://apps.inspection.canada.ca/webapps/FishList/,CFIA Fish and Seafood Establishments (Export List),regulator,2026-02-06,CFIA export list entry,HIGH
1786,name,INOVATA FOODS CORP. (CFIA Ref #1786),https://apps.inspection.canada.ca/webapps/FishList/,CFIA Fish and Seafood Establishments (Export List),regulator,2026-02-06,CFIA export list entry,HIGH
1786,address,"12803 - 149 ST NW, EDMONTON, AB, T5L2J7, Canada",https://apps.inspection.canada.ca/webapps/FishList/,CFIA Fish and Seafood Establishments (Export List),regulator,2026-02-06,CFIA export list entry,HIGH
4134,name,KNOCEAN FOODS LTD. (CFIA Ref #4134),https://apps.inspection.canada.ca/webapps/FishList/,CFIA Fish and Seafood Establishments (Export List),regulator,2026-02-06,CFIA export list entry,HIGH
4134,address,"99 BRENAN AV., SCOUDOUC, NB, E4P3N6, Canada",https://apps.inspection.canada.ca/webapps/FishList/,CFIA Fish and Seafood Establishments (Export List),regulator,2026-02-06,CFIA export list entry,HIGH
1875,name,LA NASSA FOODS INC. (CFIA Ref #1875),https://apps.inspection.canada.ca/webapps/FishList/,CFIA Fish and Seafood Establishments (Export List),regulator,2026-02-06,CFIA export list entry,HIGH
1875,address,"180 INDUSTRY ROAD, KINGSVILLE, ON, N9Y1K9, Canada",https://apps.inspection.canada.ca/webapps/FishList/,CFIA Fish and Seafood Establishments (Export List),regulator,2026-02-06,CFIA export list entry,HIGH
5168,name,POISSONNERIE BLANCHETTE INC. (CFIA Ref #5168),https://apps.inspection.canada.ca/webapps/FishList/,CFIA Fish and Seafood Establishments (Export List),regulator,2026-02-06,CFIA export list entry,HIGH
5168,address,"280 RUE DU HAVRE, SAINTE-ANNE-DES-MONTS, QC, G4V3H5, Canada",https://apps.inspection.canada.ca/webapps/FishList/,CFIA Fish and Seafood Establishments (Export List),regulator,2026-02-06,CFIA export list entry,HIGH
1444831,name,ALIMENTS PASTA ROMANA INC./ PASTA ROMANA FOODS INC. (CFIA Ref #1444831),https://apps.inspection.canada.ca/webapps/FishList/,CFIA Fish and Seafood Establishments (Export List),regulator,2026-02-06,CFIA export list entry,HIGH
1444831,address,"11430 BOULEVARD ALBERT-HUDON, MONTRÉAL, QC, H1G3J8, Canada",https://apps.inspection.canada.ca/webapps/FishList/,CFIA Fish and Seafood Establishments (Export List),regulator,2026-02-06,CFIA export list entry,HIGH
1777,name,FRESHWATER FISH MARKETING CORPORATION SELKIRK (CFIA Ref #1777),https://apps.inspection.canada.ca/webapps/FishList/,CFIA Fish and Seafood Establishments (Export List),regulator,2026-02-06,CFIA export list entry,HIGH
1777,address,"599 GREENWOOD AVENUE, SELKIRK, MB, R1A1J1, Canada",https://apps.inspection.canada.ca/webapps/FishList/,CFIA Fish and Seafood Establishments (Export List),regulator,2026-02-06,CFIA export list entry,HIGH
4129,name,PÉCHERIES LEBRETON & FILS LTÉE (CFIA Ref #4129),https://apps.inspection.canada.ca/webapps/FishList/,CFIA Fish and Seafood Establishments (Export List),regulator,2026-02-06,CFIA export list entry,HIGH
4129,address,"690 RUE ACADIE, GRANDE-ANSE, NB, E8N1G4, Canada",https://apps.inspection.canada.ca/webapps/FishList/,CFIA Fish and Seafood Establishments (Export List),regulator,2026-02-06,CFIA export list entry,HIGH
6017,name,ACADIAN SUPREME INC. (CFIA Ref #6017),https://apps.inspection.canada.ca/webapps/FishList/,CFIA Fish and Seafood Establishments (Export List),regulator,2026-02-06,CFIA export list entry,HIGH
6017,address,"8323 ROUTE 11, WELLINGTON, PE, C0B2E0, Canada",https://apps.inspection.canada.ca/webapps/FishList/,CFIA Fish and Seafood Establishments (Export List),regulator,2026-02-06,CFIA export list entry,HIGH
6011,name,FISHER DIRECT LTD. (CFIA Ref #6011),https://apps.inspection.canada.ca/webapps/FishList/,CFIA Fish and Seafood Establishments (Export List),regulator,2026-02-06,CFIA export list entry,HIGH
6011,address,"5163 HWY3, SHAG HARBOUR, SHELBURNE COUNTY, NS, B0W3B0, Canada",https://apps.inspection.canada.ca/webapps/FishList/,CFIA Fish and Seafood Establishments (Export List),regulator,2026-02-06,CFIA export list entry,HIGH
6026,name,FACTORS GROUP OF NUTRITIONAL COMPANIES INC. (CFIA Ref #6026),https://apps.inspection.canada.ca/webapps/FishList/,CFIA Fish and Seafood Establishments (Export List),regulator,2026-02-06,CFIA export list entry,HIGH
6026,address,"1550 UNITED BOULEVARD, COQUITLAM, BC, V3K6Y2, Canada",https://apps.inspection.canada.ca/webapps/FishList/,CFIA Fish and Seafood Establishments (Export List),regulator,2026-02-06,CFIA export list entry,HIGH
LL23001,name,RYER & RYER LOBSTERS LIMITED (CFIA Ref #LL23001),https://apps.inspection.canada.ca/webapps/FishList/,CFIA Fish and Seafood Establishments (Export List),regulator,2026-02-06,CFIA export list entry,HIGH
LL23001,address,"15 RYERS ROAD, INDIAN HARBOUR, NS, B3Z3P9, Canada",https://apps.inspection.canada.ca/webapps/FishList/,CFIA Fish and Seafood Establishments (Export List),regulator,2026-02-06,CFIA export list entry,HIGH
1895,name,A&A MARINE & DRYDOCK (CFIA Ref #1895),https://apps.inspection.canada.ca/webapps/FishList/,CFIA Fish and Seafood Establishments (Export List),regulator,2026-02-06,CFIA export list entry,HIGH
1895,address,"10417 FRONT LINE, BLENHEIM, ON, N0P1A0, Canada",https://apps.inspection.canada.ca/webapps/FishList/,CFIA Fish and Seafood Establishments (Export List),regulator,2026-02-06,CFIA export list entry,HIGH
0670,name,PROTENERGY NATURAL FOODS CORP. (CFIA Ref #0670),https://apps.inspection.canada.ca/webapps/FishList/,CFIA Fish and Seafood Establishments (Export List),regulator,2026-02-06,CFIA export list entry,HIGH
0670,address,"125 EAST BEAVER CREEK ROAD, RICHMOND HILL, ON, L4B4R3, Canada",https://apps.inspection.canada.ca/webapps/FishList/,CFIA Fish and Seafood Establishments (Export List),regulator,2026-02-06,CFIA export list entry,HIGH
1898,name,O/A A&A MARINE & DRYDOCK (CFIA Ref #1898),https://apps.inspection.canada.ca/webapps/FishList/,CFIA Fish and Seafood Establishments (Export List),regulator,2026-02-06,CFIA export list entry,HIGH
1898,address,"447 SEACLIFF DRIVE EAST, LEAMINGTON, ON, N8H3V7, Canada",https://apps.inspection.canada.ca/webapps/FishList/,CFIA Fish and Seafood Establishments (Export List),regulator,2026-02-06,CFIA export list entry,HIGH
0675,name,PASTIFICIO D'APRILE LTD. (CFIA Ref #0675),https://apps.inspection.canada.ca/webapps/FishList/,CFIA Fish and Seafood Establishments (Export List),regulator,2026-02-06,CFIA export list entry,HIGH
0675,address,"125 ANDERSON AVENUE, MARKHAM, ON, L6E1A4, Canada",https://apps.inspection.canada.ca/webapps/FishList/,CFIA Fish and Seafood Establishments (Export List),regulator,2026-02-06,CFIA export list entry,HIGH
4120,name,NORTH TASTE FLAVOURINGS INC./SAVEURS DU NORD INC. (CFIA Ref #4120),https://apps.inspection.canada.ca/webapps/FishList/,CFIA Fish and Seafood Establishments (Export List),regulator,2026-02-06,CFIA export list entry,HIGH
4120,address,"71, ROUTE 320, ANSE BLEUE, NB, E8N2B7, Canada",https://apps.inspection.canada.ca/webapps/FishList/,CFIA Fish and Seafood Establishments (Export List),regulator,2026-02-06,CFIA export list entry,HIGH
1910,name,NOR-VAN SEAFOOD LTD. (CFIA Ref #1910),https://apps.inspection.canada.ca/webapps/FishList/,CFIA Fish and Seafood Establishments (Export List),regulator,2026-02-06,CFIA export list entry,HIGH
1910,address,"120 - 2288 NO. 5 ROAD, RICHMOND, BC, V6X2T1, Canada",https://apps.inspection.canada.ca/webapps/FishList/,CFIA Fish and Seafood Establishments (Export List),regulator,2026-02-06,CFIA export list entry,HIGH
331,name,GRAND RIVER FOODS LTD. (CFIA Ref #331),https://apps.inspection.canada.ca/webapps/FishList/,CFIA Fish and Seafood Establishments (Export List),regulator,2026-02-06,CFIA export list entry,HIGH
331,address,"685 BOXWOOD DR., CAMBRIDGE, ON, N3E1A4, Canada",https://apps.inspection.canada.ca/webapps/FishList/,CFIA Fish and Seafood Establishments (Export List),regulator,2026-02-06,CFIA export list entry,HIGH
4242,name,RED BEARD SHELLFISH COMPANY (CFIA Ref #4242),https://apps.inspection.canada.ca/webapps/FishList/,CFIA Fish and Seafood Establishments (Export List),regulator,2026-02-06,CFIA export list entry,HIGH
4242,address,"27 LEA CRANE BLVD, SOURIS, PE, C0A2B0, Canada",https://apps.inspection.canada.ca/webapps/FishList/,CFIA Fish and Seafood Establishments (Export List),regulator,2026-02-06,CFIA export list entry,HIGH
1420931,name,COLDWATER CANADIAN LOBSTER INC. (CFIA Ref #1420931),https://apps.inspection.canada.ca/webapps/FishList/,CFIA Fish and Seafood Establishments (Export List),regulator,2026-02-06,CFIA export list entry,HIGH
1420931,address,"1325 DIPPER HARBOUR RD., DIPPER HARBOUR, NB, E5J2T1, Canada",https://apps.inspection.canada.ca/webapps/FishList/,CFIA Fish and Seafood Establishments (Export List),regulator,2026-02-06,CFIA export list entry,HIGH
4240,name,"NORTH LAKE FISHERIES (2013), INC. (CFIA Ref #4240)",https://apps.inspection.canada.ca/webapps/FishList/,CFIA Fish and Seafood Establishments (Export List),regulator,2026-02-06,CFIA export list entry,HIGH
4240,address,"58 NORTH LAKE HARBOUR RD, ELMIRA, PE, C0A1K0, Canada",https://apps.inspection.canada.ca/webapps/FishList/,CFIA Fish and Seafood Establishments (Export List),regulator,2026-02-06,CFIA export list entry,HIGH
6002,name,Niqitaq Fisheries Ltd./Sivulliq (CFIA Ref #6002),https://apps.inspection.canada.ca/webapps/FishList/,CFIA Fish and Seafood Establishments (Export List),regulator,2026-02-06,CFIA export list entry,HIGH
6002,address,"154 WATER ST., BAY ROBERTS, NL, A0G1G0, Canada",https://apps.inspection.canada.ca/webapps/FishList/,CFIA Fish and Seafood Establishments (Export List),regulator,2026-02-06,CFIA export list entry,HIGH
1480126,name,AGE LOBSTER INC. (CFIA Ref #1480126),https://apps.inspection.canada.ca/webapps/FishList/,CFIA Fish and Seafood Establishments (Export List),regulator,2026-02-06,CFIA export list entry,HIGH
1480126,address,"1337 CENTREVILLE SOUTHSIDE ROAD, CLARK'S HARBOUR, NS, B0W1P0, Canada",https://apps.inspection.canada.ca/webapps/FishList/,CFIA Fish and Seafood Establishments (Export List),regulator,2026-02-06,CFIA export list entry,HIGH
6028,name,BIG LOBSTER SEAFOOD INCORPORATED (CFIA Ref #6028),https://apps.inspection.canada.ca/webapps/FishList/,CFIA Fish and Seafood Establishments (Export List),regulator,2026-02-06,CFIA export list entry,HIGH
6028,address,"9 CALVIN STREET, GRAND MANAN, NB, E5G1M5, Canada",https://apps.inspection.canada.ca/webapps/FishList/,CFIA Fish and Seafood Establishments (Export List),regulator,2026-02-06,CFIA export list entry,HIGH
1500620,name,C.R. LOBSTERS INC. (CFIA Ref #1500620),https://apps.inspection.canada.ca/webapps/FishList/,CFIA Fish and Seafood Establishments (Export List),regulator,2026-02-06,CFIA export list entry,HIGH
1500620,address,"259 INGALLS HEAD ROAD, GRAND MANAN, NB, E5G3G7, Canada",https://apps.inspection.canada.ca/webapps/FishList/,CFIA Fish and Seafood Establishments (Export List),regulator,2026-02-06,CFIA export list entry,HIGH
6041,name,GIDNEY FISHERIES LIMITED (CFIA Ref #6041),https://apps.inspection.canada.ca/webapps/FishList/,CFIA Fish and Seafood Establishments (Export List),regulator,2026-02-06,CFIA export list entry,HIGH
6041,address,"136 DAKIN PARK ROAD, CENTREVILLE, NS, B0V1A0, Canada",https://apps.inspection.canada.ca/webapps/FishList/,CFIA Fish and Seafood Establishments (Export List),regulator,2026-02-06,CFIA export list entry,HIGH
0981,name,MASA'S SALMON SMOKEHOUSE LTD. (CFIA Ref #0981),https://apps.inspection.canada.ca/webapps/FishList/,CFIA Fish and Seafood Establishments (Export List),regulator,2026-02-06,CFIA export list entry,HIGH
0981,address,"130 GARDEN AVENUE, NORTH VANCOUVER, BC, V7P3H2, Canada",https://apps.inspection.canada.ca/webapps/FishList/,CFIA Fish and Seafood Establishments (Export List),regulator,2026-02-06,CFIA export list entry,HIGH
3816,name,L. J. ROBICHEAU & SON FISHERIES LIMITED (CFIA Ref #3816),https://apps.inspection.canada.ca/webapps/FishList/,CFIA Fish and Seafood Establishments (Export List),regulator,2026-02-06,CFIA export list entry,HIGH
3816,address,"219 SHORE ROAD, DIGBY COUNTY, NS, B0V1C0, Canada",https://apps.inspection.canada.ca/webapps/FishList/,CFIA Fish and Seafood Establishments (Export List),regulator,2026-02-06,CFIA export list entry,HIGH
6034,name,Fame Fisheries Limited/Newfoundland Victor (CFIA Ref #6034),https://apps.inspection.canada.ca/webapps/FishList/,CFIA Fish and Seafood Establishments (Export List),regulator,2026-02-06,CFIA export list entry,HIGH
6034,address,"154 WATER STREET, BAY ROBERTS, NL, A0A1G0, Canada",https://apps.inspection.canada.ca/webapps/FishList/,CFIA Fish and Seafood Establishments (Export List),regulator,2026-02-06,CFIA export list entry,HIGH
0953,name,OCEANRISE SEAFOOD SUPPLY LTD. (CFIA Ref #0953),https://apps.inspection.canada.ca/webapps/FishList/,CFIA Fish and Seafood Establishments (Export List),regulator,2026-02-06,CFIA export list entry,HIGH
0953,address,"#268 - 13986 CAMBIE ROAD, RICHMOND, BC, V6V2K3, Canada",https://apps.inspection.canada.ca/webapps/FishList/,CFIA Fish and Seafood Establishments (Export List),regulator,2026-02-06,CFIA export list entry,HIGH
1601,name,BENTO INC. (CFIA Ref #1601),https://apps.inspection.canada.ca/webapps/FishList/,CFIA Fish and Seafood Establishments (Export List),regulator,2026-02-06,CFIA export list entry,HIGH
1601,address,"115 DE BAETS STREET, WINNIPEG, MB, R2J3R9, Canada",https://apps.inspection.canada.ca/webapps/FishList/,CFIA Fish and Seafood Establishments (Export List),regulator,2026-02-06,CFIA export list entry,HIGH
1968,name,CENTENNIAL FOODSERVICE PARTNERSHIP (CFIA Ref #1968),https://apps.inspection.canada.ca/webapps/FishList/,CFIA Fish and Seafood Establishments (Export List),regulator,2026-02-06,CFIA export list entry,HIGH
1968,address,"#138 - 12759 VULCAN WAY, RICHMOND, BC, V6V3C8, Canada",https://apps.inspection.canada.ca/webapps/FishList/,CFIA Fish and Seafood Establishments (Export List),regulator,2026-02-06,CFIA export list entry,HIGH
LL31001,name,A. J. Y. FISHERIES LIMITED (CFIA Ref #LL31001),https://apps.inspection.canada.ca/webapps/FishList/,CFIA Fish and Seafood Establishments (Export List),regulator,2026-02-06,CFIA export list entry,HIGH
LL31001,address,"5597 SHORE ROAD, SHELBURNE, NS, B0TW0, Canada",https://apps.inspection.canada.ca/webapps/FishList/,CFIA Fish and Seafood Establishments (Export List),regulator,2026-02-06,CFIA export list entry,HIGH
1428188,name,"CAPE BALD PACKERS, LIMITED (CFIA Ref #1428188)",https://apps.inspection.canada.ca/webapps/FishList/,CFIA Fish and Seafood Establishments (Export List),regulator,2026-02-06,CFIA export list entry,HIGH
1428188,address,"10 JOHN THIBODEAU ROAD, METEGHAN CENTRE, NS, B0W2L0, Canada",https://apps.inspection.canada.ca/webapps/FishList/,CFIA Fish and Seafood Establishments (Export List),regulator,2026-02-06,CFIA export list entry,HIGH
0929,name,D Way Shokken Enterprises Inc (CFIA Ref #0929),https://apps.inspection.canada.ca/webapps/FishList/,CFIA Fish and Seafood Establishments (Export List),regulator,2026-02-06,CFIA export list entry,HIGH
0929,address,"2130 - 12811 ROWAN PLACE, VANCOUVER, BC, V6V2S6, Canada",https://apps.inspection.canada.ca/webapps/FishList/,CFIA Fish and Seafood Establishments (Export List),regulator,2026-02-06,CFIA export list entry,HIGH
0118,name,"OCEAN CHOICE INTERNATIONAL L.P. "" OCEAN BREAKER"" (CFIA Ref #0118)",https://apps.inspection.canada.ca/webapps/FishList/,CFIA Fish and Seafood Establishments (Export List),regulator,2026-02-06,CFIA export list entry,HIGH
0118,address,"119 WATER STREET, HARBOUR GRACE, NL, A0A2M0, Canada",https://apps.inspection.canada.ca/webapps/FishList/,CFIA Fish and Seafood Establishments (Export List),regulator,2026-02-06,CFIA export list entry,HIGH
1428190,name,"CAPE BALD PACKERS, LIMITED (CFIA Ref #1428190)",https://apps.inspection.canada.ca/webapps/FishList/,CFIA Fish and Seafood Establishments (Export List),regulator,2026-02-06,CFIA export list entry,HIGH
1428190,address,"9089 HIGHWAY 1, METEGHAN CENTRE, NS, B0W2L0, Canada",https://apps.inspection.canada.ca/webapps/FishList/,CFIA Fish and Seafood Establishments (Export List),regulator,2026-02-06,CFIA export list entry,HIGH
1427118,name,LOBSTER HUB INC. (CFIA Ref #1427118),https://apps.inspection.canada.ca/webapps/FishList/,CFIA Fish and Seafood Establishments (Export List),regulator,2026-02-06,CFIA export list entry,HIGH
1427118,address,"45 JOHN THIBODEAU ROAD, METEGHAN CENTRE, NS, B0W2K0, Canada",https://apps.inspection.canada.ca/webapps/FishList/,CFIA Fish and Seafood Establishments (Export List),regulator,2026-02-06,CFIA export list entry,HIGH
0180,name,HERMITAGE PROCESSING INC. (CFIA Ref #0180),https://apps.inspection.canada.ca/webapps/FishList/,CFIA Fish and Seafood Establishments (Export List),regulator,2026-02-06,CFIA export list entry,HIGH
0180,address,"1-3 PLANT ROAD, HERMITAGE, NL, A0H1S0, Canada",https://apps.inspection.canada.ca/webapps/FishList/,CFIA Fish and Seafood Establishments (Export List),regulator,2026-02-06,CFIA export list entry,HIGH
5012,name,LES PECHERIES NORREF QUEBEC INC (CFIA Ref #5012),https://apps.inspection.canada.ca/webapps/FishList/,CFIA Fish and Seafood Establishments (Export List),regulator,2026-02-06,CFIA export list entry,HIGH
5012,address,"4900 RUE MOLSON, MONTRÉAL, QC, H1T3J8, Canada",https://apps.inspection.canada.ca/webapps/FishList/,CFIA Fish and Seafood Establishments (Export List),regulator,2026-02-06,CFIA export list entry,HIGH
1942,name,DUSO'S ENTERPRISES LTD. (CFIA Ref #1942),https://apps.inspection.canada.ca/webapps/FishList/,CFIA Fish and Seafood Establishments (Export List),regulator,2026-02-06,CFIA export list entry,HIGH
1942,address,"#200 - 1625 KEBET WAY, PORT COQUITLAM, BC, V3C5W9, Canada",https://apps.inspection.canada.ca/webapps/FishList/,CFIA Fish and Seafood Establishments (Export List),regulator,2026-02-06,CFIA export list entry,HIGH
3622,name,PRISTINE BAY PREMIUM OYSTERS (CFIA Ref #3622),https://apps.inspection.canada.ca/webapps/FishList/,CFIA Fish and Seafood Establishments (Export List),regulator,2026-02-06,CFIA export list entry,HIGH
3622,address,"32 MACKENZIE ROAD, MCLELLAN BROOK, NS, B2H5C7, Canada",https://apps.inspection.canada.ca/webapps/FishList/,CFIA Fish and Seafood Establishments (Export List),regulator,2026-02-06,CFIA export list entry,HIGH
0678,name,2403362 ONTARIO INC. (CFIA Ref #0678),https://apps.inspection.canada.ca/webapps/FishList/,CFIA Fish and Seafood Establishments (Export List),regulator,2026-02-06,CFIA export list entry,HIGH
0678,address,"2359 ROYAL WINDSOR DRIVE, UNIT 9, MISSISSAUGA, ON, L5J4S9, Canada",https://apps.inspection.canada.ca/webapps/FishList/,CFIA Fish and Seafood Establishments (Export List),regulator,2026-02-06,CFIA export list entry,HIGH
1954,name,SAWMILL BAY SHELLFISH COMPANY LTD. (CFIA Ref #1954),https://apps.inspection.canada.ca/webapps/FishList/,CFIA Fish and Seafood Establishments (Export List),regulator,2026-02-06,CFIA export list entry,HIGH
1954,address,"BOX 233, HERIOT BAY, BC, V0P1H0, Canada",https://apps.inspection.canada.ca/webapps/FishList/,CFIA Fish and Seafood Establishments (Export List),regulator,2026-02-06,CFIA export list entry,HIGH
6003,name,BAFFIN BAY SEAFOOD (CANADA) INC. (CFIA Ref #6003),https://apps.inspection.canada.ca/webapps/FishList/,CFIA Fish and Seafood Establishments (Export List),regulator,2026-02-06,CFIA export list entry,HIGH
6003,address,"400, 500 & 600 - 787 CLIVEDEN PLACE, DELTA, BC, V3M6C7, Canada",https://apps.inspection.canada.ca/webapps/FishList/,CFIA Fish and Seafood Establishments (Export List),regulator,2026-02-06,CFIA export list entry,HIGH
6008,name,HODDER'S SHELLFISH INC. (CFIA Ref #6008),https://apps.inspection.canada.ca/webapps/FishList/,CFIA Fish and Seafood Establishments (Export List),regulator,2026-02-06,CFIA export list entry,HIGH
6008,address,"233 MAIN ST, STONEVILLE, NL, A0G4C0, Canada",https://apps.inspection.canada.ca/webapps/FishList/,CFIA Fish and Seafood Establishments (Export List),regulator,2026-02-06,CFIA export list entry,HIGH
6024,name,BILL & STANLEY OYSTER COMPANY LTD. (CFIA Ref #6024),https://apps.inspection.canada.ca/webapps/FishList/,CFIA Fish and Seafood Establishments (Export List),regulator,2026-02-06,CFIA export list entry,HIGH
6024,address,"31 DEMING POINT ROAD, Whitehead, NS, B0H1T0, Canada",https://apps.inspection.canada.ca/webapps/FishList/,CFIA Fish and Seafood Establishments (Export List),regulator,2026-02-06,CFIA export list entry,HIGH
6050,name,LES FUMOIRS SMOKE CHEFS INC. (CFIA Ref #6050),https://apps.inspection.canada.ca/webapps/FishList/,CFIA Fish and Seafood Establishments (Export List),regulator,2026-02-06,CFIA export list entry,HIGH
6050,address,"816-818 , BOUL. INDUSTRIEL, BOIS-DES-FILION, QC, J6Z0A3, Canada",https://apps.inspection.canada.ca/webapps/FishList/,CFIA Fish and Seafood Establishments (Export List),regulator,2026-02-06,CFIA export list entry,HIGH
6061,name,L.J. ROBICHEAU & SON FISHERIES LIMITED (CFIA Ref #6061),https://apps.inspection.canada.ca/webapps/FishList/,CFIA Fish and Seafood Establishments (Export List),regulator,2026-02-06,CFIA export list entry,HIGH
6061,address,"14 FREEMAN ST, MIDDLETON, NS, B0S1P0, Canada",https://apps.inspection.canada.ca/webapps/FishList/,CFIA Fish and Seafood Establishments (Export List),regulator,2026-02-06,CFIA export list entry,HIGH
6060,name,SARDO FOODS (CFIA Ref #6060),https://apps.inspection.canada.ca/webapps/FishList/,CFIA Fish and Seafood Establishments (Export List),regulator,2026-02-06,CFIA export list entry,HIGH
6060,address,"99 PILLSWORTH RD, BOLTON, ON, L7E4E4, Canada",https://apps.inspection.canada.ca/webapps/FishList/,CFIA Fish and Seafood Establishments (Export List),regulator,2026-02-06,CFIA export list entry,HIGH
6067,name,GREAT LITTLE HARBOUR SEAFOOD LTD. (CFIA Ref #6067),https://apps.inspection.canada.ca/webapps/FishList/,CFIA Fish and Seafood Establishments (Export List),regulator,2026-02-06,CFIA export list entry,HIGH
6067,address,"1101 ROUTE 475, BOUCTOUCHE, NB, E4S4P3, Canada",https://apps.inspection.canada.ca/webapps/FishList/,CFIA Fish and Seafood Establishments (Export List),regulator,2026-02-06,CFIA export list entry,HIGH
6058,name,CAPTAIN LITTLE SEAFOOD LTD. (CFIA Ref #6058),https://apps.inspection.canada.ca/webapps/FishList/,CFIA Fish and Seafood Establishments (Export List),regulator,2026-02-06,CFIA export list entry,HIGH
6058,address,"MODULE 2 - COMP 9, QUEENS, NS, B0T1T0, Canada",https://apps.inspection.canada.ca/webapps/FishList/,CFIA Fish and Seafood Establishments (Export List),regulator,2026-02-06,CFIA export list entry,HIGH
1457357,name,ENTREPOT FROID XTREME COLD STORAGE LTD. (CFIA Ref #1457357),https://apps.inspection.canada.ca/webapps/FishList/,CFIA Fish and Seafood Establishments (Export List),regulator,2026-02-06,CFIA export list entry,HIGH
1457357,address,"999 AVIATION AVENUE, DIEPPE, NB, E1A9S5, Canada",https://apps.inspection.canada.ca/webapps/FishList/,CFIA Fish and Seafood Establishments (Export List),regulator,2026-02-06,CFIA export list entry,HIGH
1532652,name,LOGAN'S LEGACY FISHERIES LIMITED (CFIA Ref #1532652),https://apps.inspection.canada.ca/webapps/FishList/,CFIA Fish and Seafood Establishments (Export List),regulator,2026-02-06,CFIA export list entry,HIGH
1532652,address,"3243 PORT LATOUR ROAD, PORT LATOUR, NS, -, Canada",https://apps.inspection.canada.ca/webapps/FishList/,CFIA Fish and Seafood Establishments (Export List),regulator,2026-02-06,CFIA export list entry,HIGH
6063,name,FLORENTINA FOODS LTD. (CFIA Ref #6063),https://apps.inspection.canada.ca/webapps/FishList/,CFIA Fish and Seafood Establishments (Export List),regulator,2026-02-06,CFIA export list entry,HIGH
6063,address,"760 SUPERTEST ROAD, NORTH YORK, ON, M3J2M5, Canada",https://apps.inspection.canada.ca/webapps/FishList/,CFIA Fish and Seafood Establishments (Export List),regulator,2026-02-06,CFIA export list entry,HIGH
1534767,name,3231974 NOVA SCOTIA LIMITED - DO Lobster 1319 (CFIA Ref #1534767),https://apps.inspection.canada.ca/webapps/FishList/,CFIA Fish and Seafood Establishments (Export List),regulator,2026-02-06,CFIA export list entry,HIGH
1534767,address,"1321 Main Road, EASTERN PASSAGE, NS, B3G1M4, Canada",https://apps.inspection.canada.ca/webapps/FishList/,CFIA Fish and Seafood Establishments (Export List),regulator,2026-02-06,CFIA export list entry,HIGH
0936,name,C.B. ISLAND FISHERIES LTD. (CFIA Ref #0936),https://apps.inspection.canada.ca/webapps/FishList/,CFIA Fish and Seafood Establishments (Export List),regulator,2026-02-06,CFIA export list entry,HIGH
0936,address,"205 DONAGHY AVENUE, NORTH VANCOUVER, BC, V7P2L6, Canada",https://apps.inspection.canada.ca/webapps/FishList/,CFIA Fish and Seafood Establishments (Export List),regulator,2026-02-06,CFIA export list entry,HIGH
1893,name,1594052 ONTARIO INC. / TAYLOR FISH COMPANY (CFIA Ref #1893),https://apps.inspection.canada.ca/webapps/FishList/,CFIA Fish and Seafood Establishments (Export List),regulator,2026-02-06,CFIA export list entry,HIGH
1893,address,"419 ERIE STREET SOUTH, WHEATLEY, ON, N0P2P0, Canada",https://apps.inspection.canada.ca/webapps/FishList/,CFIA Fish and Seafood Establishments (Export List),regulator,2026-02-06,CFIA export list entry,HIGH
0544,name,LES PÉCHERIES GASPÉSIENNES INC. (CFIA Ref #0544),https://apps.inspection.canada.ca/webapps/FishList/,CFIA Fish and Seafood Establishments (Export List),regulator,2026-02-06,CFIA export list entry,HIGH
0544,address,"5, RUE DE LA VICTORIA, GASPÉ, QC, G4X5G3, Canada",https://apps.inspection.canada.ca/webapps/FishList/,CFIA Fish and Seafood Establishments (Export List),regulator,2026-02-06,CFIA export list entry,HIGH
1745,name,BIORIGINAL FOOD & SCIENCE CORP. (CFIA Ref #1745),https://apps.inspection.canada.ca/webapps/FishList/,CFIA Fish and Seafood Establishments (Export List),regulator,2026-02-06,CFIA export list entry,HIGH
1745,address,"102 MELVILLE STREET, SASKATOON, SK, S7J0R1, Canada",https://apps.inspection.canada.ca/webapps/FishList/,CFIA Fish and Seafood Establishments (Export List),regulator,2026-02-06,CFIA export list entry,HIGH
5730,name,LES PRODUCTEURS DE HOMARDS DE GRANDE-RIVIÉRE1998 (CFIA Ref #5730),https://apps.inspection.canada.ca/webapps/FishList/,CFIA Fish and Seafood Establishments (Export List),regulator,2026-02-06,CFIA export list entry,HIGH
5730,address,"13, ROUTE 132, SHIGAWAKE, QC, G0C3E0, Canada",https://apps.inspection.canada.ca/webapps/FishList/,CFIA Fish and Seafood Establishments (Export List),regulator,2026-02-06,CFIA export list entry,HIGH
LL32134,name,SOUTH SHORE LOBSTER (1992) LIMITED (CFIA Ref #LL32134),https://apps.inspection.canada.ca/webapps/FishList/,CFIA Fish and Seafood Establishments (Export List),regulator,2026-02-06,CFIA export list entry,HIGH
LL32134,address,"52 CRIPPLE CREEK ROAD, CLAM POINT, NS, B0W1N0, Canada",https://apps.inspection.canada.ca/webapps/FishList/,CFIA Fish and Seafood Establishments (Export List),regulator,2026-02-06,CFIA export list entry,HIGH
1978,name,HOI-BO FISHERIES INC. (CFIA Ref #1978),https://apps.inspection.canada.ca/webapps/FishList/,CFIA Fish and Seafood Establishments (Export List),regulator,2026-02-06,CFIA export list entry,HIGH
1978,address,"3106 - 12811 ROWAN PLACE, RICHMOND, BC, V6V2S6, Canada",https://apps.inspection.canada.ca/webapps/FishList/,CFIA Fish and Seafood Establishments (Export List),regulator,2026-02-06,CFIA export list entry,HIGH
4241,name,ANNAND CLAMS INC. (CFIA Ref #4241),https://apps.inspection.canada.ca/webapps/FishList/,CFIA Fish and Seafood Establishments (Export List),regulator,2026-02-06,CFIA export list entry,HIGH
4241,address,"775 CONWAY RD, ELLERSLIE, PE, COB1J0, Canada",https://apps.inspection.canada.ca/webapps/FishList/,CFIA Fish and Seafood Establishments (Export List),regulator,2026-02-06,CFIA export list entry,HIGH
5023,name,FRUITS DE MER LAGOON INC (CFIA Ref #5023),https://apps.inspection.canada.ca/webapps/FishList/,CFIA Fish and Seafood Establishments (Export List),regulator,2026-02-06,CFIA export list entry,HIGH
5023,address,"1301, 32ÉME AVENUE, LACHINE, QC, H8T3H2, Canada",https://apps.inspection.canada.ca/webapps/FishList/,CFIA Fish and Seafood Establishments (Export List),regulator,2026-02-06,CFIA export list entry,HIGH
3838,name,"CAPE BALD PACKERS, LIMITED (CFIA Ref #3838)",https://apps.inspection.canada.ca/webapps/FishList/,CFIA Fish and Seafood Establishments (Export List),regulator,2026-02-06,CFIA export list entry,HIGH
3838,address,"11 JOHN THIBODEAU ROAD, METEGHAN, NS, B0W2K0, Canada",https://apps.inspection.canada.ca/webapps/FishList/,CFIA Fish and Seafood Establishments (Export List),regulator,2026-02-06,CFIA export list entry,HIGH
3853,name,CRAIGS LOBSTER LIMITED (CFIA Ref #3853),https://apps.inspection.canada.ca/webapps/FishList/,CFIA Fish and Seafood Establishments (Export List),regulator,2026-02-06,CFIA export list entry,HIGH
3853,address,"55 HARBOUR ROAD, BEAR POINT, NS, B0W3B0, Canada",https://apps.inspection.canada.ca/webapps/FishList/,CFIA Fish and Seafood Establishments (Export List),regulator,2026-02-06,CFIA export list entry,HIGH
6012,name,PECHERIES DE L'ESTUAIRE INC. (CFIA Ref #6012),https://apps.inspection.canada.ca/webapps/FishList/,CFIA Fish and Seafood Establishments (Export List),regulator,2026-02-06,CFIA export list entry,HIGH
6012,address,"201 RUE DES FABRICANTS, RIMOUSKI, QC, G5M0M7, Canada",https://apps.inspection.canada.ca/webapps/FishList/,CFIA Fish and Seafood Establishments (Export List),regulator,2026-02-06,CFIA export list entry,HIGH
0049,name,Niqitaq Fisheries Ltd./INUKSUK I (CFIA Ref #0049),https://apps.inspection.canada.ca/webapps/FishList/,CFIA Fish and Seafood Establishments (Export List),regulator,2026-02-06,CFIA export list entry,HIGH
0049,address,"154 WATER ST., BAY ROBERTS, NL, A0G1G0, Canada",https://apps.inspection.canada.ca/webapps/FishList/,CFIA Fish and Seafood Establishments (Export List),regulator,2026-02-06,CFIA export list entry,HIGH
6020,name,710769 ALBERTA LTD. (CFIA Ref #6020),https://apps.inspection.canada.ca/webapps/FishList/,CFIA Fish and Seafood Establishments (Export List),regulator,2026-02-06,CFIA export list entry,HIGH
6020,address,"12525-89 STREET NW, EDMONTON, AB, T5B3X2, Canada",https://apps.inspection.canada.ca/webapps/FishList/,CFIA Fish and Seafood Establishments (Export List),regulator,2026-02-06,CFIA export list entry,HIGH
6033,name,ATLANTIC SEA CUCUMBER LTD. (CFIA Ref #6033),https://apps.inspection.canada.ca/webapps/FishList/,CFIA Fish and Seafood Establishments (Export List),regulator,2026-02-06,CFIA export list entry,HIGH
6033,address,"212 PAUL'S POINT ROAD, HACKETTS COVE, NS, B3Z3K7, Canada",https://apps.inspection.canada.ca/webapps/FishList/,CFIA Fish and Seafood Establishments (Export List),regulator,2026-02-06,CFIA export list entry,HIGH
6037,name,ALBION FARMS & FISHERIES LTD. (CFIA Ref #6037),https://apps.inspection.canada.ca/webapps/FishList/,CFIA Fish and Seafood Establishments (Export List),regulator,2026-02-06,CFIA export list entry,HIGH
6037,address,"13506 - 159 STREET, EDMONTON, AB, T5V0B6, Canada",https://apps.inspection.canada.ca/webapps/FishList/,CFIA Fish and Seafood Establishments (Export List),regulator,2026-02-06,CFIA export list entry,HIGH
6073,name,WOLLASTON LAKE FISHERY (CFIA Ref #6073),https://apps.inspection.canada.ca/webapps/FishList/,CFIA Fish and Seafood Establishments (Export List),regulator,2026-02-06,CFIA export list entry,HIGH
6073,address,"PARCEL F MUNICIPAL RESERVE R1 PLAN 60-TAP-08245, WOLLASTON LAKE, SK, S0J3C0, Canada",https://apps.inspection.canada.ca/webapps/FishList/,CFIA Fish and Seafood Establishments (Export List),regulator,2026-02-06,CFIA export list entry,HIGH
1534077,name,BAKERS POINT FISHERIES LIMITED (CFIA Ref #1534077),https://apps.inspection.canada.ca/webapps/FishList/,CFIA Fish and Seafood Establishments (Export List),regulator,2026-02-06,CFIA export list entry,HIGH
1534077,address,"75 BAKERS POINT ROAD, JEDDORE OYSTER PONDS, NS, B0J1W0, Canada",https://apps.inspection.canada.ca/webapps/FishList/,CFIA Fish and Seafood Establishments (Export List),regulator,2026-02-06,CFIA export list entry,HIGH
6095,name,LOBSTER HUB INC. (CFIA Ref #6095),https://apps.inspection.canada.ca/webapps/FishList/,CFIA Fish and Seafood Establishments (Export List),regulator,2026-02-06,CFIA export list entry,HIGH
6095,address,"45 JOHN THIBODEAU RD., METEGHAN CENTRE, NS, B0W2K0, Canada",https://apps.inspection.canada.ca/webapps/FishList/,CFIA Fish and Seafood Establishments (Export List),regulator,2026-02-06,CFIA export list entry,HIGH
1536968,name,AC LIVE LOBSTER INC. (CFIA Ref #1536968),https://apps.inspection.canada.ca/webapps/FishList/,CFIA Fish and Seafood Establishments (Export List),regulator,2026-02-06,CFIA export list entry,HIGH
1536968,address,"PO BOX 775, NORTH EAST POINT, NS, B0W2P0, Canada",https://apps.inspection.canada.ca/webapps/FishList/,CFIA Fish and Seafood Establishments (Export List),regulator,2026-02-06,CFIA export list entry,HIGH
0668,name,INTERNATIONAL NUTRIENT TECHNOLOGIES LIMITED (CFIA Ref #0668),https://apps.inspection.canada.ca/webapps/FishList/,CFIA Fish and Seafood Establishments (Export List),regulator,2026-02-06,CFIA export list entry,HIGH
0668,address,"9475 TWIN OAKS DRIVE, WINDSOR, ON, N8N5B8, Canada",https://apps.inspection.canada.ca/webapps/FishList/,CFIA Fish and Seafood Establishments (Export List),regulator,2026-02-06,CFIA export list entry,HIGH
0066,name,"NIQITAQ FISHERIES LTD. ""ARLUK II"" (CFIA Ref #0066)",https://apps.inspection.canada.ca/webapps/FishList/,CFIA Fish and Seafood Establishments (Export List),regulator,2026-02-06,CFIA export list entry,HIGH
0066,address,"PIER 6, ST. JOHN'S, NL, -, Canada",https://apps.inspection.canada.ca/webapps/FishList/,CFIA Fish and Seafood Establishments (Export List),regulator,2026-02-06,CFIA export list entry,HIGH
3610,name,"CAPE BALD PACKERS, LIMITED (CFIA Ref #3610)",https://apps.inspection.canada.ca/webapps/FishList/,CFIA Fish and Seafood Establishments (Export List),regulator,2026-02-06,CFIA export list entry,HIGH
3610,address,"15395 MAIN STREET, CHETICAMP, NS, B0E1H0, Canada",https://apps.inspection.canada.ca/webapps/FishList/,CFIA Fish and Seafood Establishments (Export List),regulator,2026-02-06,CFIA export list entry,HIGH
4152,name,PISCICULTURE ACADIENNE LTÉE/ACADIAN FISH FARM LTD. (CFIA Ref #4152),https://apps.inspection.canada.ca/webapps/FishList/,CFIA Fish and Seafood Establishments (Export List),regulator,2026-02-06,CFIA export list entry,HIGH
4152,address,"2295 RUE ACADIE, BAS-CARAQUET, NB, E1W5T9, Canada",https://apps.inspection.canada.ca/webapps/FishList/,CFIA Fish and Seafood Establishments (Export List),regulator,2026-02-06,CFIA export list entry,HIGH
LL32137,name,INDEPENDENT FISHERIES LIMITED (CFIA Ref #LL32137),https://apps.inspection.canada.ca/webapps/FishList/,CFIA Fish and Seafood Establishments (Export List),regulator,2026-02-06,CFIA export list entry,HIGH
LL32137,address,"1271 LITTLE HARBOUR ROAD, SABLE RIVER, NS, B0T1V0, Canada",https://apps.inspection.canada.ca/webapps/FishList/,CFIA Fish and Seafood Establishments (Export List),regulator,2026-02-06,CFIA export list entry,HIGH
LL32133,name,SWIMM'S LOBSTER INN LIMITED (CFIA Ref #LL32133),https://apps.inspection.canada.ca/webapps/FishList/,CFIA Fish and Seafood Establishments (Export List),regulator,2026-02-06,CFIA export list entry,HIGH
LL32133,address,"73 SOUTH STREET, CLARK'S HARBOUR, NS, B0W1P0, Canada",https://apps.inspection.canada.ca/webapps/FishList/,CFIA Fish and Seafood Establishments (Export List),regulator,2026-02-06,CFIA export list entry,HIGH
LL16004,name,DOUCET FISHERIES LIMITED (CFIA Ref #LL16004),https://apps.inspection.canada.ca/webapps/FishList/,CFIA Fish and Seafood Establishments (Export List),regulator,2026-02-06,CFIA export list entry,HIGH
LL16004,address,"P.O. BOX 46, WEYMOUTH, NS, B0W3T0, Canada",https://apps.inspection.canada.ca/webapps/FishList/,CFIA Fish and Seafood Establishments (Export List),regulator,2026-02-06,CFIA export list entry,HIGH
LL16009,name,GIDNEY FISHERIES LIMITED (CFIA Ref #LL16009),https://apps.inspection.canada.ca/webapps/FishList/,CFIA Fish and Seafood Establishments (Export List),regulator,2026-02-06,CFIA export list entry,HIGH
LL16009,address,"8145 HIGHWAY #1, METEGHAN, NS, B0W2J0, Canada",https://apps.inspection.canada.ca/webapps/FishList/,CFIA Fish and Seafood Establishments (Export List),regulator,2026-02-06,CFIA export list entry,HIGH
LL04011,name,DO LOBSTER (CFIA Ref #LL04011),https://apps.inspection.canada.ca/webapps/FishList/,CFIA Fish and Seafood Establishments (Export List),regulator,2026-02-06,CFIA export list entry,HIGH
LL04011,address,"1323 MAIN ROAD, EASTERN PASSAGE, NS, B3G1M4, Canada",https://apps.inspection.canada.ca/webapps/FishList/,CFIA Fish and Seafood Establishments (Export List),regulator,2026-02-06,CFIA export list entry,HIGH
LL04009,name,TANGIER LOBSTER COMPANY LIMITED (CFIA Ref #LL04009),https://apps.inspection.canada.ca/webapps/FishList/,CFIA Fish and Seafood Establishments (Export List),regulator,2026-02-06,CFIA export list entry,HIGH
LL04009,address,"172 LAWLOR'S POINT ROAD, PLEASANT HARBOUR, NS, B0J3H0, Canada",https://apps.inspection.canada.ca/webapps/FishList/,CFIA Fish and Seafood Establishments (Export List),regulator,2026-02-06,CFIA export list entry,HIGH
LL32005,name,CHASE'S SHELLFISH LIMITED (CFIA Ref #LL32005),https://apps.inspection.canada.ca/webapps/FishList/,CFIA Fish and Seafood Establishments (Export List),regulator,2026-02-06,CFIA export list entry,HIGH
LL32005,address,"50 BRICKYARD ROAD, PUGWASH, NS, BOK1L0, Canada",https://apps.inspection.canada.ca/webapps/FishList/,CFIA Fish and Seafood Establishments (Export List),regulator,2026-02-06,CFIA export list entry,HIGH
LL27103,name,LOVE ME FISH & LOBSTER INCORPORATED (CFIA Ref #LL27103),https://apps.inspection.canada.ca/webapps/FishList/,CFIA Fish and Seafood Establishments (Export List),regulator,2026-02-06,CFIA export list entry,HIGH
LL27103,address,"311 BAYFIELD BEACH ROAD, AFTON STATION, NS, B0H1A0, Canada",https://apps.inspection.canada.ca/webapps/FishList/,CFIA Fish and Seafood Establishments (Export List),regulator,2026-02-06,CFIA export list entry,HIGH
3618,name,CANESP GLOBAL DISTRIBUTIONS S.L. INC. (CFIA Ref #3618),https://apps.inspection.canada.ca/webapps/FishList/,CFIA Fish and Seafood Establishments (Export List),regulator,2026-02-06,CFIA export list entry,HIGH
3618,address,"209 AEROTECH DRIVE, ENFIELD, NS, B2T1K3, Canada",https://apps.inspection.canada.ca/webapps/FishList/,CFIA Fish and Seafood Establishments (Export List),regulator,2026-02-06,CFIA export list entry,HIGH
4130,name,COLLINS LOBSTER FISHERMAN'S MARKET LTD. (CFIA Ref #4130),https://apps.inspection.canada.ca/webapps/FishList/,CFIA Fish and Seafood Establishments (Export List),regulator,2026-02-06,CFIA export list entry,HIGH
4130,address,"8607 MAIN STREET, ALMA, NB, E4H1N6, Canada",https://apps.inspection.canada.ca/webapps/FishList/,CFIA Fish and Seafood Establishments (Export List),regulator,2026-02-06,CFIA export list entry,HIGH
3846,name,FISHERMEN'S PREMIUM ATLANTIC LOBSTER INC. (CFIA Ref #3846),https://apps.inspection.canada.ca/webapps/FishList/,CFIA Fish and Seafood Establishments (Export List),regulator,2026-02-06,CFIA export list entry,HIGH
3846,address,"72 GOODWIN LANE, NORTH EAST POINT, NS, B0W2P0, Canada",https://apps.inspection.canada.ca/webapps/FishList/,CFIA Fish and Seafood Establishments (Export List),regulator,2026-02-06,CFIA export list entry,HIGH
1447804,name,D'ENTREMONT BROTHER'S BROKERAGE INC. (CFIA Ref #1447804),https://apps.inspection.canada.ca/webapps/FishList/,CFIA Fish and Seafood Establishments (Export List),regulator,2026-02-06,CFIA export list entry,HIGH
1447804,address,"101 DENNIS POINT ROAD, LOWER WEST PUBNICO, NS, B0W2C0, Canada",https://apps.inspection.canada.ca/webapps/FishList/,CFIA Fish and Seafood Establishments (Export List),regulator,2026-02-06,CFIA export list entry,HIGH
6081,name,Alliance Seafood Incorporated (CFIA Ref #6081),https://apps.inspection.canada.ca/webapps/FishList/,CFIA Fish and Seafood Establishments (Export List),regulator,2026-02-06,CFIA export list entry,HIGH
6081,address,"11 INDUSTRIAL ST, BOUCTOUCHE, NB, E4S3H9, Canada",https://apps.inspection.canada.ca/webapps/FishList/,CFIA Fish and Seafood Establishments (Export List),regulator,2026-02-06,CFIA export list entry,HIGH
6065,name,ILE-A-LA-CROSSE FISH COMPANY INC. (CFIA Ref #6065),https://apps.inspection.canada.ca/webapps/FishList/,CFIA Fish and Seafood Establishments (Export List),regulator,2026-02-06,CFIA export list entry,HIGH
6065,address,"BLOCK 19 LOTS 20, 21, 22 & 23, ÎLE-À-LA-CROSSE, SK, S0M1C0, Canada",https://apps.inspection.canada.ca/webapps/FishList/,CFIA Fish and Seafood Establishments (Export List),regulator,2026-02-06,CFIA export list entry,HIGH
6048,name,PEERLESS FISH COMPANY LIMITED (CFIA Ref #6048),https://apps.inspection.canada.ca/webapps/FishList/,CFIA Fish and Seafood Establishments (Export List),regulator,2026-02-06,CFIA export list entry,HIGH
6048,address,"69 SOUTHSIDE ROAD, PETTY HARBOUR, NL, A0A3H0, Canada",https://apps.inspection.canada.ca/webapps/FishList/,CFIA Fish and Seafood Establishments (Export List),regulator,2026-02-06,CFIA export list entry,HIGH
3603,name,Champlain Seafood Cape Breton Inc. / Lobsters R Us Seafood (CFIA Ref #3603),https://apps.inspection.canada.ca/webapps/FishList/,CFIA Fish and Seafood Establishments (Export List),regulator,2026-02-06,CFIA export list entry,HIGH
3603,address,"197 Little Harbour Road, Lower L'Ardoise, NS, B0E1W0, Canada",https://apps.inspection.canada.ca/webapps/FishList/,CFIA Fish and Seafood Establishments (Export List),regulator,2026-02-06,CFIA export list entry,HIGH
6018,name,Arctic Fishery Alliance L.P.Kiviuq I (CFIA Ref #6018),https://apps.inspection.canada.ca/webapps/FishList/,CFIA Fish and Seafood Establishments (Export List),regulator,2026-02-06,CFIA export list entry,HIGH
6018,address,"ST. JOHN'S HARBOUR SOUTH SIDE, ST. JOHN'S, NL, A1B3T1, Canada",https://apps.inspection.canada.ca/webapps/FishList/,CFIA Fish and Seafood Establishments (Export List),regulator,2026-02-06,CFIA export list entry,HIGH
LLNB014,name,PIER 99 PRODUCTS LTD. (CFIA Ref #LLNB014),https://apps.inspection.canada.ca/webapps/FishList/,CFIA Fish and Seafood Establishments (Export List),regulator,2026-02-06,CFIA export list entry,HIGH
LLNB014,address,"2529 CHEMIN ACADIE, CAP-PELE, NB, E4N1B7, Canada",https://apps.inspection.canada.ca/webapps/FishList/,CFIA Fish and Seafood Establishments (Export List),regulator,2026-02-06,CFIA export list entry,HIGH
1986,name,GLOBAL GOURMET FOODS (2020) INC. (CFIA Ref #1986),https://apps.inspection.canada.ca/webapps/FishList/,CFIA Fish and Seafood Establishments (Export List),regulator,2026-02-06,CFIA export list entry,HIGH
1986,address,"11611 BRIDGEPORT ROAD, BUILDING #2 AND #3, RICHMOND, BC, V6X1T5, Canada",https://apps.inspection.canada.ca/webapps/FishList/,CFIA Fish and Seafood Establishments (Export List),regulator,2026-02-06,CFIA export list entry,HIGH
0615,name,GREAT LAKES FOOD COMPANY LTD. (CFIA Ref #0615),https://apps.inspection.canada.ca/webapps/FishList/,CFIA Fish and Seafood Establishments (Export List),regulator,2026-02-06,CFIA export list entry,HIGH
0615,address,"135 BOTHWELL STREET, CHATHAM, ON, N7M5K5, Canada",https://apps.inspection.canada.ca/webapps/FishList/,CFIA Fish and Seafood Establishments (Export List),regulator,2026-02-06,CFIA export list entry,HIGH
3849,name,HAILMAR INVESTMENTS LIMITED (CFIA Ref #3849),https://apps.inspection.canada.ca/webapps/FishList/,CFIA Fish and Seafood Establishments (Export List),regulator,2026-02-06,CFIA export list entry,HIGH
3849,address,"193 OSBORNE HARBOUR ROAD, OSBORNE HARBOUR, NS, B0T1L0, Canada",https://apps.inspection.canada.ca/webapps/FishList/,CFIA Fish and Seafood Establishments (Export List),regulator,2026-02-06,CFIA export list entry,HIGH
1930,name,PARADISE OYSTERS (CFIA Ref #1930),https://apps.inspection.canada.ca/webapps/FishList/,CFIA Fish and Seafood Establishments (Export List),regulator,2026-02-06,CFIA export list entry,HIGH
1930,address,"#15 - 2663 KILPATRICK AVENUE, COURTENAY, BC, V9N7C8, Canada",https://apps.inspection.canada.ca/webapps/FishList/,CFIA Fish and Seafood Establishments (Export List),regulator,2026-02-06,CFIA export list entry,HIGH
3851,name,NEW GENERATION SEAFOOD LTD. (CFIA Ref #3851),https://apps.inspection.canada.ca/webapps/FishList/,CFIA Fish and Seafood Establishments (Export List),regulator,2026-02-06,CFIA export list entry,HIGH
3851,address,"8736 HIGHWAY 3, TUSKET, NS, B0W2M0, Canada",https://apps.inspection.canada.ca/webapps/FishList/,CFIA Fish and Seafood Establishments (Export List),regulator,2026-02-06,CFIA export list entry,HIGH
3850,name,D.B. KENNEY FISHERIES (2014) LIMITED (CFIA Ref #3850),https://apps.inspection.canada.ca/webapps/FishList/,CFIA Fish and Seafood Establishments (Export List),regulator,2026-02-06,CFIA export list entry,HIGH
3850,address,"300 WATER STREET, WESTPORT, NS, B0V1H0, Canada",https://apps.inspection.canada.ca/webapps/FishList/,CFIA Fish and Seafood Establishments (Export List),regulator,2026-02-06,CFIA export list entry,HIGH
1472346,name,BAY SHORE LOBSTER LTD. (CFIA Ref #1472346),https://apps.inspection.canada.ca/webapps/FishList/,CFIA Fish and Seafood Establishments (Export List),regulator,2026-02-06,CFIA export list entry,HIGH
1472346,address,"99 BACK BAY LOOP, BACK BAY, NB, E5C2V4, Canada",https://apps.inspection.canada.ca/webapps/FishList/,CFIA Fish and Seafood Establishments (Export List),regulator,2026-02-06,CFIA export list entry,HIGH
1484972,name,WORLD LINK FOOD DISTRIBUTORS INC. (CFIA Ref #1484972),https://apps.inspection.canada.ca/webapps/FishList/,CFIA Fish and Seafood Establishments (Export List),regulator,2026-02-06,CFIA export list entry,HIGH
1484972,address,"10-12B, 209 AEROTECH DRIVE, GOFFS, NS, B2T1K3, Canada",https://apps.inspection.canada.ca/webapps/FishList/,CFIA Fish and Seafood Establishments (Export List),regulator,2026-02-06,CFIA export list entry,HIGH
1486311,name,PUBNICO BAY LOBSTER COMPANY (CFIA Ref #1486311),https://apps.inspection.canada.ca/webapps/FishList/,CFIA Fish and Seafood Establishments (Export List),regulator,2026-02-06,CFIA export list entry,HIGH
1486311,address,"575 HWY 3, LOWER EAST PUBNICO, NS, B0W2A0, Canada",https://apps.inspection.canada.ca/webapps/FishList/,CFIA Fish and Seafood Establishments (Export List),regulator,2026-02-06,CFIA export list entry,HIGH
6027,name,BLUE ATLANTIC FISHERIES INC. (CFIA Ref #6027),https://apps.inspection.canada.ca/webapps/FishList/,CFIA Fish and Seafood Establishments (Export List),regulator,2026-02-06,CFIA export list entry,HIGH
6027,address,"106 WHARF ROAD, CAPE WOLFE, PE, -, Canada",https://apps.inspection.canada.ca/webapps/FishList/,CFIA Fish and Seafood Establishments (Export List),regulator,2026-02-06,CFIA export list entry,HIGH
6025,name,M.V. MAUDE ADAMS (CFIA Ref #6025),https://apps.inspection.canada.ca/webapps/FishList/,CFIA Fish and Seafood Establishments (Export List),regulator,2026-02-06,CFIA export list entry,HIGH
6025,address,"170 MONTAGUE STREET, LUNENBURG, NS, B0J2C0, Canada",https://apps.inspection.canada.ca/webapps/FishList/,CFIA Fish and Seafood Establishments (Export List),regulator,2026-02-06,CFIA export list entry,HIGH
6046,name,3301861 NOVA SCOTIA LIMITED (CFIA Ref #6046),https://apps.inspection.canada.ca/webapps/FishList/,CFIA Fish and Seafood Establishments (Export List),regulator,2026-02-06,CFIA export list entry,HIGH
6046,address,"15 TOWER ROAD, MILL BROOK, NS, B0L1G5, Canada",https://apps.inspection.canada.ca/webapps/FishList/,CFIA Fish and Seafood Establishments (Export List),regulator,2026-02-06,CFIA export list entry,HIGH
6086,name,MAÎTRE SALADIER INC. (CFIA Ref #6086),https://apps.inspection.canada.ca/webapps/FishList/,CFIA Fish and Seafood Establishments (Export List),regulator,2026-02-06,CFIA export list entry,HIGH
6086,address,"1755 BOULEVARD LIONEL-BERTRAND, BOISBRIAND, QC, J7H1N8, Canada",https://apps.inspection.canada.ca/webapps/FishList/,CFIA Fish and Seafood Establishments (Export List),regulator,2026-02-06,CFIA export list entry,HIGH
6053,name,NORTHERN OSPREY III (CFIA Ref #6053),https://apps.inspection.canada.ca/webapps/FishList/,CFIA Fish and Seafood Establishments (Export List),regulator,2026-02-06,CFIA export list entry,HIGH
6053,address,"385 PURVES ST., NORTH SYDNEY, NS, B2A3M3, Canada",https://apps.inspection.canada.ca/webapps/FishList/,CFIA Fish and Seafood Establishments (Export List),regulator,2026-02-06,CFIA export list entry,HIGH
5779,name,OCEAN NUTRASCIENCES INC. (CFIA Ref #5779),https://apps.inspection.canada.ca/webapps/FishList/,CFIA Fish and Seafood Establishments (Export List),regulator,2026-02-06,CFIA export list entry,HIGH
5779,address,"72, RUE DU PORT, MATANE, QC, G4W3M6, Canada",https://apps.inspection.canada.ca/webapps/FishList/,CFIA Fish and Seafood Establishments (Export List),regulator,2026-02-06,CFIA export list entry,HIGH
6019,name,CLEAR OCEAN SEAFOOD LTD. (CFIA Ref #6019),https://apps.inspection.canada.ca/webapps/FishList/,CFIA Fish and Seafood Establishments (Export List),regulator,2026-02-06,CFIA export list entry,HIGH
6019,address,"2145-21331 GORDON WAY, RICHMOND, BC, V6W1J9, Canada",https://apps.inspection.canada.ca/webapps/FishList/,CFIA Fish and Seafood Establishments (Export List),regulator,2026-02-06,CFIA export list entry,HIGH
1988,name,NORTHERN DIVINE AQUAFARMS LTD. (CFIA Ref #1988),https://apps.inspection.canada.ca/webapps/FishList/,CFIA Fish and Seafood Establishments (Export List),regulator,2026-02-06,CFIA export list entry,HIGH
1988,address,"7333 SECHELT INLET ROAD, SECHELT, BC, V0N3A4, Canada",https://apps.inspection.canada.ca/webapps/FishList/,CFIA Fish and Seafood Establishments (Export List),regulator,2026-02-06,CFIA export list entry,HIGH
0673,name,SUMMER FRESH SALADS INCORPORATED (CFIA Ref #0673),https://apps.inspection.canada.ca/webapps/FishList/,CFIA Fish and Seafood Establishments (Export List),regulator,2026-02-06,CFIA export list entry,HIGH
0673,address,"181 SHARER ROAD, WOODBRIDGE, ON, L4L8Z3, Canada",https://apps.inspection.canada.ca/webapps/FishList/,CFIA Fish and Seafood Establishments (Export List),regulator,2026-02-06,CFIA export list entry,HIGH
LL34021,name,CAPTAIN'S CHOICE LOBSTER LIMITED (CFIA Ref #LL34021),https://apps.inspection.canada.ca/webapps/FishList/,CFIA Fish and Seafood Establishments (Export List),regulator,2026-02-06,CFIA export list entry,HIGH
LL34021,address,"101 DENNIS POINT ROAD, PUBNICO, LOWER WEST, NS, B0W2C0, Canada",https://apps.inspection.canada.ca/webapps/FishList/,CFIA Fish and Seafood Establishments (Export List),regulator,2026-02-06,CFIA export list entry,HIGH
LL34010,name,SEAKIST LOBSTER LIMITED (CFIA Ref #LL34010),https://apps.inspection.canada.ca/webapps/FishList/,CFIA Fish and Seafood Establishments (Export List),regulator,2026-02-06,CFIA export list entry,HIGH
LL34010,address,"598 HIGHWAY 304, OVERTON, NS, B5A5G6, Canada",https://apps.inspection.canada.ca/webapps/FishList/,CFIA Fish and Seafood Establishments (Export List),regulator,2026-02-06,CFIA export list entry,HIGH
LL34006,name,STANLEY LOBSTER COMPANY LIMITED (CFIA Ref #LL34006),https://apps.inspection.canada.ca/webapps/FishList/,CFIA Fish and Seafood Establishments (Export List),regulator,2026-02-06,CFIA export list entry,HIGH
LL34006,address,"1066 HIGHWAY 304, YARMOUTH BAR, NS, B5A5G7, Canada",https://apps.inspection.canada.ca/webapps/FishList/,CFIA Fish and Seafood Establishments (Export List),regulator,2026-02-06,CFIA export list entry,HIGH
LL34020,name,WEDGEPORT LOBSTERS LIMITED (CFIA Ref #LL34020),https://apps.inspection.canada.ca/webapps/FishList/,CFIA Fish and Seafood Establishments (Export List),regulator,2026-02-06,CFIA export list entry,HIGH
LL34020,address,"140 JACQUARD ROAD, WEDGEPORT, LOWER, NS, B0W2B0, Canada",https://apps.inspection.canada.ca/webapps/FishList/,CFIA Fish and Seafood Establishments (Export List),regulator,2026-02-06,CFIA export list entry,HIGH
LL30113,name,COTTER'S OCEAN PRODUCTS INC. (CFIA Ref #LL30113),https://apps.inspection.canada.ca/webapps/FishList/,CFIA Fish and Seafood Establishments (Export List),regulator,2026-02-06,CFIA export list entry,HIGH
LL30113,address,"91 SOUTH STREET, LOCKEPORT, NS, -, Canada",https://apps.inspection.canada.ca/webapps/FishList/,CFIA Fish and Seafood Establishments (Export List),regulator,2026-02-06,CFIA export list entry,HIGH
LL32136,name,BEAR POINT LOBSTER COMPANY (CFIA Ref #LL32136),https://apps.inspection.canada.ca/webapps/FishList/,CFIA Fish and Seafood Establishments (Export List),regulator,2026-02-06,CFIA export list entry,HIGH
LL32136,address,"693 BEAR POINT ROAD, BEAR POINT, NS, B0W3B0, Canada",https://apps.inspection.canada.ca/webapps/FishList/,CFIA Fish and Seafood Establishments (Export List),regulator,2026-02-06,CFIA export list entry,HIGH
3616,name,ARISAIG FISHERIES (2012) COMPANY (CFIA Ref #3616),https://apps.inspection.canada.ca/webapps/FishList/,CFIA Fish and Seafood Establishments (Export List),regulator,2026-02-06,CFIA export list entry,HIGH
3616,address,"133 ARISAIG POINT ROAD, ANTIGONISH COUNTY, NS, B2G2L1, Canada",https://apps.inspection.canada.ca/webapps/FishList/,CFIA Fish and Seafood Establishments (Export List),regulator,2026-02-06,CFIA export list entry,HIGH
5754,name,9132-1810 QUEBEC INC / RAYMER AQUACULTURE (CFIA Ref #5754),https://apps.inspection.canada.ca/webapps/FishList/,CFIA Fish and Seafood Establishments (Export List),regulator,2026-02-06,CFIA export list entry,HIGH
5754,address,"123 CHEMIN ST-EDGAR, NEW RICHMOND, QC, G0C2B0, Canada",https://apps.inspection.canada.ca/webapps/FishList/,CFIA Fish and Seafood Establishments (Export List),regulator,2026-02-06,CFIA export list entry,HIGH
LL16008,name,NORTH 49 HOLDINGS LTD. (CFIA Ref #LL16008),https://apps.inspection.canada.ca/webapps/FishList/,CFIA Fish and Seafood Establishments (Export List),regulator,2026-02-06,CFIA export list entry,HIGH
LL16008,address,"66 MAIN SHORE ROAD, METEGHAN, NS, B0W2J0, Canada",https://apps.inspection.canada.ca/webapps/FishList/,CFIA Fish and Seafood Establishments (Export List),regulator,2026-02-06,CFIA export list entry,HIGH
1960,name,CONTE FOOD IMPORTERS LTD (CFIA Ref #1960),https://apps.inspection.canada.ca/webapps/FishList/,CFIA Fish and Seafood Establishments (Export List),regulator,2026-02-06,CFIA export list entry,HIGH
1960,address,"#108 - 8289 NORTH FRASER WAY, BURNABY, BC, V3N0B9, Canada",https://apps.inspection.canada.ca/webapps/FishList/,CFIA Fish and Seafood Establishments (Export List),regulator,2026-02-06,CFIA export list entry,HIGH
0616,name,JAMIESON LABORATORIES LTD. (CFIA Ref #0616),https://apps.inspection.canada.ca/webapps/FishList/,CFIA Fish and Seafood Establishments (Export List),regulator,2026-02-06,CFIA export list entry,HIGH
0616,address,"4025 RHODES DRIVE, WINDSOR, ON, N8W5B5, Canada",https://apps.inspection.canada.ca/webapps/FishList/,CFIA Fish and Seafood Establishments (Export List),regulator,2026-02-06,CFIA export list entry,HIGH
1990,name,OCEAN GATE FISHERY LTD. (CFIA Ref #1990),https://apps.inspection.canada.ca/webapps/FishList/,CFIA Fish and Seafood Establishments (Export List),regulator,2026-02-06,CFIA export list entry,HIGH
1990,address,"120 - 12160 HORSESHOE WAY, RICHMOND, BC, V7A4V5, Canada",https://apps.inspection.canada.ca/webapps/FishList/,CFIA Fish and Seafood Establishments (Export List),regulator,2026-02-06,CFIA export list entry,HIGH
1502402,name,9902848 CANADA INC. (CFIA Ref #1502402),https://apps.inspection.canada.ca/webapps/FishList/,CFIA Fish and Seafood Establishments (Export List),regulator,2026-02-06,CFIA export list entry,HIGH
1502402,address,"3275 HIGHWAY 1, BELLIVEAU COVE, NS, B0W1J0, Canada",https://apps.inspection.canada.ca/webapps/FishList/,CFIA Fish and Seafood Establishments (Export List),regulator,2026-02-06,CFIA export list entry,HIGH
6039,name,SEA2SKY SEAFOOD LTD (CFIA Ref #6039),https://apps.inspection.canada.ca/webapps/FishList/,CFIA Fish and Seafood Establishments (Export List),regulator,2026-02-06,CFIA export list entry,HIGH
6039,address,"2931 OLAFSEN AVE UNIT 104, RICHMOND, BC, V6X2R4, Canada",https://apps.inspection.canada.ca/webapps/FishList/,CFIA Fish and Seafood Establishments (Export List),regulator,2026-02-06,CFIA export list entry,HIGH
6069,name,ANNE RISLEY (CFIA Ref #6069),https://apps.inspection.canada.ca/webapps/FishList/,CFIA Fish and Seafood Establishments (Export List),regulator,2026-02-06,CFIA export list entry,HIGH
6069,address,"428 MAIN STREET, MULGRAVE, NS, B0E2G0, Canada",https://apps.inspection.canada.ca/webapps/FishList/,CFIA Fish and Seafood Establishments (Export List),regulator,2026-02-06,CFIA export list entry,HIGH
6087,name,FRESHWATER CUISINE (CFIA Ref #6087),https://apps.inspection.canada.ca/webapps/FishList/,CFIA Fish and Seafood Establishments (Export List),regulator,2026-02-06,CFIA export list entry,HIGH
6087,address,"18 SUNNYSIDE ROAD, KENORA, ON, P0X1C0, Canada",https://apps.inspection.canada.ca/webapps/FishList/,CFIA Fish and Seafood Establishments (Export List),regulator,2026-02-06,CFIA export list entry,HIGH
5798,name,LES CRUSTACÉS DE GASPÉ LTÉE (CFIA Ref #5798),https://apps.inspection.canada.ca/webapps/FishList/,CFIA Fish and Seafood Establishments (Export List),regulator,2026-02-06,CFIA export list entry,HIGH
5798,address,"29 RUE DU PARC, GRANDE-RIVIÉRE, QC, G0C1V0, Canada",https://apps.inspection.canada.ca/webapps/FishList/,CFIA Fish and Seafood Establishments (Export List),regulator,2026-02-06,CFIA export list entry,HIGH
6101,name,OUT LANDISH SHELLFISH GUILD INC. (CFIA Ref #6101),https://apps.inspection.canada.ca/webapps/FishList/,CFIA Fish and Seafood Establishments (Export List),regulator,2026-02-06,CFIA export list entry,HIGH
6101,address,"657 INDUSTRIAL WAY, QUATHIASKI COVE, BC, V0P1N0, Canada",https://apps.inspection.canada.ca/webapps/FishList/,CFIA Fish and Seafood Establishments (Export List),regulator,2026-02-06,CFIA export list entry,HIGH
6074,name,CHEDABUCTO SUSTAINABLE FISHERIES INC. (CFIA Ref #6074),https://apps.inspection.canada.ca/webapps/FishList/,CFIA Fish and Seafood Establishments (Export List),regulator,2026-02-06,CFIA export list entry,HIGH
6074,address,"TICKLE ROAD, RR1 CANSO, GUYSBOROUGH COUNTY, N.S., -, NS, B0H1H0, Canada",https://apps.inspection.canada.ca/webapps/FishList/,CFIA Fish and Seafood Establishments (Export List),regulator,2026-02-06,CFIA export list entry,HIGH
6116,name,FOOD PROCESSING DEVELOPMENT CENTRE (CFIA Ref #6116),https://apps.inspection.canada.ca/webapps/FishList/,CFIA Fish and Seafood Establishments (Export List),regulator,2026-02-06,CFIA export list entry,HIGH
6116,address,"6309 45 ST, LEDUC, AB, T9E7C5, Canada",https://apps.inspection.canada.ca/webapps/FishList/,CFIA Fish and Seafood Establishments (Export List),regulator,2026-02-06,CFIA export list entry,HIGH
6123,name,LIBERIO SEAFOOD INC. (CFIA Ref #6123),https://apps.inspection.canada.ca/webapps/FishList/,CFIA Fish and Seafood Establishments (Export List),regulator,2026-02-06,CFIA export list entry,HIGH
6123,address,"7337 JEAN VALETS, MONTRÉAL, QC, H1E 3H, Canada",https://apps.inspection.canada.ca/webapps/FishList/,CFIA Fish and Seafood Establishments (Export List),regulator,2026-02-06,CFIA export list entry,HIGH
6125,name,LONG POINT LOBSTER & SEAFOOD LIMITED (CFIA Ref #6125),https://apps.inspection.canada.ca/webapps/FishList/,CFIA Fish and Seafood Establishments (Export List),regulator,2026-02-06,CFIA export list entry,HIGH
6125,address,"81 ORION WHARF ROAD NEWELLTON, SHELBURNE COUNTY, NS, B0W1P0, Canada",https://apps.inspection.canada.ca/webapps/FishList/,CFIA Fish and Seafood Establishments (Export List),regulator,2026-02-06,CFIA export list entry,HIGH
1422,name,R & K MURPHY ENTERPRISES LIMITED (CFIA Ref #1422),https://apps.inspection.canada.ca/webapps/FishList/,CFIA Fish and Seafood Establishments (Export List),regulator,2026-02-06,CFIA export list entry,HIGH
1422,address,"2882 MELBOURNE RD, PINKNEYS POINT, NS, B0W1B0, Canada",https://apps.inspection.canada.ca/webapps/FishList/,CFIA Fish and Seafood Establishments (Export List),regulator,2026-02-06,CFIA export list entry,HIGH
6115,name,COASTAL SHELLFISH LIMITED PARTNERSHIP (CFIA Ref #6115),https://apps.inspection.canada.ca/webapps/FishList/,CFIA Fish and Seafood Establishments (Export List),regulator,2026-02-06,CFIA export list entry,HIGH
6115,address,"2319 SEAL COVE ROAD, PRINCE RUPERT, BC, V8J 2K8, Canada",https://apps.inspection.canada.ca/webapps/FishList/,CFIA Fish and Seafood Establishments (Export List),regulator,2026-02-06,CFIA export list entry,HIGH
0922,name,C.B. ISLAND FISHERIES LTD. (CFIA Ref #0922),https://apps.inspection.canada.ca/webapps/FishList/,CFIA Fish and Seafood Establishments (Export List),regulator,2026-02-06,CFIA export list entry,HIGH
0922,address,"1160 HIGHWAY 16, MASSET, BC, V0T 1M0, Canada",https://apps.inspection.canada.ca/webapps/FishList/,CFIA Fish and Seafood Establishments (Export List),regulator,2026-02-06,CFIA export list entry,HIGH
6140,name,CHIN TAI GINSENG CO LTD (CFIA Ref #6140),https://apps.inspection.canada.ca/webapps/FishList/,CFIA Fish and Seafood Establishments (Export List),regulator,2026-02-06,CFIA export list entry,HIGH
6140,address,"1904 WINDHAM RD. #3, SCOTLAND, ON, N0E 1R0, Canada",https://apps.inspection.canada.ca/webapps/FishList/,CFIA Fish and Seafood Establishments (Export List),regulator,2026-02-06,CFIA export list entry,HIGH
0536,name,MARCHÉ BLAIS INC (CFIA Ref #0536),https://apps.inspection.canada.ca/webapps/FishList/,CFIA Fish and Seafood Establishments (Export List),regulator,2026-02-06,CFIA export list entry,HIGH
0536,address,"11 AVENUE DU PARC INDUSTRIEL CP 1007, PABOS, QC, G0C2H0, Canada",https://apps.inspection.canada.ca/webapps/FishList/,CFIA Fish and Seafood Establishments (Export List),regulator,2026-02-06,CFIA export list entry,HIGH
6144,name,HIGH TIDE FISHERIES LTD. (CFIA Ref #6144),https://apps.inspection.canada.ca/webapps/FishList/,CFIA Fish and Seafood Establishments (Export List),regulator,2026-02-06,CFIA export list entry,HIGH
6144,address,"28 GRIFFIN DR, BLOOMFIELD, PE, C0B1E0, Canada",https://apps.inspection.canada.ca/webapps/FishList/,CFIA Fish and Seafood Establishments (Export List),regulator,2026-02-06,CFIA export list entry,HIGH
6145,name,10955159 CANADA LIMITED (CFIA Ref #6145),https://apps.inspection.canada.ca/webapps/FishList/,CFIA Fish and Seafood Establishments (Export List),regulator,2026-02-06,CFIA export list entry,HIGH
6145,address,"1221 MONTEE DE LIESSE, SAINT-LAURENT, QC, H4S1J7, Canada",https://apps.inspection.canada.ca/webapps/FishList/,CFIA Fish and Seafood Establishments (Export List),regulator,2026-02-06,CFIA export list entry,HIGH
6146,name,1408406 B.C. LTD./ SMOKEMASTERS (CFIA Ref #6146),https://apps.inspection.canada.ca/webapps/FishList/,CFIA Fish and Seafood Establishments (Export List),regulator,2026-02-06,CFIA export list entry,HIGH
6146,address,"3051 VAN HORNE RD, QUALICUM BEACH, BC, V9K1X2, Canada",https://apps.inspection.canada.ca/webapps/FishList/,CFIA Fish and Seafood Establishments (Export List),regulator,2026-02-06,CFIA export list entry,HIGH
6147,name,CANLOB INTERNATIONAL CO. (CFIA Ref #6147),https://apps.inspection.canada.ca/webapps/FishList/,CFIA Fish and Seafood Establishments (Export List),regulator,2026-02-06,CFIA export list entry,HIGH
6147,address,"6-120 WEST BEAVER CREEK ROAD, RICHMOND HILL, ON, L4B1L2, Canada",https://apps.inspection.canada.ca/webapps/FishList/,CFIA Fish and Seafood Establishments (Export List),regulator,2026-02-06,CFIA export list entry,HIGH
6089,name,CANADIAN SUSTAINABLE PRODUCTS LTD. (CFIA Ref #6089),https://apps.inspection.canada.ca/webapps/FishList/,CFIA Fish and Seafood Establishments (Export List),regulator,2026-02-06,CFIA export list entry,HIGH
6089,address,"SW7 22 1W, POPLARFIELD, RICHMOND HILL, MB, R0C2N0, Canada",https://apps.inspection.canada.ca/webapps/FishList/,CFIA Fish and Seafood Establishments (Export List),regulator,2026-02-06,CFIA export list entry,HIGH
6148,name,BSA WIBERG INC/BSA WIBERG INC.MONTRÉAL (CFIA Ref #6148),https://apps.inspection.canada.ca/webapps/FishList/,CFIA Fish and Seafood Establishments (Export List),regulator,2026-02-06,CFIA export list entry,HIGH
6148,address,"6005 BOULEVARD COUTURE, MONTRÉAL, QC, H1P3E1, Canada",https://apps.inspection.canada.ca/webapps/FishList/,CFIA Fish and Seafood Establishments (Export List),regulator,2026-02-06,CFIA export list entry,HIGH
4154,name,MISCOU FISH PRODUCTS INC. (CFIA Ref #4154),https://apps.inspection.canada.ca/webapps/FishList/,CFIA Fish and Seafood Establishments (Export List),regulator,2026-02-06,CFIA export list entry,HIGH
4154,address,"24 ALLÉE DU QUAI DE MISCOU, MISCOU, NC, E8T2E9, Canada",https://apps.inspection.canada.ca/webapps/FishList/,CFIA Fish and Seafood Establishments (Export List),regulator,2026-02-06,CFIA export list entry,HIGH
0372,name,R I SMITH COMPANY LIMITED (CFIA Ref #0372),https://apps.inspection.canada.ca/webapps/FishList/,CFIA Fish and Seafood Establishments (Export List),regulator,2026-02-06,CFIA export list entry,HIGH
0372,address,"5707 HIGHWAY 3, SHAG HARBOUR, NS, B0W3B0, Canada",https://apps.inspection.canada.ca/webapps/FishList/,CFIA Fish and Seafood Establishments (Export List),regulator,2026-02-06,CFIA export list entry,HIGH
6055,name,QUODDY SAVOUR SEAFOOD LTD. (CFIA Ref #6055),https://apps.inspection.canada.ca/webapps/FishList/,CFIA Fish and Seafood Establishments (Export List),regulator,2026-02-06,CFIA export list entry,HIGH
6055,address,"162 MEALEY ROAD, PENNFIELD, NB, E5H0B1, Canada",https://apps.inspection.canada.ca/webapps/FishList/,CFIA Fish and Seafood Establishments (Export List),regulator,2026-02-06,CFIA export list entry,HIGH
6151,name,LOBLAWS INC. (CFIA Ref #6151),https://apps.inspection.canada.ca/webapps/FishList/,CFIA Fish and Seafood Establishments (Export List),regulator,2026-02-06,CFIA export list entry,HIGH
6151,address,"55 FREEPORT BLVD., CALGARY, AB, T3J4X9, Canada",https://apps.inspection.canada.ca/webapps/FishList/,CFIA Fish and Seafood Establishments (Export List),regulator,2026-02-06,CFIA export list entry,HIGH
6154,name,AU P’TIT MARCHÉ TRAITEUR INC. (CFIA Ref #6154),https://apps.inspection.canada.ca/webapps/FishList/,CFIA Fish and Seafood Establishments (Export List),regulator,2026-02-06,CFIA export list entry,HIGH
6154,address,"101 RUE DE LA BARRE, BOUCHERVILLE, QC, J4B2X6, Canada",https://apps.inspection.canada.ca/webapps/FishList/,CFIA Fish and Seafood Establishments (Export List),regulator,2026-02-06,CFIA export list entry,HIGH
6155,name,TRUE NORTH SALMON LIMITED PARTNERSHIP (CFIA Ref #6155),https://apps.inspection.canada.ca/webapps/FishList/,CFIA Fish and Seafood Establishments (Export List),regulator,2026-02-06,CFIA export list entry,HIGH
6155,address,"390 HIGNEY AVENUE, DARTMOUTH, NS, B3B0L4, Canada",https://apps.inspection.canada.ca/webapps/FishList/,CFIA Fish and Seafood Establishments (Export List),regulator,2026-02-06,CFIA export list entry,HIGH
6156,name,FIT FOODS LTD. (CFIA Ref #6156),https://apps.inspection.canada.ca/webapps/FishList/,CFIA Fish and Seafood Establishments (Export List),regulator,2026-02-06,CFIA export list entry,HIGH
6156,address,"1589 KEBET WAY, PORT COQUITLAM, BC, V3C6L5, Canada",https://apps.inspection.canada.ca/webapps/FishList/,CFIA Fish and Seafood Establishments (Export List),regulator,2026-02-06,CFIA export list entry,HIGH
6158,name,ONE TUNA INC. (CFIA Ref #6158),https://apps.inspection.canada.ca/webapps/FishList/,CFIA Fish and Seafood Establishments (Export List),regulator,2026-02-06,CFIA export list entry,HIGH
6158,address,"6295 NORTHSIDE RD, NORTH LAKE, PEI, C0A1K0, Canada",https://apps.inspection.canada.ca/webapps/FishList/,CFIA Fish and Seafood Establishments (Export List),regulator,2026-02-06,CFIA export list entry,HIGH
6159,name,ARCTICA FOOD GROUP CANADA INC. (CFIA Ref #6159),https://apps.inspection.canada.ca/webapps/FishList/,CFIA Fish and Seafood Establishments (Export List),regulator,2026-02-06,CFIA export list entry,HIGH
6159,address,"8888 BOUL. DU QUARTIER, BROSSARD, QC, J4Y3K6, Canada",https://apps.inspection.canada.ca/webapps/FishList/,CFIA Fish and Seafood Establishments (Export List),regulator,2026-02-06,CFIA export list entry,HIGH
6160,name,EVENING COVE OYSTERS PROCESSING LTD. (CFIA Ref #6160),https://apps.inspection.canada.ca/webapps/FishList/,CFIA Fish and Seafood Establishments (Export List),regulator,2026-02-06,CFIA export list entry,HIGH
6160,address,"1844 THATCHER ROAD, NANAIMO, BC, V9X1T3, Canada",https://apps.inspection.canada.ca/webapps/FishList/,CFIA Fish and Seafood Establishments (Export List),regulator,2026-02-06,CFIA export list entry,HIGH
6161,name,PACIFIC LEGACY SEAFOOD INC. (PACIFIC LEGACY NO 1) (CFIA Ref #6161),https://apps.inspection.canada.ca/webapps/FishList/,CFIA Fish and Seafood Establishments (Export List),regulator,2026-02-06,CFIA export list entry,HIGH
6161,address,"12-200 ORWELL STREET, NORTH VANCOUVER, BC, V7J2G1, Canada",https://apps.inspection.canada.ca/webapps/FishList/,CFIA Fish and Seafood Establishments (Export List),regulator,2026-02-06,CFIA export list entry,HIGH
6163,name,BELLA BELLA NATURAL FOODS LTD (CFIA Ref #6163),https://apps.inspection.canada.ca/webapps/FishList/,CFIA Fish and Seafood Establishments (Export List),regulator,2026-02-06,CFIA export list entry,HIGH
6163,address,"563 EBURY PLACE, DELTA, BC, V3M6M8, Canada",https://apps.inspection.canada.ca/webapps/FishList/,CFIA Fish and Seafood Establishments (Export List),regulator,2026-02-06,CFIA export list entry,HIGH
6165,name,CHASE'S SHELLFISH LIMITED (CFIA Ref #6165),https://apps.inspection.canada.ca/webapps/FishList/,CFIA Fish and Seafood Establishments (Export List),regulator,2026-02-06,CFIA export list entry,HIGH
6165,address,"50 BRICKYARD ROAD, PUGWASH, NS, BOK1L0, Canada",https://apps.inspection.canada.ca/webapps/FishList/,CFIA Fish and Seafood Establishments (Export List),regulator,2026-02-06,CFIA export list entry,HIGH
6166,name,LEGAL BUSINESS NAME: HANG HING HERBAL MEDICINE LTD. (CFIA Ref #6166),https://apps.inspection.canada.ca/webapps/FishList/,CFIA Fish and Seafood Establishments (Export List),regulator,2026-02-06,CFIA export list entry,HIGH
6166,address,"238-242 EAST PENDER STREET, VANCOUVER, BC, V6A1T7, Canada",https://apps.inspection.canada.ca/webapps/FishList/,CFIA Fish and Seafood Establishments (Export List),regulator,2026-02-06,CFIA export list entry,HIGH
6167,name,QUIN-SEA FISHERIES LIMITED (CFIA Ref #6167),https://apps.inspection.canada.ca/webapps/FishList/,CFIA Fish and Seafood Establishments (Export List),regulator,2026-02-06,CFIA export list entry,HIGH
6167,address,"1 HIGDON’S FISH PLANT ROAD, NEW HARBOUR, NL, A0B2P0, Canada",https://apps.inspection.canada.ca/webapps/FishList/,CFIA Fish and Seafood Establishments (Export List),regulator,2026-02-06,CFIA export list entry,HIGH
0050,name,DORMAN ROBERTS LTD. (CFIA Ref #0050),https://apps.inspection.canada.ca/webapps/FishList/,CFIA Fish and Seafood Establishments (Export List),regulator,2026-02-06,CFIA export list entry,HIGH
0050,address,"365 MAIN STREET, TRITON, NL, A0J1V0, Canada",https://apps.inspection.canada.ca/webapps/FishList/,CFIA Fish and Seafood Establishments (Export List),regulator,2026-02-06,CFIA export list entry,HIGH
6168,name,BENTO INC. (CFIA Ref #6168),https://apps.inspection.canada.ca/webapps/FishList/,CFIA Fish and Seafood Establishments (Export List),regulator,2026-02-06,CFIA export list entry,HIGH
6168,address,"4311 VIKING WAY, RICHMOND, BC, V6V2K9, Canada",https://apps.inspection.canada.ca/webapps/FishList/,CFIA Fish and Seafood Establishments (Export List),regulator,2026-02-06,CFIA export list entry,HIGH
6170,name,ARCTIC STAR FOODS (CFIA Ref #6170),https://apps.inspection.canada.ca/webapps/FishList/,CFIA Fish and Seafood Establishments (Export List),regulator,2026-02-06,CFIA export list entry,HIGH
6170,address,"2388, 46ième AVENUE, LACHINE, QC, H8T2P3, Canada",https://apps.inspection.canada.ca/webapps/FishList/,CFIA Fish and Seafood Establishments (Export List),regulator,2026-02-06,CFIA export list entry,HIGH
1069,name,GULF SHRIMP LIMITED (CFIA Ref #1069),https://apps.inspection.canada.ca/webapps/FishList/,CFIA Fish and Seafood Establishments (Export List),regulator,2026-02-06,CFIA export list entry,HIGH
1069,address,"72 WATER STREET, BAIE VERTE, NL, A0K1B0, Canada",https://apps.inspection.canada.ca/webapps/FishList/,CFIA Fish and Seafood Establishments (Export List),regulator,2026-02-06,CFIA export list entry,HIGH
1123,name,NU SEA PRODUCTS INC. - PDG (CFIA Ref #1123),https://apps.inspection.canada.ca/webapps/FishList/,CFIA Fish and Seafood Establishments (Export List),regulator,2026-02-06,CFIA export list entry,HIGH
1123,address,"MAIN ROAD, PORT DE GRAVE, NL, A0A3J0, Canada",https://apps.inspection.canada.ca/webapps/FishList/,CFIA Fish and Seafood Establishments (Export List),regulator,2026-02-06,CFIA export list entry,HIGH
1070,name,BARRY GROUP INC. (CFIA Ref #1070),https://apps.inspection.canada.ca/webapps/FishList/,CFIA Fish and Seafood Establishments (Export List),regulator,2026-02-06,CFIA export list entry,HIGH
1070,address,"23A MAIN STREET, COX’S COVE, NL, A0L 1C0, Canada",https://apps.inspection.canada.ca/webapps/FishList/,CFIA Fish and Seafood Establishments (Export List),regulator,2026-02-06,CFIA export list entry,HIGH
6171,name,BENSON LOBSTER CO LTD (CFIA Ref #6171),https://apps.inspection.canada.ca/webapps/FishList/,CFIA Fish and Seafood Establishments (Export List),regulator,2026-02-06,CFIA export list entry,HIGH
6171,address,"250 SHORE ROAD, GRAND MANAN, NB, E5G3E8, Canada",https://apps.inspection.canada.ca/webapps/FishList/,CFIA Fish and Seafood Establishments (Export List),regulator,2026-02-06,CFIA export list entry,HIGH
6175,name,NORTH ATLANTIC AQUAPONICS LTD. BLACK DUCK SIDING (CFIA Ref #6175),https://apps.inspection.canada.ca/webapps/FishList/,CFIA Fish and Seafood Establishments (Export List),regulator,2026-02-06,CFIA export list entry,HIGH
6175,address,"32 FARM RD, BLACK DUCK SIDING, NL, A0N2G0, Canada",https://apps.inspection.canada.ca/webapps/FishList/,CFIA Fish and Seafood Establishments (Export List),regulator,2026-02-06,CFIA export list entry,HIGH
6177,name,LOBSTERBOYS SH LTD. (CFIA Ref #6177),https://apps.inspection.canada.ca/webapps/FishList/,CFIA Fish and Seafood Establishments (Export List),regulator,2026-02-06,CFIA export list entry,HIGH
6177,address,"5523-5525 HIGHWAY 3, SHAG HARBOUR, NS, B0W3B0, Canada",https://apps.inspection.canada.ca/webapps/FishList/,CFIA Fish and Seafood Establishments (Export List),regulator,2026-02-06,CFIA export list entry,HIGH
6178,name,LOGAN'S LEGACY FISHERIES LIMITED (CFIA Ref #6178),https://apps.inspection.canada.ca/webapps/FishList/,CFIA Fish and Seafood Establishments (Export List),regulator,2026-02-06,CFIA export list entry,HIGH
6178,address,"47 COMMERCIAL STREET, PORT LA TOUR, NS, B0W1C0, Canada",https://apps.inspection.canada.ca/webapps/FishList/,CFIA Fish and Seafood Establishments (Export List),regulator,2026-02-06,CFIA export list entry,HIGH
6179,name,MARSAN FOODS ULC (CFIA Ref #6179),https://apps.inspection.canada.ca/webapps/FishList/,CFIA Fish and Seafood Establishments (Export List),regulator,2026-02-06,CFIA export list entry,HIGH
6179,address,"160 THERMOS ROAD, TORO, ON, M1L4W2, Canada",https://apps.inspection.canada.ca/webapps/FishList/,CFIA Fish and Seafood Establishments (Export List),regulator,2026-02-06,CFIA export list entry,HIGH
6182,name,#15 - WHISKEY POINT (CFIA Ref #6182),https://apps.inspection.canada.ca/webapps/FishList/,CFIA Fish and Seafood Establishments (Export List),regulator,2026-02-06,CFIA export list entry,HIGH
6182,address,"7124 THUNDER BAY ST, POWELL RIVER, BC, V8A1E6, Canada",https://apps.inspection.canada.ca/webapps/FishList/,CFIA Fish and Seafood Establishments (Export List),regulator,2026-02-06,CFIA export list entry,HIGH
6183,name,Lasqueti Steeler Fishing Co. Ltd. / Lasqueti Endeavor (CFIA Ref #6183),https://apps.inspection.canada.ca/webapps/FishList/,CFIA Fish and Seafood Establishments (Export List),regulator,2026-02-06,CFIA export list entry,HIGH
6183,address,"1055 Lee Road, Parksville, BC, V9P2E1, Canada",https://apps.inspection.canada.ca/webapps/FishList/,CFIA Fish and Seafood Establishments (Export List),regulator,2026-02-06,CFIA export list entry,HIGH
6186,name,MISS TONI (CFIA Ref #6186),https://apps.inspection.canada.ca/webapps/FishList/,CFIA Fish and Seafood Establishments (Export List),regulator,2026-02-06,CFIA export list entry,HIGH
6186,address,"299 GEORGE HILLS WAY, PRINCE RUPERT, BC, V8J1XZ2, Canada",https://apps.inspection.canada.ca/webapps/FishList/,CFIA Fish and Seafood Establishments (Export List),regulator,2026-02-06,CFIA export list entry,HIGH
6188,name,COLD FISH 23103 (CFIA Ref #6188),https://apps.inspection.canada.ca/webapps/FishList/,CFIA Fish and Seafood Establishments (Export List),regulator,2026-02-06,CFIA export list entry,HIGH
6188,address,"7857 HUSTON RD, DELTA, BC, V4G0A5, Canada",https://apps.inspection.canada.ca/webapps/FishList/,CFIA Fish and Seafood Establishments (Export List),regulator,2026-02-06,CFIA export list entry,HIGH
6189,name,TRIPLE M III (CFIA Ref #6189),https://apps.inspection.canada.ca/webapps/FishList/,CFIA Fish and Seafood Establishments (Export List),regulator,2026-02-06,CFIA export list entry,HIGH
6189,address,"3051 MAPLE GLEN DR, COURTENAY, BC, V9N9N9, Canada",https://apps.inspection.canada.ca/webapps/FishList/,CFIA Fish and Seafood Establishments (Export List),regulator,2026-02-06,CFIA export list entry,HIGH
6191,name,CHOW DOWN SHRIMP INC./#11 - PE 229 (CFIA Ref #6191),https://apps.inspection.canada.ca/webapps/FishList/,CFIA Fish and Seafood Establishments (Export List),regulator,2026-02-06,CFIA export list entry,HIGH
6191,address,"12740 TRITES ROAD, RICHMOND, BC, V7E3R8, Canada",https://apps.inspection.canada.ca/webapps/FishList/,CFIA Fish and Seafood Establishments (Export List),regulator,2026-02-06,CFIA export list entry,HIGH
6193,name,LUC DO (CFIA Ref #6193),https://apps.inspection.canada.ca/webapps/FishList/,CFIA Fish and Seafood Establishments (Export List),regulator,2026-02-06,CFIA export list entry,HIGH
6193,address,"7216 ROSS ST, VANCOUVER, BC, V5X4B6, Canada",https://apps.inspection.canada.ca/webapps/FishList/,CFIA Fish and Seafood Establishments (Export List),regulator,2026-02-06,CFIA export list entry,HIGH
6194,name,SUN-RA LOGOS LTD./PACIFIC WILL (CFIA Ref #6194),https://apps.inspection.canada.ca/webapps/FishList/,CFIA Fish and Seafood Establishments (Export List),regulator,2026-02-06,CFIA export list entry,HIGH
6194,address,"12740 Trites Road, Richmond, BC, V7E3R8, Canada",https://apps.inspection.canada.ca/webapps/FishList/,CFIA Fish and Seafood Establishments (Export List),regulator,2026-02-06,CFIA export list entry,HIGH
6195,name,PACIFIC AMBITION ENTERPRISES LTD. (CFIA Ref #6195),https://apps.inspection.canada.ca/webapps/FishList/,CFIA Fish and Seafood Establishments (Export List),regulator,2026-02-06,CFIA export list entry,HIGH
6195,address,"3128A PADGETT RD., POWELL RIVER, BC, V8A0S6, Canada",https://apps.inspection.canada.ca/webapps/FishList/,CFIA Fish and Seafood Establishments (Export List),regulator,2026-02-06,CFIA export list entry,HIGH
6197,name,DAYTONA WON 30972 (CFIA Ref #6197),https://apps.inspection.canada.ca/webapps/FishList/,CFIA Fish and Seafood Establishments (Export List),regulator,2026-02-06,CFIA export list entry,HIGH
6197,address,"303-1111 BLANSHARD ST, VICTORIA, BC, V8W2H7, Canada",https://apps.inspection.canada.ca/webapps/FishList/,CFIA Fish and Seafood Establishments (Export List),regulator,2026-02-06,CFIA export list entry,HIGH
6199,name,HARVEST SEASON FISHING LTD./#21 - HARVEST SEASON (CFIA Ref #6199),https://apps.inspection.canada.ca/webapps/FishList/,CFIA Fish and Seafood Establishments (Export List),regulator,2026-02-06,CFIA export list entry,HIGH
6199,address,"121 PORT AUGUSTA, ST COMOX, BC, V9M3N8, Canada",https://apps.inspection.canada.ca/webapps/FishList/,CFIA Fish and Seafood Establishments (Export List),regulator,2026-02-06,CFIA export list entry,HIGH
6201,name,LU LU KING 30341 (CFIA Ref #6201),https://apps.inspection.canada.ca/webapps/FishList/,CFIA Fish and Seafood Establishments (Export List),regulator,2026-02-06,CFIA export list entry,HIGH
6201,address,"838 MONARCH DRIVE, COURTENAY, BC, V9N8R7, Canada",https://apps.inspection.canada.ca/webapps/FishList/,CFIA Fish and Seafood Establishments (Export List),regulator,2026-02-06,CFIA export list entry,HIGH
6202,name,Kitasoo Band Store Ltd. (CFIA Ref #6202),https://apps.inspection.canada.ca/webapps/FishList/,CFIA Fish and Seafood Establishments (Export List),regulator,2026-02-06,CFIA export list entry,HIGH
6202,address,"540 KITASOO ROAD, KLEMTU, BC, V0T1L0, Canada",https://apps.inspection.canada.ca/webapps/FishList/,CFIA Fish and Seafood Establishments (Export List),regulator,2026-02-06,CFIA export list entry,HIGH
6203,name,DAMARIE 28748 (CFIA Ref #6203),https://apps.inspection.canada.ca/webapps/FishList/,CFIA Fish and Seafood Establishments (Export List),regulator,2026-02-06,CFIA export list entry,HIGH
6203,address,"6717 KLAHANIE DR., POWELL RIVER, BC, V8A0C2, Canada",https://apps.inspection.canada.ca/webapps/FishList/,CFIA Fish and Seafood Establishments (Export List),regulator,2026-02-06,CFIA export list entry,HIGH
6204,name,Apple River Fishing Ltd./ Ocean Phoenix 22558 (CFIA Ref #6204),https://apps.inspection.canada.ca/webapps/FishList/,CFIA Fish and Seafood Establishments (Export List),regulator,2026-02-06,CFIA export list entry,HIGH
6204,address,"1055 Lee Road, Parksville, BC, V9P2E1, Canada",https://apps.inspection.canada.ca/webapps/FishList/,CFIA Fish and Seafood Establishments (Export List),regulator,2026-02-06,CFIA export list entry,HIGH
6205,name,Apple River Fishing Ltd. / Lasqueti Wrangler 30868 (CFIA Ref #6205),https://apps.inspection.canada.ca/webapps/FishList/,CFIA Fish and Seafood Establishments (Export List),regulator,2026-02-06,CFIA export list entry,HIGH
6205,address,"1055 Lee Road, Parksville, BC, V9P2E1, Canada",https://apps.inspection.canada.ca/webapps/FishList/,CFIA Fish and Seafood Establishments (Export List),regulator,2026-02-06,CFIA export list entry,HIGH
6206,name,NASPARATI (CFIA Ref #6206),https://apps.inspection.canada.ca/webapps/FishList/,CFIA Fish and Seafood Establishments (Export List),regulator,2026-02-06,CFIA export list entry,HIGH
6206,address,"815 GEORGIA AVENUE, NANAIMO, BC, V9R6E3, Canada",https://apps.inspection.canada.ca/webapps/FishList/,CFIA Fish and Seafood Establishments (Export List),regulator,2026-02-06,CFIA export list entry,HIGH
6208,name,DIANE LOUISE (CFIA Ref #6208),https://apps.inspection.canada.ca/webapps/FishList/,CFIA Fish and Seafood Establishments (Export List),regulator,2026-02-06,CFIA export list entry,HIGH
6208,address,"46419 BEDFORD PARKWAY, CHILLIWACK, BC, V2R5N4, Canada",https://apps.inspection.canada.ca/webapps/FishList/,CFIA Fish and Seafood Establishments (Export List),regulator,2026-02-06,CFIA export list entry,HIGH
6209,name,Marshman Industries Ltd. / Miss Gabrielle 312520 (CFIA Ref #6209),https://apps.inspection.canada.ca/webapps/FishList/,CFIA Fish and Seafood Establishments (Export List),regulator,2026-02-06,CFIA export list entry,HIGH
6209,address,"611 School Rd, Gibsons, BC, V0N1V9, Canada",https://apps.inspection.canada.ca/webapps/FishList/,CFIA Fish and Seafood Establishments (Export List),regulator,2026-02-06,CFIA export list entry,HIGH
6210,name,INLET HARVESTER 30793 (CFIA Ref #6210),https://apps.inspection.canada.ca/webapps/FishList/,CFIA Fish and Seafood Establishments (Export List),regulator,2026-02-06,CFIA export list entry,HIGH
6210,address,"4288 ONTARIO AVE, POWELL RIVER, BC, V8A3G9, Canada",https://apps.inspection.canada.ca/webapps/FishList/,CFIA Fish and Seafood Establishments (Export List),regulator,2026-02-06,CFIA export list entry,HIGH
6211,name,WHEREAWAY II (CFIA Ref #6211),https://apps.inspection.canada.ca/webapps/FishList/,CFIA Fish and Seafood Establishments (Export List),regulator,2026-02-06,CFIA export list entry,HIGH
6211,address,"2488 37TH AVENUE, VANCOUVER, BC, V5R2T3, Canada",https://apps.inspection.canada.ca/webapps/FishList/,CFIA Fish and Seafood Establishments (Export List),regulator,2026-02-06,CFIA export list entry,HIGH
6212,name,FEAR KNOT II (CFIA Ref #6212),https://apps.inspection.canada.ca/webapps/FishList/,CFIA Fish and Seafood Establishments (Export List),regulator,2026-02-06,CFIA export list entry,HIGH
6212,address,"2425 EDWARDS RD., NANOOSE BAY, BC, V9P9A5, Canada",https://apps.inspection.canada.ca/webapps/FishList/,CFIA Fish and Seafood Establishments (Export List),regulator,2026-02-06,CFIA export list entry,HIGH
6214,name,Kermode Marine Ltd./Brant 23391 (CFIA Ref #6214),https://apps.inspection.canada.ca/webapps/FishList/,CFIA Fish and Seafood Establishments (Export List),regulator,2026-02-06,CFIA export list entry,HIGH
6214,address,"1601 Broadlands Road, Errington, BC, V0R1V0, Canada",https://apps.inspection.canada.ca/webapps/FishList/,CFIA Fish and Seafood Establishments (Export List),regulator,2026-02-06,CFIA export list entry,HIGH
6215,name,MISS LYNA FISHING VESSEL (CFIA Ref #6215),https://apps.inspection.canada.ca/webapps/FishList/,CFIA Fish and Seafood Establishments (Export List),regulator,2026-02-06,CFIA export list entry,HIGH
6215,address,"204 SILVERSIDES DRIVE, PRINCE RUPERT, BC, V8J4P9, Canada",https://apps.inspection.canada.ca/webapps/FishList/,CFIA Fish and Seafood Establishments (Export List),regulator,2026-02-06,CFIA export list entry,HIGH
6216,name,FV C101 (CFIA Ref #6216),https://apps.inspection.canada.ca/webapps/FishList/,CFIA Fish and Seafood Establishments (Export List),regulator,2026-02-06,CFIA export list entry,HIGH
6216,address,"4477 9TH AVENUE, PORT ALBERNI, BC, V9Y4V4, Canada",https://apps.inspection.canada.ca/webapps/FishList/,CFIA Fish and Seafood Establishments (Export List),regulator,2026-02-06,CFIA export list entry,HIGH
6217,name,DEVIL FISH (CFIA Ref #6217),https://apps.inspection.canada.ca/webapps/FishList/,CFIA Fish and Seafood Establishments (Export List),regulator,2026-02-06,CFIA export list entry,HIGH
6217,address,"550 COVE PLACE, CAMPBELL RIVER, BC, V9W7Z6, Canada",https://apps.inspection.canada.ca/webapps/FishList/,CFIA Fish and Seafood Establishments (Export List),regulator,2026-02-06,CFIA export list entry,HIGH
6218,name,Oceans Edge Fishing Ltd./Ocean's Edge II (CFIA Ref #6218),https://apps.inspection.canada.ca/webapps/FishList/,CFIA Fish and Seafood Establishments (Export List),regulator,2026-02-06,CFIA export list entry,HIGH
6218,address,"24622 35 Ave, Langley, BC, V2Z1J2, Canada",https://apps.inspection.canada.ca/webapps/FishList/,CFIA Fish and Seafood Establishments (Export List),regulator,2026-02-06,CFIA export list entry,HIGH
6220,name,PACIFIC BOUNTY (CFIA Ref #6220),https://apps.inspection.canada.ca/webapps/FishList/,CFIA Fish and Seafood Establishments (Export List),regulator,2026-02-06,CFIA export list entry,HIGH
6220,address,"953 MEADOWLARK PLACE, QUALICUM BEACH, BC, V9K1M6, Canada",https://apps.inspection.canada.ca/webapps/FishList/,CFIA Fish and Seafood Establishments (Export List),regulator,2026-02-06,CFIA export list entry,HIGH
6221,name,COREY J (CFIA Ref #6221),https://apps.inspection.canada.ca/webapps/FishList/,CFIA Fish and Seafood Establishments (Export List),regulator,2026-02-06,CFIA export list entry,HIGH
6221,address,"600 PYM STREET, PARKSVILLE, BC, V9P1B6, Canada",https://apps.inspection.canada.ca/webapps/FishList/,CFIA Fish and Seafood Establishments (Export List),regulator,2026-02-06,CFIA export list entry,HIGH
6223,name,NORDIC STAR (CFIA Ref #6223),https://apps.inspection.canada.ca/webapps/FishList/,CFIA Fish and Seafood Establishments (Export List),regulator,2026-02-06,CFIA export list entry,HIGH
6223,address,"1700 8TH AVE EAST, PRINCE RUPERT, BC, V8J2P1, Canada",https://apps.inspection.canada.ca/webapps/FishList/,CFIA Fish and Seafood Establishments (Export List),regulator,2026-02-06,CFIA export list entry,HIGH
6226,name,LISA JESS CFV 25860 (CFIA Ref #6226),https://apps.inspection.canada.ca/webapps/FishList/,CFIA Fish and Seafood Establishments (Export List),regulator,2026-02-06,CFIA export list entry,HIGH
6226,address,"705 Island Highway, Campbell River, BC, V9W2C2, Canada",https://apps.inspection.canada.ca/webapps/FishList/,CFIA Fish and Seafood Establishments (Export List),regulator,2026-02-06,CFIA export list entry,HIGH
6227,name,GOLDEN OCEAN (CFIA Ref #6227),https://apps.inspection.canada.ca/webapps/FishList/,CFIA Fish and Seafood Establishments (Export List),regulator,2026-02-06,CFIA export list entry,HIGH
6227,address,"5098 CHATHAM ST, VANCOUVER, BC, V5R 3Z3, Canada",https://apps.inspection.canada.ca/webapps/FishList/,CFIA Fish and Seafood Establishments (Export List),regulator,2026-02-06,CFIA export list entry,HIGH
6228,name,SANS PEUR 25215 (CFIA Ref #6228),https://apps.inspection.canada.ca/webapps/FishList/,CFIA Fish and Seafood Establishments (Export List),regulator,2026-02-06,CFIA export list entry,HIGH
6228,address,"2894 SMITH RD, COURTENAY, BC, V9J 1M6, Canada",https://apps.inspection.canada.ca/webapps/FishList/,CFIA Fish and Seafood Establishments (Export List),regulator,2026-02-06,CFIA export list entry,HIGH
6230,name,ANNIX HOLDINGS LTD. / MORNING TIDE II 21970 (CFIA Ref #6230),https://apps.inspection.canada.ca/webapps/FishList/,CFIA Fish and Seafood Establishments (Export List),regulator,2026-02-06,CFIA export list entry,HIGH
6230,address,"1423 GROUSE RIDGE RD, LUND, BC, V0N 2G0, Canada",https://apps.inspection.canada.ca/webapps/FishList/,CFIA Fish and Seafood Establishments (Export List),regulator,2026-02-06,CFIA export list entry,HIGH
6231,name,ROYAL LANCER 30016 (CFIA Ref #6231),https://apps.inspection.canada.ca/webapps/FishList/,CFIA Fish and Seafood Establishments (Export List),regulator,2026-02-06,CFIA export list entry,HIGH
6231,address,"5-6965 YAROSHUK RD, POWELL RIVER, BC, V8A 0P8, Canada",https://apps.inspection.canada.ca/webapps/FishList/,CFIA Fish and Seafood Establishments (Export List),regulator,2026-02-06,CFIA export list entry,HIGH
6233,name,Annix Holdings Ltd./ Fresh Catch (CFIA Ref #6233),https://apps.inspection.canada.ca/webapps/FishList/,CFIA Fish and Seafood Establishments (Export List),regulator,2026-02-06,CFIA export list entry,HIGH
6233,address,"1075 Mead Road, Lund, BC, V0N2G0, Canada",https://apps.inspection.canada.ca/webapps/FishList/,CFIA Fish and Seafood Establishments (Export List),regulator,2026-02-06,CFIA export list entry,HIGH
6235,name,ALICE ELIDA (CFIA Ref #6235),https://apps.inspection.canada.ca/webapps/FishList/,CFIA Fish and Seafood Establishments (Export List),regulator,2026-02-06,CFIA export list entry,HIGH
6235,address,"1940 ROBB AVE, COMOX, BC, V9N 9P1, Canada",https://apps.inspection.canada.ca/webapps/FishList/,CFIA Fish and Seafood Establishments (Export List),regulator,2026-02-06,CFIA export list entry,HIGH
6241,name,GLADIATOR (CFIA Ref #6241),https://apps.inspection.canada.ca/webapps/FishList/,CFIA Fish and Seafood Establishments (Export List),regulator,2026-02-06,CFIA export list entry,HIGH
6241,address,"4387 FRANCIS PENINSULA ROAD, MADEIRA PARK, BC, V0N2H1, Canada",https://apps.inspection.canada.ca/webapps/FishList/,CFIA Fish and Seafood Establishments (Export List),regulator,2026-02-06,CFIA export list entry,HIGH
6242,name,CFV DOUBLE ODDS (CFIA Ref #6242),https://apps.inspection.canada.ca/webapps/FishList/,CFIA Fish and Seafood Establishments (Export List),regulator,2026-02-06,CFIA export list entry,HIGH
6242,address,"7085 TAHSIS ST, POWELL RIVER, BC, V8A1G4, Canada",https://apps.inspection.canada.ca/webapps/FishList/,CFIA Fish and Seafood Establishments (Export List),regulator,2026-02-06,CFIA export list entry,HIGH
6244,name,FAR NORTH SEA FOODS INC. / CAPITAL GAIN 29474 (CFIA Ref #6244),https://apps.inspection.canada.ca/webapps/FishList/,CFIA Fish and Seafood Establishments (Export List),regulator,2026-02-06,CFIA export list entry,HIGH
6244,address,"2580 RAINBOW RD, CAMPBELL RIVER, BC, V9W4V9, Canada",https://apps.inspection.canada.ca/webapps/FishList/,CFIA Fish and Seafood Establishments (Export List),regulator,2026-02-06,CFIA export list entry,HIGH
6246,name,LUCKY FISHING LTD. / GOLDEN SUN 310595 (CFIA Ref #6246),https://apps.inspection.canada.ca/webapps/FishList/,CFIA Fish and Seafood Establishments (Export List),regulator,2026-02-06,CFIA export list entry,HIGH
6246,address,"480 TENTH ST, COURTENAY, BC, V9N1P6, Canada",https://apps.inspection.canada.ca/webapps/FishList/,CFIA Fish and Seafood Establishments (Export List),regulator,2026-02-06,CFIA export list entry,HIGH
6248,name,SUMMER STAR FISHING LTD./JABBERWOCK 22867/td> (CFIA Ref #6248),https://apps.inspection.canada.ca/webapps/FishList/,CFIA Fish and Seafood Establishments (Export List),regulator,2026-02-06,CFIA export list entry,HIGH
6248,address,"13067 HASSAND ROAD, MADEIRA PARK, BC, V0N2H0, Canada",https://apps.inspection.canada.ca/webapps/FishList/,CFIA Fish and Seafood Establishments (Export List),regulator,2026-02-06,CFIA export list entry,HIGH
1477911,name,Homards du Cap des Iles inc. (CFIA Ref #1477911),https://apps.inspection.canada.ca/webapps/FishList/,CFIA Fish and Seafood Establishments (Export List),regulator,2026-02-06,CFIA export list entry,HIGH
1477911,address,"559 BOUL INDUSTRIEL, SAINT-EUSTACHE, QC, J7R6C3, Canada",https://apps.inspection.canada.ca/webapps/FishList/,CFIA Fish and Seafood Establishments (Export List),regulator,2026-02-06,CFIA export list entry,HIGH
3228,name,FISHERMAN'S MARKET INTERNATIONAL INCORPORATED (CFIA Ref #3228),https://apps.inspection.canada.ca/webapps/FishList/,CFIA Fish and Seafood Establishments (Export List),regulator,2026-02-06,CFIA export list entry,HIGH
3228,address,"607 BEDFORD HWY, HALIFAX, NS, B3M2L6, Canada",https://apps.inspection.canada.ca/webapps/FishList/,CFIA Fish and Seafood Establishments (Export List),regulator,2026-02-06,CFIA export list entry,HIGH
LL3228,name,FISHERMAN'S MARKET INTERNATIONAL INCORPORATED (CFIA Ref #LL3228),https://apps.inspection.canada.ca/webapps/FishList/,CFIA Fish and Seafood Establishments (Export List),regulator,2026-02-06,CFIA export list entry,HIGH
LL3228,address,"607 BEDFORD HWY, HALIFAX, NS, B3M2L6, Canada",https://apps.inspection.canada.ca/webapps/FishList/,CFIA Fish and Seafood Establishments (Export List),regulator,2026-02-06,CFIA export list entry,HIGH
6250,name,P. & S. FISHERIES LTD. / SUMMERS RETREAT (CFIA Ref #6250),https://apps.inspection.canada.ca/webapps/FishList/,CFIA Fish and Seafood Establishments (Export List),regulator,2026-02-06,CFIA export list entry,HIGH
6250,address,"842 BREAKWATER RD, PARKSVILLE, BC, V9P1Z8, Canada",https://apps.inspection.canada.ca/webapps/FishList/,CFIA Fish and Seafood Establishments (Export List),regulator,2026-02-06,CFIA export list entry,HIGH
0283,name,CLARK'S HARBOUR SEAFOOD LIMITED (CFIA Ref #0283),https://apps.inspection.canada.ca/webapps/FishList/,CFIA Fish and Seafood Establishments (Export List),regulator,2026-02-06,CFIA export list entry,HIGH
0283,address,"58 WATER ST., CLARK'S HARBOUR, NS, B0W1P0, Canada",https://apps.inspection.canada.ca/webapps/FishList/,CFIA Fish and Seafood Establishments (Export List),regulator,2026-02-06,CFIA export list entry,HIGH
6251,name,KERKER ENTERPRISES LTD. / FV KERKER (CFIA Ref #6251),https://apps.inspection.canada.ca/webapps/FishList/,CFIA Fish and Seafood Establishments (Export List),regulator,2026-02-06,CFIA export list entry,HIGH
6251,address,"FISHERMAN’S WHARF 705 ISLAND HWY, CAMPBELL RIVER, BC, V9W2C2, Canada",https://apps.inspection.canada.ca/webapps/FishList/,CFIA Fish and Seafood Establishments (Export List),regulator,2026-02-06,CFIA export list entry,HIGH
6252,name,FV JESSICA (CFIA Ref #6252),https://apps.inspection.canada.ca/webapps/FishList/,CFIA Fish and Seafood Establishments (Export List),regulator,2026-02-06,CFIA export list entry,HIGH
6252,address,"2330 PLOYART RD, BLACK CREEK, BC, V9N9W5, Canada",https://apps.inspection.canada.ca/webapps/FishList/,CFIA Fish and Seafood Establishments (Export List),regulator,2026-02-06,CFIA export list entry,HIGH
6254,name,LES ALIMENTS MISE EN BOUCHE INC. (CFIA Ref #6254),https://apps.inspection.canada.ca/webapps/FishList/,CFIA Fish and Seafood Establishments (Export List),regulator,2026-02-06,CFIA export list entry,HIGH
6254,address,"170, BOUL INDUSTRIEL, SAINT-EUSTACHE, QC, J7R5C2, Canada",https://apps.inspection.canada.ca/webapps/FishList/,CFIA Fish and Seafood Establishments (Export List),regulator,2026-02-06,CFIA export list entry,HIGH
6256,name,KING FISHERIES (NORTHWEST) INC (CFIA Ref #6256),https://apps.inspection.canada.ca/webapps/FishList/,CFIA Fish and Seafood Establishments (Export List),regulator,2026-02-06,CFIA export list entry,HIGH
6256,address,"FIRE RD 22 HWY 17W, CLEARWATER BAY, ON, P0X1S0, Canada",https://apps.inspection.canada.ca/webapps/FishList/,CFIA Fish and Seafood Establishments (Export List),regulator,2026-02-06,CFIA export list entry,HIGH
6257,name,C-FIN FISHING LTD./FV C-FIN (CFIA Ref #6257),https://apps.inspection.canada.ca/webapps/FishList/,CFIA Fish and Seafood Establishments (Export List),regulator,2026-02-06,CFIA export list entry,HIGH
6257,address,"705 ISLAND HIGHWAY, CAMPBELL RIVER, BC, V9W2C2, Canada",https://apps.inspection.canada.ca/webapps/FishList/,CFIA Fish and Seafood Establishments (Export List),regulator,2026-02-06,CFIA export list entry,HIGH
6259,name,CFV PACIFIC BATTLER 30897 (CFIA Ref #6259),https://apps.inspection.canada.ca/webapps/FishList/,CFIA Fish and Seafood Establishments (Export List),regulator,2026-02-06,CFIA export list entry,HIGH
6259,address,"3945 W 51ST AVE, VANCOUVER, BC, V6N3V9, Canada",https://apps.inspection.canada.ca/webapps/FishList/,CFIA Fish and Seafood Establishments (Export List),regulator,2026-02-06,CFIA export list entry,HIGH
6261,name,INFINITY FISHING LTD. (CFIA Ref #6261),https://apps.inspection.canada.ca/webapps/FishList/,CFIA Fish and Seafood Establishments (Export List),regulator,2026-02-06,CFIA export list entry,HIGH
6261,address,"3222 MATAPAN CRESCENT, VANCOUVER, BC, V5M4B1, Canada",https://apps.inspection.canada.ca/webapps/FishList/,CFIA Fish and Seafood Establishments (Export List),regulator,2026-02-06,CFIA export list entry,HIGH
6238,name,TAMMY LEE (CFIA Ref #6238),https://apps.inspection.canada.ca/webapps/FishList/,CFIA Fish and Seafood Establishments (Export List),regulator,2026-02-06,CFIA export list entry,HIGH
6238,address,"600 PYM STREET, PARKSVILLE, BC, V9P1B6, Canada",https://apps.inspection.canada.ca/webapps/FishList/,CFIA Fish and Seafood Establishments (Export List),regulator,2026-02-06,CFIA export list entry,HIGH
6237,name,L'IL MISS MOLLY (CFIA Ref #6237),https://apps.inspection.canada.ca/webapps/FishList/,CFIA Fish and Seafood Establishments (Export List),regulator,2026-02-06,CFIA export list entry,HIGH
6237,address,"600 PYM STREET, PARKSVILLE, BC, V9P1B6, Canada",https://apps.inspection.canada.ca/webapps/FishList/,CFIA Fish and Seafood Establishments (Export List),regulator,2026-02-06,CFIA export list entry,HIGH
6264,name,1064922 B.C. LTD. / PACIFIC QUEST (CFIA Ref #6264),https://apps.inspection.canada.ca/webapps/FishList/,CFIA Fish and Seafood Establishments (Export List),regulator,2026-02-06,CFIA export list entry,HIGH
6264,address,"PORT ALBERNI PORT AUTHORITY 2750 HARBOUR RD., PORT ALBERNI, BC, V9Y7X2, Canada",https://apps.inspection.canada.ca/webapps/FishList/,CFIA Fish and Seafood Establishments (Export List),regulator,2026-02-06,CFIA export list entry,HIGH
6263,name,HAPPACH MARINE LTD. / BASTION (CFIA Ref #6263),https://apps.inspection.canada.ca/webapps/FishList/,CFIA Fish and Seafood Establishments (Export List),regulator,2026-02-06,CFIA export list entry,HIGH
6263,address,"HARBOUR AUTHORITY OF FRENCH CREEK 1055 LEE RD., PARKSVILLE, BC, V9P2E1, Canada",https://apps.inspection.canada.ca/webapps/FishList/,CFIA Fish and Seafood Establishments (Export List),regulator,2026-02-06,CFIA export list entry,HIGH
6262,name,CLS CATERING (CFIA Ref #6262),https://apps.inspection.canada.ca/webapps/FishList/,CFIA Fish and Seafood Establishments (Export List),regulator,2026-02-06,CFIA export list entry,HIGH
6262,address,"110-588 AERO DRIVE NE, CALGARY, AB, T2E8Z9, Canada",https://apps.inspection.canada.ca/webapps/FishList/,CFIA Fish and Seafood Establishments (Export List),regulator,2026-02-06,CFIA export list entry,HIGH
6267,name,SPRING BAY FISHING COMPANY LTD. / LASQUETI ISLE (CFIA Ref #6267),https://apps.inspection.canada.ca/webapps/FishList/,CFIA Fish and Seafood Establishments (Export List),regulator,2026-02-06,CFIA export list entry,HIGH
6267,address,"1055 LEE RD, PARKSVILLE, BC, V9P2E1, Canada",https://apps.inspection.canada.ca/webapps/FishList/,CFIA Fish and Seafood Establishments (Export List),regulator,2026-02-06,CFIA export list entry,HIGH
6268,name,SUN-RA LOGOS LTD. / PACIFIC OTTER (CFIA Ref #6268),https://apps.inspection.canada.ca/webapps/FishList/,CFIA Fish and Seafood Establishments (Export List),regulator,2026-02-06,CFIA export list entry,HIGH
6268,address,"12740 Trites Road, Richmond, BC, V7E3R8, Canada",https://apps.inspection.canada.ca/webapps/FishList/,CFIA Fish and Seafood Establishments (Export List),regulator,2026-02-06,CFIA export list entry,HIGH
6009,name,671743 N.B. INC. / OYSTER KINGS (CFIA Ref #6009),https://apps.inspection.canada.ca/webapps/FishList/,CFIA Fish and Seafood Establishments (Export List),regulator,2026-02-06,CFIA export list entry,HIGH
6009,address,"682 CHEMIN DE LA POINTE, RICHIBUCTO VILLAGE, NB, E4W1G2, Canada",https://apps.inspection.canada.ca/webapps/FishList/,CFIA Fish and Seafood Establishments (Export List),regulator,2026-02-06,CFIA export list entry,HIGH
6124,name,SEAMAN FISHING INCORPORATION/ BLUE SKY (CFIA Ref #6124),https://apps.inspection.canada.ca/webapps/FishList/,CFIA Fish and Seafood Establishments (Export List),regulator,2026-02-06,CFIA export list entry,HIGH
6124,address,"3316 WORTHINGTON DR, VANCOUVER, BC, V5M3T6, Canada",https://apps.inspection.canada.ca/webapps/FishList/,CFIA Fish and Seafood Establishments (Export List),regulator,2026-02-06,CFIA export list entry,HIGH
6271,name,ALECSTER FISHERIES LIMITED/ALECSTER FISHERIES LTD (CFIA Ref #6271),https://apps.inspection.canada.ca/webapps/FishList/,CFIA Fish and Seafood Establishments (Export List),regulator,2026-02-06,CFIA export list entry,HIGH
6271,address,"204 DENNIS POINT ROAD, LOWER WEST PUBNICO, NS, B0W2C0, Canada",https://apps.inspection.canada.ca/webapps/FishList/,CFIA Fish and Seafood Establishments (Export List),regulator,2026-02-06,CFIA export list entry,HIGH
6275,name,IAN NADEAU / FISHING VESSEL VIKLA (CFIA Ref #6275),https://apps.inspection.canada.ca/webapps/FishList/,CFIA Fish and Seafood Establishments (Export List),regulator,2026-02-06,CFIA export list entry,HIGH
6275,address,"705 ISLAND HWY, CAMPBELL RIVER, BC, V9W2C2, Canada",https://apps.inspection.canada.ca/webapps/FishList/,CFIA Fish and Seafood Establishments (Export List),regulator,2026-02-06,CFIA export list entry,HIGH
6277,name,NGUYEN TANG NGUYEN / DAWN CHASE (CFIA Ref #6277),https://apps.inspection.canada.ca/webapps/FishList/,CFIA Fish and Seafood Establishments (Export List),regulator,2026-02-06,CFIA export list entry,HIGH
6277,address,"231 HERON ROAD, PRINCE RUPERT, BC, V8J4P6, Canada",https://apps.inspection.canada.ca/webapps/FishList/,CFIA Fish and Seafood Establishments (Export List),regulator,2026-02-06,CFIA export list entry,HIGH
6279,name,DELCATO INC. (CFIA Ref #6279),https://apps.inspection.canada.ca/webapps/FishList/,CFIA Fish and Seafood Establishments (Export List),regulator,2026-02-06,CFIA export list entry,HIGH
6279,address,"30 DOHME AVENUE, TORONTO, ON, M4B1Y9, Canada",https://apps.inspection.canada.ca/webapps/FishList/,CFIA Fish and Seafood Establishments (Export List),regulator,2026-02-06,CFIA export list entry,HIGH
6280,name,C&H JOINT CATCH SEAFOOD LIMITED (CFIA Ref #6280),https://apps.inspection.canada.ca/webapps/FishList/,CFIA Fish and Seafood Establishments (Export List),regulator,2026-02-06,CFIA export list entry,HIGH
6280,address,"50 WILLOW ROAD; BUILDING 1, HALIFAX, NS, B3V1L1, Canada",https://apps.inspection.canada.ca/webapps/FishList/,CFIA Fish and Seafood Establishments (Export List),regulator,2026-02-06,CFIA export list entry,HIGH
0938,name,MAC'S OYSTERS LTD. (CFIA Ref #0938),https://apps.inspection.canada.ca/webapps/FishList/,CFIA Fish and Seafood Establishments (Export List),regulator,2026-02-06,CFIA export list entry,HIGH
0938,address,"7162 SOUTH ISLAND HIGHWAY, FANNY BAY, BC, V0R1W0, Canada",https://apps.inspection.canada.ca/webapps/FishList/,CFIA Fish and Seafood Establishments (Export List),regulator,2026-02-06,CFIA export list entry,HIGH
6282,name,HARVEST SEASON FISHING LTD./FV PACIFIC SCHOONER (CFIA Ref #6282),https://apps.inspection.canada.ca/webapps/FishList/,CFIA Fish and Seafood Establishments (Export List),regulator,2026-02-06,CFIA export list entry,HIGH
6282,address,"1590 TRUMPETER CR., COURTENAY, BC, V9N8W6, Canada",https://apps.inspection.canada.ca/webapps/FishList/,CFIA Fish and Seafood Establishments (Export List),regulator,2026-02-06,CFIA export list entry,HIGH
6283,name,NWT FISH COMPANY LTD./NWT FISH COMPANY PROCESSING FACILITY (CFIA Ref #6283),https://apps.inspection.canada.ca/webapps/FishList/,CFIA Fish and Seafood Establishments (Export List),regulator,2026-02-06,CFIA export list entry,HIGH
6283,address,"94 ENTERPRISE DRIVE, YELLOWKNIFE, NT, X1A0G2, Canada",https://apps.inspection.canada.ca/webapps/FishList/,CFIA Fish and Seafood Establishments (Export List),regulator,2026-02-06,CFIA export list entry,HIGH
6284,name,"FRESH PREP FOODS INC., (CFIA Ref #6284)",https://apps.inspection.canada.ca/webapps/FishList/,CFIA Fish and Seafood Establishments (Export List),regulator,2026-02-06,CFIA export list entry,HIGH
6284,address,"188 VICTORIA DRIVE, VANCOUVER, BC, V5L4C3, Canada",https://apps.inspection.canada.ca/webapps/FishList/,CFIA Fish and Seafood Establishments (Export List),regulator,2026-02-06,CFIA export list entry,HIGH
1524343,name,642650 NB INC. (CFIA Ref #1524343),https://apps.inspection.canada.ca/webapps/FishList/,CFIA Fish and Seafood Establishments (Export List),regulator,2026-02-06,CFIA export list entry,HIGH
1524343,address,"2685 Route 127, Bayside, NB, E5B2T4, Canada",https://apps.inspection.canada.ca/webapps/FishList/,CFIA Fish and Seafood Establishments (Export List),regulator,2026-02-06,CFIA export list entry,HIGH
6286,name,CANADIAN ATLANTIC SEAFOOD IMPORTS INC. (CFIA Ref #6286),https://apps.inspection.canada.ca/webapps/FishList/,CFIA Fish and Seafood Establishments (Export List),regulator,2026-02-06,CFIA export list entry,HIGH
6286,address,"3-225 GIBRALTAR RD, VAUGHAN, ON, L4H4P9, Canada",https://apps.inspection.canada.ca/webapps/FishList/,CFIA Fish and Seafood Establishments (Export List),regulator,2026-02-06,CFIA export list entry,HIGH
6289,name,STEFAN LEJER FISHING LTD./F/V MIDNIGHT DANCER (CFIA Ref #6289),https://apps.inspection.canada.ca/webapps/FishList/,CFIA Fish and Seafood Establishments (Export List),regulator,2026-02-06,CFIA export list entry,HIGH
6289,address,"721 BOSSI PLACE, VICTORIA, BC, V8Y0A1, Canada",https://apps.inspection.canada.ca/webapps/FishList/,CFIA Fish and Seafood Establishments (Export List),regulator,2026-02-06,CFIA export list entry,HIGH
6287,name,GAWIQA MARINE INC. (CFIA Ref #6287),https://apps.inspection.canada.ca/webapps/FishList/,CFIA Fish and Seafood Establishments (Export List),regulator,2026-02-06,CFIA export list entry,HIGH
6287,address,"2330 HENDERSON AVENUE, CAMPBELL RIVER, BC, V9W6E3, Canada",https://apps.inspection.canada.ca/webapps/FishList/,CFIA Fish and Seafood Establishments (Export List),regulator,2026-02-06,CFIA export list entry,HIGH
6291,name,JJ FISHING LTD. (CFIA Ref #6291),https://apps.inspection.canada.ca/webapps/FishList/,CFIA Fish and Seafood Establishments (Export List),regulator,2026-02-06,CFIA export list entry,HIGH
6291,address,"121 Port Augusta St, Comox, BC, V9M3N8, Canada",https://apps.inspection.canada.ca/webapps/FishList/,CFIA Fish and Seafood Establishments (Export List),regulator,2026-02-06,CFIA export list entry,HIGH
6293,name,BELMONT MEAT PRODUCTS LIMITED (CFIA Ref #6293),https://apps.inspection.canada.ca/webapps/FishList/,CFIA Fish and Seafood Establishments (Export List),regulator,2026-02-06,CFIA export list entry,HIGH
6293,address,"230 SIGNET DRIVE, TORONTO, ON, M9L1V2, Canada",https://apps.inspection.canada.ca/webapps/FishList/,CFIA Fish and Seafood Establishments (Export List),regulator,2026-02-06,CFIA export list entry,HIGH
6294,name,PRN FISHING LTD. (CFIA Ref #6294),https://apps.inspection.canada.ca/webapps/FishList/,CFIA Fish and Seafood Establishments (Export List),regulator,2026-02-06,CFIA export list entry,HIGH
6294,address,"7064 NO. 1 ROAD, RICHMOND, BC, V7C1T6, Canada",https://apps.inspection.canada.ca/webapps/FishList/,CFIA Fish and Seafood Establishments (Export List),regulator,2026-02-06,CFIA export list entry,HIGH
6292,name,15857937 CANADA INC. (CFIA Ref #6292),https://apps.inspection.canada.ca/webapps/FishList/,CFIA Fish and Seafood Establishments (Export List),regulator,2026-02-06,CFIA export list entry,HIGH
6292,address,"30-1 RUE DE L'ENTREPÔT, GASPÉ, QC, G4X5L4, Canada",https://apps.inspection.canada.ca/webapps/FishList/,CFIA Fish and Seafood Establishments (Export List),regulator,2026-02-06,CFIA export list entry,HIGH
6295,name,"BINH DANH CHUNG, TUYET NGUYET THAI / BINH DANH CHUNG (CFIA Ref #6295)",https://apps.inspection.canada.ca/webapps/FishList/,CFIA Fish and Seafood Establishments (Export List),regulator,2026-02-06,CFIA export list entry,HIGH
6295,address,"1661 SWAN CRES, COURTENAY, BC, V9N9A7, Canada",https://apps.inspection.canada.ca/webapps/FishList/,CFIA Fish and Seafood Establishments (Export List),regulator,2026-02-06,CFIA export list entry,HIGH
6296,name,BOUNTY BAY INVESTMENTS INC. / DEEP BOUNTY (CFIA Ref #6296),https://apps.inspection.canada.ca/webapps/FishList/,CFIA Fish and Seafood Establishments (Export List),regulator,2026-02-06,CFIA export list entry,HIGH
6296,address,"705 ISLAND HWY, CAMPBELL RIVER, BC, V9W2C2, Canada",https://apps.inspection.canada.ca/webapps/FishList/,CFIA Fish and Seafood Establishments (Export List),regulator,2026-02-06,CFIA export list entry,HIGH
6297,name,KAREN TRUONG FISHING LTD./DARLENDA FISHING VESSEL (CFIA Ref #6297),https://apps.inspection.canada.ca/webapps/FishList/,CFIA Fish and Seafood Establishments (Export List),regulator,2026-02-06,CFIA export list entry,HIGH
6297,address,"705 ISLAND HIGHWAY, CAMPBELL RIVER, BC, V9W2C2, Canada",https://apps.inspection.canada.ca/webapps/FishList/,CFIA Fish and Seafood Establishments (Export List),regulator,2026-02-06,CFIA export list entry,HIGH
6298,name,MARBRISA LE FISHING LTD/MARBRISA NO. 1 (CFIA Ref #6298),https://apps.inspection.canada.ca/webapps/FishList/,CFIA Fish and Seafood Establishments (Export List),regulator,2026-02-06,CFIA export list entry,HIGH
6298,address,"705 ISLAND HIGHWAY, CAMPBELL RIVER, BC, V9W2C2, Canada",https://apps.inspection.canada.ca/webapps/FishList/,CFIA Fish and Seafood Establishments (Export List),regulator,2026-02-06,CFIA export list entry,HIGH
6299,name,KAREN TRUONG FISHING LTD./WESTERN SUN FISHING VESSEL (CFIA Ref #6299),https://apps.inspection.canada.ca/webapps/FishList/,CFIA Fish and Seafood Establishments (Export List),regulator,2026-02-06,CFIA export list entry,HIGH
6299,address,"705 ISLAND HIGHWAY, CAMPBELL RIVER, BC, V9W3N7, Canada",https://apps.inspection.canada.ca/webapps/FishList/,CFIA Fish and Seafood Establishments (Export List),regulator,2026-02-06,CFIA export list entry,HIGH
6301,name,TAI VAN NGUYEN/LASQUETI KNIGHT (CFIA Ref #6301),https://apps.inspection.canada.ca/webapps/FishList/,CFIA Fish and Seafood Establishments (Export List),regulator,2026-02-06,CFIA export list entry,HIGH
6301,address,"705 ISLAND HIGHWAY, CAMPBELL RIVER, BC, V9W2C2, Canada",https://apps.inspection.canada.ca/webapps/FishList/,CFIA Fish and Seafood Establishments (Export List),regulator,2026-02-06,CFIA export list entry,HIGH
2463,name,M. LEBLANC FISHERIES LTD (CFIA Ref #2463),https://apps.inspection.canada.ca/webapps/FishList/,CFIA Fish and Seafood Establishments (Export List),regulator,2026-02-06,CFIA export list entry,HIGH
2463,address,"20 SHORE ROAD, PETIT-CAP, NB, E4N2K4, Canada",https://apps.inspection.canada.ca/webapps/FishList/,CFIA Fish and Seafood Establishments (Export List),regulator,2026-02-06,CFIA export list entry,HIGH
6302,name,SWEET OYSTER COMPANY INC. (CFIA Ref #6302),https://apps.inspection.canada.ca/webapps/FishList/,CFIA Fish and Seafood Establishments (Export List),regulator,2026-02-06,CFIA export list entry,HIGH
6302,address,"68 GORDONS WHARF ROAD, CASCUMPEC, PE, C0B1V0, Canada",https://apps.inspection.canada.ca/webapps/FishList/,CFIA Fish and Seafood Establishments (Export List),regulator,2026-02-06,CFIA export list entry,HIGH
6303,name,SEPTEMBER ISLE FISHING LTD. / SEPTEMBER ISLE (CFIA Ref #6303),https://apps.inspection.canada.ca/webapps/FishList/,CFIA Fish and Seafood Establishments (Export List),regulator,2026-02-06,CFIA export list entry,HIGH
6303,address,"705 ISLAND HIGHWAY, CAMPBELL RIVER, BC, V9W2C2, Canada",https://apps.inspection.canada.ca/webapps/FishList/,CFIA Fish and Seafood Establishments (Export List),regulator,2026-02-06,CFIA export list entry,HIGH
6306,name,F.A.S. SEAFOOD PRODUCERS LTD. / NORDIC SPIRIT (CFIA Ref #6306),https://apps.inspection.canada.ca/webapps/FishList/,CFIA Fish and Seafood Establishments (Export List),regulator,2026-02-06,CFIA export list entry,HIGH
6306,address,"27 ERIE STREET, VICTORIA, BC, V8V1P8, Canada",https://apps.inspection.canada.ca/webapps/FishList/,CFIA Fish and Seafood Establishments (Export List),regulator,2026-02-06,CFIA export list entry,HIGH
6304,name,K J FOODS INC (CFIA Ref #6304),https://apps.inspection.canada.ca/webapps/FishList/,CFIA Fish and Seafood Establishments (Export List),regulator,2026-02-06,CFIA export list entry,HIGH
6304,address,"120 WEST BEAVER CREEK RD. UNIT 1, RICHMOND HILL, ON, L4B1L2, Canada",https://apps.inspection.canada.ca/webapps/FishList/,CFIA Fish and Seafood Establishments (Export List),regulator,2026-02-06,CFIA export list entry,HIGH
6305,name,MCALPINE'S CUSTOM MEATS LIMITED (CFIA Ref #6305),https://apps.inspection.canada.ca/webapps/FishList/,CFIA Fish and Seafood Establishments (Export List),regulator,2026-02-06,CFIA export list entry,HIGH
6305,address,"445 ENFIELD ROAD, BURLINGTON, ON, L7T2X5, Canada",https://apps.inspection.canada.ca/webapps/FishList/,CFIA Fish and Seafood Establishments (Export List),regulator,2026-02-06,CFIA export list entry,HIGH
6307,name,JBS FOOD CANADA ULC / JBS FOODS ONTARIO INC. (CFIA Ref #6307),https://apps.inspection.canada.ca/webapps/FishList/,CFIA Fish and Seafood Establishments (Export List),regulator,2026-02-06,CFIA export list entry,HIGH
6307,address,"240 JAMIESON BONE ROAD, BELLEVILLE, ON, K8N5T3, Canada",https://apps.inspection.canada.ca/webapps/FishList/,CFIA Fish and Seafood Establishments (Export List),regulator,2026-02-06,CFIA export list entry,HIGH
6310,name,REBEKAH E PARLEE / SOOZEE (CFIA Ref #6310),https://apps.inspection.canada.ca/webapps/FishList/,CFIA Fish and Seafood Establishments (Export List),regulator,2026-02-06,CFIA export list entry,HIGH
6310,address,"80 1ST STREET, SOINTULA, BC, V0N3E0, Canada",https://apps.inspection.canada.ca/webapps/FishList/,CFIA Fish and Seafood Establishments (Export List),regulator,2026-02-06,CFIA export list entry,HIGH
6312,name,SANTE NATURELLE A.G. LTEE/SANTÉ NATURELLE ADRIEN GAGNON (CFIA Ref #6312),https://apps.inspection.canada.ca/webapps/FishList/,CFIA Fish and Seafood Establishments (Export List),regulator,2026-02-06,CFIA export list entry,HIGH
6312,address,"3555 BOULEVARD MATTE, PORTE M, BROSSARD, QC, J4Y2P4, Canada",https://apps.inspection.canada.ca/webapps/FishList/,CFIA Fish and Seafood Establishments (Export List),regulator,2026-02-06,CFIA export list entry,HIGH
6315,name,10489310 CANADA INC. / ATLANTIC AUTOCOLD (CFIA Ref #6315),https://apps.inspection.canada.ca/webapps/FishList/,CFIA Fish and Seafood Establishments (Export List),regulator,2026-02-06,CFIA export list entry,HIGH
6315,address,"96 CRESCENT STREET, SACKVILLE, NB, E4L3V4, Canada",https://apps.inspection.canada.ca/webapps/FishList/,CFIA Fish and Seafood Establishments (Export List),regulator,2026-02-06,CFIA export list entry,HIGH
6316,name,ORGANIC OCEAN SEAFOOD INC. (CFIA Ref #6316),https://apps.inspection.canada.ca/webapps/FishList/,CFIA Fish and Seafood Establishments (Export List),regulator,2026-02-06,CFIA export list entry,HIGH
6316,address,"12740 TRITES ROAD UNIT 21S, RICHMOND, BC, V7E3R8, Canada",https://apps.inspection.canada.ca/webapps/FishList/,CFIA Fish and Seafood Establishments (Export List),regulator,2026-02-06,CFIA export list entry,HIGH
6317,name,11809385 CANADA INC./11809385 CANADA UPPER CAPE (CFIA Ref #6317),https://apps.inspection.canada.ca/webapps/FishList/,CFIA Fish and Seafood Establishments (Export List),regulator,2026-02-06,CFIA export list entry,HIGH
6317,address,"36 JOHN A TRENHOLM RD., UPPER CAPE, NB, E4M2R6, Canada",https://apps.inspection.canada.ca/webapps/FishList/,CFIA Fish and Seafood Establishments (Export List),regulator,2026-02-06,CFIA export list entry,HIGH
6318,name,PUGWIS FISHING CO. LTD. / FV Polara (CFIA Ref #6318),https://apps.inspection.canada.ca/webapps/FishList/,CFIA Fish and Seafood Establishments (Export List),regulator,2026-02-06,CFIA export list entry,HIGH
6318,address,"1430 DRAKE RD, Campbell River, BC, V9W7C9, Canada",https://apps.inspection.canada.ca/webapps/FishList/,CFIA Fish and Seafood Establishments (Export List),regulator,2026-02-06,CFIA export list entry,HIGH
6173,name,OCEAN CHOICE INTERNATIONAL O/A OCEAN CHOICE INTERNATIONAL L.P./CALVERT (CFIA Ref #6173),https://apps.inspection.canada.ca/webapps/FishList/,CFIA Fish and Seafood Establishments (Export List),regulator,2026-02-06,CFIA export list entry,HIGH
6173,address,"119 WATER STREET, HARBOUR GRACE, NL, A0A2M0, Canada",https://apps.inspection.canada.ca/webapps/FishList/,CFIA Fish and Seafood Establishments (Export List),regulator,2026-02-06,CFIA export list entry,HIGH
6319,name,SILVER NORTH HOLDINGS LTD./PACIFIC PROMISE (CFIA Ref #6319),https://apps.inspection.canada.ca/webapps/FishList/,CFIA Fish and Seafood Establishments (Export List),regulator,2026-02-06,CFIA export list entry,HIGH
6319,address,"9896 116TH STREET, SURREY, BC, V3V7V5, Canada",https://apps.inspection.canada.ca/webapps/FishList/,CFIA Fish and Seafood Establishments (Export List),regulator,2026-02-06,CFIA export list entry,HIGH
6320,name,GREGG HOLM / HARVEST MOON III (CFIA Ref #6320),https://apps.inspection.canada.ca/webapps/FishList/,CFIA Fish and Seafood Establishments (Export List),regulator,2026-02-06,CFIA export list entry,HIGH
6320,address,"7899 WALLACE DR., SAANICHTON, BC, V8M1L5, Canada",https://apps.inspection.canada.ca/webapps/FishList/,CFIA Fish and Seafood Establishments (Export List),regulator,2026-02-06,CFIA export list entry,HIGH
6322,name,HTO SEAFOOD LTD. (CFIA Ref #6322),https://apps.inspection.canada.ca/webapps/FishList/,CFIA Fish and Seafood Establishments (Export List),regulator,2026-02-06,CFIA export list entry,HIGH
6322,address,"2460 VISCOUNT WAY, RICHMOND, BC, V6V1N1, Canada",https://apps.inspection.canada.ca/webapps/FishList/,CFIA Fish and Seafood Establishments (Export List),regulator,2026-02-06,CFIA export list entry,HIGH
6324,name,INDEPENDENT SEAFOOD CANADA CORPORATION/SUNDEROEY (CFIA Ref #6324),https://apps.inspection.canada.ca/webapps/FishList/,CFIA Fish and Seafood Establishments (Export List),regulator,2026-02-06,CFIA export list entry,HIGH
6324,address,"301 Waterfront Rd E, Vancouver, BC, V6A0B3, Canada",https://apps.inspection.canada.ca/webapps/FishList/,CFIA Fish and Seafood Establishments (Export List),regulator,2026-02-06,CFIA export list entry,HIGH
6325,name,ISLAND SEA FARMS INC / ISF CAMPBELL RIVER PROCESSING PLANT (CFIA Ref #6325),https://apps.inspection.canada.ca/webapps/FishList/,CFIA Fish and Seafood Establishments (Export List),regulator,2026-02-06,CFIA export list entry,HIGH
6325,address,"5722 MENZIES WAY, CAMPBELL RIVER, BC, V9H1N6, Canada",https://apps.inspection.canada.ca/webapps/FishList/,CFIA Fish and Seafood Establishments (Export List),regulator,2026-02-06,CFIA export list entry,HIGH
6326,name,HISPAN HOLDINGS CORP. / MAKE WAY FV (CFIA Ref #6326),https://apps.inspection.canada.ca/webapps/FishList/,CFIA Fish and Seafood Establishments (Export List),regulator,2026-02-06,CFIA export list entry,HIGH
6326,address,"925 SHEARWATER STREET, VICTORIA, BC, V9A4V3, Canada",https://apps.inspection.canada.ca/webapps/FishList/,CFIA Fish and Seafood Establishments (Export List),regulator,2026-02-06,CFIA export list entry,HIGH
6328,name,MORRISON LAMOTHE INC. (CFIA Ref #6328),https://apps.inspection.canada.ca/webapps/FishList/,CFIA Fish and Seafood Establishments (Export List),regulator,2026-02-06,CFIA export list entry,HIGH
6328,address,"399 EVANS AVE, TORONTO, ON, M8Z1K9, Canada",https://apps.inspection.canada.ca/webapps/FishList/,CFIA Fish and Seafood Establishments (Export List),regulator,2026-02-06,CFIA export list entry,HIGH
6329,name,DONALD G SCHIBLER/LITTLE DON FISHING (CFIA Ref #6329),https://apps.inspection.canada.ca/webapps/FishList/,CFIA Fish and Seafood Establishments (Export List),regulator,2026-02-06,CFIA export list entry,HIGH
6329,address,"4032 CRAIG RD, CAMPBELL RIVER, BC, V9H1N3, Canada",https://apps.inspection.canada.ca/webapps/FishList/,CFIA Fish and Seafood Establishments (Export List),regulator,2026-02-06,CFIA export list entry,HIGH
6331,name,GO EASY TRADING LTD. (CFIA Ref #6331),https://apps.inspection.canada.ca/webapps/FishList/,CFIA Fish and Seafood Establishments (Export List),regulator,2026-02-06,CFIA export list entry,HIGH
6331,address,"3588 EAST 26TH AVE, VANCOUVER, BC, V5R1M4, Canada",https://apps.inspection.canada.ca/webapps/FishList/,CFIA Fish and Seafood Establishments (Export List),regulator,2026-02-06,CFIA export list entry,HIGH
1553027,name,MARITIME SELECT LOBSTER INC. (CFIA Ref #1553027),https://apps.inspection.canada.ca/webapps/FishList/,CFIA Fish and Seafood Establishments (Export List),regulator,2026-02-06,CFIA export list entry,HIGH
1553027,address,"288 RTE 152, PO BOX 17, ALBERTON, PE, C0B1B0, Canada",https://apps.inspection.canada.ca/webapps/FishList/,CFIA Fish and Seafood Establishments (Export List),regulator,2026-02-06,CFIA export list entry,HIGH
4066,name,THE SASKATCHEWAN FOOD INDUSTRY DEVELOPMENT CENTRE INC. / THE SASKATCHEWAN FOOD INDUSTRY DEVELOPMENT CENTRE (CFIA Ref #4066),https://apps.inspection.canada.ca/webapps/FishList/,CFIA Fish and Seafood Establishments (Export List),regulator,2026-02-06,CFIA export list entry,HIGH
4066,address,"52 INNOVATION BOULEVARD, SASKATOON, SK, S7N2V3, Canada",https://apps.inspection.canada.ca/webapps/FishList/,CFIA Fish and Seafood Establishments (Export List),regulator,2026-02-06,CFIA export list entry,HIGH
6333,name,"SYSCO CANADA, INC./SYSCO CANADA INC EN GROS PIERRE (CFIA Ref #6333)",https://apps.inspection.canada.ca/webapps/FishList/,CFIA Fish and Seafood Establishments (Export List),regulator,2026-02-06,CFIA export list entry,HIGH
6333,address,"3300 BOULEVARD INDUSTRIEL, LAVAL, QC, H7L4R9, Canada",https://apps.inspection.canada.ca/webapps/FishList/,CFIA Fish and Seafood Establishments (Export List),regulator,2026-02-06,CFIA export list entry,HIGH
6336,name,LES ALIMENTS ACTIV INC. (CFIA Ref #6336),https://apps.inspection.canada.ca/webapps/FishList/,CFIA Fish and Seafood Establishments (Export List),regulator,2026-02-06,CFIA export list entry,HIGH
6336,address,"790 RUE DU SUD, SUITE 111, COWANSVILLE, QC, J2K2Y3, Canada",https://apps.inspection.canada.ca/webapps/FishList/,CFIA Fish and Seafood Establishments (Export List),regulator,2026-02-06,CFIA export list entry,HIGH
6337,name,FLURER SMOKERY LTD (CFIA Ref #6337),https://apps.inspection.canada.ca/webapps/FishList/,CFIA Fish and Seafood Establishments (Export List),regulator,2026-02-06,CFIA export list entry,HIGH
6337,address,"300-3140 D HARBOUR ROAD, PORT ALBERNI, BC, V9Y4B9, Canada",https://apps.inspection.canada.ca/webapps/FishList/,CFIA Fish and Seafood Establishments (Export List),regulator,2026-02-06,CFIA export list entry,HIGH
6338,name,T&T SUPERMARKET INC. (CFIA Ref #6338),https://apps.inspection.canada.ca/webapps/FishList/,CFIA Fish and Seafood Establishments (Export List),regulator,2026-02-06,CFIA export list entry,HIGH
6338,address,"6311 FRASERWOOD PLACE, RICHMOND, BC, V6W1J2, Canada",https://apps.inspection.canada.ca/webapps/FishList/,CFIA Fish and Seafood Establishments (Export List),regulator,2026-02-06,CFIA export list entry,HIGH
6339,name,BRACKLEY BAY OYSTER COMPANY INC. (CFIA Ref #6339),https://apps.inspection.canada.ca/webapps/FishList/,CFIA Fish and Seafood Establishments (Export List),regulator,2026-02-06,CFIA export list entry,HIGH
6339,address,"808 MACMILLAN POINT ROAD, WEST COVEHEAD, PE, C0A1P0, Canada",https://apps.inspection.canada.ca/webapps/FishList/,CFIA Fish and Seafood Establishments (Export List),regulator,2026-02-06,CFIA export list entry,HIGH
6340,name,LES ALIMENTS O'SOLE MIO INC. (CFIA Ref #6340),https://apps.inspection.canada.ca/webapps/FishList/,CFIA Fish and Seafood Establishments (Export List),regulator,2026-02-06,CFIA export list entry,HIGH
6340,address,"4600 AMBROISE LAFORTUNE, BOISBRIAND, QC, J7H0G1, Canada",https://apps.inspection.canada.ca/webapps/FishList/,CFIA Fish and Seafood Establishments (Export List),regulator,2026-02-06,CFIA export list entry,HIGH
6341,name,ARTHUR KITCHENS 2011 INC./ARTHUR KITCHENS (CFIA Ref #6341),https://apps.inspection.canada.ca/webapps/FishList/,CFIA Fish and Seafood Establishments (Export List),regulator,2026-02-06,CFIA export list entry,HIGH
6341,address,"681 TOPSAIL RD, MOUNT PEARL, NL, A1E2E3, Canada",https://apps.inspection.canada.ca/webapps/FishList/,CFIA Fish and Seafood Establishments (Export List),regulator,2026-02-06,CFIA export list entry,HIGH
6342,name,PACIFIC RIM SHELLFISH (2003) CORP. (CFIA Ref #6342),https://apps.inspection.canada.ca/webapps/FishList/,CFIA Fish and Seafood Establishments (Export List),regulator,2026-02-06,CFIA export list entry,HIGH
6342,address,"1805 MAST TOWER ROAD, VANCOUVER, BC, V6H3X7, Canada",https://apps.inspection.canada.ca/webapps/FishList/,CFIA Fish and Seafood Establishments (Export List),regulator,2026-02-06,CFIA export list entry,HIGH
6270,name,OCEAN LILY FISHING LTD. / OCEAN LILY (CFIA Ref #6270),https://apps.inspection.canada.ca/webapps/FishList/,CFIA Fish and Seafood Establishments (Export List),regulator,2026-02-06,CFIA export list entry,HIGH
6270,address,"201-15399-102A AVE, SURREY, BC, V3R7K1, Canada",https://apps.inspection.canada.ca/webapps/FishList/,CFIA Fish and Seafood Establishments (Export List),regulator,2026-02-06,CFIA export list entry,HIGH
6276,name,ELMA_K ENTERPRISES LTD. / BOLD VENTURE (CFIA Ref #6276),https://apps.inspection.canada.ca/webapps/FishList/,CFIA Fish and Seafood Establishments (Export List),regulator,2026-02-06,CFIA export list entry,HIGH
6276,address,"137 GOVERNMENT ST, VICTORIA, BC, V8V2K6, Canada",https://apps.inspection.canada.ca/webapps/FishList/,CFIA Fish and Seafood Establishments (Export List),regulator,2026-02-06,CFIA export list entry,HIGH
6323,name,GERALD ENTERPRISES LTD. / JALUN RIVER (CFIA Ref #6323),https://apps.inspection.canada.ca/webapps/FishList/,CFIA Fish and Seafood Establishments (Export List),regulator,2026-02-06,CFIA export list entry,HIGH
6323,address,"980 ALDER ST, CAMPBELL RIVER, BC, V9W2P6, Canada",https://apps.inspection.canada.ca/webapps/FishList/,CFIA Fish and Seafood Establishments (Export List),regulator,2026-02-06,CFIA export list entry,HIGH
6343,name,"CAPE BALD PACKERS, LIMITED (CFIA Ref #6343)",https://apps.inspection.canada.ca/webapps/FishList/,CFIA Fish and Seafood Establishments (Export List),regulator,2026-02-06,CFIA export list entry,HIGH
6343,address,"7861 HIGHWAY 1, METEGHAN, NS, B0W2L0, Canada",https://apps.inspection.canada.ca/webapps/FishList/,CFIA Fish and Seafood Establishments (Export List),regulator,2026-02-06,CFIA export list entry,HIGH
6344,name,LES FOURS CLEMENTI CANADA INC. (CFIA Ref #6344),https://apps.inspection.canada.ca/webapps/FishList/,CFIA Fish and Seafood Establishments (Export List),regulator,2026-02-06,CFIA export list entry,HIGH
6344,address,"10625 AVE BELLEVOIS, MONTREAL-NORTH, QC, H1H3C6, Canada",https://apps.inspection.canada.ca/webapps/FishList/,CFIA Fish and Seafood Establishments (Export List),regulator,2026-02-06,CFIA export list entry,HIGH
6345,name,9480-7427 Québec inc. (CFIA Ref #6345),https://apps.inspection.canada.ca/webapps/FishList/,CFIA Fish and Seafood Establishments (Export List),regulator,2026-02-06,CFIA export list entry,HIGH
6345,address,"700 RUE GAUDETTE, SAINT-JEAN-SUR-RICHELIEU, QC, J3B1L7, Canada",https://apps.inspection.canada.ca/webapps/FishList/,CFIA Fish and Seafood Establishments (Export List),regulator,2026-02-06,CFIA export list entry,HIGH
6347,name,K. SWAINE LOBSTERS LIMITED (CFIA Ref #6347),https://apps.inspection.canada.ca/webapps/FishList/,CFIA Fish and Seafood Establishments (Export List),regulator,2026-02-06,CFIA export list entry,HIGH
6347,address,"5489 HWY 3, SHAG HARBOUR, NS, B0W3B0, Canada",https://apps.inspection.canada.ca/webapps/FishList/,CFIA Fish and Seafood Establishments (Export List),regulator,2026-02-06,CFIA export list entry,HIGH
6133,name,CANADA NORTHPOLE 1 BIOLOGICAL TECHNOLOGY LTD. (CFIA Ref #6133),https://apps.inspection.canada.ca/webapps/FishList/,CFIA Fish and Seafood Establishments (Export List),regulator,2026-02-06,CFIA export list entry,HIGH
6133,address,"80 WALDEN DRIVE, OTTAWA, ON, K2K3L5, Canada",https://apps.inspection.canada.ca/webapps/FishList/,CFIA Fish and Seafood Establishments (Export List),regulator,2026-02-06,CFIA export list entry,HIGH
6346,name,FUMOIRS GOSSELIN INC. (CFIA Ref #6346),https://apps.inspection.canada.ca/webapps/FishList/,CFIA Fish and Seafood Establishments (Export List),regulator,2026-02-06,CFIA export list entry,HIGH
6346,address,"1-140 rue de Sherbrooke, Cowansville, QC, J2K3Y9, Canada",https://apps.inspection.canada.ca/webapps/FishList/,CFIA Fish and Seafood Establishments (Export List),regulator,2026-02-06,CFIA export list entry,HIGH
0345,name,CAP LUMIÉRE FISHING SUPPLIES INC. (CFIA Ref #0345),https://apps.inspection.canada.ca/webapps/FishList/,CFIA Fish and Seafood Establishments (Export List),regulator,2026-02-06,CFIA export list entry,HIGH
0345,address,"34 CHEMIN CAP-LUMIERE, RICHIBOUCTOU-VILLAGE, NB, E4W1R2, Canada",https://apps.inspection.canada.ca/webapps/FishList/,CFIA Fish and Seafood Establishments (Export List),regulator,2026-02-06,CFIA export list entry,HIGH
6349,name,AFISHIONADO FISHMONGERS INC (CFIA Ref #6349),https://apps.inspection.canada.ca/webapps/FishList/,CFIA Fish and Seafood Establishments (Export List),regulator,2026-02-06,CFIA export list entry,HIGH
6349,address,"10-275 ROCKY LAKE RD, BEDFORD, NS, B4A2S7, Canada",https://apps.inspection.canada.ca/webapps/FishList/,CFIA Fish and Seafood Establishments (Export List),regulator,2026-02-06,CFIA export list entry,HIGH
6351,name,H&M FOOD LIMITED (CFIA Ref #6351),https://apps.inspection.canada.ca/webapps/FishList/,CFIA Fish and Seafood Establishments (Export List),regulator,2026-02-06,CFIA export list entry,HIGH
6351,address,"3-301 45TH STREET WEST, SASKATOON, SK, S7L5Z9, Canada",https://apps.inspection.canada.ca/webapps/FishList/,CFIA Fish and Seafood Establishments (Export List),regulator,2026-02-06,CFIA export list entry,HIGH
6353,name,FLORENTINA FOODS LTD./ORANGEVILLE PLANT (CFIA Ref #6353),https://apps.inspection.canada.ca/webapps/FishList/,CFIA Fish and Seafood Establishments (Export List),regulator,2026-02-06,CFIA export list entry,HIGH
6353,address,"165 CENTENNIAL ROAD, ORANGEVILLE, ON, L9W3Z8, Canada",https://apps.inspection.canada.ca/webapps/FishList/,CFIA Fish and Seafood Establishments (Export List),regulator,2026-02-06,CFIA export list entry,HIGH
6354,name,1458935 ONTARIO LTD. (CFIA Ref #6354),https://apps.inspection.canada.ca/webapps/FishList/,CFIA Fish and Seafood Establishments (Export List),regulator,2026-02-06,CFIA export list entry,HIGH
6354,address,"195 BRIDGELAND AVE., TORONTO, ON, M6A1Y7, Canada",https://apps.inspection.canada.ca/webapps/FishList/,CFIA Fish and Seafood Establishments (Export List),regulator,2026-02-06,CFIA export list entry,HIGH
6355,name,PATUREL INTERNATIONAL COMPANY/PATUREL INTERNATIONAL COMPANY METEGHAN (CFIA Ref #6355),https://apps.inspection.canada.ca/webapps/FishList/,CFIA Fish and Seafood Establishments (Export List),regulator,2026-02-06,CFIA export list entry,HIGH
6355,address,"4 PETER DUGAS ROAD, METEGHAN, NS, B0W2J0, Canada",https://apps.inspection.canada.ca/webapps/FishList/,CFIA Fish and Seafood Establishments (Export List),regulator,2026-02-06,CFIA export list entry,HIGH
0034,name,MEMORIAL UNIVERSITY OF NEWFOUNDLAND (CFIA Ref #0034),https://apps.inspection.canada.ca/webapps/FishList/,CFIA Fish and Seafood Establishments (Export List),regulator,2026-02-06,CFIA export list entry,HIGH
0034,address,"155 RIDGE ROAD, ST. JOHN'S, NL, A1C5R3, Canada",https://apps.inspection.canada.ca/webapps/FishList/,CFIA Fish and Seafood Establishments (Export List),regulator,2026-02-06,CFIA export list entry,HIGH
6313,name,PROSPERITY FOODS LTD. (CFIA Ref #6313),https://apps.inspection.canada.ca/webapps/FishList/,CFIA Fish and Seafood Establishments (Export List),regulator,2026-02-06,CFIA export list entry,HIGH
6313,address,"2300 VAUXHALL PLACE, RICHMOND, BC, V6V1Z9, Canada",https://apps.inspection.canada.ca/webapps/FishList/,CFIA Fish and Seafood Establishments (Export List),regulator,2026-02-06,CFIA export list entry,HIGH
6358,name,GUANG YI INTERNATIONAL INC. (CFIA Ref #6358),https://apps.inspection.canada.ca/webapps/FishList/,CFIA Fish and Seafood Establishments (Export List),regulator,2026-02-06,CFIA export list entry,HIGH
6358,address,"UNIT 1-7475 KIMBEL STREET, MISSISSAUGA, ON, L5S1E7, Canada",https://apps.inspection.canada.ca/webapps/FishList/,CFIA Fish and Seafood Establishments (Export List),regulator,2026-02-06,CFIA export list entry,HIGH
6359,name,FACTORS GROUP OF NUTRITIONAL COMPANIES INC. (BURNABY) (CFIA Ref #6359),https://apps.inspection.canada.ca/webapps/FishList/,CFIA Fish and Seafood Establishments (Export List),regulator,2026-02-06,CFIA export list entry,HIGH
6359,address,"3655 BONNEVILLE PLACE, BURNABY, BC, V3N2L7, Canada",https://apps.inspection.canada.ca/webapps/FishList/,CFIA Fish and Seafood Establishments (Export List),regulator,2026-02-06,CFIA export list entry,HIGH
6360,name,Canadian Red Crab Co. LTD. (CFIA Ref #6360),https://apps.inspection.canada.ca/webapps/FishList/,CFIA Fish and Seafood Establishments (Export List),regulator,2026-02-06,CFIA export list entry,HIGH
6360,address,"127 SEAL POINT ROAD, UPPER PORT LA TOUR, NS, B0W3N0, Canada",https://apps.inspection.canada.ca/webapps/FishList/,CFIA Fish and Seafood Establishments (Export List),regulator,2026-02-06,CFIA export list entry,HIGH
6361,name,OCEAN FAMILY SEAFOOD INC. (CFIA Ref #6361),https://apps.inspection.canada.ca/webapps/FishList/,CFIA Fish and Seafood Establishments (Export List),regulator,2026-02-06,CFIA export list entry,HIGH
6361,address,"UNIT 101 - 1999 SAVAGE ROAD, RICHMOND, BC, V6V0A5, Canada",https://apps.inspection.canada.ca/webapps/FishList/,CFIA Fish and Seafood Establishments (Export List),regulator,2026-02-06,CFIA export list entry,HIGH
6363,name,DANDY DAN'S FISH MARKET LIMITED (CFIA Ref #6363),https://apps.inspection.canada.ca/webapps/FishList/,CFIA Fish and Seafood Establishments (Export List),regulator,2026-02-06,CFIA export list entry,HIGH
6363,address,"1 MAIN ROAD, SHIP HARBOUR, NL, A0B3E0, Canada",https://apps.inspection.canada.ca/webapps/FishList/,CFIA Fish and Seafood Establishments (Export List),regulator,2026-02-06,CFIA export list entry,HIGH
6102,name,STAMPEDE CULINARY PARTNERS; INC. /STAMPEDE MEAT NORTH INC. (CFIA Ref #6102),https://apps.inspection.canada.ca/webapps/FishList/,CFIA Fish and Seafood Establishments (Export List),regulator,2026-02-06,CFIA export list entry,HIGH
6102,address,"435 DOBBIE DRIVE, CAMBRIDGE, ON, N1T1S9, Canada",https://apps.inspection.canada.ca/webapps/FishList/,CFIA Fish and Seafood Establishments (Export List),regulator,2026-02-06,CFIA export list entry,HIGH
6364,name,CONGÉBEC INC. (CFIA Ref #6364),https://apps.inspection.canada.ca/webapps/FishList/,CFIA Fish and Seafood Establishments (Export List),regulator,2026-02-06,CFIA export list entry,HIGH
6364,address,"2095 LOGISTICS DRIVE, CAMBRIDGE, ON, L5S1Z9, Canada",https://apps.inspection.canada.ca/webapps/FishList/,CFIA Fish and Seafood Establishments (Export List),regulator,2026-02-06,CFIA export list entry,HIGH
6365,name,BLUE CLAW FISHERIES LTD. (CFIA Ref #6365),https://apps.inspection.canada.ca/webapps/FishList/,CFIA Fish and Seafood Establishments (Export List),regulator,2026-02-06,CFIA export list entry,HIGH
6365,address,"2474 MAIN STREET, CLARK'S HARBOUR, NS, B0W1P0, Canada",https://apps.inspection.canada.ca/webapps/FishList/,CFIA Fish and Seafood Establishments (Export List),regulator,2026-02-06,CFIA export list entry,HIGH
6108,name,TAMSCO FOOD SYSTEMS INC. (CFIA Ref #6108),https://apps.inspection.canada.ca/webapps/FishList/,CFIA Fish and Seafood Establishments (Export List),regulator,2026-02-06,CFIA export list entry,HIGH
6108,address,"50 COPERNICUS BLVD., BRANTFORD, ON, N3P1K5, Canada",https://apps.inspection.canada.ca/webapps/FishList/,CFIA Fish and Seafood Establishments (Export List),regulator,2026-02-06,CFIA export list entry,HIGH
6367,name,GRAND RIVER FOOD LTD (CFIA Ref #6367),https://apps.inspection.canada.ca/webapps/FishList/,CFIA Fish and Seafood Establishments (Export List),regulator,2026-02-06,CFIA export list entry,HIGH
6367,address,"31100 WHEEL AVE, ABBOTSFORD, BC, V2T6H1, Canada",https://apps.inspection.canada.ca/webapps/FishList/,CFIA Fish and Seafood Establishments (Export List),regulator,2026-02-06,CFIA export list entry,HIGH
1417486,name,OCEAN CHOICE INTERNATIONAL INC. (CFIA Ref #1417486),https://apps.inspection.canada.ca/webapps/FishList/,CFIA Fish and Seafood Establishments (Export List),regulator,2026-02-06,CFIA export list entry,HIGH
1417486,address,"FISH PLANT ROAD, SOUTH DILDO, NL, A0B1R0, Canada",https://apps.inspection.canada.ca/webapps/FishList/,CFIA Fish and Seafood Establishments (Export List),regulator,2026-02-06,CFIA export list entry,HIGH
6368,name,ADIANTUM PRODUCTION INC. (CFIA Ref #6368),https://apps.inspection.canada.ca/webapps/FishList/,CFIA Fish and Seafood Establishments (Export List),regulator,2026-02-06,CFIA export list entry,HIGH
6368,address,"1777-A RUE NOBEL, SAINTE-JULIE, QC, J3E1Z6, Canada",https://apps.inspection.canada.ca/webapps/FishList/,CFIA Fish and Seafood Establishments (Export List),regulator,2026-02-06,CFIA export list entry,HIGH
6366,name,"SYSCO CANADA, INC. / SYSCO FINE MEATS TORONTO – DERMA (CFIA Ref #6366)",https://apps.inspection.canada.ca/webapps/FishList/,CFIA Fish and Seafood Establishments (Export List),regulator,2026-02-06,CFIA export list entry,HIGH
6366,address,"1400 CREDITSTONE ROAD, VAUGHAN, ON, L4K0E2, Canada",https://apps.inspection.canada.ca/webapps/FishList/,CFIA Fish and Seafood Establishments (Export List),regulator,2026-02-06,CFIA export list entry,HIGH
6370,name,DANDY DAN’S FISH MARKET LIMITED (CFIA Ref #6370),https://apps.inspection.canada.ca/webapps/FishList/,CFIA Fish and Seafood Establishments (Export List),regulator,2026-02-06,CFIA export list entry,HIGH
6370,address,"110 CHARTER AVENUE, ARGENTIA, NL, A0B1W0, Canada",https://apps.inspection.canada.ca/webapps/FishList/,CFIA Fish and Seafood Establishments (Export List),regulator,2026-02-06,CFIA export list entry,HIGH
2326,name,LESLIE HARDY & SONS LTD. / LESLIE (CFIA Ref #2326),https://apps.inspection.canada.ca/webapps/FishList/,CFIA Fish and Seafood Establishments (Export List),regulator,2026-02-06,CFIA export list entry,HIGH
2326,address,"84 FOSTER SHARP ROAD, ELLERSLIE, PE, C0B1J0, Canada",https://apps.inspection.canada.ca/webapps/FishList/,CFIA Fish and Seafood Establishments (Export List),regulator,2026-02-06,CFIA export list entry,HIGH
6372,name,CHIN TAI GINSENG CO. LTD. (CFIA Ref #6372),https://apps.inspection.canada.ca/webapps/FishList/,CFIA Fish and Seafood Establishments (Export List),regulator,2026-02-06,CFIA export list entry,HIGH
6372,address,"4425 Highway 24, Scotland, ON, N0E1R0, Canada",https://apps.inspection.canada.ca/webapps/FishList/,CFIA Fish and Seafood Establishments (Export List),regulator,2026-02-06,CFIA export list entry,HIGH
6374,name,"GROUPE COLABOR INC./COLABOR GROUP INC./GROUPE COLABOR INC, DIVISION VIANDES LAUZON (CFIA Ref #6374)",https://apps.inspection.canada.ca/webapps/FishList/,CFIA Fish and Seafood Establishments (Export List),regulator,2026-02-06,CFIA export list entry,HIGH
6374,address,"2715 RUE READING, MONTREAL, QC, H3K1P7, Canada",https://apps.inspection.canada.ca/webapps/FishList/,CFIA Fish and Seafood Establishments (Export List),regulator,2026-02-06,CFIA export list entry,HIGH
6375,name,FACTORS GROUP OF NUTRITIONAL COMPANIES INC. (CFIA Ref #6375),https://apps.inspection.canada.ca/webapps/FishList/,CFIA Fish and Seafood Establishments (Export List),regulator,2026-02-06,CFIA export list entry,HIGH
6375,address,"UNIT #2 2001 HARTLEY AVE, COQUITLAM, BC, V3K6Z3, Canada",https://apps.inspection.canada.ca/webapps/FishList/,CFIA Fish and Seafood Establishments (Export List),regulator,2026-02-06,CFIA export list entry,HIGH
6376,name,CONGÉBEC INC. (CFIA Ref #6376),https://apps.inspection.canada.ca/webapps/FishList/,CFIA Fish and Seafood Establishments (Export List),regulator,2026-02-06,CFIA export list entry,HIGH
6376,address,"130 J.-A. BOMBARDIER ST., BOUCHERVILLE, QC, J4B8N4, Canada",https://apps.inspection.canada.ca/webapps/FishList/,CFIA Fish and Seafood Establishments (Export List),regulator,2026-02-06,CFIA export list entry,HIGH
6377,name,NATURAL LIFE NUTRITION INC. (CFIA Ref #6377),https://apps.inspection.canada.ca/webapps/FishList/,CFIA Fish and Seafood Establishments (Export List),regulator,2026-02-06,CFIA export list entry,HIGH
6377,address,"108-7337 FRASER WAY, BURNABY, BC, V5J0G7, Canada",https://apps.inspection.canada.ca/webapps/FishList/,CFIA Fish and Seafood Establishments (Export List),regulator,2026-02-06,CFIA export list entry,HIGH
6378,name,CRUSTACES G ROUSSY INC (CFIA Ref #6378),https://apps.inspection.canada.ca/webapps/FishList/,CFIA Fish and Seafood Establishments (Export List),regulator,2026-02-06,CFIA export list entry,HIGH
6378,address,"459, RTE 132, PORT-DANIEL, QC, G0C2N0, Canada",https://apps.inspection.canada.ca/webapps/FishList/,CFIA Fish and Seafood Establishments (Export List),regulator,2026-02-06,CFIA export list entry,HIGH
6379,name,3340921 NOVA SCOTIA LIMITED (CFIA Ref #6379),https://apps.inspection.canada.ca/webapps/FishList/,CFIA Fish and Seafood Establishments (Export List),regulator,2026-02-06,CFIA export list entry,HIGH
6379,address,"18 WATER STREET, YARMOUTH, NS, B5A1K8, Canada",https://apps.inspection.canada.ca/webapps/FishList/,CFIA Fish and Seafood Establishments (Export List),regulator,2026-02-06,CFIA export list entry,HIGH
6380,name,C.B. ISLAND FISHERIES LTD. / KEYSTONE MERCHANDISING (CFIA Ref #6380),https://apps.inspection.canada.ca/webapps/FishList/,CFIA Fish and Seafood Establishments (Export List),regulator,2026-02-06,CFIA export list entry,HIGH
6380,address,"#12 - 4751 SHELL ROAD, RICHMOND, BC, V6X3H4, Canada",https://apps.inspection.canada.ca/webapps/FishList/,CFIA Fish and Seafood Establishments (Export List),regulator,2026-02-06,CFIA export list entry,HIGH
6381,name,CARLSON BROTHERS LTD (CFIA Ref #6381),https://apps.inspection.canada.ca/webapps/FishList/,CFIA Fish and Seafood Establishments (Export List),regulator,2026-02-06,CFIA export list entry,HIGH
6381,address,"57 JETTY AVE., BLIND RIVER, ON, P0R1B0, Canada",https://apps.inspection.canada.ca/webapps/FishList/,CFIA Fish and Seafood Establishments (Export List),regulator,2026-02-06,CFIA export list entry,HIGH
6382,name,SEA TO SKY FISHING LTD./TRIPLE M II 326620 (CFIA Ref #6382),https://apps.inspection.canada.ca/webapps/FishList/,CFIA Fish and Seafood Establishments (Export List),regulator,2026-02-06,CFIA export list entry,HIGH
6382,address,"7857 HUSTON ROAD, DELTA, BC, V4G0A5, Canada",https://apps.inspection.canada.ca/webapps/FishList/,CFIA Fish and Seafood Establishments (Export List),regulator,2026-02-06,CFIA export list entry,HIGH
6383,name,PÉCHERIES LEBRETON & FILS LTÉE / LEBRETON & SONS FISHERIES LTD. / PÉCHERIES LEBRETON & FILS LTÉ DIVISION CARAQUET (CFIA Ref #6383),https://apps.inspection.canada.ca/webapps/FishList/,CFIA Fish and Seafood Establishments (Export List),regulator,2026-02-06,CFIA export list entry,HIGH
6383,address,"9 RUE DU QUAI, CARAQUET, NB, E1W1B6, Canada",https://apps.inspection.canada.ca/webapps/FishList/,CFIA Fish and Seafood Establishments (Export List),regulator,2026-02-06,CFIA export list entry,HIGH
6384,name,DURE FOODS LIMITED (CFIA Ref #6384),https://apps.inspection.canada.ca/webapps/FishList/,CFIA Fish and Seafood Establishments (Export List),regulator,2026-02-06,CFIA export list entry,HIGH
6384,address,"120 ROY BOULEVARD, BRANTFORD, ON, N3R7K2, Canada",https://apps.inspection.canada.ca/webapps/FishList/,CFIA Fish and Seafood Establishments (Export List),regulator,2026-02-06,CFIA export list entry,HIGH
6386,name,"LAKE TO SKY, INC. (CFIA Ref #6386)",https://apps.inspection.canada.ca/webapps/FishList/,CFIA Fish and Seafood Establishments (Export List),regulator,2026-02-06,CFIA export list entry,HIGH
6386,address,"141 DUNLOP AVE. PO BOX 569, GIMLI, MB, R0C1B0, Canada",https://apps.inspection.canada.ca/webapps/FishList/,CFIA Fish and Seafood Establishments (Export List),regulator,2026-02-06,CFIA export list entry,HIGH
6385,name,LES ABEILLES SERVICE DECONDITIONNEMENT INC (CFIA Ref #6385),https://apps.inspection.canada.ca/webapps/FishList/,CFIA Fish and Seafood Establishments (Export List),regulator,2026-02-06,CFIA export list entry,HIGH
6385,address,"11100 BOUL. LOUIS H-LAFONTAINE, ANJOU, QC, H1J2Y5, Canada",https://apps.inspection.canada.ca/webapps/FishList/,CFIA Fish and Seafood Establishments (Export List),regulator,2026-02-06,CFIA export list entry,HIGH
6387,name,FOREMOST FISHING LTD. (CFIA Ref #6387),https://apps.inspection.canada.ca/webapps/FishList/,CFIA Fish and Seafood Establishments (Export List),regulator,2026-02-06,CFIA export list entry,HIGH
6387,address,"7857 HUSTON ROAD, DELTA, BC, V4G0A5, Canada",https://apps.inspection.canada.ca/webapps/FishList/,CFIA Fish and Seafood Establishments (Export List),regulator,2026-02-06,CFIA export list entry,HIGH
6389,name,PACHENA FISHING LTD./PACHENA NO 1 383461 (CFIA Ref #6389),https://apps.inspection.canada.ca/webapps/FishList/,CFIA Fish and Seafood Establishments (Export List),regulator,2026-02-06,CFIA export list entry,HIGH
6389,address,"7857 HUSTON ROAD, DELTA, BC, V4G0A5, Canada",https://apps.inspection.canada.ca/webapps/FishList/,CFIA Fish and Seafood Establishments (Export List),regulator,2026-02-06,CFIA export list entry,HIGH
6390,name,ALIMENTS MARTEL INC. (CFIA Ref #6390),https://apps.inspection.canada.ca/webapps/FishList/,CFIA Fish and Seafood Establishments (Export List),regulator,2026-02-06,CFIA export list entry,HIGH
6390,address,"460 RUE FERNAND-POITRAS, TERREBONNE, QC, J6Y1Y6, Canada",https://apps.inspection.canada.ca/webapps/FishList/,CFIA Fish and Seafood Establishments (Export List),regulator,2026-02-06,CFIA export list entry,HIGH
6397,name,SABATINI U. GOURMET FOODS LIMITED (CFIA Ref #6397),https://apps.inspection.canada.ca/webapps/FishList/,CFIA Fish and Seafood Establishments (Export List),regulator,2026-02-06,CFIA export list entry,HIGH
6397,address,"312 Dolomite Drive Units 923-931 Alness Street, TORONTO, ON, M3J 2J1, Canada",https://apps.inspection.canada.ca/webapps/FishList/,CFIA Fish and Seafood Establishments (Export List),regulator,2026-02-06,CFIA export list entry,HIGH
6398,name,GDE GROCERY DELIVERY E-SERVICES CANADA INC. / HFC SUMMERLEA (CFIA Ref #6398),https://apps.inspection.canada.ca/webapps/FishList/,CFIA Fish and Seafood Establishments (Export List),regulator,2026-02-06,CFIA export list entry,HIGH
6398,address,"250 SUMMERLEA ROAD, UNIT 5 &6, BRAMPTON, ON, L6T3V6, Canada",https://apps.inspection.canada.ca/webapps/FishList/,CFIA Fish and Seafood Establishments (Export List),regulator,2026-02-06,CFIA export list entry,HIGH
6394,name,TOOTSI IMPEX INC (CFIA Ref #6394),https://apps.inspection.canada.ca/webapps/FishList/,CFIA Fish and Seafood Establishments (Export List),regulator,2026-02-06,CFIA export list entry,HIGH
6394,address,"8800 HENRI BOURASSA, SAINT LAURENT, QC, H4S1P4, Canada",https://apps.inspection.canada.ca/webapps/FishList/,CFIA Fish and Seafood Establishments (Export List),regulator,2026-02-06,CFIA export list entry,HIGH
6395,name,TOOTSI IMPEX INC./LES ALIMENTS NATYA LIMITÉE (CFIA Ref #6395),https://apps.inspection.canada.ca/webapps/FishList/,CFIA Fish and Seafood Establishments (Export List),regulator,2026-02-06,CFIA export list entry,HIGH
6395,address,"3015 RUE BRABANT MARINEAU, SAINT-LAURENT, QC, H4S1R8, Canada",https://apps.inspection.canada.ca/webapps/FishList/,CFIA Fish and Seafood Establishments (Export List),regulator,2026-02-06,CFIA export list entry,HIGH
6400,name,COLUMBIA DUNGENESS CRAB LIMITED (CFIA Ref #6400),https://apps.inspection.canada.ca/webapps/FishList/,CFIA Fish and Seafood Establishments (Export List),regulator,2026-02-06,CFIA export list entry,HIGH
6400,address,"8-12800 BATHGATE WAY, RICHMOND, BC, V6V1Z4, Canada",https://apps.inspection.canada.ca/webapps/FishList/,CFIA Fish and Seafood Establishments (Export List),regulator,2026-02-06,CFIA export list entry,HIGH
6401,name,HELLOFRESH CANADA INC. (CFIA Ref #6401),https://apps.inspection.canada.ca/webapps/FishList/,CFIA Fish and Seafood Establishments (Export List),regulator,2026-02-06,CFIA export list entry,HIGH
6401,address,"3311 MOUNT LEHMAN ROAD, ABBOTSFORD, BC, V4X2M9, Canada",https://apps.inspection.canada.ca/webapps/FishList/,CFIA Fish and Seafood Establishments (Export List),regulator,2026-02-06,CFIA export list entry,HIGH
6403,name,FATHOM FISH & SEAFOOD INC. (CFIA Ref #6403),https://apps.inspection.canada.ca/webapps/FishList/,CFIA Fish and Seafood Establishments (Export List),regulator,2026-02-06,CFIA export list entry,HIGH
6403,address,"130 LITTLE BROOK ROAD, LITTLE BROOK, NS, B0W1Z0, Canada",https://apps.inspection.canada.ca/webapps/FishList/,CFIA Fish and Seafood Establishments (Export List),regulator,2026-02-06,CFIA export list entry,HIGH
6405,name,EAST CAPE OYSTER COMPANY (CFIA Ref #6405),https://apps.inspection.canada.ca/webapps/FishList/,CFIA Fish and Seafood Establishments (Export List),regulator,2026-02-06,CFIA export list entry,HIGH
6405,address,"3C MACALEER DRIVE, CHARLOTTETOWN, PE, C1E2A1, Canada",https://apps.inspection.canada.ca/webapps/FishList/,CFIA Fish and Seafood Establishments (Export List),regulator,2026-02-06,CFIA export list entry,HIGH
6406,name,EAT-IN FOODS INC (CFIA Ref #6406),https://apps.inspection.canada.ca/webapps/FishList/,CFIA Fish and Seafood Establishments (Export List),regulator,2026-02-06,CFIA export list entry,HIGH
6406,address,"7389 KIMBEL STREET #7, MISSISSAUGA, ON, L4T3M6, Canada",https://apps.inspection.canada.ca/webapps/FishList/,CFIA Fish and Seafood Establishments (Export List),regulator,2026-02-06,CFIA export list entry,HIGH
6407,name,GOODMARK POULTRY (TORONTO) INC. (CFIA Ref #6407),https://apps.inspection.canada.ca/webapps/FishList/,CFIA Fish and Seafood Establishments (Export List),regulator,2026-02-06,CFIA export list entry,HIGH
6407,address,"2445 LUCKNOW DR., MISSISSAUGA, ON, L5S1H9, Canada",https://apps.inspection.canada.ca/webapps/FishList/,CFIA Fish and Seafood Establishments (Export List),regulator,2026-02-06,CFIA export list entry,HIGH
1466088,name,M.V. OSPREY LTD. (CFIA Ref #1466088),https://apps.inspection.canada.ca/webapps/FishList/,CFIA Fish and Seafood Establishments (Export List),regulator,2026-02-06,CFIA export list entry,HIGH
1466088,address,"385 PURVES STREET, NORTH SYDNEY, NS, B2A3M3, Canada",https://apps.inspection.canada.ca/webapps/FishList/,CFIA Fish and Seafood Establishments (Export List),regulator,2026-02-06,CFIA export list entry,HIGH
6404,name,NORTH RIVER FISH FARMS LIMITED (CFIA Ref #6404),https://apps.inspection.canada.ca/webapps/FishList/,CFIA Fish and Seafood Establishments (Export List),regulator,2026-02-06,CFIA export list entry,HIGH
6404,address,"57 MACKENZIE SETTLEMENT, TRURO, NS, B6L6L7, Canada",https://apps.inspection.canada.ca/webapps/FishList/,CFIA Fish and Seafood Establishments (Export List),regulator,2026-02-06,CFIA export list entry,HIGH
6410,name,MACGREGORS MEAT & SEAFOOD LTD. (CFIA Ref #6410),https://apps.inspection.canada.ca/webapps/FishList/,CFIA Fish and Seafood Establishments (Export List),regulator,2026-02-06,CFIA export list entry,HIGH
6410,address,"265 GARYRAY DRIVE, TORONTO, ON, M9L1P2, Canada",https://apps.inspection.canada.ca/webapps/FishList/,CFIA Fish and Seafood Establishments (Export List),regulator,2026-02-06,CFIA export list entry,HIGH
6412,name,RID OF THE RED CHICKEN & SEAFOOD CO. LTD. (CFIA Ref #6412),https://apps.inspection.canada.ca/webapps/FishList/,CFIA Fish and Seafood Establishments (Export List),regulator,2026-02-06,CFIA export list entry,HIGH
6412,address,"3777 KEITH STREET, BURNABY, BC, V5J3B9, Canada",https://apps.inspection.canada.ca/webapps/FishList/,CFIA Fish and Seafood Establishments (Export List),regulator,2026-02-06,CFIA export list entry,HIGH
6409,name,1279426 B.C. LTD./ NOVA HARVEST - THE DOCK+ FOOD HUB (CFIA Ref #6409),https://apps.inspection.canada.ca/webapps/FishList/,CFIA Fish and Seafood Establishments (Export List),regulator,2026-02-06,CFIA export list entry,HIGH
6409,address,"400-3140 HARBOUR ROAD, PORT ALBERNI, BC, V9Y4B9, Canada",https://apps.inspection.canada.ca/webapps/FishList/,CFIA Fish and Seafood Establishments (Export List),regulator,2026-02-06,CFIA export list entry,HIGH
6314,name,1299244 B.C. LTD./LEESWINNER (CFIA Ref #6314),https://apps.inspection.canada.ca/webapps/FishList/,CFIA Fish and Seafood Establishments (Export List),regulator,2026-02-06,CFIA export list entry,HIGH
6314,address,"9791 FINN RD, RICHMOND, BC, V7A2L3, Canada",https://apps.inspection.canada.ca/webapps/FishList/,CFIA Fish and Seafood Establishments (Export List),regulator,2026-02-06,CFIA export list entry,HIGH
6414,name,SCOTIA HARVEST INC. (CFIA Ref #6414),https://apps.inspection.canada.ca/webapps/FishList/,CFIA Fish and Seafood Establishments (Export List),regulator,2026-02-06,CFIA export list entry,HIGH
6414,address,"12538 HIGHWAY 217, SEABROOK, NS, B0V1A0, Canada",https://apps.inspection.canada.ca/webapps/FishList/,CFIA Fish and Seafood Establishments (Export List),regulator,2026-02-06,CFIA export list entry,HIGH
6413,name,PUBNICO LEDGE FISHERIES LIMITED (CFIA Ref #6413),https://apps.inspection.canada.ca/webapps/FishList/,CFIA Fish and Seafood Establishments (Export List),regulator,2026-02-06,CFIA export list entry,HIGH
6413,address,"286 DENNIS POINT RD, WEST PUBNICO, NS, B0W2C0, Canada",https://apps.inspection.canada.ca/webapps/FishList/,CFIA Fish and Seafood Establishments (Export List),regulator,2026-02-06,CFIA export list entry,HIGH
6416,name,CHEFSVILLE FOODS INC. (CFIA Ref #6416),https://apps.inspection.canada.ca/webapps/FishList/,CFIA Fish and Seafood Establishments (Export List),regulator,2026-02-06,CFIA export list entry,HIGH
6416,address,"CHEFSVILLE FOODS INC., MARKHAM, ON, L3P1W7, Canada",https://apps.inspection.canada.ca/webapps/FishList/,CFIA Fish and Seafood Establishments (Export List),regulator,2026-02-06,CFIA export list entry,HIGH
6417,name,HAILMAR FISHERIES LIMITED (CFIA Ref #6417),https://apps.inspection.canada.ca/webapps/FishList/,CFIA Fish and Seafood Establishments (Export List),regulator,2026-02-06,CFIA export list entry,HIGH
6417,address,"193 OSBORNE HARBOUR RD, UNIT 2, OSBORNE HARBOUR, NS, B0T1L0, Canada",https://apps.inspection.canada.ca/webapps/FishList/,CFIA Fish and Seafood Establishments (Export List),regulator,2026-02-06,CFIA export list entry,HIGH
6418,name,FACTORS GROUP OF NUTRITIONAL COMPANIES INC. /PITT MEADOWS (CFIA Ref #6418),https://apps.inspection.canada.ca/webapps/FishList/,CFIA Fish and Seafood Establishments (Export List),regulator,2026-02-06,CFIA export list entry,HIGH
6418,address,"19055 AIRPORT WAY UNIT 300, PITT MEADOWS, BC, V3Y0G4, Canada",https://apps.inspection.canada.ca/webapps/FishList/,CFIA Fish and Seafood Establishments (Export List),regulator,2026-02-06,CFIA export list entry,HIGH
6419,name,GOLDEN MAPLE GROUP INC. (CFIA Ref #6419),https://apps.inspection.canada.ca/webapps/FishList/,CFIA Fish and Seafood Establishments (Export List),regulator,2026-02-06,CFIA export list entry,HIGH
6419,address,"6-9040 LESLIE ST., RICHMOND HILL, ON, L4B3M4, Canada",https://apps.inspection.canada.ca/webapps/FishList/,CFIA Fish and Seafood Establishments (Export List),regulator,2026-02-06,CFIA export list entry,HIGH
6421,name,MALPEQUE BAY OYSTER FARMS LTD (CFIA Ref #6421),https://apps.inspection.canada.ca/webapps/FishList/,CFIA Fish and Seafood Establishments (Export List),regulator,2026-02-06,CFIA export list entry,HIGH
6421,address,"995 BIDEFORD RD, ELLERSLIE, PE, C0B1H0, Canada",https://apps.inspection.canada.ca/webapps/FishList/,CFIA Fish and Seafood Establishments (Export List),regulator,2026-02-06,CFIA export list entry,HIGH
6422,name,FRESHSTONE BRANDS INC. (CFIA Ref #6422),https://apps.inspection.canada.ca/webapps/FishList/,CFIA Fish and Seafood Establishments (Export List),regulator,2026-02-06,CFIA export list entry,HIGH
6422,address,"195 STEINWAY BLVD, ETOBICOKE, ON, M9W6H6, Canada",https://apps.inspection.canada.ca/webapps/FishList/,CFIA Fish and Seafood Establishments (Export List),regulator,2026-02-06,CFIA export list entry,HIGH
6423,name,WISENT INC (CFIA Ref #6423),https://apps.inspection.canada.ca/webapps/FishList/,CFIA Fish and Seafood Establishments (Export List),regulator,2026-02-06,CFIA export list entry,HIGH
6423,address,"1015 ROUTE 112, SAINT-CÉSAIRE, QC, J0L1T0, Canada",https://apps.inspection.canada.ca/webapps/FishList/,CFIA Fish and Seafood Establishments (Export List),regulator,2026-02-06,CFIA export list entry,HIGH
0942,name,S.M. PRODUCTS (B.C.) LTD. (CFIA Ref #0942),https://apps.inspection.canada.ca/webapps/FishList/,CFIA Fish and Seafood Establishments (Export List),regulator,2026-02-06,CFIA export list entry,HIGH
0942,address,"3827 RIVER ROAD WEST, DELTA, BC, V4K3N2, Canada",https://apps.inspection.canada.ca/webapps/FishList/,CFIA Fish and Seafood Establishments (Export List),regulator,2026-02-06,CFIA export list entry,HIGH
6425,name,DAILY FRESH SHELLFISH INC. (CFIA Ref #6425),https://apps.inspection.canada.ca/webapps/FishList/,CFIA Fish and Seafood Establishments (Export List),regulator,2026-02-06,CFIA export list entry,HIGH
6425,address,"170-12855 CLARKE PLACE, RICHMOND, BC, V6V2H9, Canada",https://apps.inspection.canada.ca/webapps/FishList/,CFIA Fish and Seafood Establishments (Export List),regulator,2026-02-06,CFIA export list entry,HIGH
6426,name,Ocean Choice International Inc. (CFIA Ref #6426),https://apps.inspection.canada.ca/webapps/FishList/,CFIA Fish and Seafood Establishments (Export List),regulator,2026-02-06,CFIA export list entry,HIGH
6426,address,"11 SIMMONDS DR, DARTMOUTH, NS, B3B1R4, Canada",https://apps.inspection.canada.ca/webapps/FishList/,CFIA Fish and Seafood Establishments (Export List),regulator,2026-02-06,CFIA export list entry,HIGH
1293632,name,CN GLOBAL DISTRIBUTOR INC. (CFIA Ref #1293632),https://apps.inspection.canada.ca/webapps/FishList/,CFIA Fish and Seafood Establishments (Export List),regulator,2026-02-06,CFIA export list entry,HIGH
1293632,address,"2010 ELLESMERE RD, UNIT 8 & 9, TORONTO, ON, M1H3B1, Canada",https://apps.inspection.canada.ca/webapps/FishList/,CFIA Fish and Seafood Establishments (Export List),regulator,2026-02-06,CFIA export list entry,HIGH
6429,name,GDE GROCERY DELIVERY E-SERVICES CANADA INC. (CFIA Ref #6429),https://apps.inspection.canada.ca/webapps/FishList/,CFIA Fish and Seafood Establishments (Export List),regulator,2026-02-06,CFIA export list entry,HIGH
6429,address,"920-36 AVE, NISKU, AB, T9E1C9, Canada",https://apps.inspection.canada.ca/webapps/FishList/,CFIA Fish and Seafood Establishments (Export List),regulator,2026-02-06,CFIA export list entry,HIGH
2433,name,"NOCA CANADIAN SEAFOOD BUYER, INC. DBA SUNCOAST SEAFOOD (CFIA Ref #2433)",https://apps.inspection.canada.ca/webapps/FishList/,CFIA Fish and Seafood Establishments (Export List),regulator,2026-02-06,CFIA export list entry,HIGH
2433,address,"87 CHEMIN QUAI-CAP-CACAGNE, GRAND-DIGUE, NB, E4R 4H7, Canada",https://apps.inspection.canada.ca/webapps/FishList/,CFIA Fish and Seafood Establishments (Export List),regulator,2026-02-06,CFIA export list entry,HIGH
6431,name,YOUNG'S LOBSTER COMPANY LTD. (CFIA Ref #6431),https://apps.inspection.canada.ca/webapps/FishList/,CFIA Fish and Seafood Establishments (Export List),regulator,2026-02-06,CFIA export list entry,HIGH
6431,address,"349 NORTHERN HARBOUR ROAD, NORTHERN HARBOUR, NB, E5V 1G6, Canada",https://apps.inspection.canada.ca/webapps/FishList/,CFIA Fish and Seafood Establishments (Export List),regulator,2026-02-06,CFIA export list entry,HIGH
6432,name,MIKUNI MARKETING LTD. (CFIA Ref #6432),https://apps.inspection.canada.ca/webapps/FishList/,CFIA Fish and Seafood Establishments (Export List),regulator,2026-02-06,CFIA export list entry,HIGH
6432,address,"UNIT 200 6711 ELMBRIDGE WAY, RICHMOND, BC, V7C 4N1, Canada",https://apps.inspection.canada.ca/webapps/FishList/,CFIA Fish and Seafood Establishments (Export List),regulator,2026-02-06,CFIA export list entry,HIGH
6433,name,NORTH BAY FISHERMAN'S CO-OPERATIVE LTD./NORTH BAY FISHERMAN'S COOP (CFIA Ref #6433),https://apps.inspection.canada.ca/webapps/FishList/,CFIA Fish and Seafood Establishments (Export List),regulator,2026-02-06,CFIA export list entry,HIGH
6433,address,"23 WHARF RD, BALLANTYNE'S COVE ANTIG C, NS, B2G2L2, Canada",https://apps.inspection.canada.ca/webapps/FishList/,CFIA Fish and Seafood Establishments (Export List),regulator,2026-02-06,CFIA export list entry,HIGH
6434,name,GOCOLD SOLUTIONS INC. / TORBRAM ROAD (CFIA Ref #6434),https://apps.inspection.canada.ca/webapps/FishList/,CFIA Fish and Seafood Establishments (Export List),regulator,2026-02-06,CFIA export list entry,HIGH
6434,address,"7570 TORBRAM ROAD, MISSISSAUGA, ON, L4T3L8, Canada",https://apps.inspection.canada.ca/webapps/FishList/,CFIA Fish and Seafood Establishments (Export List),regulator,2026-02-06,CFIA export list entry,HIGH
4114,name,FRUITS DE MER AAA SEAFOOD INC. (CFIA Ref #4114),https://apps.inspection.canada.ca/webapps/FishList/,CFIA Fish and Seafood Establishments (Export List),regulator,2026-02-06,CFIA export list entry,HIGH
4114,address,"44 BOUL INDUSTRIEL, Caraquet, NB, E1W1A9, Canada",https://apps.inspection.canada.ca/webapps/FishList/,CFIA Fish and Seafood Establishments (Export List),regulator,2026-02-06,CFIA export list entry,HIGH
6436,name,BIG EYE MARINE INC. / VIKING WIND (CFIA Ref #6436),https://apps.inspection.canada.ca/webapps/FishList/,CFIA Fish and Seafood Establishments (Export List),regulator,2026-02-06,CFIA export list entry,HIGH
6436,address,"853 MILLER ROAD, PARKSVILLE, BC, V9P1Z1, Canada",https://apps.inspection.canada.ca/webapps/FishList/,CFIA Fish and Seafood Establishments (Export List),regulator,2026-02-06,CFIA export list entry,HIGH
6437,name,RIGHT SOURCE GROUP LIMITED (CFIA Ref #6437),https://apps.inspection.canada.ca/webapps/FishList/,CFIA Fish and Seafood Establishments (Export List),regulator,2026-02-06,CFIA export list entry,HIGH
6437,address,"421 BLUEWATER ROAD, BEDFORD, NS, B4B1J7, Canada",https://apps.inspection.canada.ca/webapps/FishList/,CFIA Fish and Seafood Establishments (Export List),regulator,2026-02-06,CFIA export list entry,HIGH
6438,name,ALIMENTS PAST-MER INC. (CFIA Ref #6438),https://apps.inspection.canada.ca/webapps/FishList/,CFIA Fish and Seafood Establishments (Export List),regulator,2026-02-06,CFIA export list entry,HIGH
6438,address,"105 RUE AVRO, DORVAL, QC, H9P0A8, Canada",https://apps.inspection.canada.ca/webapps/FishList/,CFIA Fish and Seafood Establishments (Export List),regulator,2026-02-06,CFIA export list entry,HIGH
5217,name,E. GAGNON & FILS LTÉE/ E.GAGNON & FILS LTÉE 5217 (CFIA Ref #5217),https://apps.inspection.canada.ca/webapps/FishList/,CFIA Fish and Seafood Establishments (Export List),regulator,2026-02-06,CFIA export list entry,HIGH
5217,address,"18 RUE DU HAVRE, SAINTE-THÉRÉSE-DE-GASPÉ, QC, G0C3B0, Canada",https://apps.inspection.canada.ca/webapps/FishList/,CFIA Fish and Seafood Establishments (Export List),regulator,2026-02-06,CFIA export list entry,HIGH
6440,name,AMOS AND ANDY FISHERIES LIMITED (CFIA Ref #6440),https://apps.inspection.canada.ca/webapps/FishList/,CFIA Fish and Seafood Establishments (Export List),regulator,2026-02-06,CFIA export list entry,HIGH
6440,address,"50 WILLOW ROAD; BUILDING 1, HALIFAX, NS, B3V1L1, Canada",https://apps.inspection.canada.ca/webapps/FishList/,CFIA Fish and Seafood Establishments (Export List),regulator,2026-02-06,CFIA export list entry,HIGH
6441,name,9322-0341 QUEBEC INC. / CUISINE FRAICHER URBAINE (CFIA Ref #6441),https://apps.inspection.canada.ca/webapps/FishList/,CFIA Fish and Seafood Establishments (Export List),regulator,2026-02-06,CFIA export list entry,HIGH
6441,address,"409 MONTPELLIER, SAINT-LAURENT, QC, H4N2G6, Canada",https://apps.inspection.canada.ca/webapps/FishList/,CFIA Fish and Seafood Establishments (Export List),regulator,2026-02-06,CFIA export list entry,HIGH
6442,name,JACOMBS SEAFOOD LTD. (CFIA Ref #6442),https://apps.inspection.canada.ca/webapps/FishList/,CFIA Fish and Seafood Establishments (Export List),regulator,2026-02-06,CFIA export list entry,HIGH
6442,address,"3771 JACOMBS RD # 545, RICHMOND, BC, V6V2L9, Canada",https://apps.inspection.canada.ca/webapps/FishList/,CFIA Fish and Seafood Establishments (Export List),regulator,2026-02-06,CFIA export list entry,HIGH
986,name,GDE GROCERY DELIVERY E-SERVICES CANADA INC./FACTOR ONTARIO (CFIA Ref #986),https://apps.inspection.canada.ca/webapps/FishList/,CFIA Fish and Seafood Establishments (Export List),regulator,2026-02-06,CFIA export list entry,HIGH
986,address,"3520 LAIRD ROAD, MISSISSAUGA, ON, L5L5Z7, Canada",https://apps.inspection.canada.ca/webapps/FishList/,CFIA Fish and Seafood Establishments (Export List),regulator,2026-02-06,CFIA export list entry,HIGH
6445,name,NATIONAL PASTA CORP. (CFIA Ref #6445),https://apps.inspection.canada.ca/webapps/FishList/,CFIA Fish and Seafood Establishments (Export List),regulator,2026-02-06,CFIA export list entry,HIGH
6445,address,"129 PINEBUSH ROAD, UNIT 101, Cambridge, ON, N1R8L2, Canada",https://apps.inspection.canada.ca/webapps/FishList/,CFIA Fish and Seafood Establishments (Export List),regulator,2026-02-06,CFIA export list entry,HIGH
2552,name,PÉCHERIES LEBRETON & FILS LTÉE / LEBRETON & SONS LTD (CFIA Ref #2552),https://apps.inspection.canada.ca/webapps/FishList/,CFIA Fish and Seafood Establishments (Export List),regulator,2026-02-06,CFIA export list entry,HIGH
2552,address,"78 RUE DU QUAI, VAL-COMEAU, NB, E1X1L4, Canada",https://apps.inspection.canada.ca/webapps/FishList/,CFIA Fish and Seafood Establishments (Export List),regulator,2026-02-06,CFIA export list entry,HIGH
6446,name,0862417 B.C. LTD. (CFIA Ref #6446),https://apps.inspection.canada.ca/webapps/FishList/,CFIA Fish and Seafood Establishments (Export List),regulator,2026-02-06,CFIA export list entry,HIGH
6446,address,"13269 SIMPSON ROAD, LADYSMITH, BC, V9G1H8, Canada",https://apps.inspection.canada.ca/webapps/FishList/,CFIA Fish and Seafood Establishments (Export List),regulator,2026-02-06,CFIA export list entry,HIGH
6447,name,SUN RA LOGOS/ADVENTURER (CFIA Ref #6447),https://apps.inspection.canada.ca/webapps/FishList/,CFIA Fish and Seafood Establishments (Export List),regulator,2026-02-06,CFIA export list entry,HIGH
6447,address,"4508 DAWN PLACE, DELTA, BC, V4K4S1, Canada",https://apps.inspection.canada.ca/webapps/FishList/,CFIA Fish and Seafood Establishments (Export List),regulator,2026-02-06,CFIA export list entry,HIGH
6448,name,ODIN SEAFOOD LTD. (CFIA Ref #6448),https://apps.inspection.canada.ca/webapps/FishList/,CFIA Fish and Seafood Establishments (Export List),regulator,2026-02-06,CFIA export list entry,HIGH
6448,address,"237 COW BAY RD, PRINCE RUPERT, BC, V8J1A2, Canada",https://apps.inspection.canada.ca/webapps/FishList/,CFIA Fish and Seafood Establishments (Export List),regulator,2026-02-06,CFIA export list entry,HIGH
6449,name,C.B. ISLAND FISHERIES LTD./SEA VALUE (CFIA Ref #6449),https://apps.inspection.canada.ca/webapps/FishList/,CFIA Fish and Seafood Establishments (Export List),regulator,2026-02-06,CFIA export list entry,HIGH
6449,address,"3177 - 188TH STREET, SURREY, BC, V3Z9V5, Canada",https://apps.inspection.canada.ca/webapps/FishList/,CFIA Fish and Seafood Establishments (Export List),regulator,2026-02-06,CFIA export list entry,HIGH
6450,name,PHOENIX FISHING LTD. / FREEDOM CHARGER (CFIA Ref #6450),https://apps.inspection.canada.ca/webapps/FishList/,CFIA Fish and Seafood Establishments (Export List),regulator,2026-02-06,CFIA export list entry,HIGH
6450,address,"1501 KREBS CRESCENT, COURTENAY, BC, V9N9E9, Canada",https://apps.inspection.canada.ca/webapps/FishList/,CFIA Fish and Seafood Establishments (Export List),regulator,2026-02-06,CFIA export list entry,HIGH
6451,name,R J KING FISHERIES LIMITED (CFIA Ref #6451),https://apps.inspection.canada.ca/webapps/FishList/,CFIA Fish and Seafood Establishments (Export List),regulator,2026-02-06,CFIA export list entry,HIGH
6451,address,"7891 HIGHWAY 1, METEGHAN, NS, B0W2K0, Canada",https://apps.inspection.canada.ca/webapps/FishList/,CFIA Fish and Seafood Establishments (Export List),regulator,2026-02-06,CFIA export list entry,HIGH
3753,name,R J KING FISHERIES LIMITED / MV ISLAND BOUNTY (CFIA Ref #3753),https://apps.inspection.canada.ca/webapps/FishList/,CFIA Fish and Seafood Establishments (Export List),regulator,2026-02-06,CFIA export list entry,HIGH
3753,address,"120 WATER STREET, CANSO, NS, B0H1H0, Canada",https://apps.inspection.canada.ca/webapps/FishList/,CFIA Fish and Seafood Establishments (Export List),regulator,2026-02-06,CFIA export list entry,HIGH
6452,name,WELLNESS TRADING INC. (CFIA Ref #6452),https://apps.inspection.canada.ca/webapps/FishList/,CFIA Fish and Seafood Establishments (Export List),regulator,2026-02-06,CFIA export list entry,HIGH
6452,address,"9040 LESLIE ST UNIT 2, RICHMOND HILL, ON, L4B3M4, Canada",https://apps.inspection.canada.ca/webapps/FishList/,CFIA Fish and Seafood Establishments (Export List),regulator,2026-02-06,CFIA export list entry,HIGH
6453,name,AFRICAN CHOICE MARKET LTD. (CFIA Ref #6453),https://apps.inspection.canada.ca/webapps/FishList/,CFIA Fish and Seafood Establishments (Export List),regulator,2026-02-06,CFIA export list entry,HIGH
6453,address,"12; 2010 30 AVENUE NE, CALGARY, AB, T2E6Z3, Canada",https://apps.inspection.canada.ca/webapps/FishList/,CFIA Fish and Seafood Establishments (Export List),regulator,2026-02-06,CFIA export list entry,HIGH
1C54,name,OCEAN STORY FISHING GROUP INC. (CFIA Ref #1C54),https://apps.inspection.canada.ca/webapps/FishList/,CFIA Fish and Seafood Establishments (Export List),regulator,2026-02-06,CFIA export list entry,HIGH
1C54,address,"21300 GORDON WAY - UNIT 243, RICHMOND, BC, V6W1M2, Canada",https://apps.inspection.canada.ca/webapps/FishList/,CFIA Fish and Seafood Establishments (Export List),regulator,2026-02-06,CFIA export list entry,HIGH
6454,name,MALCOLM MACDERMID SEAFOOD LTD. (CFIA Ref #6454),https://apps.inspection.canada.ca/webapps/FishList/,CFIA Fish and Seafood Establishments (Export List),regulator,2026-02-06,CFIA export list entry,HIGH
6454,address,"1825 OLD ROUTE 5, BIG BRASS DOR, NS, B1X1A5, Canada",https://apps.inspection.canada.ca/webapps/FishList/,CFIA Fish and Seafood Establishments (Export List),regulator,2026-02-06,CFIA export list entry,HIGH
1C58,name,CAPE BRETON BIVALVE INC. (CFIA Ref #1C58),https://apps.inspection.canada.ca/webapps/FishList/,CFIA Fish and Seafood Establishments (Export List),regulator,2026-02-06,CFIA export list entry,HIGH
1C58,address,"865 HWY 312, ENGLISHTOWN, NS, B0C1H0, Canada",https://apps.inspection.canada.ca/webapps/FishList/,CFIA Fish and Seafood Establishments (Export List),regulator,2026-02-06,CFIA export list entry,HIGH
6455,name,LELE SEAFOOD LTD. (CFIA Ref #6455),https://apps.inspection.canada.ca/webapps/FishList/,CFIA Fish and Seafood Establishments (Export List),regulator,2026-02-06,CFIA export list entry,HIGH
6455,address,"3102-12811 ROWAN PL., RICHMOND, BC, V6V2S6, Canada",https://apps.inspection.canada.ca/webapps/FishList/,CFIA Fish and Seafood Establishments (Export List),regulator,2026-02-06,CFIA export list entry,HIGH
1C60,name,INNOVATIVE FISHERY PRODUCTS INCORPORATED (CFIA Ref #1C60),https://apps.inspection.canada.ca/webapps/FishList/,CFIA Fish and Seafood Establishments (Export List),regulator,2026-02-06,CFIA export list entry,HIGH
1C60,address,"3567 HWY1, BELLIVEAU COVE, NS, B0W1J0, Canada",https://apps.inspection.canada.ca/webapps/FishList/,CFIA Fish and Seafood Establishments (Export List),regulator,2026-02-06,CFIA export list entry,HIGH
1B58,name,NUTRALAB CANADA CORP. (CFIA Ref #1B58),https://apps.inspection.canada.ca/webapps/FishList/,CFIA Fish and Seafood Establishments (Export List),regulator,2026-02-06,CFIA export list entry,HIGH
1B58,address,"980 TAPSCOTT RD, SCARBOROUGH, ON, M1X1C3, Canada",https://apps.inspection.canada.ca/webapps/FishList/,CFIA Fish and Seafood Establishments (Export List),regulator,2026-02-06,CFIA export list entry,HIGH
1C66,name,PREMIÉRE NATION WOLASTOQIYIK (MALÉCITE) WAHSIPEKUK (CFIA Ref #1C66),https://apps.inspection.canada.ca/webapps/FishList/,CFIA Fish and Seafood Establishments (Export List),regulator,2026-02-06,CFIA export list entry,HIGH
1C66,address,"1000 RUE DU PATRIMOINE, CACOUNA, QC, G0L1G0, Canada",https://apps.inspection.canada.ca/webapps/FishList/,CFIA Fish and Seafood Establishments (Export List),regulator,2026-02-06,CFIA export list entry,HIGH
1C61,name,SYSCO CANADA; INC./BUCKHEAD ALBERTA (CFIA Ref #1C61),https://apps.inspection.canada.ca/webapps/FishList/,CFIA Fish and Seafood Establishments (Export List),regulator,2026-02-06,CFIA export list entry,HIGH
1C61,address,"278 CREE ROAD, SHERWOOD PARK, AB, T8A4G2, Canada",https://apps.inspection.canada.ca/webapps/FishList/,CFIA Fish and Seafood Establishments (Export List),regulator,2026-02-06,CFIA export list entry,HIGH
1C68,name,OCEANWIDE SEAFOOD LTD. (CFIA Ref #1C68),https://apps.inspection.canada.ca/webapps/FishList/,CFIA Fish and Seafood Establishments (Export List),regulator,2026-02-06,CFIA export list entry,HIGH
1C68,address,"UNIT 1145; 12191 HAMMERSMITH WAY, RICHMOND, BC, V7A5H2, Canada",https://apps.inspection.canada.ca/webapps/FishList/,CFIA Fish and Seafood Establishments (Export List),regulator,2026-02-06,CFIA export list entry,HIGH
1C69,name,THE BAIT MAN LIMITED (CFIA Ref #1C69),https://apps.inspection.canada.ca/webapps/FishList/,CFIA Fish and Seafood Establishments (Export List),regulator,2026-02-06,CFIA export list entry,HIGH
1C69,address,"97 DANIELS HEAD ROAD, CLARK'S HARBOUR, NS, B0W1P0, Canada",https://apps.inspection.canada.ca/webapps/FishList/,CFIA Fish and Seafood Establishments (Export List),regulator,2026-02-06,CFIA export list entry,HIGH
1C70,name,BASIN VIEW SEAFOOD INC./STANLEY'S SEAFOOD (CFIA Ref #1C70),https://apps.inspection.canada.ca/webapps/FishList/,CFIA Fish and Seafood Establishments (Export List),regulator,2026-02-06,CFIA export list entry,HIGH
1C70,address,"358 HARBOURVIEW DRIVE, NORTH RUSTICO, PE, C0A1X0, Canada",https://apps.inspection.canada.ca/webapps/FishList/,CFIA Fish and Seafood Establishments (Export List),regulator,2026-02-06,CFIA export list entry,HIGH
1C71,name,MIKE'S QUEEN ST MEAT AND SEAFOOD MARKET INC./MIKES ISLAND MARKET (CFIA Ref #1C71),https://apps.inspection.canada.ca/webapps/FishList/,CFIA Fish and Seafood Establishments (Export List),regulator,2026-02-06,CFIA export list entry,HIGH
1C71,address,"368 UNIVERSITY AVENUE, CHARLOTTETOWN, PE, C1A4N1, Canada",https://apps.inspection.canada.ca/webapps/FishList/,CFIA Fish and Seafood Establishments (Export List),regulator,2026-02-06,CFIA export list entry,HIGH
73636,name,602390 ONTARIO LIMITED / OCEAN SEAFOOD COMPANY (CFIA Ref #73636),https://apps.inspection.canada.ca/webapps/FishList/,CFIA Fish and Seafood Establishments (Export List),regulator,2026-02-06,CFIA export list entry,HIGH
73636,address,"81 SCOTTFIELD DRIVE, SCARBOROUGH, ON, M1S5R4, Canada",https://apps.inspection.canada.ca/webapps/FishList/,CFIA Fish and Seafood Establishments (Export List),regulator,2026-02-06,CFIA export list entry,HIGH
1C72,name,LANCE KUJALA / NOTORIOUS (CFIA Ref #1C72),https://apps.inspection.canada.ca/webapps/FishList/,CFIA Fish and Seafood Establishments (Export List),regulator,2026-02-06,CFIA export list entry,HIGH
1C72,address,"7880 CAMERON RD, PORT ALBERNI, BC, V9Y8M9, Canada",https://apps.inspection.canada.ca/webapps/FishList/,CFIA Fish and Seafood Establishments (Export List),regulator,2026-02-06,CFIA export list entry,HIGH
6456,name,GOLDEN CLAW SEAFOOD LTD. (CFIA Ref #6456),https://apps.inspection.canada.ca/webapps/FishList/,CFIA Fish and Seafood Establishments (Export List),regulator,2026-02-06,CFIA export list entry,HIGH
6456,address,"150-2400 SHELL ROAD, RICHMOND, BC, V6X2P1, Canada",https://apps.inspection.canada.ca/webapps/FishList/,CFIA Fish and Seafood Establishments (Export List),regulator,2026-02-06,CFIA export list entry,HIGH
1C73,name,ATLANTICWILD OCEAN KITCHEN INC. (CFIA Ref #1C73),https://apps.inspection.canada.ca/webapps/FishList/,CFIA Fish and Seafood Establishments (Export List),regulator,2026-02-06,CFIA export list entry,HIGH
1C73,address,"244 DENNIS POINT ROAD UNIT 2, LOWER WEST PUBNICO, NS, B0W2C0, Canada",https://apps.inspection.canada.ca/webapps/FishList/,CFIA Fish and Seafood Establishments (Export List),regulator,2026-02-06,CFIA export list entry,HIGH
1C76,name,JMK FISH MART INC. (CFIA Ref #1C76),https://apps.inspection.canada.ca/webapps/FishList/,CFIA Fish and Seafood Establishments (Export List),regulator,2026-02-06,CFIA export list entry,HIGH
1C76,address,"110 QUEENS WHARF, SUMMERSIDE, PE, C1N2G9, Canada",https://apps.inspection.canada.ca/webapps/FishList/,CFIA Fish and Seafood Establishments (Export List),regulator,2026-02-06,CFIA export list entry,HIGH
1C78,name,JOEL SMITH FISHERIES (RICHMOND ROAD) (CFIA Ref #1C78),https://apps.inspection.canada.ca/webapps/FishList/,CFIA Fish and Seafood Establishments (Export List),regulator,2026-02-06,CFIA export list entry,HIGH
1C78,address,"31 PORTER CORNING ROAD, RICHMOND, NS, B5A5L4, Canada",https://apps.inspection.canada.ca/webapps/FishList/,CFIA Fish and Seafood Establishments (Export List),regulator,2026-02-06,CFIA export list entry,HIGH
CS1459337,name,NOVA COLD LOGISTICS ULC (CFIA Ref #CS1459337),https://apps.inspection.canada.ca/webapps/FishList/,CFIA Fish and Seafood Establishments (Export List),regulator,2026-02-06,CFIA export list entry,HIGH
CS1459337,address,"635 WILKINSON AVE, DARTMOUTH, NS, B3B 0H4, Canada",https://apps.inspection.canada.ca/webapps/FishList/,CFIA Fish and Seafood Establishments (Export List),regulator,2026-02-06,CFIA export list entry,HIGH
0776,name,BOAT FRESH INTERNATIONAL TRADING LTD. (CFIA Ref #0776),https://apps.inspection.canada.ca/webapps/FishList/,CFIA Fish and Seafood Establishments (Export List),regulator,2026-02-06,CFIA export list entry,HIGH
0776,address,"2500 VISCOUNT WAY, RICHMOND, BC, V6V1N1, Canada",https://apps.inspection.canada.ca/webapps/FishList/,CFIA Fish and Seafood Establishments (Export List),regulator,2026-02-06,CFIA export list entry,HIGH
1C80,name,LEPREAUX SHELLFISH LTD (CFIA Ref #1C80),https://apps.inspection.canada.ca/webapps/FishList/,CFIA Fish and Seafood Establishments (Export List),regulator,2026-02-06,CFIA export list entry,HIGH
1C80,address,"2406 ROUTE 175, LEPREAU, NB, E5J0B4, Canada",https://apps.inspection.canada.ca/webapps/FishList/,CFIA Fish and Seafood Establishments (Export List),regulator,2026-02-06,CFIA export list entry,HIGH
1C82,name,1321257 B.C. LTD./LILYBOB-B (CFIA Ref #1C82),https://apps.inspection.canada.ca/webapps/FishList/,CFIA Fish and Seafood Establishments (Export List),regulator,2026-02-06,CFIA export list entry,HIGH
1C82,address,"NO12-12740 TRITES RD, RICHMOND, BC, V7E3R8, Canada",https://apps.inspection.canada.ca/webapps/FishList/,CFIA Fish and Seafood Establishments (Export List),regulator,2026-02-06,CFIA export list entry,HIGH
6190,name,1321257 B.C. LTD./ADVENTURER (CFIA Ref #6190),https://apps.inspection.canada.ca/webapps/FishList/,CFIA Fish and Seafood Establishments (Export List),regulator,2026-02-06,CFIA export list entry,HIGH
6190,address,"NO12-12740 TRITES RD, RICHMOND, BC, V7E3R8, Canada",https://apps.inspection.canada.ca/webapps/FishList/,CFIA Fish and Seafood Establishments (Export List),regulator,2026-02-06,CFIA export list entry,HIGH
970,name,PREMIUM BRANDS OPERATING LIMITED PARTNERSHIP (CFIA Ref #970),https://apps.inspection.canada.ca/webapps/FishList/,CFIA Fish and Seafood Establishments (Export List),regulator,2026-02-06,CFIA export list entry,HIGH
970,address,"19020 111 AVENUE NW, EDMONTON, AB, T5S0B6, Canada",https://apps.inspection.canada.ca/webapps/FishList/,CFIA Fish and Seafood Establishments (Export List),regulator,2026-02-06,CFIA export list entry,HIGH
5611,name,PECHERIES LEOMAR INC. / LEOMAR FISHERIES INC. (CFIA Ref #5611),https://apps.inspection.canada.ca/webapps/FishList/,CFIA Fish and Seafood Establishments (Export List),regulator,2026-02-06,CFIA export list entry,HIGH
5611,address,"18 CHEMIN DU QUAI, GRANDE-ENTRÉE, QC, G4T7C6, Canada",https://apps.inspection.canada.ca/webapps/FishList/,CFIA Fish and Seafood Establishments (Export List),regulator,2026-02-06,CFIA export list entry,HIGH
0566,name,PECHERIES LEOMAR INC. / LEOMAR FISHERIES INC. (CFIA Ref #0566),https://apps.inspection.canada.ca/webapps/FishList/,CFIA Fish and Seafood Establishments (Export List),regulator,2026-02-06,CFIA export list entry,HIGH
0566,address,"521 CHEMIN GROS-CAP, L'ÉTANG-DU-NORD, QC, G4T3M1, Canada",https://apps.inspection.canada.ca/webapps/FishList/,CFIA Fish and Seafood Establishments (Export List),regulator,2026-02-06,CFIA export list entry,HIGH
1C89,name,FIRST CATCH FISHERIES CO. LTD. (CFIA Ref #1C89),https://apps.inspection.canada.ca/webapps/FishList/,CFIA Fish and Seafood Establishments (Export List),regulator,2026-02-06,CFIA export list entry,HIGH
1C89,address,"545 PRATT & WHITNEY DRIVE, GOFFS, NS, B2T1R8, Canada",https://apps.inspection.canada.ca/webapps/FishList/,CFIA Fish and Seafood Establishments (Export List),regulator,2026-02-06,CFIA export list entry,HIGH
1C91,name,1298360 B.C. LTD. (CFIA Ref #1C91),https://apps.inspection.canada.ca/webapps/FishList/,CFIA Fish and Seafood Establishments (Export List),regulator,2026-02-06,CFIA export list entry,HIGH
1C91,address,"7 COW BAY RD, PRINCE RUPERT, BC, V8J1A4, Canada",https://apps.inspection.canada.ca/webapps/FishList/,CFIA Fish and Seafood Establishments (Export List),regulator,2026-02-06,CFIA export list entry,HIGH
CS1403133,name,HARBOUR INTERNATIONAL LIMITED (CFIA Ref #CS1403133),https://apps.inspection.canada.ca/webapps/FishList/,CFIA Fish and Seafood Establishments (Export List),regulator,2026-02-06,CFIA export list entry,HIGH
CS1403133,address,"154 WATER STREET ; P.O. BOX 808, BAY ROBERTS, NL, A0A1G0, Canada",https://apps.inspection.canada.ca/webapps/FishList/,CFIA Fish and Seafood Establishments (Export List),regulator,2026-02-06,CFIA export list entry,HIGH
6196,name,F.A.S. SEAFOOD PRODUCERS LTD./CONFIDENT (CFIA Ref #6196),https://apps.inspection.canada.ca/webapps/FishList/,CFIA Fish and Seafood Establishments (Export List),regulator,2026-02-06,CFIA export list entry,HIGH
6196,address,"27 ERIE ST, VICTORIA, BC, V8V1P8, Canada",https://apps.inspection.canada.ca/webapps/FishList/,CFIA Fish and Seafood Establishments (Export List),regulator,2026-02-06,CFIA export list entry,HIGH
1C95,name,LBA ENTERPRISES LTD (CFIA Ref #1C95),https://apps.inspection.canada.ca/webapps/FishList/,CFIA Fish and Seafood Establishments (Export List),regulator,2026-02-06,CFIA export list entry,HIGH
1C95,address,"P.O. BOX 69, LITTLE BAY, NL, A0J1T0, Canada",https://apps.inspection.canada.ca/webapps/FishList/,CFIA Fish and Seafood Establishments (Export List),regulator,2026-02-06,CFIA export list entry,HIGH
1C97,name,ISLAND FISHING LTD. (CFIA Ref #1C97),https://apps.inspection.canada.ca/webapps/FishList/,CFIA Fish and Seafood Establishments (Export List),regulator,2026-02-06,CFIA export list entry,HIGH
1C97,address,"1341 EBER RD, UCLUELET, BC, V0R3A0, Canada",https://apps.inspection.canada.ca/webapps/FishList/,CFIA Fish and Seafood Establishments (Export List),regulator,2026-02-06,CFIA export list entry,HIGH
6332,name,DR MA'S LABORATORIES INC (CFIA Ref #6332),https://apps.inspection.canada.ca/webapps/FishList/,CFIA Fish and Seafood Establishments (Export List),regulator,2026-02-06,CFIA export list entry,HIGH
6332,address,"2580 VISCOUNT WAY, RICHMOND, BC, V6V1N1, Canada",https://apps.inspection.canada.ca/webapps/FishList/,CFIA Fish and Seafood Establishments (Export List),regulator,2026-02-06,CFIA export list entry,HIGH
1D00,name,1401888 B.C. LTD./PACIFIC QUEST (CFIA Ref #1D00),https://apps.inspection.canada.ca/webapps/FishList/,CFIA Fish and Seafood Establishments (Export List),regulator,2026-02-06,CFIA export list entry,HIGH
1D00,address,"195 ESCOWISTA RESERVE, TOFINO, BC, V0R2Z0, Canada",https://apps.inspection.canada.ca/webapps/FishList/,CFIA Fish and Seafood Establishments (Export List),regulator,2026-02-06,CFIA export list entry,HIGH
0789,name,CLOVERDALE COLD STORAGE LTD. (CFIA Ref #0789),https://apps.inspection.canada.ca/webapps/FishList/,CFIA Fish and Seafood Establishments (Export List),regulator,2026-02-06,CFIA export list entry,HIGH
0789,address,"3177 - 188TH STREET, SURREY, BC, V3Z9V5, Canada",https://apps.inspection.canada.ca/webapps/FishList/,CFIA Fish and Seafood Establishments (Export List),regulator,2026-02-06,CFIA export list entry,HIGH
1928,name,CLOVERDALE COLD STORAGE LTD. (CFIA Ref #1928),https://apps.inspection.canada.ca/webapps/FishList/,CFIA Fish and Seafood Establishments (Export List),regulator,2026-02-06,CFIA export list entry,HIGH
1928,address,"3133 - 188TH STREET, SURREY, BC, V3Z9V5, Canada",https://apps.inspection.canada.ca/webapps/FishList/,CFIA Fish and Seafood Establishments (Export List),regulator,2026-02-06,CFIA export list entry,HIGH
1C74,name,CLOVERDALE COLD STORAGE LTD. (CFIA Ref #1C74),https://apps.inspection.canada.ca/webapps/FishList/,CFIA Fish and Seafood Establishments (Export List),regulator,2026-02-06,CFIA export list entry,HIGH
1C74,address,"3188 - 188TH STREET, SURREY, BC, V3Z9V5, Canada",https://apps.inspection.canada.ca/webapps/FishList/,CFIA Fish and Seafood Establishments (Export List),regulator,2026-02-06,CFIA export list entry,HIGH
1D01,name,SMML HOLDINGS INC./STEELHEAD FOOD CO. (CFIA Ref #1D01),https://apps.inspection.canada.ca/webapps/FishList/,CFIA Fish and Seafood Establishments (Export List),regulator,2026-02-06,CFIA export list entry,HIGH
1D01,address,"5 BARRIE BOULEVARD, ST. THOMAS, ON, N5P4B9, Canada",https://apps.inspection.canada.ca/webapps/FishList/,CFIA Fish and Seafood Establishments (Export List),regulator,2026-02-06,CFIA export list entry,HIGH
1C55,name,RASPBERRY POINT OYSTER CO. (2023) INC. (CFIA Ref #1C55),https://apps.inspection.canada.ca/webapps/FishList/,CFIA Fish and Seafood Establishments (Export List),regulator,2026-02-06,CFIA export list entry,HIGH
1C55,address,"9409 CAVENDISH ROAD; ROUTE 6, BAYVIEW, PE, C0A1N0, Canada",https://apps.inspection.canada.ca/webapps/FishList/,CFIA Fish and Seafood Establishments (Export List),regulator,2026-02-06,CFIA export list entry,HIGH
297,name,CONCORD PREMIUM MEATS LTD. (CFIA Ref #297),https://apps.inspection.canada.ca/webapps/FishList/,CFIA Fish and Seafood Establishments (Export List),regulator,2026-02-06,CFIA export list entry,HIGH
297,address,"125 EDILCAN DRIVE, VAUGHAN, ON, L4K3S6, Canada",https://apps.inspection.canada.ca/webapps/FishList/,CFIA Fish and Seafood Establishments (Export List),regulator,2026-02-06,CFIA export list entry,HIGH
1D03,name,STEFF LOBSTER LTD (CFIA Ref #1D03),https://apps.inspection.canada.ca/webapps/FishList/,CFIA Fish and Seafood Establishments (Export List),regulator,2026-02-06,CFIA export list entry,HIGH
1D03,address,"852; CH. ST-RAYMOND, PONT-LANDRY, NB, E1X2S8, Canada",https://apps.inspection.canada.ca/webapps/FishList/,CFIA Fish and Seafood Establishments (Export List),regulator,2026-02-06,CFIA export list entry,HIGH
979,name,METRO RICHELIEU INC./METRO TERREBONNE (CFIA Ref #979),https://apps.inspection.canada.ca/webapps/FishList/,CFIA Fish and Seafood Establishments (Export List),regulator,2026-02-06,CFIA export list entry,HIGH
979,address,"1055 BOULEVARD DE LA PINIÉRE OUEST, TERREBONNE, QC, J6Y1J5, Canada",https://apps.inspection.canada.ca/webapps/FishList/,CFIA Fish and Seafood Establishments (Export List),regulator,2026-02-06,CFIA export list entry,HIGH
1D04,name,FERMES BELLES-AMOURS INC./ BELLES-AMOURS FARMS INC. (CFIA Ref #1D04),https://apps.inspection.canada.ca/webapps/FishList/,CFIA Fish and Seafood Establishments (Export List),regulator,2026-02-06,CFIA export list entry,HIGH
1D04,address,"ROUTE 138, BLANC SABLON, QC, G0G1W0, Canada",https://apps.inspection.canada.ca/webapps/FishList/,CFIA Fish and Seafood Establishments (Export List),regulator,2026-02-06,CFIA export list entry,HIGH
1D05,name,J&F SEAFOOD CORP. (CFIA Ref #1D05),https://apps.inspection.canada.ca/webapps/FishList/,CFIA Fish and Seafood Establishments (Export List),regulator,2026-02-06,CFIA export list entry,HIGH
1D05,address,"7900 HUNTINGTON RD., WOODBRIDGE, ON, L4H4M8, Canada",https://apps.inspection.canada.ca/webapps/FishList/,CFIA Fish and Seafood Establishments (Export List),regulator,2026-02-06,CFIA export list entry,HIGH
1D06,name,MERCIES ENTERPRISES LTD (CFIA Ref #1D06),https://apps.inspection.canada.ca/webapps/FishList/,CFIA Fish and Seafood Establishments (Export List),regulator,2026-02-06,CFIA export list entry,HIGH
1D06,address,"2160 - 12191 HAMMERSMITH WAY, RICHMOND, BC, V7A5H2, Canada",https://apps.inspection.canada.ca/webapps/FishList/,CFIA Fish and Seafood Establishments (Export List),regulator,2026-02-06,CFIA export list entry,HIGH
1496096,name,VERSACOL LOGISTICS SERVICES - GREAT PLAINS (CFIA Ref #1496096),https://apps.inspection.canada.ca/webapps/FishList/,CFIA Fish and Seafood Establishments (Export List),regulator,2026-02-06,CFIA export list entry,HIGH
1496096,address,"5600-76 AVENUE SE, CALGARY, AB, T2C4N4, Canada",https://apps.inspection.canada.ca/webapps/FishList/,CFIA Fish and Seafood Establishments (Export List),regulator,2026-02-06,CFIA export list entry,HIGH
1C81,name,OCEAN STORY FISHING GROUP INC/VIKING MOON (CFIA Ref #1C81),https://apps.inspection.canada.ca/webapps/FishList/,CFIA Fish and Seafood Establishments (Export List),regulator,2026-02-06,CFIA export list entry,HIGH
1C81,address,"PORT EDWARD HARBOUR; 200 BAYVIEW DR, PORT EDWARD, BC, V0V1G0, Canada",https://apps.inspection.canada.ca/webapps/FishList/,CFIA Fish and Seafood Establishments (Export List),regulator,2026-02-06,CFIA export list entry,HIGH
1D10,name,I. DEVEAU FISHERIES LIMITED (CFIA Ref #1D10),https://apps.inspection.canada.ca/webapps/FishList/,CFIA Fish and Seafood Establishments (Export List),regulator,2026-02-06,CFIA export list entry,HIGH
1D10,address,"74 PETER DUGAS ROAD, METEGHAN, NS, B0W2J0, Canada",https://apps.inspection.canada.ca/webapps/FishList/,CFIA Fish and Seafood Establishments (Export List),regulator,2026-02-06,CFIA export list entry,HIGH
6396,name,HAFA FISHERIES TRADING INC. (CFIA Ref #6396),https://apps.inspection.canada.ca/webapps/FishList/,CFIA Fish and Seafood Establishments (Export List),regulator,2026-02-06,CFIA export list entry,HIGH
6396,address,"40 SKAGWAY AVE, SCARBOROUGH, ON, M1M3V1, Canada",https://apps.inspection.canada.ca/webapps/FishList/,CFIA Fish and Seafood Establishments (Export List),regulator,2026-02-06,CFIA export list entry,HIGH
6180,name,MOON DANCER FISHING CO. LTD./ROYAL SPIRIT 29227 (CFIA Ref #6180),https://apps.inspection.canada.ca/webapps/FishList/,CFIA Fish and Seafood Establishments (Export List),regulator,2026-02-06,CFIA export list entry,HIGH
6180,address,"2425 EDWARDS RD., NANOOSE BAY, BC, V9P9A5, Canada",https://apps.inspection.canada.ca/webapps/FishList/,CFIA Fish and Seafood Establishments (Export List),regulator,2026-02-06,CFIA export list entry,HIGH
S917,name,WORLD STORAGE LTD. (CFIA Ref #S917),https://apps.inspection.canada.ca/webapps/FishList/,CFIA Fish and Seafood Establishments (Export List),regulator,2026-02-06,CFIA export list entry,HIGH
S917,address,"7672 PROGRESS WAY; 103, DELTA, BC, V3W5V9, Canada",https://apps.inspection.canada.ca/webapps/FishList/,CFIA Fish and Seafood Establishments (Export List),regulator,2026-02-06,CFIA export list entry,HIGH
1D24,name,RUPERT MEATS LTD. (CFIA Ref #1D24),https://apps.inspection.canada.ca/webapps/FishList/,CFIA Fish and Seafood Establishments (Export List),regulator,2026-02-06,CFIA export list entry,HIGH
1D24,address,"207 3RD AVE EAST, PRINCE RUPERT, BC, V8J1K4, Canada",https://apps.inspection.canada.ca/webapps/FishList/,CFIA Fish and Seafood Establishments (Export List),regulator,2026-02-06,CFIA export list entry,HIGH
S725,name,CONGEBEC INC (CFIA Ref #S725),https://apps.inspection.canada.ca/webapps/FishList/,CFIA Fish and Seafood Establishments (Export List),regulator,2026-02-06,CFIA export list entry,HIGH
S725,address,"810; AVENUE GODIN, QUEBEC, QC, G1M 2X9, Canada",https://apps.inspection.canada.ca/webapps/FishList/,CFIA Fish and Seafood Establishments (Export List),regulator,2026-02-06,CFIA export list entry,HIGH
S763,name,CONGEBEC INC (CFIA Ref #S763),https://apps.inspection.canada.ca/webapps/FishList/,CFIA Fish and Seafood Establishments (Export List),regulator,2026-02-06,CFIA export list entry,HIGH
S763,address,"800; RUE FERNAND-DUFOUR, QUEBEC, QC, G1M 3B1, Canada",https://apps.inspection.canada.ca/webapps/FishList/,CFIA Fish and Seafood Establishments (Export List),regulator,2026-02-06,CFIA export list entry,HIGH
1D26,name,SHIN GRAND FOOD TRADING LTD. / SHIN GRAND FOOD (CFIA Ref #1D26),https://apps.inspection.canada.ca/webapps/FishList/,CFIA Fish and Seafood Establishments (Export List),regulator,2026-02-06,CFIA export list entry,HIGH
1D26,address,"2-12180 HORSESHOE WAY, RICHMOND, BC, V7A4V5, Canada",https://apps.inspection.canada.ca/webapps/FishList/,CFIA Fish and Seafood Establishments (Export List),regulator,2026-02-06,CFIA export list entry,HIGH
1D28,name,PACIFIC-LINK ENTERPRISES LTD. (CFIA Ref #1D28),https://apps.inspection.canada.ca/webapps/FishList/,CFIA Fish and Seafood Establishments (Export List),regulator,2026-02-06,CFIA export list entry,HIGH
1D28,address,"13080 WORSTER COURT, RICHMOND, BC, V6V2B8, Canada",https://apps.inspection.canada.ca/webapps/FishList/,CFIA Fish and Seafood Establishments (Export List),regulator,2026-02-06,CFIA export list entry,HIGH
1528049,name,LIVE STOR SYDNEY LIMITED (CFIA Ref #1528049),https://apps.inspection.canada.ca/webapps/FishList/,CFIA Fish and Seafood Establishments (Export List),regulator,2026-02-06,CFIA export list entry,HIGH
1528049,address,"440 KELTIC DRIVE, SYDNEY, NS, B1L1B8, Canada",https://apps.inspection.canada.ca/webapps/FishList/,CFIA Fish and Seafood Establishments (Export List),regulator,2026-02-06,CFIA export list entry,HIGH
1D30,name,DEEP PACIFIC SEAFOOD LTD./MAJESTIC WARRIOR - 812715 (CFIA Ref #1D30),https://apps.inspection.canada.ca/webapps/FishList/,CFIA Fish and Seafood Establishments (Export List),regulator,2026-02-06,CFIA export list entry,HIGH
1D30,address,"7906 FAWN RD, HALFMOON BAY, BC, V7Z1C8, Canada",https://apps.inspection.canada.ca/webapps/FishList/,CFIA Fish and Seafood Establishments (Export List),regulator,2026-02-06,CFIA export list entry,HIGH
6272,name,RISING SPIRIT INVESTMENTS LTD./PACIFIC SKYWATCH (CFIA Ref #6272),https://apps.inspection.canada.ca/webapps/FishList/,CFIA Fish and Seafood Establishments (Export List),regulator,2026-02-06,CFIA export list entry,HIGH
6272,address,"4491 GRIZZLY HILL RD, ARMSTRONG, BC, V0E1B4, Canada",https://apps.inspection.canada.ca/webapps/FishList/,CFIA Fish and Seafood Establishments (Export List),regulator,2026-02-06,CFIA export list entry,HIGH
874,name,GROUPE MANUFACTURIER METRO INC. / GROUPE METRO MANUFACTURIER INC. (CFIA Ref #874),https://apps.inspection.canada.ca/webapps/FishList/,CFIA Fish and Seafood Establishments (Export List),regulator,2026-02-06,CFIA export list entry,HIGH
874,address,"4205 RUE PHILLIPPE-LEBON, LAVAL, QC, H7P0L6, Canada",https://apps.inspection.canada.ca/webapps/FishList/,CFIA Fish and Seafood Establishments (Export List),regulator,2026-02-06,CFIA export list entry,HIGH
6198,name,R D R FISHING CO. / #19 - SERINNA LYNN (CFIA Ref #6198),https://apps.inspection.canada.ca/webapps/FishList/,CFIA Fish and Seafood Establishments (Export List),regulator,2026-02-06,CFIA export list entry,HIGH
6198,address,"6790 WHARF ST., POWELL RIVER, BC, V8A1T9, Canada",https://apps.inspection.canada.ca/webapps/FishList/,CFIA Fish and Seafood Establishments (Export List),regulator,2026-02-06,CFIA export list entry,HIGH
1D31,name,NORTH SEAFOOD LTD. (CFIA Ref #1D31),https://apps.inspection.canada.ca/webapps/FishList/,CFIA Fish and Seafood Establishments (Export List),regulator,2026-02-06,CFIA export list entry,HIGH
1D31,address,"12740 TRITES RD UNIT 12, RICHMOND, BC, V7E3R8, Canada",https://apps.inspection.canada.ca/webapps/FishList/,CFIA Fish and Seafood Establishments (Export List),regulator,2026-02-06,CFIA export list entry,HIGH
1D32,name,OLD HABITS FERMENTATION CO INC. (CFIA Ref #1D32),https://apps.inspection.canada.ca/webapps/FishList/,CFIA Fish and Seafood Establishments (Export List),regulator,2026-02-06,CFIA export list entry,HIGH
1D32,address,"776 FAIRVIEW ROAD, VICTORIA, BC, V9A5V1, Canada",https://apps.inspection.canada.ca/webapps/FishList/,CFIA Fish and Seafood Establishments (Export List),regulator,2026-02-06,CFIA export list entry,HIGH
CS1405163,name,CARREFOUR INDUSTRIEL DE MATANE INC (CFIA Ref #CS1405163),https://apps.inspection.canada.ca/webapps/FishList/,CFIA Fish and Seafood Establishments (Export List),regulator,2026-02-06,CFIA export list entry,HIGH
CS1405163,address,"78 RUE BRILLANT, MATANE, QC, G4W0J9, Canada",https://apps.inspection.canada.ca/webapps/FishList/,CFIA Fish and Seafood Establishments (Export List),regulator,2026-02-06,CFIA export list entry,HIGH
1565495,name,QUIN-SEA FISHERIES LIMITED (CFIA Ref #1565495),https://apps.inspection.canada.ca/webapps/FishList/,CFIA Fish and Seafood Establishments (Export List),regulator,2026-02-06,CFIA export list entry,HIGH
1565495,address,"1 HIGDON'S FISH PLANT ROAD, NEW HARBOUR, NL, A0B 2P0, Canada",https://apps.inspection.canada.ca/webapps/FishList/,CFIA Fish and Seafood Establishments (Export List),regulator,2026-02-06,CFIA export list entry,HIGH
6249,name,SEA TO STORM FISHING LTD. / LASQUETI STORM (CFIA Ref #6249),https://apps.inspection.canada.ca/webapps/FishList/,CFIA Fish and Seafood Establishments (Export List),regulator,2026-02-06,CFIA export list entry,HIGH
6249,address,"7857 HUSTON ROAD, DELTA, BC, V4G0A5, Canada",https://apps.inspection.canada.ca/webapps/FishList/,CFIA Fish and Seafood Establishments (Export List),regulator,2026-02-06,CFIA export list entry,HIGH
6185,name,LASQUETI STEELER FISHING CO. LTD. / LASQUETI GAMBLER 22610 (CFIA Ref #6185),https://apps.inspection.canada.ca/webapps/FishList/,CFIA Fish and Seafood Establishments (Export List),regulator,2026-02-06,CFIA export list entry,HIGH
6185,address,"103-4535 UPLANDS DRIVE, NANAIMO, BC, V9T6M8, Canada",https://apps.inspection.canada.ca/webapps/FishList/,CFIA Fish and Seafood Establishments (Export List),regulator,2026-02-06,CFIA export list entry,HIGH
0982,name,FGC Foods Ltd. (CFIA Ref #0982),https://apps.inspection.canada.ca/webapps/FishList/,CFIA Fish and Seafood Establishments (Export List),regulator,2026-02-06,CFIA export list entry,HIGH
0982,address,"19405 94 Ave, Surrey, BC, V4N4E6, Canada",https://apps.inspection.canada.ca/webapps/FishList/,CFIA Fish and Seafood Establishments (Export List),regulator,2026-02-06,CFIA export list entry,HIGH
6187,name,Highline Fishing Ltd/Stormryder 312340 (CFIA Ref #6187),https://apps.inspection.canada.ca/webapps/FishList/,CFIA Fish and Seafood Establishments (Export List),regulator,2026-02-06,CFIA export list entry,HIGH
6187,address,"705 Island Hwy, Campbell River, BC, V9W2C2, Canada",https://apps.inspection.canada.ca/webapps/FishList/,CFIA Fish and Seafood Establishments (Export List),regulator,2026-02-06,CFIA export list entry,HIGH
1D35,name,FORECAST FISHERIES INC./HOLDING LOBSTER (CFIA Ref #1D35),https://apps.inspection.canada.ca/webapps/FishList/,CFIA Fish and Seafood Establishments (Export List),regulator,2026-02-06,CFIA export list entry,HIGH
1D35,address,"9495 Route 11, POKESHAW, NB, E5A5S3, Canada",https://apps.inspection.canada.ca/webapps/FishList/,CFIA Fish and Seafood Establishments (Export List),regulator,2026-02-06,CFIA export list entry,HIGH
4227,name,Phillips Bridge Seafood ULC (CFIA Ref #4227),https://apps.inspection.canada.ca/webapps/FishList/,CFIA Fish and Seafood Establishments (Export List),regulator,2026-02-06,CFIA export list entry,HIGH
4227,address,"6 Foy Road, Bloomfield, PE, C0B1E0, Canada",https://apps.inspection.canada.ca/webapps/FishList/,CFIA Fish and Seafood Establishments (Export List),regulator,2026-02-06,CFIA export list entry,HIGH
2399,name,Phillips Bridge Seafood ULC (CFIA Ref #2399),https://apps.inspection.canada.ca/webapps/FishList/,CFIA Fish and Seafood Establishments (Export List),regulator,2026-02-06,CFIA export list entry,HIGH
2399,address,"75 Griffin Drive, Bloomfield, PE, C0B1E0, Canada",https://apps.inspection.canada.ca/webapps/FishList/,CFIA Fish and Seafood Establishments (Export List),regulator,2026-02-06,CFIA export list entry,HIGH
1D36,name,Cotter's Ocean Products Inc. (CFIA Ref #1D36),https://apps.inspection.canada.ca/webapps/FishList/,CFIA Fish and Seafood Establishments (Export List),regulator,2026-02-06,CFIA export list entry,HIGH
1D36,address,"3275 HIGHWAY 1, Belliveau Cove, NS, B0W1J0, Canada",https://apps.inspection.canada.ca/webapps/FishList/,CFIA Fish and Seafood Establishments (Export List),regulator,2026-02-06,CFIA export list entry,HIGH
1D38,name,RBM Fishing Ltd./Sointula Sky (CFIA Ref #1D38),https://apps.inspection.canada.ca/webapps/FishList/,CFIA Fish and Seafood Establishments (Export List),regulator,2026-02-06,CFIA export list entry,HIGH
1D38,address,"710-1st Street, Sointula, BC, V0N3E0, Canada",https://apps.inspection.canada.ca/webapps/FishList/,CFIA Fish and Seafood Establishments (Export List),regulator,2026-02-06,CFIA export list entry,HIGH
6229,name,Graham Millicheap Holdings. Ltd. / Sun Seeker (CFIA Ref #6229),https://apps.inspection.canada.ca/webapps/FishList/,CFIA Fish and Seafood Establishments (Export List),regulator,2026-02-06,CFIA export list entry,HIGH
6229,address,"1055 Lee Road, Parksville, BC, V9P2E1, Canada",https://apps.inspection.canada.ca/webapps/FishList/,CFIA Fish and Seafood Establishments (Export List),regulator,2026-02-06,CFIA export list entry,HIGH
1D39,name,12935180 Canada inc. (CFIA Ref #1D39),https://apps.inspection.canada.ca/webapps/FishList/,CFIA Fish and Seafood Establishments (Export List),regulator,2026-02-06,CFIA export list entry,HIGH
1D39,address,"528 Rte 199, Grande-Entrée, QC, G4T7A8, Canada",https://apps.inspection.canada.ca/webapps/FishList/,CFIA Fish and Seafood Establishments (Export List),regulator,2026-02-06,CFIA export list entry,HIGH
LLPE001,name,Phillips Bridge Seafood ULC (CFIA Ref #LLPE001),https://apps.inspection.canada.ca/webapps/FishList/,CFIA Fish and Seafood Establishments (Export List),regulator,2026-02-06,CFIA export list entry,HIGH
LLPE001,address,"4 Borden Ave, Borden-Carleton, PE, C0B1X0, Canada",https://apps.inspection.canada.ca/webapps/FishList/,CFIA Fish and Seafood Establishments (Export List),regulator,2026-02-06,CFIA export list entry,HIGH
1D40,name,Cootes Fishing Co. Ltd./F/V Sarah C (CFIA Ref #1D40),https://apps.inspection.canada.ca/webapps/FishList/,CFIA Fish and Seafood Establishments (Export List),regulator,2026-02-06,CFIA export list entry,HIGH
1D40,address,"10 Wharf Street, Nanaimo, BC, V9R2X3, Canada",https://apps.inspection.canada.ca/webapps/FishList/,CFIA Fish and Seafood Establishments (Export List),regulator,2026-02-06,CFIA export list entry,HIGH
1D44,name,F.A.S. SEAFOOD PRODUCERS LTD. - MALAHAT II (CFIA Ref #1D44),https://apps.inspection.canada.ca/webapps/FishList/,CFIA Fish and Seafood Establishments (Export List),regulator,2026-02-06,CFIA export list entry,HIGH
1D44,address,"27 ERIE ST, VICTORIA, BC, V8V1P8, Canada",https://apps.inspection.canada.ca/webapps/FishList/,CFIA Fish and Seafood Establishments (Export List),regulator,2026-02-06,CFIA export list entry,HIGH
1D45,name,T.R. FISHING LTD. (CFIA Ref #1D45),https://apps.inspection.canada.ca/webapps/FishList/,CFIA Fish and Seafood Establishments (Export List),regulator,2026-02-06,CFIA export list entry,HIGH
1D45,address,"200 Bayview Drive, PORT EDWARD, BC, V0V1G0, Canada",https://apps.inspection.canada.ca/webapps/FishList/,CFIA Fish and Seafood Establishments (Export List),regulator,2026-02-06,CFIA export list entry,HIGH
1D46,name,3231974 NOVA SCOTIA LIMITED / Do Lobster (CFIA Ref #1D46),https://apps.inspection.canada.ca/webapps/FishList/,CFIA Fish and Seafood Establishments (Export List),regulator,2026-02-06,CFIA export list entry,HIGH
1D46,address,"1319 Main Road, Eastern Passage, NS, B3G1M4, Canada",https://apps.inspection.canada.ca/webapps/FishList/,CFIA Fish and Seafood Establishments (Export List),regulator,2026-02-06,CFIA export list entry,HIGH
1D47,name,Coral Ice Developments Ltd./Coral Ice wetholding (CFIA Ref #1D47),https://apps.inspection.canada.ca/webapps/FishList/,CFIA Fish and Seafood Establishments (Export List),regulator,2026-02-06,CFIA export list entry,HIGH
1D47,address,"7555 Island Hwy West, Bowser, BC, V9P9C9, Canada",https://apps.inspection.canada.ca/webapps/FishList/,CFIA Fish and Seafood Establishments (Export List),regulator,2026-02-06,CFIA export list entry,HIGH
6311,name,T.R. FISHING LTD./Pandalus 29308 (CFIA Ref #6311),https://apps.inspection.canada.ca/webapps/FishList/,CFIA Fish and Seafood Establishments (Export List),regulator,2026-02-06,CFIA export list entry,HIGH
6311,address,"200 Bayview Drive, PORT EDWARD, BC, V0V1G0, Canada",https://apps.inspection.canada.ca/webapps/FishList/,CFIA Fish and Seafood Establishments (Export List),regulator,2026-02-06,CFIA export list entry,HIGH
1D51,name,LES VIANDES MONTCALM INC. / MONTCALM MEATS INC. / LES VIANDES MONTCALM INC. / MONTCALM MEATS INC. (CFIA Ref #1D51),https://apps.inspection.canada.ca/webapps/FishList/,CFIA Fish and Seafood Establishments (Export List),regulator,2026-02-06,CFIA export list entry,HIGH
1D51,address,"7755 Grenache, Montreal, QC, H1J1C4, Canada",https://apps.inspection.canada.ca/webapps/FishList/,CFIA Fish and Seafood Establishments (Export List),regulator,2026-02-06,CFIA export list entry,HIGH
1D52,name,HPP Tolling Facility Canada Ltd. (CFIA Ref #1D52),https://apps.inspection.canada.ca/webapps/FishList/,CFIA Fish and Seafood Establishments (Export List),regulator,2026-02-06,CFIA export list entry,HIGH
1D52,address,"1668 Fosters Way, Delta, BC, V3M6S6, Canada",https://apps.inspection.canada.ca/webapps/FishList/,CFIA Fish and Seafood Establishments (Export List),regulator,2026-02-06,CFIA export list entry,HIGH
1D55,name,New Roots Herbal Inc (CFIA Ref #1D55),https://apps.inspection.canada.ca/webapps/FishList/,CFIA Fish and Seafood Establishments (Export List),regulator,2026-02-06,CFIA export list entry,HIGH
1D55,address,"3405 FX Tessier, Vaudreuil-Dorion, QC, J7V5V5, Canada",https://apps.inspection.canada.ca/webapps/FishList/,CFIA Fish and Seafood Establishments (Export List),regulator,2026-02-06,CFIA export list entry,HIGH
6047,name,94872 NEWFOUNDLAND & LABRADOR INC. / Émilien D (CFIA Ref #6047),https://apps.inspection.canada.ca/webapps/FishList/,CFIA Fish and Seafood Establishments (Export List),regulator,2026-02-06,CFIA export list entry,HIGH
6047,address,"FISH PLANT ROAD, SOUTH DILDO, NL, A0B1R0, Canada",https://apps.inspection.canada.ca/webapps/FishList/,CFIA Fish and Seafood Establishments (Export List),regulator,2026-02-06,CFIA export list entry,HIGH
CS1402842,name,Maritime Cold Storage Ltd. (CFIA Ref #CS1402842),https://apps.inspection.canada.ca/webapps/FishList/,CFIA Fish and Seafood Establishments (Export List),regulator,2026-02-06,CFIA export list entry,HIGH
CS1402842,address,"4987 Route 15, Portage, NB, E4N0A7, Canada",https://apps.inspection.canada.ca/webapps/FishList/,CFIA Fish and Seafood Establishments (Export List),regulator,2026-02-06,CFIA export list entry,HIGH
CS1329858,name,Orion Cold Storage Limited (CFIA Ref #CS1329858),https://apps.inspection.canada.ca/webapps/FishList/,CFIA Fish and Seafood Establishments (Export List),regulator,2026-02-06,CFIA export list entry,HIGH
CS1329858,address,"43 Orion Court, Dartmouth, NS, B2Y4W6, Canada",https://apps.inspection.canada.ca/webapps/FishList/,CFIA Fish and Seafood Establishments (Export List),regulator,2026-02-06,CFIA export list entry,HIGH
S730,name,Congébec Inc. / (CFIA Ref #S730),https://apps.inspection.canada.ca/webapps/FishList/,CFIA Fish and Seafood Establishments (Export List),regulator,2026-02-06,CFIA export list entry,HIGH
S730,address,"2050, RUE BOMBARDIER, SAINTE-JULIE, QC, J3E2J9, Canada",https://apps.inspection.canada.ca/webapps/FishList/,CFIA Fish and Seafood Establishments (Export List),regulator,2026-02-06,CFIA export list entry,HIGH
971,name,Congébec Inc. (CFIA Ref #971),https://apps.inspection.canada.ca/webapps/FishList/,CFIA Fish and Seafood Establishments (Export List),regulator,2026-02-06,CFIA export list entry,HIGH
971,address,"3601 AVENUE DE LA GARE, MASCOUCHE, QC, J7K3C1, Canada",https://apps.inspection.canada.ca/webapps/FishList/,CFIA Fish and Seafood Establishments (Export List),regulator,2026-02-06,CFIA export list entry,HIGH
S413,name,Congébec Inc. (CFIA Ref #S413),https://apps.inspection.canada.ca/webapps/FishList/,CFIA Fish and Seafood Establishments (Export List),regulator,2026-02-06,CFIA export list entry,HIGH
S413,address,"1555 CHEVRIER BLVD, WINNIPEG, MB, R3T1Y7, Canada",https://apps.inspection.canada.ca/webapps/FishList/,CFIA Fish and Seafood Establishments (Export List),regulator,2026-02-06,CFIA export list entry,HIGH
1D60,name,RONNIE TRADING CO. LTD. (CFIA Ref #1D60),https://apps.inspection.canada.ca/webapps/FishList/,CFIA Fish and Seafood Establishments (Export List),regulator,2026-02-06,CFIA export list entry,HIGH
1D60,address,"UNIT 8, 1350 VALMONT WAY, Richmond, BC, V6V1Y4, Canada",https://apps.inspection.canada.ca/webapps/FishList/,CFIA Fish and Seafood Establishments (Export List),regulator,2026-02-06,CFIA export list entry,HIGH
1D61,name,Shelburne Bait Company Limited (CFIA Ref #1D61),https://apps.inspection.canada.ca/webapps/FishList/,CFIA Fish and Seafood Establishments (Export List),regulator,2026-02-06,CFIA export list entry,HIGH
1D61,address,"1482 Sandy Point Road, Shelburne, NS, B0T1W0, Canada",https://apps.inspection.canada.ca/webapps/FishList/,CFIA Fish and Seafood Establishments (Export List),regulator,2026-02-06,CFIA export list entry,HIGH
1D63,name,NATUR+L XTD INC. (CFIA Ref #1D63),https://apps.inspection.canada.ca/webapps/FishList/,CFIA Fish and Seafood Establishments (Export List),regulator,2026-02-06,CFIA export list entry,HIGH
1D63,address,"2905 av José-Maria-Rosell, Saint-Hyacinthe, QC, J2S0J9, Canada",https://apps.inspection.canada.ca/webapps/FishList/,CFIA Fish and Seafood Establishments (Export List),regulator,2026-02-06,CFIA export list entry,HIGH
1D64,name,Ocean Aces Seafood Ltd. (CFIA Ref #1D64),https://apps.inspection.canada.ca/webapps/FishList/,CFIA Fish and Seafood Establishments (Export List),regulator,2026-02-06,CFIA export list entry,HIGH
1D64,address,"Unit 15-12840 Bathgate Way, Richmond, BC, V6V1Z4, Canada",https://apps.inspection.canada.ca/webapps/FishList/,CFIA Fish and Seafood Establishments (Export List),regulator,2026-02-06,CFIA export list entry,HIGH
1D65,name,CANADA UNCLE BILL GROUP INC (CFIA Ref #1D65),https://apps.inspection.canada.ca/webapps/FishList/,CFIA Fish and Seafood Establishments (Export List),regulator,2026-02-06,CFIA export list entry,HIGH
1D65,address,"60 MELFORD DR, SCARBOROUGH, ON, M1B3V3, Canada",https://apps.inspection.canada.ca/webapps/FishList/,CFIA Fish and Seafood Establishments (Export List),regulator,2026-02-06,CFIA export list entry,HIGH
7042,name,T&T Supermarket Inc. (CFIA Ref #7042),https://apps.inspection.canada.ca/webapps/FishList/,CFIA Fish and Seafood Establishments (Export List),regulator,2026-02-06,CFIA export list entry,HIGH
7042,address,"800 TAPSCOTT RD., SCARBOROUGH, ON, M1X 1A4, Canada",https://apps.inspection.canada.ca/webapps/FishList/,CFIA Fish and Seafood Establishments (Export List),regulator,2026-02-06,CFIA export list entry,HIGH
1D68,name,ANC Trading Ltd. (CFIA Ref #1D68),https://apps.inspection.canada.ca/webapps/FishList/,CFIA Fish and Seafood Establishments (Export List),regulator,2026-02-06,CFIA export list entry,HIGH
1D68,address,"225 42 Ave SE, Calgary, AB, T2G0A4, Canada",https://apps.inspection.canada.ca/webapps/FishList/,CFIA Fish and Seafood Establishments (Export List),regulator,2026-02-06,CFIA export list entry,HIGH
1D71,name,Distribution Le Perco inc. (CFIA Ref #1D71),https://apps.inspection.canada.ca/webapps/FishList/,CFIA Fish and Seafood Establishments (Export List),regulator,2026-02-06,CFIA export list entry,HIGH
1D71,address,"1010 Rte 133, Henryville, QC, J0J 1E0, Canada",https://apps.inspection.canada.ca/webapps/FishList/,CFIA Fish and Seafood Establishments (Export List),regulator,2026-02-06,CFIA export list entry,HIGH
1D72,name,NOVASHELL WHOLESALE LOBSTER INC. (CFIA Ref #1D72),https://apps.inspection.canada.ca/webapps/FishList/,CFIA Fish and Seafood Establishments (Export List),regulator,2026-02-06,CFIA export list entry,HIGH
1D72,address,"13100 Peggys Cove Rd, Tantallon, NS, B3Z1K2, Canada",https://apps.inspection.canada.ca/webapps/FishList/,CFIA Fish and Seafood Establishments (Export List),regulator,2026-02-06,CFIA export list entry,HIGH
6369,name,Hamel Inc. (CFIA Ref #6369),https://apps.inspection.canada.ca/webapps/FishList/,CFIA Fish and Seafood Establishments (Export List),regulator,2026-02-06,CFIA export list entry,HIGH
6369,address,"436 AVE TANIATA, LÉVIS, QC, LÉVIS, Canada",https://apps.inspection.canada.ca/webapps/FishList/,CFIA Fish and Seafood Establishments (Export List),regulator,2026-02-06,CFIA export list entry,HIGH
1D75,name,Niqitaq Fisheries Ltd./INUKSUK II (CFIA Ref #1D75),https://apps.inspection.canada.ca/webapps/FishList/,CFIA Fish and Seafood Establishments (Export List),regulator,2026-02-06,CFIA export list entry,HIGH
1D75,address,"154 Water Street, Bay Roberts, NL, A0G1G0, Canada",https://apps.inspection.canada.ca/webapps/FishList/,CFIA Fish and Seafood Establishments (Export List),regulator,2026-02-06,CFIA export list entry,HIGH
1450124,name,"CAPE BALD PACKERS, LIMITED (CFIA Ref #1450124)",https://apps.inspection.canada.ca/webapps/FishList/,CFIA Fish and Seafood Establishments (Export List),regulator,2026-02-06,CFIA export list entry,HIGH
1450124,address,"11 JOHN THIBODEAU ROAD, METEGHAN, NS, B0W2K0, Canada",https://apps.inspection.canada.ca/webapps/FishList/,CFIA Fish and Seafood Establishments (Export List),regulator,2026-02-06,CFIA export list entry,HIGH
CS1428954,name,"CAPE BALD PACKERS, LIMITED (CFIA Ref #CS1428954)",https://apps.inspection.canada.ca/webapps/FishList/,CFIA Fish and Seafood Establishments (Export List),regulator,2026-02-06,CFIA export list entry,HIGH
CS1428954,address,"9101 HIGHWAY 1, METEGHAN CENTRE, NS, B0W2L0, Canada",https://apps.inspection.canada.ca/webapps/FishList/,CFIA Fish and Seafood Establishments (Export List),regulator,2026-02-06,CFIA export list entry,HIGH
CS1417484,name,"CAPE BALD PACKERS, LIMITED (CFIA Ref #CS1417484)",https://apps.inspection.canada.ca/webapps/FishList/,CFIA Fish and Seafood Establishments (Export List),regulator,2026-02-06,CFIA export list entry,HIGH
CS1417484,address,"9089 HIGHWAY 1, METEGHAN CENTRE, NS, B0W2L0, Canada",https://apps.inspection.canada.ca/webapps/FishList/,CFIA Fish and Seafood Establishments (Export List),regulator,2026-02-06,CFIA export list entry,HIGH
60407E,name,"CAPE BALD PACKERS, LIMITED (CFIA Ref #60407E)",https://apps.inspection.canada.ca/webapps/FishList/,CFIA Fish and Seafood Establishments (Export List),regulator,2026-02-06,CFIA export list entry,HIGH
60407E,address,"9089 HIGHWAY 1, METEGHAN CENTRE, NS, B0W2L0, Canada",https://apps.inspection.canada.ca/webapps/FishList/,CFIA Fish and Seafood Establishments (Export List),regulator,2026-02-06,CFIA export list entry,HIGH
1D76,name,TC Harbour Lobsters Inc. / T&C Harbour Lobsters Inc (CFIA Ref #1D76),https://apps.inspection.canada.ca/webapps/FishList/,CFIA Fish and Seafood Establishments (Export List),regulator,2026-02-06,CFIA export list entry,HIGH
1D76,address,"74 Dipper Harbour Rd, Dipper Harbour, NB, E5J1X4, Canada",https://apps.inspection.canada.ca/webapps/FishList/,CFIA Fish and Seafood Establishments (Export List),regulator,2026-02-06,CFIA export list entry,HIGH
6435,name,BOSTON WHOLESALE LOBSTER CANADA INC. O/A SANDY POINT LOBSTER (CFIA Ref #6435),https://apps.inspection.canada.ca/webapps/FishList/,CFIA Fish and Seafood Establishments (Export List),regulator,2026-02-06,CFIA export list entry,HIGH
6435,address,"2208 SANDY POINT ROAD, SHELBURN, NS, B0W1T0, Canada",https://apps.inspection.canada.ca/webapps/FishList/,CFIA Fish and Seafood Establishments (Export List),regulator,2026-02-06,CFIA export list entry,HIGH
3739,name,BOSTON LOBSTER CANADA INC. (CFIA Ref #3739),https://apps.inspection.canada.ca/webapps/FishList/,CFIA Fish and Seafood Establishments (Export List),regulator,2026-02-06,CFIA export list entry,HIGH
3739,address,"2052 HIGHWAY 330, NEWELLTON, NS, B0W1P0, Canada",https://apps.inspection.canada.ca/webapps/FishList/,CFIA Fish and Seafood Establishments (Export List),regulator,2026-02-06,CFIA export list entry,HIGH
CS1299522,name,Harbour Grace CS Inc (CFIA Ref #CS1299522),https://apps.inspection.canada.ca/webapps/FishList/,CFIA Fish and Seafood Establishments (Export List),regulator,2026-02-06,CFIA export list entry,HIGH
CS1299522,address,"119 Water Street, Harbour Grace, NL, A0A2M0, Canada",https://apps.inspection.canada.ca/webapps/FishList/,CFIA Fish and Seafood Establishments (Export List),regulator,2026-02-06,CFIA export list entry,HIGH
1083,name,Ocean Fresh Mussel Growers Ltd (CFIA Ref #1083),https://apps.inspection.canada.ca/webapps/FishList/,CFIA Fish and Seafood Establishments (Export List),regulator,2026-02-06,CFIA export list entry,HIGH
1083,address,"9-11 Wharf Loop, Summerford, NL, A0G4E0, Canada",https://apps.inspection.canada.ca/webapps/FishList/,CFIA Fish and Seafood Establishments (Export List),regulator,2026-02-06,CFIA export list entry,HIGH
1D80,name,Poissonnerie du Creek Ltee / Creek Fish Market Ltd (CFIA Ref #1D80),https://apps.inspection.canada.ca/webapps/FishList/,CFIA Fish and Seafood Establishments (Export List),regulator,2026-02-06,CFIA export list entry,HIGH
1D80,address,"9 Rue Du Quai, Caraquet, QC, E1W1B6, Canada",https://apps.inspection.canada.ca/webapps/FishList/,CFIA Fish and Seafood Establishments (Export List),regulator,2026-02-06,CFIA export list entry,HIGH
1D81,name,Boréal Oméga Inc. (CFIA Ref #1D81),https://apps.inspection.canada.ca/webapps/FishList/,CFIA Fish and Seafood Establishments (Export List),regulator,2026-02-06,CFIA export list entry,HIGH
1D81,address,"25 Ch De La Pointe, Havre-Aux-Maisons, QC, G4T 5P8, Canada",https://apps.inspection.canada.ca/webapps/FishList/,CFIA Fish and Seafood Establishments (Export List),regulator,2026-02-06,CFIA export list entry,HIGH
1D83,name,4608396 Nova Scotia Limited/Marie Eve II (CFIA Ref #1D83),https://apps.inspection.canada.ca/webapps/FishList/,CFIA Fish and Seafood Establishments (Export List),regulator,2026-02-06,CFIA export list entry,HIGH
1D83,address,"112 Port Mersey Dr, Brooklyn, NS, B0J1H0, Canada",https://apps.inspection.canada.ca/webapps/FishList/,CFIA Fish and Seafood Establishments (Export List),regulator,2026-02-06,CFIA export list entry,HIGH
3721,name,Ocean Trawlers Limited (CFIA Ref #3721),https://apps.inspection.canada.ca/webapps/FishList/,CFIA Fish and Seafood Establishments (Export List),regulator,2026-02-06,CFIA export list entry,HIGH
3721,address,"217 Little River Road, Little River, NS, B0V1C0, Canada",https://apps.inspection.canada.ca/webapps/FishList/,CFIA Fish and Seafood Establishments (Export List),regulator,2026-02-06,CFIA export list entry,HIGH
6239,name,Ryan Holm / Mrs. H 29488 (CFIA Ref #6239),https://apps.inspection.canada.ca/webapps/FishList/,CFIA Fish and Seafood Establishments (Export List),regulator,2026-02-06,CFIA export list entry,HIGH
6239,address,"6790 Wharf St, Powell River, BC, V8A1T8, Canada",https://apps.inspection.canada.ca/webapps/FishList/,CFIA Fish and Seafood Establishments (Export List),regulator,2026-02-06,CFIA export list entry,HIGH
1D87,name,RRPM Lobster Limited (CFIA Ref #1D87),https://apps.inspection.canada.ca/webapps/FishList/,CFIA Fish and Seafood Establishments (Export List),regulator,2026-02-06,CFIA export list entry,HIGH
1D87,address,"1788 Highway 308, Sluice Point, NS, B0W3M0, Canada",https://apps.inspection.canada.ca/webapps/FishList/,CFIA Fish and Seafood Establishments (Export List),regulator,2026-02-06,CFIA export list entry,HIGH
1D88,name,incentive fishing ltd. / F/V Outsider (CFIA Ref #1D88),https://apps.inspection.canada.ca/webapps/FishList/,CFIA Fish and Seafood Establishments (Export List),regulator,2026-02-06,CFIA export list entry,HIGH
1D88,address,"1815 SWAYNE RD, ERRINGTON, BC, V0R1V0, Canada",https://apps.inspection.canada.ca/webapps/FishList/,CFIA Fish and Seafood Establishments (Export List),regulator,2026-02-06,CFIA export list entry,HIGH
1D89,name,BAIT MASTERS INC. (CFIA Ref #1D89),https://apps.inspection.canada.ca/webapps/FishList/,CFIA Fish and Seafood Establishments (Export List),regulator,2026-02-06,CFIA export list entry,HIGH
1D89,address,"221 WHARF ROAD, NINE MILE CREEK, PE, C0A1H2, Canada",https://apps.inspection.canada.ca/webapps/FishList/,CFIA Fish and Seafood Establishments (Export List),regulator,2026-02-06,CFIA export list entry,HIGH
1D90,name,Novacan Live Seafood Ltd. (CFIA Ref #1D90),https://apps.inspection.canada.ca/webapps/FishList/,CFIA Fish and Seafood Establishments (Export List),regulator,2026-02-06,CFIA export list entry,HIGH
1D90,address,"816 Veteran's Memorial Dr, Arichat, NS, B0E1A0, Canada",https://apps.inspection.canada.ca/webapps/FishList/,CFIA Fish and Seafood Establishments (Export List),regulator,2026-02-06,CFIA export list entry,HIGH
1D91,name,Rivage Global LTD. (CFIA Ref #1D91),https://apps.inspection.canada.ca/webapps/FishList/,CFIA Fish and Seafood Establishments (Export List),regulator,2026-02-06,CFIA export list entry,HIGH
1D91,address,"#244 - 2340 Pegasus Way NE, Calgary, AB, T2E 8M5, Canada",https://apps.inspection.canada.ca/webapps/FishList/,CFIA Fish and Seafood Establishments (Export List),regulator,2026-02-06,CFIA export list entry,HIGH
1D92,name,Valley Pearl Oysters Inc. (CFIA Ref #1D92),https://apps.inspection.canada.ca/webapps/FishList/,CFIA Fish and Seafood Establishments (Export List),regulator,2026-02-06,CFIA export list entry,HIGH
1D92,address,"6983 Rte 12, Tyne Valley, PE, C0B2C0, Canada",https://apps.inspection.canada.ca/webapps/FishList/,CFIA Fish and Seafood Establishments (Export List),regulator,2026-02-06,CFIA export list entry,HIGH
1D93,name,I. DEVEAU FISHERIES LIMITED (CFIA Ref #1D93),https://apps.inspection.canada.ca/webapps/FishList/,CFIA Fish and Seafood Establishments (Export List),regulator,2026-02-06,CFIA export list entry,HIGH
1D93,address,"441 Lobster Plant Rd, Arichat, NS, B0E1A0, Canada",https://apps.inspection.canada.ca/webapps/FishList/,CFIA Fish and Seafood Establishments (Export List),regulator,2026-02-06,CFIA export list entry,HIGH
1D94,name,North 49 Holdings Ltd. (Woods Harbour) (CFIA Ref #1D94),https://apps.inspection.canada.ca/webapps/FishList/,CFIA Fish and Seafood Establishments (Export List),regulator,2026-02-06,CFIA export list entry,HIGH
1D94,address,"Site B - 6689 Highway 3, Woods Harbour, NS, B0W2E0, Canada",https://apps.inspection.canada.ca/webapps/FishList/,CFIA Fish and Seafood Establishments (Export List),regulator,2026-02-06,CFIA export list entry,HIGH
6192,name,KITASOO BAND STORE LTD/F.V./PACIFIC GULL 23136 (CFIA Ref #6192),https://apps.inspection.canada.ca/webapps/FishList/,CFIA Fish and Seafood Establishments (Export List),regulator,2026-02-06,CFIA export list entry,HIGH
6192,address,"540 Kitasoo Road, KLEMTU, BC, V0T1L0, Canada",https://apps.inspection.canada.ca/webapps/FishList/,CFIA Fish and Seafood Establishments (Export List),regulator,2026-02-06,CFIA export list entry,HIGH
S952,name,PACIFIC BLUE STORAGE LTD. (CFIA Ref #S952),https://apps.inspection.canada.ca/webapps/FishList/,CFIA Fish and Seafood Establishments (Export List),regulator,2026-02-06,CFIA export list entry,HIGH
S952,address,"19080 32 AVE, Surrey, BC, V3S0L5, Canada",https://apps.inspection.canada.ca/webapps/FishList/,CFIA Fish and Seafood Establishments (Export List),regulator,2026-02-06,CFIA export list entry,HIGH
1D98,name,"DOM International Limited / DOM International Limited, Storage Facility (CFIA Ref #1D98)",https://apps.inspection.canada.ca/webapps/FishList/,CFIA Fish and Seafood Establishments (Export List),regulator,2026-02-06,CFIA export list entry,HIGH
1D98,address,"1 Golden Gate Crt, Toronto, ON, M1P3A5, Canada",https://apps.inspection.canada.ca/webapps/FishList/,CFIA Fish and Seafood Establishments (Export List),regulator,2026-02-06,CFIA export list entry,HIGH
1D99,name,Murphy Oyster Company Ltd. (CFIA Ref #1D99),https://apps.inspection.canada.ca/webapps/FishList/,CFIA Fish and Seafood Establishments (Export List),regulator,2026-02-06,CFIA export list entry,HIGH
1D99,address,"96 Jollimores Drive, kensington, PE, C0B1M0, Canada",https://apps.inspection.canada.ca/webapps/FishList/,CFIA Fish and Seafood Establishments (Export List),regulator,2026-02-06,CFIA export list entry,HIGH
6415,name,Hensall Foods Inc. (CFIA Ref #6415),https://apps.inspection.canada.ca/webapps/FishList/,CFIA Fish and Seafood Establishments (Export List),regulator,2026-02-06,CFIA export list entry,HIGH
6415,address,"210 Wellington St W, Exeter, ON, N0M1S2, Canada",https://apps.inspection.canada.ca/webapps/FishList/,CFIA Fish and Seafood Establishments (Export List),regulator,2026-02-06,CFIA export list entry,HIGH
1E01,name,Boréal Oméga Inc./Boréal Oméga Thetford Mines (CFIA Ref #1E01),https://apps.inspection.canada.ca/webapps/FishList/,CFIA Fish and Seafood Establishments (Export List),regulator,2026-02-06,CFIA export list entry,HIGH
1E01,address,"835 Rue Mooney, Thetford Mines, QC, G6G0A5, Canada",https://apps.inspection.canada.ca/webapps/FishList/,CFIA Fish and Seafood Establishments (Export List),regulator,2026-02-06,CFIA export list entry,HIGH
1E02,name,"Nikka Traders, Incorporated (CFIA Ref #1E02)",https://apps.inspection.canada.ca/webapps/FishList/,CFIA Fish and Seafood Establishments (Export List),regulator,2026-02-06,CFIA export list entry,HIGH
1E02,address,"9291 Shaughnessy St, Vancouver, BC, V6P6P4, Canada",https://apps.inspection.canada.ca/webapps/FishList/,CFIA Fish and Seafood Establishments (Export List),regulator,2026-02-06,CFIA export list entry,HIGH
1533520,name,Kelcold refrigerated Warehouse and Logistics Inc (CFIA Ref #1533520),https://apps.inspection.canada.ca/webapps/FishList/,CFIA Fish and Seafood Establishments (Export List),regulator,2026-02-06,CFIA export list entry,HIGH
1533520,address,"55 Frenette Ave, Moncton, NB, E1H3S5, Canada",https://apps.inspection.canada.ca/webapps/FishList/,CFIA Fish and Seafood Establishments (Export List),regulator,2026-02-06,CFIA export list entry,HIGH
7060,name,FRESH BITES INC. (CFIA Ref #7060),https://apps.inspection.canada.ca/webapps/FishList/,CFIA Fish and Seafood Establishments (Export List),regulator,2026-02-06,CFIA export list entry,HIGH
7060,address,"106, 10761 25TH STREET NE, CALGARY, AB, T3N1A6, Canada",https://apps.inspection.canada.ca/webapps/FishList/,CFIA Fish and Seafood Establishments (Export List),regulator,2026-02-06,CFIA export list entry,HIGH
1E04,name,MILLBROOK FIRST NATION ABORIGINAL FISHERIES LTD. (CFIA Ref #1E04),https://apps.inspection.canada.ca/webapps/FishList/,CFIA Fish and Seafood Establishments (Export List),regulator,2026-02-06,CFIA export list entry,HIGH
1E04,address,"739 Hwy 1, Saulnierville, NS, B0W2Z0, Canada",https://apps.inspection.canada.ca/webapps/FishList/,CFIA Fish and Seafood Establishments (Export List),regulator,2026-02-06,CFIA export list entry,HIGH
1E05,name,HSF Ocean Products Ltd./HSF Plant (CFIA Ref #1E05),https://apps.inspection.canada.ca/webapps/FishList/,CFIA Fish and Seafood Establishments (Export List),regulator,2026-02-06,CFIA export list entry,HIGH
1E05,address,"1 Wharf Road, O'Donnell's, NL, A0B3A0, Canada",https://apps.inspection.canada.ca/webapps/FishList/,CFIA Fish and Seafood Establishments (Export List),regulator,2026-02-06,CFIA export list entry,HIGH
1323,name,SEA BROOK FISHERIES LIMITED (CFIA Ref #1323),https://apps.inspection.canada.ca/webapps/FishList/,CFIA Fish and Seafood Establishments (Export List),regulator,2026-02-06,CFIA export list entry,HIGH
1323,address,"12568 HIGHWAY 217, DIGBY, NS, B0V1A0, Canada",https://apps.inspection.canada.ca/webapps/FishList/,CFIA Fish and Seafood Establishments (Export List),regulator,2026-02-06,CFIA export list entry,HIGH
1E07,name,Bill Beauty & Health Products Ltd. (CFIA Ref #1E07),https://apps.inspection.canada.ca/webapps/FishList/,CFIA Fish and Seafood Establishments (Export List),regulator,2026-02-06,CFIA export list entry,HIGH
1E07,address,"120 SILVER STAR BLVD, SCARBOROUGH, ON, M1V4V8, Canada",https://apps.inspection.canada.ca/webapps/FishList/,CFIA Fish and Seafood Establishments (Export List),regulator,2026-02-06,CFIA export list entry,HIGH
1448,name,Scallops Unlimited Incorporated (CFIA Ref #1448),https://apps.inspection.canada.ca/webapps/FishList/,CFIA Fish and Seafood Establishments (Export List),regulator,2026-02-06,CFIA export list entry,HIGH
1448,address,"4126 Shore Rd W, Hillsburn, NS, B0S1A0, Canada",https://apps.inspection.canada.ca/webapps/FishList/,CFIA Fish and Seafood Establishments (Export List),regulator,2026-02-06,CFIA export list entry,HIGH
1E12,name,NovasTown Health Inc. (CFIA Ref #1E12),https://apps.inspection.canada.ca/webapps/FishList/,CFIA Fish and Seafood Establishments (Export List),regulator,2026-02-06,CFIA export list entry,HIGH
1E12,address,"110-3728 North Fraser Way, Burnaby, BC, V5J5G1, Canada",https://apps.inspection.canada.ca/webapps/FishList/,CFIA Fish and Seafood Establishments (Export List),regulator,2026-02-06,CFIA export list entry,HIGH
1E13,name,Marbros Fishing Ltd./Pakalot (CFIA Ref #1E13),https://apps.inspection.canada.ca/webapps/FishList/,CFIA Fish and Seafood Establishments (Export List),regulator,2026-02-06,CFIA export list entry,HIGH
1E13,address,"250 Main St, Ucluelet, BC, V0R3A0, Canada",https://apps.inspection.canada.ca/webapps/FishList/,CFIA Fish and Seafood Establishments (Export List),regulator,2026-02-06,CFIA export list entry,HIGH
1E14,name,Marbros Fishing Ltd. - Janatlee (CFIA Ref #1E14),https://apps.inspection.canada.ca/webapps/FishList/,CFIA Fish and Seafood Establishments (Export List),regulator,2026-02-06,CFIA export list entry,HIGH
1E14,address,"250 Main St,, Ucluelet, BC, V0R 3A0, Canada",https://apps.inspection.canada.ca/webapps/FishList/,CFIA Fish and Seafood Establishments (Export List),regulator,2026-02-06,CFIA export list entry,HIGH
1E15,name,Paul David Robinson/Concord 101 (CFIA Ref #1E15),https://apps.inspection.canada.ca/webapps/FishList/,CFIA Fish and Seafood Establishments (Export List),regulator,2026-02-06,CFIA export list entry,HIGH
1E15,address,"40 Fourth St., Tofino, BC, V0R2Z0, Canada",https://apps.inspection.canada.ca/webapps/FishList/,CFIA Fish and Seafood Establishments (Export List),regulator,2026-02-06,CFIA export list entry,HIGH
1E16,name,Ocean Delight Enterprise Ltd. (CFIA Ref #1E16),https://apps.inspection.canada.ca/webapps/FishList/,CFIA Fish and Seafood Establishments (Export List),regulator,2026-02-06,CFIA export list entry,HIGH
1E16,address,"1201-12740 Trites Road, Richmond, BC, V7E3R8, Canada",https://apps.inspection.canada.ca/webapps/FishList/,CFIA Fish and Seafood Establishments (Export List),regulator,2026-02-06,CFIA export list entry,HIGH
1E17,name,NovasPure Nutrition Inc. (CFIA Ref #1E17),https://apps.inspection.canada.ca/webapps/FishList/,CFIA Fish and Seafood Establishments (Export List),regulator,2026-02-06,CFIA export list entry,HIGH
1E17,address,"108-3728 North Fraser Way, Burnaby, BC, V5J5G1, Canada",https://apps.inspection.canada.ca/webapps/FishList/,CFIA Fish and Seafood Establishments (Export List),regulator,2026-02-06,CFIA export list entry,HIGH
S957,name,Can-Am Logistics INC (CFIA Ref #S957),https://apps.inspection.canada.ca/webapps/FishList/,CFIA Fish and Seafood Establishments (Export List),regulator,2026-02-06,CFIA export list entry,HIGH
S957,address,"12203 Airport Rd Unit A, Caledon, ON, L7C2X3, Canada",https://apps.inspection.canada.ca/webapps/FishList/,CFIA Fish and Seafood Establishments (Export List),regulator,2026-02-06,CFIA export list entry,HIGH
1E19,name,Poissonnerie des iles Renaud Inc. (CFIA Ref #1E19),https://apps.inspection.canada.ca/webapps/FishList/,CFIA Fish and Seafood Establishments (Export List),regulator,2026-02-06,CFIA export list entry,HIGH
1E19,address,"559 Boul Industriel, Saint-Eustache, QC, J7R6C6, Canada",https://apps.inspection.canada.ca/webapps/FishList/,CFIA Fish and Seafood Establishments (Export List),regulator,2026-02-06,CFIA export list entry,HIGH
1E21,name,old atlantic shore natural foods ltd. (CFIA Ref #1E21),https://apps.inspection.canada.ca/webapps/FishList/,CFIA Fish and Seafood Establishments (Export List),regulator,2026-02-06,CFIA export list entry,HIGH
1E21,address,"212 Pauls Point Rd, Hacketts Cove, NS, B3Z3K7, Canada",https://apps.inspection.canada.ca/webapps/FishList/,CFIA Fish and Seafood Establishments (Export List),regulator,2026-02-06,CFIA export list entry,HIGH
0740,name,Pacific Northwest Shellfish Company Ltd. (CFIA Ref #0740),https://apps.inspection.canada.ca/webapps/FishList/,CFIA Fish and Seafood Establishments (Export List),regulator,2026-02-06,CFIA export list entry,HIGH
0740,address,"150-8851 Beckwith Rd, Richmond, BC, V6X1V4, Canada",https://apps.inspection.canada.ca/webapps/FishList/,CFIA Fish and Seafood Establishments (Export List),regulator,2026-02-06,CFIA export list entry,HIGH
1E00,name,Vital Life Pharmaceutical Inc. (CFIA Ref #1E00),https://apps.inspection.canada.ca/webapps/FishList/,CFIA Fish and Seafood Establishments (Export List),regulator,2026-02-06,CFIA export list entry,HIGH
1E00,address,"70 Melford Dr. Unit 4, Scarborough, ON, M1B 1Y9, Canada",https://apps.inspection.canada.ca/webapps/FishList/,CFIA Fish and Seafood Establishments (Export List),regulator,2026-02-06,CFIA export list entry,HIGH
