factory,company,location,website,species,capacity,certifications,byproduct,confidence_species,confidence_capacity,confidence_certifications,confidence_byproduct,evidence_urls,notes,cfia_ref
COLDFISH SEAFOODS COMPANY INC/FV SABLE MIST (CFIA Ref #6265),COLDFISH SEAFOODS COMPANY INC/FV SABLE MIST,"1670 EAST KENT AVENUE SOUTH, VANCOUVER, BC, V5P2S7, Canada",https://coldfish.ca/,"Multi-species seafood (Salmon, Crab, Tuna, Halibut, Cod)",Unknown,Unknown,Unknown,MEDIUM,LOW,LOW,LOW,https://coldfish.ca/ | https://coldfish.ca/contact-us/ | https://coldfish.ca/about-us/ | https://coldfish.ca,Verified from website text extraction,
COLDFISH SEAFOODS COMPANY INC/FV NORDIC RAND (CFIA Ref #6309),COLDFISH SEAFOODS COMPANY INC/FV NORDIC RAND,"1670 EAST KENT AVENUE SOUTH, VANCOUVER, BC, V5P2S7, Canada",https://coldfish-seafood-company-inc.wheree.com/,Unknown,Unknown,Unknown,Unknown,LOW,LOW,LOW,LOW,https://coldfish.ca/ | https://coldfish.ca/contact-us/ | https://coldfish.ca/about-us/,Website found but pages not extractable / too thin,
COLDFISH SEAFOODS COMPANY INC/FV LASQUETI STAR (CFIA Ref #1D97),COLDFISH SEAFOODS COMPANY INC/FV LASQUETI STAR,"1-1670 E KENT AVE SOUTH, VANCOUVER, BC, V5P2S7, Canada",https://coldfish.ca/,"Multi-species seafood (Salmon, Crab, Tuna, Halibut, Cod)",Unknown,Unknown,Unknown,MEDIUM,LOW,LOW,LOW,https://coldfish.ca/ | https://coldfish.ca/contact-us/ | https://coldfish.ca/about-us/ | https://coldfish.ca,Verified from website text extraction,
COLDFISH SEAFOODS COMPANY INC/FV BRENDA-LIN (CFIA Ref #6288),COLDFISH SEAFOODS COMPANY INC/FV BRENDA-LIN,"1670 EAST KENT AVENUE SOUTH, VANCOUVER, BC, V5P2S7, Canada",https://coldfish-seafood-company-inc.wheree.com/,Unknown,Unknown,Unknown,Unknown,LOW,LOW,LOW,LOW,https://coldfish.ca/ | https://coldfish.ca/contact-us/ | https://www.dnb.com/business-directory/company-profiles.coldfish_seafoods_company_inc.fd9f83b4de8e4d7c6cb36bf287f81f98.html,Website found but pages not extractable / too thin,
Champlain Seafoods Cape Breton Inc. O/A Petit de Grat Packers (CFIA Ref #3526),Champlain Seafoods Cape Breton Inc. O/A Petit de Grat Packers,"24 Alderney Point HWY 206, Petit De Grat, NS, B0E2L0, Canada",https://champlainseafood.com/our-companies/petit-de-grat/,"Lobster, Crab",Unknown,Unknown,Unknown,HIGH,LOW,LOW,LOW,https://champlainseafood.com/our-companies/petit-de-grat/ | https://champlainseafood.com/ | https://www.mapquest.com/ca/nova-scotia/petit-de-grat-packers-ltd-377355828 | https://champlainseafood.com/our-companies/petit-de-grat,Verified from website text extraction,
WORLDWIDE SEAFOODS (1997) LIMITED / F/V PACIFIC TITAN (CFIA Ref #6393),WORLDWIDE SEAFOODS (1997) LIMITED / F/V PACIFIC TITAN,"12 ORWELL STREET, NORTH VANCOUVER, BC, V7J2G1, Canada",https://worldwideseafoods.ca/,"Tuna, Halibut",Unknown,Unknown,Unknown,HIGH,LOW,LOW,LOW,https://worldwideseafoods.ca/ | https://worldwideseafoods.ca/contact.html | https://wwseafoods.com/about-us | https://worldwideseafoods.ca,Verified from website text extraction,
WORLDWIDE SEAFOODS (1997) LIMITED / F/V OCEAN EXPLORER (CFIA Ref #6392),WORLDWIDE SEAFOODS (1997) LIMITED / F/V OCEAN EXPLORER,"12 ORWELL STREET, NORTH VANCOUVER, BC, V7J2G1, Canada",https://worldwideseafoods.ca/,"Tuna, Halibut",Unknown,Unknown,Unknown,HIGH,LOW,LOW,LOW,https://worldwideseafoods.ca/ | https://worldwideseafoods.ca/contact.html | https://wwseafoods.com/about-us | https://worldwideseafoods.ca,Verified from website text extraction,
WORLDWIDE SEAFOODS (1997) LIMITED / F/V KEYTHERA (CFIA Ref #6391),WORLDWIDE SEAFOODS (1997) LIMITED / F/V KEYTHERA,"12 ORWELL STREET, NORTH VANCOUVER, BC, V7J2G1, Canada",https://worldwideseafoods.ca/,"Tuna, Halibut",Unknown,Unknown,Unknown,HIGH,LOW,LOW,LOW,https://worldwideseafoods.ca/ | https://worldwideseafoods.ca/contact.html | https://wwseafoods.com/about-us | https://worldwideseafoods.ca,Verified from website text extraction,
W. SEARS SEAFOODS LIMITED (CFIA Ref #LL32129),W. SEARS SEAFOODS LIMITED,"44 FISH PLANT ROAD, THE HAWK, NS, B0W1P0, Canada",https://www.novascotiaseafoodalliance.ca/w-sears-seafoods,Lobster,Unknown,Unknown,Unknown,HIGH,LOW,LOW,LOW,https://seastarseafoods.com/ | https://www.novascotiaseafoodalliance.ca/w-sears-seafoods | https://seastarseafoods.com/?page_id=11,Verified from website text extraction,
VIKING ALLIANCE SEAFOODS LTD. (CFIA Ref #6137),VIKING ALLIANCE SEAFOODS LTD.,"2-11771 HORSESHOE WAY, RICHMOND, BC, V7A 4V4, Canada",Unknown / not in CFIA list,Unknown,Unknown,Unknown,Unknown,LOW,LOW,LOW,LOW,,No website found via search backend,
UCLUELET HARBOUR SEAFOODS LTD. (CFIA Ref #0940),UCLUELET HARBOUR SEAFOODS LTD.,"2074 PENINSULA ROAD, UCLUELET, BC, V0R3A0, Canada",https://avemployment.ca/sites/default/files/Pacific%20Seafood%20-%20Company%20Profile.pdf,Unknown,Unknown,SQF,Unknown,LOW,LOW,HIGH,LOW,https://www.facebook.com/UclueletHarbourSeafoodscareers/ | https://seafood.media/fis/companies/details.asp?l=e&filterby=companies&=&country_id=&page=1&company_id=48807&submenu=info | https://www.mapquest.com/ca/british-columbia/ucluelet-harbour-seafoods-ltd-454859012 | https://avemployment.ca/sites/default/files/Pacific%20Seafood%20-%20Company%20Profile.pdf,Verified from website text extraction,
UCLUELET HARBOUR SEAFOODS LTD. (CFIA Ref #0798),UCLUELET HARBOUR SEAFOODS LTD.,"1661 CEDAR ROAD, UCLUELET, BC, V0R3A0, Canada",https://avemployment.ca/sites/default/files/Pacific%20Seafood%20-%20Company%20Profile.pdf,Unknown,Unknown,SQF,Unknown,LOW,LOW,HIGH,LOW,https://www.facebook.com/UclueletHarbourSeafoodscareers/ | https://seafood.media/fis/companies/details.asp?l=e&filterby=companies&=&country_id=&page=1&company_id=48807&submenu=info | https://www.mapquest.com/ca/british-columbia/ucluelet-harbour-seafoods-ltd-454859012 | https://avemployment.ca/sites/default/files/Pacific%20Seafood%20-%20Company%20Profile.pdf,Verified from website text extraction,
"TRIPLE ""M"" SEAFOODS LIMITED (CFIA Ref #3348)","TRIPLE ""M"" SEAFOODS LIMITED","15 RALPHIES LANE, LITTLE RIVER HARBOUR, NS, B0W1B0, Canada",Unknown / not in CFIA list,Unknown,Unknown,Unknown,Unknown,LOW,LOW,LOW,LOW,,No website found via search backend,
TRANSFORMATION SEAFOODS INC. (CFIA Ref #6126),TRANSFORMATION SEAFOODS INC.,"39 MOOD MILL ROAD TUSKET, YARMOUTH, NS, B5A5J4, Canada",https://seafoodfromcanada.ca/listing/transformation-seafoods-inc/,"Multi-species seafood (Salmon, Lobster, Crab, Shrimp/Prawn, Mussel, Oyster, Clam, Tuna)",Unknown,Unknown,YES (Collagen/Gelatin),MEDIUM,LOW,LOW,HIGH,https://seafoodfromcanada.ca/listing/transformation-seafoods-inc/ | https://app.tradeatlas.com/en/firms/transformation-seafoods-inc/00d2a8a89ed7f71d | https://gather.tracegains.com/market/supplier/ba74569d-edd5-4b43-a4a5-cbc502fdccfa | https://seafoodfromcanada.ca/listing/transformation-seafoods-inc | https://seafoodfromcanada.ca/listing/transformation-seafoods-inc/product,Verified from website text extraction,
TRANSFORMATION SEAFOODS INC. (CFIA Ref #3722),TRANSFORMATION SEAFOODS INC.,"8483 HWY #3, CHARLESVILLE, NS, -, Canada",https://seafoodfromcanada.ca/listing/transformation-seafoods-inc/,"Multi-species seafood (Salmon, Lobster, Crab, Shrimp/Prawn, Mussel, Oyster, Clam, Tuna)",Unknown,Unknown,YES (Collagen/Gelatin),MEDIUM,LOW,LOW,HIGH,https://seafoodfromcanada.ca/listing/transformation-seafoods-inc/ | https://app.tradeatlas.com/en/firms/transformation-seafoods-inc/00d2a8a89ed7f71d | https://gather.tracegains.com/market/supplier/ba74569d-edd5-4b43-a4a5-cbc502fdccfa | https://seafoodfromcanada.ca/listing/transformation-seafoods-inc | https://seafoodfromcanada.ca/listing/transformation-seafoods-inc/product,Verified from website text extraction,
Transformation Seafoods Inc. (CFIA Ref #1E22),Transformation Seafoods Inc.,"53 STILLWATER DRIVE, Summerville, NS, B5A 5J4, Canada",https://seafoodfromcanada.ca/listing/transformation-seafoods-inc/,"Multi-species seafood (Salmon, Lobster, Crab, Shrimp/Prawn, Mussel, Oyster, Clam, Tuna)",Unknown,Unknown,YES (Collagen/Gelatin),MEDIUM,LOW,LOW,HIGH,https://seafoodfromcanada.ca/listing/transformation-seafoods-inc/ | https://app.tradeatlas.com/en/firms/transformation-seafoods-inc/00d2a8a89ed7f71d | https://www.importgenius.com/importers/transformation-seafoods-inc | https://seafoodfromcanada.ca/listing/transformation-seafoods-inc | https://seafoodfromcanada.ca/listing/transformation-seafoods-inc/product,Verified from website text extraction,
TERRITORY SEAFOODS LTD. (CFIA Ref #6153),TERRITORY SEAFOODS LTD.,"8383 CROMPTON STREET, VANCOUVER, BC, V5X4J1, Canada",https://www.territoryseafoods.com/,"Salmon, Tuna, Halibut",Unknown,Unknown,Unknown,HIGH,LOW,LOW,LOW,https://www.territoryseafoods.com/ | https://www.territoryseafoods.com/about_us | https://www.cbsa-asfc.gc.ca/do-rb/offices-bureaux/1427-eng.html | https://www.territoryseafoods.com,Verified from website text extraction,
SYNERGY SEAFOODS LTD (CFIA Ref #6005),SYNERGY SEAFOODS LTD,"803 HIGHWAY 1, COMEAUVILLE, NS, B0W2Z0, Canada",https://synergyseafoods.com/,"Lobster, Groundfish (mixed)",Unknown,Unknown,Unknown,HIGH,LOW,LOW,LOW,https://synergyseafoods.com/ | https://www.novascotiaseafoodalliance.ca/synergy | https://m.facebook.com/synergyseafoods/about/?ref=page_internal | https://synergyseafoods.com,Verified from website text extraction,
SURF SEAFOODS (2016) LTD. (CFIA Ref #6049),SURF SEAFOODS (2016) LTD.,"16 COMMERCIAL STREET, PORT LA TOUR, NS, B0W2T0, Canada",https://seafoodfromcanada.ca/listing/surf-seafoods-2016-ltd/,"Multi-species seafood (Salmon, Lobster, Crab, Shrimp/Prawn, Mussel, Oyster, Clam, Tuna)",Unknown,Unknown,YES (Collagen/Gelatin),MEDIUM,LOW,LOW,HIGH,https://seafoodfromcanada.ca/listing/surf-seafoods-2016-ltd/ | https://www.novascotiaseafoodalliance.ca/surf-seafoods-2016-limited | https://www.yellowpages.ca/bus/Nova-Scotia/Upper-Port-la-Tour/Surf-Seafoods-Ltd/101437338.html | https://seafoodfromcanada.ca/listing/surf-seafoods-2016-ltd | https://seafoodfromcanada.ca/listing/surf-seafoods-2016-ltd/product,Verified from website text extraction,
STERLING SEAFOODS LTD./MOON DANCER 2023 (CFIA Ref #6224),STERLING SEAFOODS LTD./MOON DANCER 2023,"1055 LEE ROAD, PARKSVILLE, BC, V9K1S8, Canada",https://sterlingseafoods.ca/,"Shrimp/Prawn, Tuna",Unknown,Unknown,Unknown,HIGH,LOW,LOW,LOW,https://sterlingseafoods.ca/ | https://www.sterlingfoods.ca/contact | https://sterlingseafoods.ca/about-us/ | https://sterlingseafoods.ca | https://sterlingseafoods.ca/products,Verified from website text extraction,
ST. ANTHONY SEAFOODS LIMITED PARTNERSHIP (CFIA Ref #1074),ST. ANTHONY SEAFOODS LIMITED PARTNERSHIP,"240 B EAST STREET, ST. ANTHONY, NL, A0K4T0, Canada",https://seafoodfromcanada.ca/listing/st-anthony-seafoods-limited-partnership/,"Multi-species seafood (Salmon, Lobster, Crab, Shrimp/Prawn, Mussel, Oyster, Clam, Tuna)",Unknown,Unknown,YES (Collagen/Gelatin),MEDIUM,LOW,LOW,HIGH,https://seafoodfromcanada.ca/listing/st-anthony-seafoods-limited-partnership/ | https://st-anthonys-seafood-suppliers.site/ | https://www.stanthony.ca/business/business-directory/cat/fishery/ | https://seafoodfromcanada.ca/listing/st-anthony-seafoods-limited-partnership | https://seafoodfromcanada.ca/listing/st-anthony-seafoods-limited-partnership/product,Verified from website text extraction,
SIMPLY FRESH SEAFOODS INC. (CFIA Ref #LL32104),SIMPLY FRESH SEAFOODS INC.,"109 BOUNDARY STREET, CLARK'S HARBOUR, NS, B0W1P0, Canada",https://www.simplyfreshseafoods.com/,Lobster,Unknown,Unknown,Unknown,HIGH,LOW,LOW,LOW,https://www.simplyfreshseafoods.com/ | https://www.simplyfreshseafoods.com/about | https://www.sfseafood.com/?page_id=7 | https://www.simplyfreshseafoods.com,Verified from website text extraction,
SILVER ROE SEAFOODS LIMITED (CFIA Ref #3061),SILVER ROE SEAFOODS LIMITED,"270 DENNIS POINT RD., LOWER WEST PUBNICO, NS, B0W2C0, Canada",https://www.novascotiaseafoodalliance.ca/silver-roe-seafoods-limited,Unknown,Unknown,Unknown,Unknown,LOW,LOW,LOW,LOW,https://www.novascotiaseafoodalliance.ca/silver-roe-seafoods-limited | https://www.facebook.com/silverroeseafoods/ | https://www.mapquest.com/ca/nova-scotia/silver-roe-seafoods-24494636,Verified from website text extraction,
SHOALWATER SEAFOODS LIMITED (CFIA Ref #3077),SHOALWATER SEAFOODS LIMITED,"2371 HWY # 1, ANNAPOLIS COUNTY, NS, B0S1A0, Canada",https://www.shoalseafood.com/?srsltid=AfmBOoph0WeY4bDdcHDYTNdVEAvVN0cXbGaQlWiglwEZCDK_1ie6T2dr,Oyster,Unknown,Unknown,Unknown,HIGH,LOW,LOW,LOW,https://www.shoalseafood.com/?srsltid=AfmBOoph0WeY4bDdcHDYTNdVEAvVN0cXbGaQlWiglwEZCDK_1ie6T2dr | https://www.shoalseafood.com/shipping-info?srsltid=AfmBOooQr1sSebo2DGdEu-_4m88xMxZUewB6PCN_FnPQhr-NaxcvXu80 | https://www.dnb.com/business-directory/company-profiles.shoalwater_seafoods_limited.2054004a94a537816ef3f3096eca8a60.html | https://www.shoalseafood.com/?srsltid=AfmBOoph0WeY4bDdcHDYTNdVEAvVN0cXbGaQlWiglwEZCDK_1ie6T2dr/products | https://www.shoalseafood.com/?srsltid=AfmBOoph0WeY4bDdcHDYTNdVEAvVN0cXbGaQlWiglwEZCDK_1ie6T2dr/product | https://www.shoalseafood.com/?srsltid=AfmBOoph0WeY4bDdcHDYTNdVEAvVN0cXbGaQlWiglwEZCDK_1ie6T2dr/our-products | https://www.shoalseafood.com/?srsltid=AfmBOoph0WeY4bDdcHDYTNdVEAvVN0cXbGaQlWiglwEZCDK_1ie6T2dr/certifications | https://www.shoalseafood.com/?srsltid=AfmBOoph0WeY4bDdcHDYTNdVEAvVN0cXbGaQlWiglwEZCDK_1ie6T2dr/certification,Verified from website text extraction,
SEA STAR SEAFOODS LIMITED (CFIA Ref #3307),SEA STAR SEAFOODS LIMITED,"80 COURTNEY ST, CLARK'S HARBOUR, NS, B0W1P0, Canada",https://seastarseafoods.com/,Cod,Unknown,Unknown,Unknown,HIGH,LOW,LOW,LOW,https://seastarseafoods.com/ | https://seastarseafoods.com/?page_id=11 | https://seastarseafoods.com/?page_id=7 | https://seastarseafoods.com,Verified from website text extraction,
SEA STAR SEAFOODS LIMITED (CFIA Ref #3040),SEA STAR SEAFOODS LIMITED,"69 COURTNEY STREET, CLARK'S HARBOUR, NS, BOW1P0, Canada",https://seastarseafoods.com/,Cod,Unknown,Unknown,Unknown,HIGH,LOW,LOW,LOW,https://seastarseafoods.com/ | https://seastarseafoods.com/?page_id=11 | https://seastarseafoods.com/?page_id=7 | https://seastarseafoods.com,Verified from website text extraction,
SCHOONER SEAFOODS LIMITED (CFIA Ref #1435),SCHOONER SEAFOODS LIMITED,"51 Doucet Wharf Road, Lower Wedgeport, NS, B0W2B0, Canada",https://www.novascotiaseafoodalliance.ca/schooner-seafoods-limited,Herring,Unknown,Unknown,Unknown,HIGH,LOW,LOW,LOW,https://www.novascotiaseafoodalliance.ca/schooner-seafoods-limited | https://seafoodfromcanada.ca/listing/schooner-seafoods-limited/ | https://www.mapquest.com/ca/nova-scotia/schooner-seafoods-ltd-454808377,Verified from website text extraction,
S.K. SEAFOODS INC. / BEROY 27640 (CFIA Ref #6225),S.K. SEAFOODS INC. / BEROY 27640,"8758 STIRLING ARM DRIVE, PORT ALBERNI, BC, V9Y9E2, Canada",https://skfoodbrands.com/,Unknown,Unknown,Unknown,Unknown,LOW,LOW,LOW,LOW,https://www.facebook.com/SKSeafoodsBeroy/ | https://www.facebook.com/SKSeafoodsBeroy/mentions/ | https://www.facebook.com/SKSeafoodsBeroy/photos/d41d8cd9/569901754734953/ | https://skfoodbrands.com,Verified from website text extraction,
ROCKY COAST SEAFOODS LTD. (CFIA Ref #6030),ROCKY COAST SEAFOODS LTD.,"739 HIGHWAY 1, COMEAUVILLE, NS, B0W2Z0, Canada",https://seafoodfromcanada.ca/listing/rocky-coast-seafoods-ltd/,"Multi-species seafood (Salmon, Lobster, Crab, Shrimp/Prawn, Mussel, Oyster, Clam, Tuna)",Unknown,Unknown,YES (Collagen/Gelatin),MEDIUM,LOW,LOW,HIGH,https://seafoodfromcanada.ca/listing/rocky-coast-seafoods-ltd/ | https://www.mapquest.com/ca/nova-scotia/rocky-coast-seafoods-ltd-375855493 | https://www.yellowpages.ca/search/si/1/Rocky-Coast-Seafoods-LTD/Saulnierville+NS | https://seafoodfromcanada.ca/listing/rocky-coast-seafoods-ltd | https://seafoodfromcanada.ca/listing/rocky-coast-seafoods-ltd/product,Verified from website text extraction,
RHEI-GRADE SEAFOODS LIMITED (CFIA Ref #1D21),RHEI-GRADE SEAFOODS LIMITED,"24 EAST COAST DRIVE, WOODS HARBOUR, NS, B0W2E0, Canada",https://seafoodfromcanada.ca/listing/ryer-ryer-lobsters-ltd/,"Multi-species seafood (Salmon, Lobster, Crab, Shrimp/Prawn, Mussel, Oyster, Clam, Tuna)",Unknown,Unknown,YES (Collagen/Gelatin),MEDIUM,LOW,LOW,HIGH,https://seafoodfromcanada.ca/listing/ryer-ryer-lobsters-ltd/ | https://seafoodfromcanada.ca/listing/ryer-ryer-lobsters-ltd | https://seafoodfromcanada.ca/listing/ryer-ryer-lobsters-ltd/product,Verified from website text extraction,
QUALITY SEAFOODS LIMITED (CFIA Ref #0242),QUALITY SEAFOODS LIMITED,"308 HILTON ROAD, ROCKVILLE, NS, B5A5G2, Canada",https://qualityseafoodsltd.com/,"Lobster, Tuna, Halibut",Unknown,Unknown,Unknown,HIGH,LOW,LOW,LOW,https://qualityseafoodsltd.com/ | https://seafoodfromcanada.ca/listing/quality-seafoods-limited/ | https://www.facebook.com/p/Quality-Seafoods-Ltd-100063646960153/ | https://qualityseafoodsltd.com,Verified from website text extraction,
PREMIUM SEAFOODS LIMITED (CFIA Ref #3617),PREMIUM SEAFOODS LIMITED,"517 VETERANS MEMORIAL DRIVE, ARICHAT, NS, B0E1A0, Canada",http://www.premiumseafoods.ns.ca/,"Lobster, Crab, Shrimp/Prawn",Unknown,Unknown,Unknown,HIGH,LOW,LOW,LOW,http://www.premiumseafoods.ns.ca/ | http://www.premiumseafoods.ns.ca/contact.html | https://seafoodfromcanada.ca/listing/premium-seafoods-ltd/ | http://www.premiumseafoods.ns.ca | http://www.premiumseafoods.ns.ca/products | http://www.premiumseafoods.ns.ca/product,Verified from website text extraction,
PREMIUM SEAFOODS LIMITED (CFIA Ref #1486),PREMIUM SEAFOODS LIMITED,"616 VETERAN'S MEMORIAL DRIVE, ARICHAT, NS, B0E1A0, Canada",http://www.premiumseafoods.ns.ca/,"Lobster, Crab, Shrimp/Prawn",Unknown,Unknown,Unknown,HIGH,LOW,LOW,LOW,http://www.premiumseafoods.ns.ca/ | http://www.premiumseafoods.ns.ca/contact.html | https://seafoodfromcanada.ca/listing/premium-seafoods-ltd/ | http://www.premiumseafoods.ns.ca | http://www.premiumseafoods.ns.ca/products | http://www.premiumseafoods.ns.ca/product,Verified from website text extraction,
POINT STAR SEAFOODS LTD. (CFIA Ref #4408),POINT STAR SEAFOODS LTD.,"2712 ROUTE 774, WILSONS BEACH, NB, E5E1L9, Canada",https://seafoodfromcanada.ca/listing/point-star-seafoods-ltd/,"Multi-species seafood (Salmon, Lobster, Crab, Shrimp/Prawn, Mussel, Oyster, Clam, Tuna)",Unknown,Unknown,YES (Collagen/Gelatin),MEDIUM,LOW,LOW,HIGH,https://www.facebook.com/p/Point-Star-Seafood-100057060595682/ | https://seafoodfromcanada.ca/listing/point-star-seafoods-ltd/ | https://visitswnb.ca/destination/point-star-seafood-retail-shop | https://seafoodfromcanada.ca/listing/point-star-seafoods-ltd | https://seafoodfromcanada.ca/listing/point-star-seafoods-ltd/product,Verified from website text extraction,
PADOR SEAFOODS LIMITED (CFIA Ref #LL32141),PADOR SEAFOODS LIMITED,"57 PROSPECT POINT ROAD, SHAG HARBOUR, NS, B0W3B0, Canada",https://www.novascotiaseafoodalliance.ca/pador-seafoods-ltd,"Lobster, Groundfish (mixed)",Unknown,Unknown,Unknown,HIGH,LOW,LOW,LOW,https://www.novascotiaseafoodalliance.ca/pador-seafoods-ltd | https://seafoodfromcanada.ca/listing/pador-seafoods-ltd/ | https://www.dnb.com/business-directory/company-profiles.pador_seafoods_limited.9491da039751abaabeb8175284bbb735.html,Verified from website text extraction,
PACIFIC STANDARD SEAFOODS LTD. / ALPINE STAR (CFIA Ref #6247),PACIFIC STANDARD SEAFOODS LTD. / ALPINE STAR,"3750 TURNBULL ROAD, COURTENAY, BC, V9N9R5, Canada",Unknown / not in CFIA list,Unknown,Unknown,Unknown,Unknown,LOW,LOW,LOW,LOW,,No website found via search backend,
OCEANS EDGE SEAFOODS LTD. (CFIA Ref #1C96),OCEANS EDGE SEAFOODS LTD.,"139 SALMON RIVER WHARF RD, SALMON RIVER, NS, B0W2Y0, Canada",http://www.oceansedgeseafoods.ca/,Unknown,Unknown,Unknown,Unknown,LOW,LOW,LOW,LOW,https://www.oceansedgeseafoods.net/about-us?srsltid=AfmBOooWUSokIGWHW3A9QDf0XI5wQ4XCFuj_rFoseaCeNW2NuXwtDCxg | https://www.novascotiaseafoodalliance.ca/oceans-edge-seafoods-ltd | https://www.facebook.com/p/Oceans-Edge-Seafoods-Ltd-100064206094653/,Website found but pages not extractable / too thin,
NOTRE DAME SEAFOODS INC. (CFIA Ref #0007),NOTRE DAME SEAFOODS INC.,"13-23 COVE ROAD, COMFORT COVE, NL, A0G3K0, Canada",http://www.cylex-canada.ca/company/notre-dame-seafoods-inc-23085381.html,Unknown,Unknown,Unknown,Unknown,LOW,LOW,LOW,LOW,https://www.ctidirectory.com/search/company.cfm?company=171965 | https://ca.soopage.com/company/Notre-Dame-Seafoods-Inc_lbK.html | http://www.cylex-canada.ca/company/notre-dame-seafoods-inc-23085381.html,Website found but pages not extractable / too thin,
NORTH NOVA SEAFOODS LIMITED (CFIA Ref #2231),NORTH NOVA SEAFOODS LIMITED,"164 NORTH NOVA LANE, PICTOU, NS, B0K1H0, Canada",https://nnseafoods.ca/,"Lobster, Crab, Herring",Unknown,Unknown,Unknown,HIGH,LOW,LOW,LOW,https://nnseafoods.ca/ | https://nnseafoods.ca/contact-north-nova-seafoods/ | https://nnseafoods.ca/about-north-nova-seafoods/ | https://nnseafoods.ca | https://nnseafoods.ca/products | https://nnseafoods.ca/product | https://nnseafoods.ca/our-products | https://nnseafoods.ca/certifications | https://nnseafoods.ca/certification,Verified from website text extraction,
NORTH DELTA SEAFOODS LTD. / JOY-C-LYNN (CFIA Ref #6222),NORTH DELTA SEAFOODS LTD. / JOY-C-LYNN,"7857 HUSTON ROAD, DELTA, BC, V4G0A5, Canada",https://www.ndseafoods.com/,"Multi-species seafood (Salmon, Crab, Tuna, Halibut, Cod, Herring)",Unknown,Unknown,Unknown,MEDIUM,LOW,LOW,LOW,https://www.ndseafoods.com/ | https://www.ndseafoods.com/contact | https://www.seafoodsource.com/supplier-directory/north-delta-seafoods-ltd | https://www.ndseafoods.com | https://www.ndseafoods.com/products,Verified from website text extraction,
NORTH DELTA SEAFOODS LTD. (CFIA Ref #6083),NORTH DELTA SEAFOODS LTD.,"7857 HUSTON ROAD, DELTA, BC, V4G0A5, Canada",https://www.ndseafoods.com/,"Multi-species seafood (Salmon, Crab, Tuna, Halibut, Cod, Herring)",Unknown,Unknown,Unknown,MEDIUM,LOW,LOW,LOW,https://www.ndseafoods.com/ | https://www.ndseafoods.com/contact | https://www.facebook.com/p/North-Delta-Seafoods-100064705184792/ | https://www.ndseafoods.com | https://www.ndseafoods.com/products,Verified from website text extraction,
NAUTICAL SEAFOODS LTD. (CFIA Ref #3803),NAUTICAL SEAFOODS LTD.,"4336 SHORE ROAD WEST, PARKERS COVE, NS, B0S1K0, Canada",https://www.nauticalseafoods.com/,"Lobster, Scallop",Unknown,Unknown,Unknown,HIGH,LOW,LOW,LOW,https://www.nauticalseafoods.com/ | https://www.nauticalseafoods.com/about-us/our-commitment/ | https://www.facebook.com/p/Nautical-Seafoods-Ltd-100083286463819/ | https://www.nauticalseafoods.com | https://www.nauticalseafoods.com/products | https://www.nauticalseafoods.com/product,Verified from website text extraction,
Nautical Seafoods Ltd. (CFIA Ref #1480143),Nautical Seafoods Ltd.,"4336 Shore Rd W, Parkers Cove, NS, B0S1A0, Canada",https://www.nauticalseafoods.com/,"Lobster, Scallop",Unknown,Unknown,Unknown,HIGH,LOW,LOW,LOW,https://www.nauticalseafoods.com/ | https://www.nauticalseafoods.com/about-us/our-commitment/ | https://www.facebook.com/p/Nautical-Seafoods-Ltd-100083286463819/ | https://www.nauticalseafoods.com | https://www.nauticalseafoods.com/products | https://www.nauticalseafoods.com/product,Verified from website text extraction,
Mersey Seafoods Ltd. (Mersey Venture) (CFIA Ref #3128),Mersey Seafoods Ltd. (Mersey Venture),"50 WHARF ROAD, STORMONT, NS, B0H1J0, Canada",https://merseyseafoods.com/,"Multi-species seafood (Lobster, Scallop, Shrimp/Prawn, Halibut, Cod, Groundfish (mixed))",Unknown,BRCGS,Unknown,MEDIUM,LOW,HIGH,LOW,https://merseyseafoods.com/ | https://merseyseafoods.com/about-us/ | https://merseyseafoods.com/vessels-and-facilities/ | https://merseyseafoods.com,Verified from website text extraction,
Mersey Seafoods Ltd. (Mersey Phoenix) (CFIA Ref #3537),Mersey Seafoods Ltd. (Mersey Phoenix),"50 WHARF ROAD, STORMONT, NS, B0H1J0, Canada",https://merseyseafoods.com/,"Multi-species seafood (Lobster, Scallop, Shrimp/Prawn, Halibut, Cod, Groundfish (mixed))",Unknown,BRCGS,Unknown,MEDIUM,LOW,HIGH,LOW,https://merseyseafoods.com/ | https://merseyseafoods.com/about-us/ | https://merseyseafoods.com/vessels-and-facilities/ | https://merseyseafoods.com,Verified from website text extraction,
MERSEY SEAFOODS LIMITED (CFIA Ref #1466091),MERSEY SEAFOODS LIMITED,"50 WHARF ROAD, STORMONT, NS, B0H1J0, Canada",https://merseyseafoods.com/,"Multi-species seafood (Lobster, Scallop, Shrimp/Prawn, Halibut, Cod, Groundfish (mixed))",Unknown,BRCGS,Unknown,MEDIUM,LOW,HIGH,LOW,https://merseyseafoods.com/ | https://merseyseafoods.com/about-us/ | https://merseyseafoods.com/vessels-and-facilities/ | https://merseyseafoods.com,Verified from website text extraction,
MERSEY SEAFOODS LIMITED (CFIA Ref #0425),MERSEY SEAFOODS LIMITED,"26 BRISTOL AVENUE, LIVERPOOL, NS, B0T1K0, Canada",https://merseyseafoods.com/,"Multi-species seafood (Lobster, Scallop, Shrimp/Prawn, Halibut, Cod, Groundfish (mixed))",Unknown,BRCGS,Unknown,MEDIUM,LOW,HIGH,LOW,https://merseyseafoods.com/ | https://merseyseafoods.com/about-us/ | https://merseyseafoods.com/vessels-and-facilities/ | https://merseyseafoods.com,Verified from website text extraction,
LOUISBOURG SEAFOODS LIMITED (CFIA Ref #1356),LOUISBOURG SEAFOODS LIMITED,"3 COMMERCIAL STREET, LOUISBOURG, NS, B1C1B5, Canada",https://louisbourgseafoods.ca/,"Multi-species seafood (Lobster, Crab, Shrimp/Prawn, Mussel)",Unknown,Unknown,Unknown,MEDIUM,LOW,LOW,LOW,https://louisbourgseafoods.ca/ | https://louisbourgseafoods.ca/contact/ | https://louisbourgseafoods.ca/products/ | https://louisbourgseafoods.ca | https://louisbourgseafoods.ca/products,Verified from website text extraction,
LISMORE SEAFOODS COMPANY (CFIA Ref #3611),LISMORE SEAFOODS COMPANY,"161 FACTORY ROAD, LISMORE, NS, B0K1G0, Canada",https://lismoreseafoods.ca/,"Lobster, Crab",Unknown,Unknown,Unknown,HIGH,LOW,LOW,LOW,https://lismoreseafoods.ca/ | https://lismoreseafoods.ca/contact-us/ | https://lismoreseafoods.ca/about-us/ | https://lismoreseafoods.ca,Verified from website text extraction,
LEADING TICKLES SEAFOODS INC. (CFIA Ref #0013),LEADING TICKLES SEAFOODS INC.,"1 MAIN ROAD, LEADING TICKLES, NL, -, Canada",https://www.leadingticklescanada.com/contact,Unknown,Unknown,Unknown,Unknown,LOW,LOW,LOW,LOW,https://www.leadingticklescanada.com/contact | https://www.leadingticklescanada.com/business-directory | https://www.dnb.com/business-directory/company-profiles.leading_tickles_seafood_inc.35d1f6a70278a546dbe2f5b98c177ac9.html,Verified from website text extraction,
LAHAVE SEAFOODS LIMITED (CFIA Ref #3762),LAHAVE SEAFOODS LIMITED,"3407 HWY 331, LAHAVE, NS, B0R1C0, Canada",https://seafoodfromcanada.ca/listing/lahave-seafoods-limited/,"Multi-species seafood (Salmon, Lobster, Crab, Shrimp/Prawn, Mussel, Oyster, Clam, Tuna)",Unknown,Unknown,YES (Collagen/Gelatin),MEDIUM,LOW,LOW,HIGH,https://seafoodfromcanada.ca/listing/lahave-seafoods-limited/ | https://www.mapquest.com/ca/nova-scotia/lahave-seafoods-ltd-521882927 | http://www.companylisting.ca/LaHave_Seafoods_Limited/default.aspx | https://seafoodfromcanada.ca/listing/lahave-seafoods-limited | https://seafoodfromcanada.ca/listing/lahave-seafoods-limited/product,Verified from website text extraction,
L. WALKER SEAFOODS LIMITED (CFIA Ref #1472),L. WALKER SEAFOODS LIMITED,"6705 HWY. 3, WOODS HARBOUR, NS, B0W2E0, Canada",https://pitchbook.com/profiles/company/266968-00,Unknown,Unknown,Unknown,Unknown,LOW,LOW,LOW,LOW,https://www.mapquest.com/ca/nova-scotia/l-walker-seafoods-ltd-424643067 | https://pitchbook.com/profiles/company/266968-00 | https://www.yellowpages.ca/bus/Nova-Scotia/Lower-Woods-Harbour/L-Walker-Seafoods-Ltd/102147746.html,Website found but pages not extractable / too thin,
KITASOO SEAFOODS LTD. (CFIA Ref #1945),KITASOO SEAFOODS LTD.,"540 KITASOO ROAD, KLEMTU, BC, V0T1L0, Canada",https://kitasooseafoods.com/,Shrimp/Prawn,Unknown,Unknown,Unknown,HIGH,LOW,LOW,LOW,https://kitasooseafoods.com/ | https://kitasooseafoods.com/about-us/ | https://klemtu.com/economic-development/seafoods/ | https://kitasooseafoods.com,Verified from website text extraction,
KITASOO SEAFOODS LTD. (CFIA Ref #0745),KITASOO SEAFOODS LTD.,"GENERAL DELIVERY, KLEMTU, BC, V0T1L0, Canada",https://kitasooseafoods.com/,Shrimp/Prawn,Unknown,Unknown,Unknown,HIGH,LOW,LOW,LOW,https://kitasooseafoods.com/ | https://kitasooseafoods.com/contact/ | https://klemtu.com/economic-development/seafoods/ | https://kitasooseafoods.com,Verified from website text extraction,
KELTIC SEAFOODS LIMITED (CFIA Ref #0980),KELTIC SEAFOODS LIMITED,"6980 MARKET STREET, PORT HARDY, BC, -, Canada",https://www.kelticseafoods.com/,Unknown,Unknown,Unknown,Unknown,LOW,LOW,LOW,LOW,https://www.kelticseafoods.com/ | https://www.kelticseafoods.com/contact/ | http://www.lpccomp.bc.ca/keltic/aboutus.html,Website found but pages not extractable / too thin,
KELTIC SEAFOODS LIMITED (CFIA Ref #0736),KELTIC SEAFOODS LIMITED,"8625 GLENVIEW ROAD, PORT HARDY, BC, V0N2P0, Canada",https://www.kelticseafoods.com/,Unknown,Unknown,Unknown,Unknown,LOW,LOW,LOW,LOW,https://www.kelticseafoods.com/ | https://www.kelticseafoods.com/contact/ | http://www.lpccomp.bc.ca/keltic/aboutus.html,Website found but pages not extractable / too thin,
KANATA HOLDINGS LTD. DBA ORCA SEAFOODS LTD. (CFIA Ref #0902),KANATA HOLDINGS LTD. DBA ORCA SEAFOODS LTD.,"200 - 11251 RIVER ROAD, RICHMOND, BC, V6X1Z6, Canada",https://www.orcaspecialtyfoods.com/,Unknown,Unknown,Unknown,Unknown,LOW,LOW,LOW,LOW,https://www.orcaspecialtyfoods.com/ | https://www.dnb.com/business-directory/company-profiles.kanata_holdings_ltd.12cc5d61760ee66b697920a83b9d91b0.html | https://intengine.com/directory/profile/3331-kanata-holdings-ltd-dba-orca-seafoods | https://www.orcaspecialtyfoods.com | https://www.orcaspecialtyfoods.com/products | https://www.orcaspecialtyfoods.com/our-products,Verified from website text extraction,
KA'LE BAY SEAFOODS LTD. (CFIA Ref #3581),KA'LE BAY SEAFOODS LTD.,"P.O. BOX 298, GLACE BAY, NS, B1A5V4, Canada",https://seafoodfromcanada.ca/listing/kale-bay-seafoods-ltd/,"Multi-species seafood (Salmon, Lobster, Crab, Shrimp/Prawn, Mussel, Oyster, Clam, Tuna)",Unknown,Unknown,YES (Collagen/Gelatin),MEDIUM,LOW,LOW,HIGH,https://seafoodfromcanada.ca/listing/kale-bay-seafoods-ltd/ | https://www.novascotiaseafoodalliance.ca/ka-le-bay-seafoods-ltd | https://seafood.media/fis/companies/details.asp?l=e&filterby=companies&=&country_id=no&page=1&company_id=152693 | https://seafoodfromcanada.ca/listing/kale-bay-seafoods-ltd | https://seafoodfromcanada.ca/listing/kale-bay-seafoods-ltd/product,Verified from website text extraction,
INLET SEAFOODS LIMITED (CFIA Ref #3729),INLET SEAFOODS LIMITED,"97 DANIEL'S HEAD RD, SHELBURNE COUNTY, NS, -, Canada",https://inletseafoods.com/products/,"Multi-species seafood (Salmon, Crab, Shrimp/Prawn, Mussel, Oyster, Clam, Tuna, Halibut)",Unknown,Unknown,Unknown,MEDIUM,LOW,LOW,LOW,https://inletseafoods.com/products/ | https://inletseafoods.com/about/ | https://inletseafoods.com/cooking/ | https://inletseafoods.com/products | https://inletseafoods.com/products/products | https://inletseafoods.com/products/product,Verified from website text extraction,
ICEWATER SEAFOODS INC. (CFIA Ref #0084),ICEWATER SEAFOODS INC.,"22-24 HIGH LINER DRIVE, ARNOLD'S COVE, NL, A0B1A0, Canada",https://seafoodfromcanada.ca/listing/icewater-seafoods-inc/,"Multi-species seafood (Salmon, Lobster, Crab, Shrimp/Prawn, Mussel, Oyster, Clam, Tuna)",Unknown,Unknown,YES (Collagen/Gelatin),MEDIUM,LOW,LOW,HIGH,https://www.facebook.com/icewaterseafoods/ | https://seafoodfromcanada.ca/listing/icewater-seafoods-inc/ | https://www.seafoodsource.com/supplier-directory/icewater-seafoods-inc | https://seafoodfromcanada.ca/listing/icewater-seafoods-inc | https://seafoodfromcanada.ca/listing/icewater-seafoods-inc/product,Verified from website text extraction,
I & S SEAFOODS (CFIA Ref #5816),I & S SEAFOODS,"45 WHITELEY STREET, RIVIÉRE-SAINT-PAUL, QC, G0G2P0, Canada",https://www.insseafood.com/,"Multi-species seafood (Lobster, Crab, Halibut, Cod, Herring)",Unknown,Unknown,Unknown,MEDIUM,LOW,LOW,LOW,https://www.insseafood.com/ | https://www.insseafood.com/contact-3 | https://www.facebook.com/isseafoods/ | https://www.insseafood.com,Verified from website text extraction,
HING LEE SEAFOODS (CFIA Ref #1985),HING LEE SEAFOODS,"#8 - 12671 BATHGATE WAY, RICHMOND, BC, V6V1Y5, Canada",https://m-legacy.411.ca/business/profile/291085,Unknown,Unknown,Unknown,Unknown,LOW,LOW,LOW,LOW,https://www.yelp.com/biz/hing-lee-seafood-market-richmond | https://www.mapquest.com/ca/british-columbia/hing-lee-seafood-ltd-426106440 | https://www.yellowpages.ca/bus/British-Columbia/Richmond/Hing-Lee-Seafood-Market/1943885.html | https://m-legacy.411.ca/business/profile/291085/products | https://m-legacy.411.ca/business/profile/291085/certification,Verified from website text extraction,
Harbour Seafoods Limited (CFIA Ref #2106),Harbour Seafoods Limited,"92 Main Street South, Rocky Harbour, NL, A0K4N0, Canada",https://www.rockharbourseafood.ca/,"Multi-species seafood (Salmon, Lobster, Crab, Shrimp/Prawn, Halibut, Cod)",Unknown,Unknown,Unknown,MEDIUM,LOW,LOW,LOW,https://www.facebook.com/p/Harbour-Seafoods-Fish-Market-100083277943583/ | https://seafoodfromcanada.ca/listing/harbour-seafoods-ltd/ | https://www.tripadvisor.com/Restaurant_Review-g499205-d10827561-Reviews-Harbour_Seafoods_Limited-Rocky_Harbour_Gros_Morne_National_Park_Newfoundland_New.html | https://www.rockharbourseafood.ca | https://www.rockharbourseafood.ca/products,Verified from website text extraction,
GREEN SEAFOODS LIMITED (CFIA Ref #0079),GREEN SEAFOODS LIMITED,"1 Pinhorn's Beach, Winterton, NL, A0B3M0, Canada",https://greenseafoods.com/,Mussel,Unknown,Unknown,Unknown,HIGH,LOW,LOW,LOW,https://greenseafoods.com/ | https://greenseafoods.com/the-greens/ | https://greenseafoods.com/contact/ | https://greenseafoods.com | https://greenseafoods.com/our-products,Verified from website text extraction,
GEORGE'S BANK SEAFOODS LIMITED (CFIA Ref #3829),GEORGE'S BANK SEAFOODS LIMITED,"232 SHEROSE ISLAND, BARRINGTON PASSAGE, NS, B0W1G0, Canada",https://seafoodfromcanada.ca/listing/georges-bank-seafoods-limited/,"Multi-species seafood (Salmon, Lobster, Crab, Shrimp/Prawn, Mussel, Oyster, Clam, Tuna)",Unknown,Unknown,YES (Collagen/Gelatin),MEDIUM,LOW,LOW,HIGH,https://seafoodfromcanada.ca/listing/georges-bank-seafoods-limited/ | https://www.novascotiaseafoodalliance.ca/georges-bank-seafoods-limited | https://www.mapquest.com/ca/nova-scotia/georges-bank-seafoods-ltd-375707173 | https://seafoodfromcanada.ca/listing/georges-bank-seafoods-limited | https://seafoodfromcanada.ca/listing/georges-bank-seafoods-limited/product,Verified from website text extraction,
FV NORTHERN ALLIANCE (SELECT SEAFOODS CANADA LTD.) (CFIA Ref #0977),FV NORTHERN ALLIANCE (SELECT SEAFOODS CANADA LTD.),"205 - 7560A VANTAGE WAY, DELTA, BC, V4G1H1, Canada",http://www.selectseafood.ca/ourfactory.html,Unknown,Unknown,Unknown,Unknown,LOW,LOW,LOW,LOW,http://www.selectseafood.ca/ourfactory.html | http://selectseafood.ca/ourvessel.html | http://selectseafood.ca/about.html,Verified from website text extraction,
FUTURE SEAFOODS INC. (CFIA Ref #4217),FUTURE SEAFOODS INC.,"358 NEW ROAD, FERNWOOD, PE, C0B1C0, Canada",https://seafoodfromcanada.ca/fr/listing/future-seafoods-inc/,"Multi-species seafood (Lobster, Shrimp/Prawn, Oyster, Halibut)",Unknown,Unknown,Unknown,MEDIUM,LOW,LOW,LOW,https://www.dnb.com/business-directory/company-profiles.future_seafoods_inc.fdc9fa32eb44b1773a59834dc268f0b3.html | https://fishchoice.com/business/future-seafoods-inc | https://www.mapquest.com/ca/prince-edward-island/future-seafoods-359117933 | https://seafoodfromcanada.ca/fr/listing/future-seafoods-inc | https://seafoodfromcanada.ca/fr/listing/future-seafoods-inc/product,Verified from website text extraction,
FRANDON SEAFOODS INC./FRUITS DE MER FRANDON INC. / FRANDON SEA FOODS (CFIA Ref #6260),FRANDON SEAFOODS INC./FRUITS DE MER FRANDON INC. / FRANDON SEA FOODS,"6790 BOULEVARD DES GRANDES PRAIRIES, MONTREAL, QC, H1P3P3, Canada",https://old.frandonseafoods.ca/en/about-us/,Lobster,Unknown,HACCP,Unknown,HIGH,LOW,HIGH,LOW,https://frandon.ca/language/en/home/ | https://frandon.ca/language/en/products/ | https://alimentsduquebec.com/en/certified-products/business/frandon-seafoods-inc | https://old.frandonseafoods.ca/en/about-us | https://old.frandonseafoods.ca/en/about-us/our-products,Verified from website text extraction,
FOSTER'S SEAFOODS (CFIA Ref #1480),FOSTER'S SEAFOODS,"108 CHEMIN DE LA POINTE, TUSKET, NS, B0W3M0, Canada",https://www.forsterfoods.ca/about,Unknown,Unknown,Unknown,Unknown,LOW,LOW,LOW,LOW,https://www.fostersmeat.com/seafood | https://www.forsterfoods.ca/about,Verified from website text extraction,
Export Packers Seafood Limited (CFIA Ref #6443),Export Packers Seafood Limited,"4 EDVAC DRIVE, BRAMPTON, ON, L6S5P2, Canada",https://exportpackers.com/,Unknown,Unknown,Unknown,Unknown,LOW,LOW,LOW,LOW,https://exportpackers.com/ | https://exportpackers.com/about/ | https://exportpackers.com/contact/ | https://exportpackers.com,Verified from website text extraction,
EXPORT PACKERS SEAFOOD LIMITED (CFIA Ref #1701),EXPORT PACKERS SEAFOOD LIMITED,"3 EDVAC DRIVE, BRAMPTON, ON, L6S5X8, Canada",https://exportpackers.com/,Unknown,Unknown,Unknown,Unknown,LOW,LOW,LOW,LOW,https://exportpackers.com/ | https://exportpackers.com/about/ | https://exportpackers.com/contact/ | https://exportpackers.com,Verified from website text extraction,
EVAN'S FRESH SEAFOODS LIMITED (CFIA Ref #6424),EVAN'S FRESH SEAFOODS LIMITED,"244 DENNIS POINT ROAD; UNIT 1, LOWER WEST PUBNICO, NS, B0W2C0, Canada",https://www.evansfreshseafoods.com/,Unknown,Unknown,Unknown,Unknown,LOW,LOW,LOW,LOW,https://www.evansfreshseafoods.com/ | https://www.evansfreshseafoods.com/about-us/ | https://seafoodfromcanada.ca/listing/evans-fresh-seafoods-limited/ | https://www.evansfreshseafoods.com,Verified from website text extraction,
EVAN'S FRESH SEAFOODS LIMITED (CFIA Ref #3820),EVAN'S FRESH SEAFOODS LIMITED,"286 DENNIS POINT ROAD, LOWER WEST PUBNICO, NS, B0W2C0, Canada",https://www.evansfreshseafoods.com/,Unknown,Unknown,Unknown,Unknown,LOW,LOW,LOW,LOW,https://www.evansfreshseafoods.com/ | https://www.evansfreshseafoods.com/about-us/ | https://seafoodfromcanada.ca/listing/evans-fresh-seafoods-limited/ | https://www.evansfreshseafoods.com,Verified from website text extraction,
DELTA PACIFIC SEAFOODS LTD. (CFIA Ref #1933),DELTA PACIFIC SEAFOODS LTD.,"6001- 60TH AVENUE, DELTA, BC, V4K4E2, Canada",http://www.deltapacific.ca/,Unknown,Unknown,Unknown,Unknown,LOW,LOW,LOW,LOW,http://www.deltapacific.ca/ | http://www.deltapacific.ca/contactus.htm | http://www.deltapacific.ca/about-us/ | http://www.deltapacific.ca,Verified from website text extraction,
DAWN TILL DUSK SEAFOODS LIMITED (CFIA Ref #3748),DAWN TILL DUSK SEAFOODS LIMITED,"6091 HIGHWAY 3, SHELBURNE COUNTY, NS, B0W3B0, Canada",https://www.novascotiaseafoodalliance.ca/dawn-till-dusk-seafoods-ltd,Lobster,Unknown,Unknown,Unknown,HIGH,LOW,LOW,LOW,https://www.novascotiaseafoodalliance.ca/dawn-till-dusk-seafoods-ltd | https://seafoodfromcanada.ca/listing/dawn-till-dusk-seafoods-limited/ | https://www.mapquest.com/ca/nova-scotia/dawn-till-dusk-seafoods-ltd-359106281,Verified from website text extraction,
CRANE COVE SEAFOODS LIMITED PARTNERSHIP (CFIA Ref #3569),CRANE COVE SEAFOODS LIMITED PARTNERSHIP,"4123 SHORE RD, ESKASONI, NS, B1W1M4, Canada",https://cranecoveseafoods.ca/,"Crab, Shrimp/Prawn",Unknown,Unknown,Unknown,HIGH,LOW,LOW,LOW,https://cranecoveseafoods.ca/ | https://cranecoveseafoods.ca/licenses-vessels/ | https://www.novascotiaseafoodalliance.ca/crane-cove-seafoods | https://cranecoveseafoods.ca,Verified from website text extraction,
CONCHE SEAFOODS LIMITED (CFIA Ref #0036),CONCHE SEAFOODS LIMITED,"2 HARBOUR VIEW DRIVE, CONCHE, NL, A0K1Y0, Canada",https://www.gov.nl.ca/gs/inspection/conche-seafoods-ltd/,Unknown,Unknown,Unknown,Unknown,LOW,LOW,LOW,LOW,https://www.gov.nl.ca/gs/inspection/conche-seafoods-ltd/ | https://www.dnb.com/business-directory/company-profiles.conche_seafoods_ltd.39b77aa6a92142ca6b972948e959dce0.html | https://www.dfo-mpo.gc.ca/fisheries-peches/consultation/shrimp-crevette/presentations/Quinsea-ShrimpFINAL2.pdf | https://www.gov.nl.ca/gs/inspection/conche-seafoods-ltd,Verified from website text extraction,
CODROY SEAFOODS INC. (CFIA Ref #0019),CODROY SEAFOODS INC.,"1 WHARF ROAD, CODROY, NL, -, Canada",https://seafoodfromcanada.ca/listing/codroy-seafoods-inc/,"Multi-species seafood (Salmon, Lobster, Crab, Shrimp/Prawn, Mussel, Oyster, Clam, Tuna)",Unknown,Unknown,YES (Collagen/Gelatin),MEDIUM,LOW,LOW,HIGH,https://www.facebook.com/codroyseafoodsinc/ | https://seafoodfromcanada.ca/listing/codroy-seafoods-inc/ | https://www.dnb.com/business-directory/company-profiles.codroy_seafoods_inc.873e4bb705cf4c69ba402ddd619b22c6.html | https://seafoodfromcanada.ca/listing/codroy-seafoods-inc | https://seafoodfromcanada.ca/listing/codroy-seafoods-inc/product,Verified from website text extraction,
CLOVER LEAF SEAFOODS CORP. (CFIA Ref #0222),CLOVER LEAF SEAFOODS CORP.,"180 BRUNSWICK STREET, BLACKS HARBOUR, NB, E5H1G6, Canada",https://www.cloverleaf.ca/en/,"Multi-species seafood (Salmon, Crab, Shrimp/Prawn, Mussel, Oyster, Clam, Tuna)",Unknown,Unknown,Unknown,MEDIUM,LOW,LOW,LOW,https://www.cloverleaf.ca/en/ | https://www.cloverleaf.ca/en/contact/ | https://www.cloverleaf.ca/en/products/ | https://www.cloverleaf.ca/en | https://www.cloverleaf.ca/en/products,Verified from website text extraction,
Clearwater Seafoods Limited Partnership/Continental Seafoods (CFIA Ref #3769),Clearwater Seafoods Limited Partnership/Continental Seafoods,"84 Water Street, Shelburne, NS, B0T1W0, Canada",https://www.clearwater.ca/en/,"Multi-species seafood (Lobster, Crab, Shrimp/Prawn, Clam)",Unknown,Unknown,Unknown,MEDIUM,LOW,LOW,LOW,https://www.clearwater.ca/en/ | https://www.clearwater.ca/en/contact-us/ | https://www.clearwater.ca/en/history/ | https://www.clearwater.ca/en,Verified from website text extraction,
CLEARWATER SEAFOODS LIMITED PARTNERSHIP F/V ATLANTIC PROTECTOR (CFIA Ref #3770),CLEARWATER SEAFOODS LIMITED PARTNERSHIP F/V ATLANTIC PROTECTOR,"88 WATER STREET, SHELBURNE, NS, B0T1W0, Canada",https://www.clearwater.ca/en/,"Multi-species seafood (Lobster, Crab, Shrimp/Prawn, Clam)",Unknown,Unknown,Unknown,MEDIUM,LOW,LOW,LOW,https://www.clearwater.ca/en/ | https://www.clearwater.ca/en/contact-us/ | https://www.clearwater.ca/en/ocean-to-plate/harvesting/ | https://www.clearwater.ca/en,Verified from website text extraction,
CLEARWATER SEAFOODS LIMITED PARTNERSHIP (M.V. ATLANTIC PRESERVER) (CFIA Ref #3768),CLEARWATER SEAFOODS LIMITED PARTNERSHIP (M.V. ATLANTIC PRESERVER),"88 WATER STREET, SHELBURNE, NS, B0J1W0, Canada",https://www.clearwater.ca/en/,"Multi-species seafood (Lobster, Crab, Shrimp/Prawn, Clam)",Unknown,Unknown,Unknown,MEDIUM,LOW,LOW,LOW,https://www.clearwater.ca/en/ | https://www.clearwater.ca/en/contact-us/ | https://shop.clearwater.ca/pages/about-us | https://www.clearwater.ca/en,Verified from website text extraction,
CLEARWATER SEAFOODS LIMITED PARTNERSHIP (CFIA Ref #LL04001),CLEARWATER SEAFOODS LIMITED PARTNERSHIP,"757 BEDFORD HWY, BEDFORD, NS, B4A3Z7, Canada",https://www.clearwater.ca/en/,"Multi-species seafood (Lobster, Crab, Shrimp/Prawn, Clam)",Unknown,Unknown,Unknown,MEDIUM,LOW,LOW,LOW,https://www.clearwater.ca/en/ | https://www.clearwater.ca/en/contact-us/ | https://shop.clearwater.ca/ | https://www.clearwater.ca/en,Verified from website text extraction,
CLEARWATER SEAFOODS LIMITED PARTNERSHIP (CFIA Ref #3521),CLEARWATER SEAFOODS LIMITED PARTNERSHIP,"757 BEDFORD HIGHWAY, BEDFORD, NS, B4A3Z7, Canada",https://www.clearwater.ca/en/,"Multi-species seafood (Lobster, Crab, Shrimp/Prawn, Clam)",Unknown,Unknown,Unknown,MEDIUM,LOW,LOW,LOW,https://www.clearwater.ca/en/ | https://www.clearwater.ca/en/contact-us/ | https://shop.clearwater.ca/ | https://www.clearwater.ca/en,Verified from website text extraction,
CLEARWATER SEAFOODS LIMITED PARTNERSHIP (CFIA Ref #3324),CLEARWATER SEAFOODS LIMITED PARTNERSHIP,"70 WATER STREET, LOCKEPORT, NS, B0T1L0, Canada",https://www.clearwater.ca/en/,"Multi-species seafood (Lobster, Crab, Shrimp/Prawn, Clam)",Unknown,Unknown,Unknown,MEDIUM,LOW,LOW,LOW,https://www.clearwater.ca/en/ | https://www.clearwater.ca/en/contact-us/ | https://www.clearwater.ca/en/seafood-retail/ | https://www.clearwater.ca/en,Verified from website text extraction,
CLEARWATER SEAFOODS LIMITED PARTNERSHIP (CFIA Ref #0439),CLEARWATER SEAFOODS LIMITED PARTNERSHIP,"60 BELL ST., GLACE BAY, NS, B1A6C9, Canada",https://www.clearwater.ca/en/,"Multi-species seafood (Lobster, Crab, Shrimp/Prawn, Clam)",Unknown,Unknown,Unknown,MEDIUM,LOW,LOW,LOW,https://www.clearwater.ca/en/ | https://www.clearwater.ca/en/contact-us/ | https://www.clearwater.ca/en/ocean-to-plate/processing-facilities/ | https://www.clearwater.ca/en,Verified from website text extraction,
CLEARWATER SEAFOODS LIMITED PARTNERSHIP (CFIA Ref #0405),CLEARWATER SEAFOODS LIMITED PARTNERSHIP,"68 WATER STREET, LOCKEPORT, NS, B0T1L0, Canada",https://www.clearwater.ca/en/,"Multi-species seafood (Lobster, Crab, Shrimp/Prawn, Clam)",Unknown,Unknown,Unknown,MEDIUM,LOW,LOW,LOW,https://www.clearwater.ca/en/ | https://www.clearwater.ca/en/contact-us/ | https://shop.clearwater.ca/ | https://www.clearwater.ca/en,Verified from website text extraction,
CLEARWATER SEAFOODS LIMITED PARTNERSHIP (CFIA Ref #0156),CLEARWATER SEAFOODS LIMITED PARTNERSHIP,"1 PLANT ROAD, GRAND BANK, NL, A0E1W0, Canada",https://www.clearwater.ca/en/,"Multi-species seafood (Lobster, Crab, Shrimp/Prawn, Clam)",Unknown,Unknown,Unknown,MEDIUM,LOW,LOW,LOW,https://www.clearwater.ca/en/ | https://www.clearwater.ca/en/contact-us/ | https://www.clearwater.ca/en/seafood-retail/ | https://www.clearwater.ca/en,Verified from website text extraction,
CHAD BROWN SEAFOODS INC. (CFIA Ref #4446),CHAD BROWN SEAFOODS INC.,"119 NARROWS ROAD, WELSHPOOL, NB, E5E1B2, Canada",https://seafoodfromcanada.ca/listing/chad-brown-seafoods-inc/,"Multi-species seafood (Salmon, Lobster, Crab, Shrimp/Prawn, Mussel, Oyster, Clam, Tuna)",Unknown,Unknown,YES (Collagen/Gelatin),MEDIUM,LOW,LOW,HIGH,https://seafoodfromcanada.ca/listing/chad-brown-seafoods-inc/ | https://www.mapquest.com/ca/new-brunswick/chad-brown-seafoods-inc-454728553 | https://www.trade-seafood.com/directory/seafood/wholesalers/chad-brown-seafoods-inc-ca.htm | https://seafoodfromcanada.ca/listing/chad-brown-seafoods-inc | https://seafoodfromcanada.ca/listing/chad-brown-seafoods-inc/product,Verified from website text extraction,
CAPE D'OR SUSTAINABLE SEAFOODS INC. (CFIA Ref #6098),CAPE D'OR SUSTAINABLE SEAFOODS INC.,"365 DRIFTWOOD LANE, ADVOCATE HARBOUR, NS, B0M1A0, Canada",https://seafoodfromcanada.ca/listing/cape-dor-sustainable-seafoods-inc/,"Multi-species seafood (Salmon, Lobster, Crab, Shrimp/Prawn, Mussel, Oyster, Clam, Tuna)",Unknown,Unknown,YES (Collagen/Gelatin),MEDIUM,LOW,LOW,HIGH,https://canadiancoolfoods.com/company/cape-dor-sustainable-seafood | https://seafoodfromcanada.ca/listing/cape-dor-sustainable-seafoods-inc/ | https://www.seacoreseafood.com/product/cape-dor-salmon-land-based-atlantic-salmon-nova-scotia | https://seafoodfromcanada.ca/listing/cape-dor-sustainable-seafoods-inc | https://seafoodfromcanada.ca/listing/cape-dor-sustainable-seafoods-inc/product,Verified from website text extraction,
CANSO SEAFOODS LIMITED (CFIA Ref #3604),CANSO SEAFOODS LIMITED,"88 WATER STREET, CANSO, NS, B0H1H0, Canada",https://www.novascotiaseafoodalliance.ca/canso-seafoods-ltd,Lobster,Unknown,Unknown,Unknown,HIGH,LOW,LOW,LOW,https://www.novascotiaseafoodalliance.ca/canso-seafoods-ltd | https://seafoodfromcanada.ca/listing/canso-seafoods-ltd/ | https://www.fishjobs.ca/canso-seafoods-ltd/,Verified from website text extraction,
CAMPBELL RIVER SEAFOODS & LOCKERS LTD. (CFIA Ref #0785),CAMPBELL RIVER SEAFOODS & LOCKERS LTD.,"1900 NORTH ISLAND HIGHWAY, CAMPBELL RIVER, BC, V9W2G2, Canada",https://campbellriverchamber.ca/directory/business/campbell-river-seafood-lockers-ltd/,Unknown,Unknown,Unknown,Unknown,LOW,LOW,LOW,LOW,https://campbellriverchamber.ca/directory/business/campbell-river-seafood-lockers-ltd/ | https://m.yelp.com/biz/campbell-river-seafoods-and-locker-campbell-river | https://www.mapquest.com/ca/british-columbia/campbell-river-seafoods-locker-281695444 | https://campbellriverchamber.ca/directory/business/campbell-river-seafood-lockers-ltd,Verified from website text extraction,
Cameron Seafoods Company (CFIA Ref #1463681),Cameron Seafoods Company,"1157 West Halls Harbour Road, Halls Harbour, NS, B0P1J0, Canada",https://cameronseafoods.com/,Lobster,Unknown,Unknown,Unknown,HIGH,LOW,LOW,LOW,https://cameronseafoods.com/ | https://cameronseafoods.com/about | https://www.cameronsseafood.com/pages/contact | https://cameronseafoods.com,Verified from website text extraction,
C & K SEAFOODS (CFIA Ref #3848),C & K SEAFOODS,"7 BOUDREAU BRANCH RD., CHURCH POINT, NS, B0W1M0, Canada",Unknown / not in CFIA list,Unknown,Unknown,Unknown,Unknown,LOW,LOW,LOW,LOW,,No website found via search backend,
BURLEIGH BROS SEAFOODS LTD (CFIA Ref #2001),BURLEIGH BROS SEAFOODS LTD,"224 Burleigh Rd, East Bideford, PE, C0B1J0, Canada",https://seafoodfromcanada.ca/listing/burleigh-brothers-seafood-ltd/,"Multi-species seafood (Salmon, Lobster, Crab, Shrimp/Prawn, Mussel, Oyster, Clam, Tuna)",Unknown,Unknown,YES (Collagen/Gelatin),MEDIUM,LOW,LOW,HIGH,https://www.facebook.com/BurleighBros/ | https://seafoodfromcanada.ca/listing/burleigh-brothers-seafood-ltd/ | https://canadasfoodisland.ca/company/burleigh-brothers-seafood-ltd/ | https://seafoodfromcanada.ca/listing/burleigh-brothers-seafood-ltd | https://seafoodfromcanada.ca/listing/burleigh-brothers-seafood-ltd/product,Verified from website text extraction,
BLUNDELL SEAFOODS LTD. (CFIA Ref #1934),BLUNDELL SEAFOODS LTD.,"11351 RIVER ROAD, RICHMOND, BC, V6X1Z6, Canada",https://blundellseafoods.com/,Salmon,Unknown,Unknown,Unknown,HIGH,LOW,LOW,LOW,https://blundellseafoods.com/ | https://blundellseafoods.com/contact/ | https://blundellseafoods.com/about/ | https://blundellseafoods.com | https://blundellseafoods.com/products | https://blundellseafoods.com/product,Verified from website text extraction,
Blue Comet Seafoods Ltd./SUN DOG (CFIA Ref #1C77),Blue Comet Seafoods Ltd./SUN DOG,"1505 1st Ave W, Vancouver, BC, V6J1E8, Canada",https://bluecometseafoods.ca/,"Multi-species seafood (Salmon, Shrimp/Prawn, Tuna, Halibut, Cod)",Unknown,Unknown,Unknown,MEDIUM,LOW,LOW,LOW,https://bluecometseafoods.ca/ | https://bluecometseafoods.ca/our-story | https://www.facebook.com/bluecometseafoods/ | https://bluecometseafoods.ca | https://bluecometseafoods.ca/products,Verified from website text extraction,
BIRCH STREET SEAFOODS LIMITED (CFIA Ref #3158),BIRCH STREET SEAFOODS LIMITED,"35 BIRCH STREET, DIGBY, NS, B0V1A0, Canada",https://birch-street-seafoods-ltd.com-place.com/,"Lobster, Shrimp/Prawn",Unknown,Unknown,Unknown,HIGH,LOW,LOW,LOW,https://www.birchstseafoods.ca/ | https://www.facebook.com/BirchStreetSeafoods/ | https://www.novascotiaseafoodalliance.ca/birch-street-seafoods-ltd | https://birch-street-seafoods-ltd.com-place.com,Verified from website text extraction,
BAY ROBERTS SEAFOODS LIMITED (CFIA Ref #0104),BAY ROBERTS SEAFOODS LIMITED,"208 WATER ST, BAY ROBERTS, NL, A0A1G0, Canada",https://seafoodfromcanada.ca/listing/bay-roberts-seafoods-ltd/,"Multi-species seafood (Salmon, Lobster, Crab, Shrimp/Prawn, Mussel, Oyster, Clam, Tuna)",Unknown,Unknown,YES (Collagen/Gelatin),MEDIUM,LOW,LOW,HIGH,https://seafoodfromcanada.ca/listing/bay-roberts-seafoods-ltd/ | https://www.bayroberts.com/places/bay-roberts-seafoods/ | https://www.facebook.com/BayRobertsSeafoodsLtd/ | https://seafoodfromcanada.ca/listing/bay-roberts-seafoods-ltd | https://seafoodfromcanada.ca/listing/bay-roberts-seafoods-ltd/product,Verified from website text extraction,
BAIE STE- ANNE SEAFOODS (2014) INC. (CFIA Ref #0429),BAIE STE- ANNE SEAFOODS (2014) INC.,"143 CHEMIN ESCUMINAC POINT, ESCUMINAC, NB, E9A1V6, Canada",https://seafoodfromcanada.ca/listing/baie-ste-anne-seafoods-2014-inc/,"Multi-species seafood (Salmon, Lobster, Crab, Shrimp/Prawn, Mussel, Oyster, Clam, Tuna)",Unknown,Unknown,YES (Collagen/Gelatin),MEDIUM,LOW,LOW,HIGH,https://daleyseafoods.com/our-plants/baie-ste-anne-seafoods/ | https://seafoodfromcanada.ca/listing/baie-ste-anne-seafoods-2014-inc/ | https://www.dnb.com/business-directory/company-profiles.baie_ste-anne_seafoods_(2014)_inc.3d84af068f50e0b1e567eab3c3b85a6d.html | https://seafoodfromcanada.ca/listing/baie-ste-anne-seafoods-2014-inc | https://seafoodfromcanada.ca/listing/baie-ste-anne-seafoods-2014-inc/product,Verified from website text extraction,
B.M.C. SEAFOODS LIMITED (CFIA Ref #LL16400),B.M.C. SEAFOODS LIMITED,"50 METEGHAN SHORE ROAD, METEGHAN, NS, B0W2J0, Canada",https://bmcseafoods.ca/,Lobster,Unknown,Unknown,Unknown,HIGH,LOW,LOW,LOW,https://bmcseafoods.ca/ | https://bmcseafoods.ca/bmc-seafood-market/ | https://bmcseafoods.ca/our-divisions/ | https://bmcseafoods.ca,Verified from website text extraction,
ATLANTIC TREASURE SEAFOODS LIMITED (CFIA Ref #0043),ATLANTIC TREASURE SEAFOODS LIMITED,"88 SOUTHSIDE ROAD, COLEY'S POINT, NL, -, Canada",https://www.atlantictreasureseafoods.com/,"Multi-species seafood (Salmon, Lobster, Halibut, Cod, Herring)",Unknown,Unknown,Unknown,MEDIUM,LOW,LOW,LOW,https://www.atlantictreasureseafoods.com/ | https://atltreasure.com/ | https://www.facebook.com/AtlanticTreasureSeafoodsLtd/ | https://www.atlantictreasureseafoods.com,Verified from website text extraction,
ASHMEG SEAFOODS LTD. (CFIA Ref #6000),ASHMEG SEAFOODS LTD.,"1720 KETCH HARBOUR ROAD, HALIFAX, NS, -, Canada",https://www.novascotiaseafoodalliance.ca/ashmeg-seafoods-ltd,Unknown,Unknown,Unknown,Unknown,LOW,LOW,LOW,LOW,https://www.novascotiaseafoodalliance.ca/ashmeg-seafoods-ltd | https://www.instagram.com/ashmegseafoods/?hl=en | https://www.dnb.com/business-directory/company-profiles.ashmeg_seafoods_ltd.ba15483535ea91c4da953952d62c09a5.html,Verified from website text extraction,
AREY & SONS SEAFOODS LIMITED (CFIA Ref #3842),AREY & SONS SEAFOODS LIMITED,"57 PROSPECT POINT ROAD, SHAG HARBOUR, NS, B0W2E0, Canada",Unknown / not in CFIA list,Unknown,Unknown,Unknown,Unknown,LOW,LOW,LOW,LOW,,No website found via search backend,
AMAR SEAFOODS PEI LTD. (CFIA Ref #1D08),AMAR SEAFOODS PEI LTD.,"1 CAUSEWAY ROAD, VICTORIA, PE, C0A1J0, Canada",https://www.amar-seafoods.com/,Halibut,Unknown,Unknown,Unknown,HIGH,LOW,LOW,LOW,https://www.amar-seafoods.com/ | https://www.amar-seafoods.com/location/canada | https://www.amar-seafoods.com/about-us | https://www.amar-seafoods.com,Verified from website text extraction,
ADVOCATE SEAFOODS LIMITED (CFIA Ref #1463),ADVOCATE SEAFOODS LIMITED,"3831 HIGHWAY 209, ADVOCATE HARBOUR, NS, B0M1A0, Canada",https://www.dnb.com/business-directory/company-profiles.advocate_seafoods_limited.3343414751ff4f3140c307728d47f38b.html,Unknown,Unknown,Unknown,Unknown,LOW,LOW,LOW,LOW,https://www.dnb.com/business-directory/company-profiles.advocate_seafoods_limited.3343414751ff4f3140c307728d47f38b.html | https://www.mapquest.com/ca/nova-scotia/advocate-seafoods-ltd-663817044 | https://www.yellowpages.ca/bus/Nova-Scotia/Advocate-Harbour/Advocate-Seafoods-Ltd/6952977.html,Website found but pages not extractable / too thin,
A&L Seafoods Limited Partnership (CFIA Ref #3522),A&L Seafoods Limited Partnership,"20 Minto Street, Loiusbourg, NS, B1C1L1, Canada",https://louisbourgseafoods.ca/,"Multi-species seafood (Lobster, Crab, Shrimp/Prawn, Mussel)",Unknown,Unknown,Unknown,MEDIUM,LOW,LOW,LOW,https://louisbourgseafoods.ca/ | https://www.novascotiaseafoodalliance.ca/al-seafoods-ltd | https://seafoodfromcanada.ca/listing/al-seafoods-ltd/ | https://louisbourgseafoods.ca | https://louisbourgseafoods.ca/products,Verified from website text extraction,
11656520 CANADA INC. / POINTE-SAPIN SEAFOODS (CFIA Ref #2428),11656520 CANADA INC. / POINTE-SAPIN SEAFOODS,"3046 ROUTE 117, POINTE-SAPIN, NB, E9A1V1, Canada",https://daleyseafoods.com/our-plants/pointe-sapin-seafoods/,Lobster,Unknown,Unknown,Unknown,HIGH,LOW,LOW,LOW,https://daleyseafoods.com/our-plants/pointe-sapin-seafoods/ | https://www.facebook.com/groups/1096222481136319/ | https://mindtrip.ai/attraction/escuminac-new-brunswick/pointe-sapin-seafoods/at-FDcWanv0 | https://daleyseafoods.com/our-plants/pointe-sapin-seafoods,Verified from website text extraction,
WINFUL SEAFOOD INTERNATIONAL LTD. (CFIA Ref #0656),WINFUL SEAFOOD INTERNATIONAL LTD.,"10 MELFORD DRIVE, UNIT 8, SCARBOROUGH, ON, M1B2G1, Canada",https://www.winful.ca/,Unknown,Unknown,Unknown,Unknown,LOW,LOW,LOW,LOW,https://www.winful.ca/ | https://www.winful.ca/catalog.php | https://interfishmarket.com/en/company.aspx?id=22969 | https://www.winful.ca,Verified from website text extraction,
WANSHENG INTERNATIONAL FISHERIES RESOURCES CO. LTD. (CFIA Ref #6152),WANSHENG INTERNATIONAL FISHERIES RESOURCES CO. LTD.,"8420 FRASER ST, VANCOUVER, BC, V5X0A4, Canada",https://china-gacc.agency/gacc-2/GACC_exporter_info.asp?id=18756&GACC=12423000019&country=%E5%8A%A0%E6%8B%BF%E5%A4%A7(Canada)&company=WANSHENG%20INTERNATIONAL%20FISHERY%20RESOURCES%20CO.LTD.,Unknown,Unknown,Unknown,Unknown,LOW,LOW,LOW,LOW,https://china-gacc.agency/gacc-2/GACC_exporter_info.asp?id=18756&GACC=12423000019&country=%E5%8A%A0%E6%8B%BF%E5%A4%A7(Canada)&company=WANSHENG%20INTERNATIONAL%20FISHERY%20RESOURCES%20CO.LTD. | https://china-gacc.agency/gacc-2/GACC_exporter_info.asp?id=18756&GACC=12423000019&country=%E5%8A%A0%E6%8B%BF%E5%A4%A7(Canada)&company=WANSHENG%20INTERNATIONAL%20FISHERY%20RESOURCES%20CO.LTD./products | https://china-gacc.agency/gacc-2/GACC_exporter_info.asp?id=18756&GACC=12423000019&country=%E5%8A%A0%E6%8B%BF%E5%A4%A7(Canada)&company=WANSHENG%20INTERNATIONAL%20FISHERY%20RESOURCES%20CO.LTD./product | https://china-gacc.agency/gacc-2/GACC_exporter_info.asp?id=18756&GACC=12423000019&country=%E5%8A%A0%E6%8B%BF%E5%A4%A7(Canada)&company=WANSHENG%20INTERNATIONAL%20FISHERY%20RESOURCES%20CO.LTD./our-products | https://china-gacc.agency/gacc-2/GACC_exporter_info.asp?id=18756&GACC=12423000019&country=%E5%8A%A0%E6%8B%BF%E5%A4%A7(Canada)&company=WANSHENG%20INTERNATIONAL%20FISHERY%20RESOURCES%20CO.LTD./certifications | https://china-gacc.agency/gacc-2/GACC_exporter_info.asp?id=18756&GACC=12423000019&country=%E5%8A%A0%E6%8B%BF%E5%A4%A7(Canada)&company=WANSHENG%20INTERNATIONAL%20FISHERY%20RESOURCES%20CO.LTD./certification,Verified from website text extraction,
SHORE COLD STORAGE & LOGISTICS INC./SHORE COLD PROCESSING (CFIA Ref #6350),SHORE COLD STORAGE & LOGISTICS INC./SHORE COLD PROCESSING,"130 LITTLE BROOK RD, LITTLE BROOK, NS, B0W1Z0, Canada",https://shorecold.ca/,Unknown,Unknown,Unknown,Unknown,LOW,LOW,LOW,LOW,https://shorecold.ca/ | https://shorecold.ca/?page_id=182 | https://shorecold.ca/?page_id=12 | https://shorecold.ca,Verified from website text extraction,
"NORTH LAKE FISHERIES (2013), INC. O/A MONTAGUE BAY FOODS (CFIA Ref #6022)","NORTH LAKE FISHERIES (2013), INC. O/A MONTAGUE BAY FOODS","150 Central St, Montague, PE, C0A1R0, Canada",https://northlakefisheries.ca/,"Multi-species seafood (Lobster, Crab, Tuna, Halibut, Herring)",Unknown,Unknown,Unknown,MEDIUM,LOW,LOW,LOW,https://northlakefisheries.ca/ | https://northlakefisheries.ca/contact/ | https://northlakefisheries.ca/about/ | https://northlakefisheries.ca,Verified from website text extraction,
"NOCA CANADIAN SEAFOOD BUYER, INC. DBA RAYMOND O'NEILL & SON FISHERIES (CFIA Ref #2413)","NOCA CANADIAN SEAFOOD BUYER, INC. DBA RAYMOND O'NEILL & SON FISHERIES","221 ESCUMINAC ROAD, ESCUMINAC, NB, E9A 1V6, Canada",https://raymondoneill.ca/,Lobster,Unknown,SQF,Unknown,HIGH,LOW,HIGH,LOW,https://raymondoneill.ca/ | https://nbdeliciouslycanadian.com/en/directory/raymond-oneill-son-fisheries-ltd | https://seafoodfromcanada.ca/listing/raymond-oneill-son-fisheries-ltd/ | https://raymondoneill.ca | https://raymondoneill.ca/products | https://raymondoneill.ca/product | https://raymondoneill.ca/certifications,Verified from website text extraction,
LIMBERIS SEAFOOD PROCESSING LTD. (CFIA Ref #0999),LIMBERIS SEAFOOD PROCESSING LTD.,"5025 LIMBERIS DRIVE, LADYSMITH, BC, V9G1M6, Canada",https://www.limberisseafood.com/set_english.php,Clam,Unknown,HACCP,Unknown,HIGH,LOW,HIGH,LOW,https://www.limberisseafood.com/set_english.php | https://www.tripadvisor.com/Attraction_Review-g182188-d8634016-Reviews-Limberis_Seafood_Processing_Ltd-Ladysmith_Cowichan_Valley_Regional_District_Vanco.html | https://www.mapquest.com/ca/british-columbia/limberis-seafood-processing-ltd-359645798 | https://www.limberisseafood.com/set_english.php/products | https://www.limberisseafood.com/set_english.php/product | https://www.limberisseafood.com/set_english.php/our-products | https://www.limberisseafood.com/set_english.php/certifications | https://www.limberisseafood.com/set_english.php/certification,Verified from website text extraction,
LIMBERIS SEAFOOD PROCESSING LTD. (CFIA Ref #0758),LIMBERIS SEAFOOD PROCESSING LTD.,"5025 LIMBERIS DRIVE, LADYSMITH, BC, V9G1M6, Canada",https://www.limberisseafood.com/set_english.php,Clam,Unknown,HACCP,Unknown,HIGH,LOW,HIGH,LOW,https://www.limberisseafood.com/set_english.php | https://www.tripadvisor.com/Attraction_Review-g182188-d8634016-Reviews-Limberis_Seafood_Processing_Ltd-Ladysmith_Cowichan_Valley_Regional_District_Vanco.html | https://www.mapquest.com/ca/british-columbia/limberis-seafood-processing-ltd-359645798 | https://www.limberisseafood.com/set_english.php/products | https://www.limberisseafood.com/set_english.php/product | https://www.limberisseafood.com/set_english.php/certifications | https://www.limberisseafood.com/set_english.php/certification,Verified from website text extraction,
Kildare Fisheries Ltd / Kildare Cold Storage (CFIA Ref #1E08),Kildare Fisheries Ltd / Kildare Cold Storage,"526 Main St, Alberton, PE, C0B1B0, Canada",https://kildarefisheries.com/,Unknown,Unknown,Unknown,Unknown,LOW,LOW,LOW,LOW,https://kildarefisheries.com/ | https://kildarefisheries.com/contact-us/ | https://kildarefisheries.com/about/,Website found but pages not extractable / too thin,
GRAND RIVER FOODS LTD.(FORMALLY SUNWEST FOOD PROCESSORS LTD) (CFIA Ref #0623),GRAND RIVER FOODS LTD.(FORMALLY SUNWEST FOOD PROCESSORS LTD),"35 NORTHLAND ROAD, WATERLOO, ON, N2V1Y8, Canada",https://directory.investcambridge.ca/Home/View/grand-river-foods,Unknown,Unknown,Unknown,Unknown,LOW,LOW,LOW,LOW,https://sunwestfoods.com/ | https://www.gea.com/en/customer-cases/grand-river-foods/ | https://www.dnb.com/business-directory/company-profiles.grand_river_foods_ltd.333936713ddf48657387406d38216776.html | https://directory.investcambridge.ca/Home/View/grand-river-foods,Verified from website text extraction,
FEATURE FOODS INTERNATIONAL INC. (CFIA Ref #1647),FEATURE FOODS INTERNATIONAL INC.,"30 FINLEY ROAD, BRAMPTON, ON, L6T1A9, Canada",https://featurefoods.ca/,Herring,Unknown,HACCP; SQF,Unknown,HIGH,LOW,HIGH,LOW,https://featurefoods.ca/ | https://featurefoods.ca/pages/contact-us-feature-foods | https://featurefoods.ca/pages/our-products-feature-foods | https://featurefoods.ca | https://featurefoods.ca/products,Verified from website text extraction,
EVERGREEN INTERNATIONAL FOODSTUFFS LTD. (CFIA Ref #0774),EVERGREEN INTERNATIONAL FOODSTUFFS LTD.,"1944 FRANKLIN STREET, VANCOUVER, BC, V5L1R2, Canada",https://www.eastvillagevancouver.ca/business/evergreen-international-foodstuffs-ltd/,Unknown,Unknown,Unknown,Unknown,LOW,LOW,LOW,LOW,https://evergreenseafoods.com/ | https://www.eastvillagevancouver.ca/business/evergreen-international-foodstuffs-ltd/ | https://www.mapquest.com/ca/british-columbia/evergreen-international-foods-281154503 | https://www.eastvillagevancouver.ca/business/evergreen-international-foodstuffs-ltd,Verified from website text extraction,
COLE-MUNRO FOODS GROUP INC. (CFIA Ref #1693),COLE-MUNRO FOODS GROUP INC.,"175 EDWARD STREET, ST. THOMAS, ON, N5P4A8, Canada",https://www.stthomaschamber.on.ca/list/member/cole-munro-foods-group-inc-78542,Unknown,Unknown,Unknown,Unknown,LOW,LOW,LOW,LOW,https://colemunro.com/ | https://colemunro.com/about/ | https://colemunro.com/certifications/ | https://www.stthomaschamber.on.ca/list/member/cole-munro-foods-group-inc-78542 | https://www.stthomaschamber.on.ca/list/member/cole-munro-foods-group-inc-78542/products | https://www.stthomaschamber.on.ca/list/member/cole-munro-foods-group-inc-78542/product | https://www.stthomaschamber.on.ca/list/member/cole-munro-foods-group-inc-78542/our-products | https://www.stthomaschamber.on.ca/list/member/cole-munro-foods-group-inc-78542/certifications | https://www.stthomaschamber.on.ca/list/member/cole-munro-foods-group-inc-78542/certification,Verified from website text extraction,
Champlain Seafood Cape Breton Inc./Pecheries Cheticamp Fisheries Intl. (CFIA Ref #3599),Champlain Seafood Cape Breton Inc./Pecheries Cheticamp Fisheries Intl.,"38 CH LA DIGUE RD, CHETICAMP, NS, B0E1H0, Canada",https://champlainseafood.com/our-companies/cheticamp-fisheries/,"Lobster, Crab",Unknown,Unknown,Unknown,HIGH,LOW,LOW,LOW,https://champlainseafood.com/our-companies/cheticamp-fisheries/ | https://champlainseafood.com/ | https://cheticampfisheries.com/ | https://champlainseafood.com/our-companies/cheticamp-fisheries,Verified from website text extraction,
CAPITAL SEAFOOD INTERNATIONAL INCORPORATED (CFIA Ref #1345),CAPITAL SEAFOOD INTERNATIONAL INCORPORATED,"100 GOVERNMENT WHARF ROAD, EASTERN PASSAGE, NS, B3G1M5, Canada",https://www.novascotiaseafoodalliance.ca/capital-seafoods,"Lobster, Groundfish (mixed)",Unknown,Unknown,Unknown,HIGH,LOW,LOW,LOW,https://www.novascotiaseafoodalliance.ca/capital-seafoods | https://seafoodfromcanada.ca/listing/capital-seafoods-international-inc/ | https://www.facebook.com/p/Capital-Seafood-International-100068316424554/,Verified from website text extraction,
CANADIAN SEAFOOD PROCESSING INC./CANADIAN SEAFOOD PROCESSING PLANT (CFIA Ref #6334),CANADIAN SEAFOOD PROCESSING INC./CANADIAN SEAFOOD PROCESSING PLANT,"100-3140 HARBOUR ROAD, PORT ALBERNI, BC, V9Y4B9, Canada",https://eatcanadianseafood.com/wp/,"Multi-species seafood (Salmon, Shrimp/Prawn, Oyster, Clam, Tuna, Halibut)",Unknown,HACCP,Unknown,MEDIUM,LOW,HIGH,LOW,https://eatcanadianseafood.com/wp/ | https://bcfooddirectory.gov.bc.ca/producer/eat-canadian-seafood/ | https://ca.linkedin.com/company/eatcanadianseafood | https://eatcanadianseafood.com/wp | https://eatcanadianseafood.com/wp/products | https://eatcanadianseafood.com/wp/product,Verified from website text extraction,
Canadian Seafood Processing Inc. (CFIA Ref #1D54),Canadian Seafood Processing Inc.,"5413A Argyle St, Port Alberni, BC, V9Y1T6, Canada",https://eatcanadianseafood.com/wp/,"Multi-species seafood (Salmon, Shrimp/Prawn, Oyster, Clam, Tuna, Halibut)",Unknown,HACCP,Unknown,MEDIUM,LOW,HIGH,LOW,https://eatcanadianseafood.com/wp/ | https://shop.eatcanadianseafood.com/ | https://eatcanadianseafood.com/wp/location/ | https://eatcanadianseafood.com/wp | https://eatcanadianseafood.com/wp/products | https://eatcanadianseafood.com/wp/product,Verified from website text extraction,
BEST HONOUR INTERNATIONAL SEAFOOD LTD. (CFIA Ref #0956),BEST HONOUR INTERNATIONAL SEAFOOD LTD.,"#126 - 11786 RIVER ROAD, RICHMOND, BC, V6X1Z7, Canada",https://www.bhseafood.ca/,Unknown,Unknown,Unknown,Unknown,LOW,LOW,LOW,LOW,https://www.bhseafood.ca/ | https://www.bhseafood.ca/contact | https://www2.gov.bc.ca/gov/content/export-catalogue/bc-agrifood-seafood-export-catalogue/seafood-companies/best-honour-international-seafood,Website found but pages not extractable / too thin,
BARRY GROUP INC. - NU SEA PRODUCTS INC. (CFIA Ref #0183),BARRY GROUP INC. - NU SEA PRODUCTS INC.,"74-76 FISHER STREET, PORT AUX CHOIX, NL, A0K4C0, Canada",https://barrygroupinc.com/,"Multi-species seafood (Lobster, Crab, Shrimp/Prawn, Mussel, Halibut, Cod, Herring)",Unknown,Unknown,"YES (Fish oil, Fishmeal)",MEDIUM,LOW,LOW,HIGH,https://barrygroupinc.com/ | https://barrygroupinc.com/contact/ | https://seafoodfromcanada.ca/listing/barry-group-inc/ | https://barrygroupinc.com | https://barrygroupinc.com/products,Verified from website text extraction,
Zinetti Food Products Ltd. (CFIA Ref #304),Zinetti Food Products Ltd.,"17760 66 Ave, Surrey, BC, V3S7X1, Canada",http://zinettifoods.com/,Unknown,Unknown,HACCP; SQF,Unknown,LOW,LOW,HIGH,LOW,http://zinettifoods.com/ | https://zinettifoods.com/contact/ | http://zinettifoods.com/production/ | http://zinettifoods.com | http://zinettifoods.com/product,Verified from website text extraction,
YARMOUTH SEA PRODUCTS LIMITED/YARMOUTH SEA PRODUCTS 2 PETER DUGAS ROAD (CFIA Ref #3836),YARMOUTH SEA PRODUCTS LIMITED/YARMOUTH SEA PRODUCTS 2 PETER DUGAS ROAD,"2 PETER DUGAS ROAD, METEGHAN, NS, B0W2J0, Canada",https://seafoodfromcanada.ca/listing/yarmouth-sea-products-limited/,"Multi-species seafood (Salmon, Lobster, Crab, Shrimp/Prawn, Mussel, Oyster, Clam, Tuna)",Unknown,Unknown,YES (Collagen/Gelatin),MEDIUM,LOW,LOW,HIGH,https://www.mapquest.com/ca/nova-scotia/yarmouth-sea-products-ltd-359106136 | https://seafoodfromcanada.ca/listing/yarmouth-sea-products-limited/ | https://www.novascotiaseafoodalliance.ca/yarmouth-sea-products-ltd | https://seafoodfromcanada.ca/listing/yarmouth-sea-products-limited | https://seafoodfromcanada.ca/listing/yarmouth-sea-products-limited/product,Verified from website text extraction,
YARMOUTH SEA PRODUCTS LIMITED (CFIA Ref #1467),YARMOUTH SEA PRODUCTS LIMITED,"34 PETER DUGAS ROAD, METEGHAN, NS, B0W2J0, Canada",https://www.novascotiaseafoodalliance.ca/yarmouth-sea-products-ltd,Unknown,Unknown,Unknown,Unknown,LOW,LOW,LOW,LOW,https://www.novascotiaseafoodalliance.ca/yarmouth-sea-products-ltd | https://seafoodfromcanada.ca/listing/yarmouth-sea-products-limited/ | https://seafood.media/fis/companies/details.asp?l=e&filterby=products&=&country_id=it&page=1&company_id=125122,Verified from website text extraction,
YARMOUTH BAR FISHERIES LIMITED (CFIA Ref #1416),YARMOUTH BAR FISHERIES LIMITED,"598 HIGHWAY 304, OVERTON, NS, B5A5G6, Canada",https://yarmouthbarfisheries.ca/,"Multi-species seafood (Salmon, Lobster, Clam, Tuna, Halibut)",Unknown,Unknown,Unknown,MEDIUM,LOW,LOW,LOW,https://yarmouthbarfisheries.ca/ | https://yarmouthbarfisheries.ca/contact/ | https://yarmouthbarfisheries.ca/our-story/history/ | https://yarmouthbarfisheries.ca,Verified from website text extraction,
YA YA FOODS CORP (CFIA Ref #6420),YA YA FOODS CORP,"450 KIPLING AVENUE, TORONTO, ON, M8Z5E1, Canada",https://www.yayafoods.com/,Unknown,Unknown,Unknown,Unknown,LOW,LOW,LOW,LOW,https://www.yayafoods.com/ | https://www.yayafoods.com/contact | https://www.yayafoods.com/about-us | https://www.yayafoods.com,Verified from website text extraction,
WOLFHEAD SMOKERS LTD. (CFIA Ref #1376),WOLFHEAD SMOKERS LTD.,"420 ROUTE 172, LETANG, NB, E5C1W5, Canada",https://seafoodfromcanada.ca/listing/wolfhead-smokers-ltd/,"Multi-species seafood (Salmon, Lobster, Crab, Shrimp/Prawn, Mussel, Oyster, Clam, Tuna)",Unknown,Unknown,YES (Collagen/Gelatin),MEDIUM,LOW,LOW,HIGH,https://www.facebook.com/p/Wolfhead-Smokers-Ltd-100057055886640/ | https://seafoodfromcanada.ca/listing/wolfhead-smokers-ltd/ | https://nbdeliciouslycanadian.com/en/directory/wolfhead-smokers-ltd | https://seafoodfromcanada.ca/listing/wolfhead-smokers-ltd | https://seafoodfromcanada.ca/listing/wolfhead-smokers-ltd/product,Verified from website text extraction,
WM. R. MURPHY FISHERIES LIMITED (CFIA Ref #1216),WM. R. MURPHY FISHERIES LIMITED,"52 WHARF ROAD, LITTLE RIVER HARBOUR, NS, B0W1B0, Canada",https://www.novascotiaseafoodalliance.ca/wm-r-murphy-fisheries-ltd,"Lobster, Herring",Unknown,Unknown,Unknown,HIGH,LOW,LOW,LOW,https://www.novascotiaseafoodalliance.ca/wm-r-murphy-fisheries-ltd | https://seafoodfromcanada.ca/listing/wm-r-murphy-fisheries-ltd/ | https://www.facebook.com/1300281346652184,Verified from website text extraction,
WESTPINE FISHERIES LTD. (CFIA Ref #1980),WESTPINE FISHERIES LTD.,"8383 CROMPTON STREET, VANCOUVER, BC, V5X4J1, Canada",http://inspection.canada.ca/en/node/2,Unknown,Unknown,Unknown,Unknown,LOW,LOW,LOW,LOW,http://inspection.canada.ca/en/node/2 | https://www.territoryseafoods.com/ | https://www.yellowpages.ca/bus/British-Columbia/Vancouver/Territory-Seafoods-Ltd/2574180.html,Verified from website text extraction,
WESTMORLAND FISHERIES LTD. (CFIA Ref #0402),WESTMORLAND FISHERIES LTD.,"64 GAUTREAU STREET, CAP-PELE, NB, E4N1V3, Canada",https://www.westmorlandfisheries.ca/,"Lobster, Crab",Unknown,Unknown,Unknown,HIGH,LOW,LOW,LOW,https://www.westmorlandfisheries.ca/ | https://westmorlandfisheries.ca/en/contact | https://westmorlandfisheries.ca/en/from-ocean-to-you/resources | https://www.westmorlandfisheries.ca | https://www.westmorlandfisheries.ca/products | https://www.westmorlandfisheries.ca/product | https://www.westmorlandfisheries.ca/our-products | https://www.westmorlandfisheries.ca/certifications | https://www.westmorlandfisheries.ca/certification,Verified from website text extraction,
WATERSIDE INTERNATIONAL HOLDINGS INC. (CFIA Ref #6357),WATERSIDE INTERNATIONAL HOLDINGS INC.,"7050 TELFORD WAY; UNIT 1-5, MISSISSAUGA, ON, L5S1V7, Canada",http://inspection.canada.ca/en/node/2,Unknown,Unknown,Unknown,Unknown,LOW,LOW,LOW,LOW,http://inspection.canada.ca/en/node/2 | https://www.dnb.com/business-directory/company-profiles.waterside_international_holdings_inc.a2e19f6c249209546971e7993cf0912c.html | https://inspection.canada.ca/en/about-cfia/contact-cfia/contact-cfia-online,Verified from website text extraction,
WALCAN SEAFOOD LTD. (CFIA Ref #1905),WALCAN SEAFOOD LTD.,"2025 HYACINTHE BAY ROAD, HERIOT BAY, BC, V0P1H0, Canada",https://www2.gov.bc.ca/gov/content/export-catalogue/bc-agrifood-seafood-export-catalogue/seafood-companies/walcan-seafood-ltd,Unknown,Unknown,Unknown,Unknown,LOW,LOW,LOW,LOW,https://walcan.com/ | http://www.walcan.com/news/ | https://www.facebook.com/walcanseafood/,Website found but pages not extractable / too thin,
W & R FISHERIES LTD (CFIA Ref #4244),W & R FISHERIES LTD,"6 WATER ST, GEORGETOWN, PE, C0A1L0, Canada",https://canadasfoodisland.ca/culinary_trail/w-r-fisheries-ltd/,"Mussel, Oyster, Clam",Unknown,Unknown,Unknown,HIGH,LOW,LOW,LOW,https://canadasfoodisland.ca/culinary_trail/w-r-fisheries-ltd/ | https://seafoodfromcanada.ca/listing/wr-fisheries/ | https://www.peicoastlineshellfish.ca/ | https://canadasfoodisland.ca/culinary_trail/w-r-fisheries-ltd,Verified from website text extraction,
VICTORIA CO-OPERATIVE FISHERIES LIMITED (CFIA Ref #1483),VICTORIA CO-OPERATIVE FISHERIES LIMITED,"247 NEW HAVEN ROAD, NEW HAVEN, NS, B0C1N0, Canada",https://www.canada.ca/en/atlantic-canada-opportunities/campaigns/impacts/victoria-cooperative-fisheries-ltd.html,Unknown,Unknown,Unknown,Unknown,LOW,LOW,LOW,LOW,https://victoriafish.com/ | https://victoriafish.com/contact/ | https://victoriafish.com/about-the-co-op/,Website found but pages not extractable / too thin,
VICTOR AQUACULTURE INC. (CFIA Ref #4010),VICTOR AQUACULTURE INC.,"120 RUE DE L'INDUSTRIE, SHIPPAGAN, NB, E8S0A2, Canada",http://inspection.canada.ca/en/node/2,Unknown,Unknown,Unknown,Unknown,LOW,LOW,LOW,LOW,http://inspection.canada.ca/en/node/2 | https://www.facebook.com/p/Victor-Aquaculture-Inc-100057404051195/ | https://new.geds-sage.gc.ca/en/GEDS/?pgid=017&dn=T1U9U0hGSU9GUEwtQkxTSElQUEwsT1U9SU1QTEFOVC1JTVZFR0VUQSxPVT1OQkFPRi1CU05CRixPVT1BVE9QTU5CLU9BTU5CLE9VPU9GVlBPLUJWUE9QLE9VPUNGSUEtQUNJQSxPPUdDLEM9Q0E=,Verified from website text extraction,
VERSACOLD LOGISTICS SERVICES/VERSACOLD SAINT-FRANÉOIS (CFIA Ref #S739),VERSACOLD LOGISTICS SERVICES/VERSACOLD SAINT-FRANÉOIS,"5757 CHEMIN ST-FRANCOIS, SAINT-LAURENT, QC, H4S1B6, Canada",https://www.refrigeratedfrozenfood.com/directories/2698-warehouse-guide/listing/14184-versacold-logistics-services-st-francois-facility-st-laurent-qc,Unknown,Unknown,Unknown,Unknown,LOW,LOW,LOW,LOW,https://www.refrigeratedfrozenfood.com/directories/2698-warehouse-guide/listing/14184-versacold-logistics-services-st-francois-facility-st-laurent-qc | https://safer.fmcsa.dot.gov/query.asp?searchtype=ANY&query_type=queryCarrierSnapshot&query_param=USDOT&query_string=2163528 | https://www.mapquest.com/ca/quebec/versacold-logistic-svc-454658347,Website found but pages not extractable / too thin,
VERSACOLD LOGISTICS SERVICES/VERSACOLD PETTIPAS (CFIA Ref #S805),VERSACOLD LOGISTICS SERVICES/VERSACOLD PETTIPAS,"20 PETTIPAS DRIVE, DARTMOUTH, NS, B3B1K2, Canada",https://ised-isde.canada.ca/cc/lgcy/fdrlCrpDtls.html?p=&corpId=4442491&corpName=VERSACOLD%20LOGISTICS%20CANADA%20INC.&rdrcturl=chngRgstrdcdrsWz.html,Unknown,Unknown,Unknown,Unknown,LOW,LOW,LOW,LOW,https://www.refrigeratedfrozenfood.com/directories/2698-warehouse-guide/listing/14172-versacold-logistics-services-pettipas-facility-dartmouth-ns | https://www.mapquest.com/ca/nova-scotia/versacold-logistics-services-279859578 | https://safer.fmcsa.dot.gov/query.asp?searchtype=ANY&query_type=queryCarrierSnapshot&query_param=USDOT&query_string=2163528 | https://ised-isde.canada.ca/cc/lgcy/fdrlCrpDtls.html?p=&corpId=4442491&corpName=VERSACOLD%20LOGISTICS%20CANADA%20INC.&rdrcturl=chngRgstrdcdrsWz.html | https://ised-isde.canada.ca/cc/lgcy/fdrlCrpDtls.html?p=&corpId=4442491&corpName=VERSACOLD%20LOGISTICS%20CANADA%20INC.&rdrcturl=chngRgstrdcdrsWz.html/products | https://ised-isde.canada.ca/cc/lgcy/fdrlCrpDtls.html?p=&corpId=4442491&corpName=VERSACOLD%20LOGISTICS%20CANADA%20INC.&rdrcturl=chngRgstrdcdrsWz.html/product | https://ised-isde.canada.ca/cc/lgcy/fdrlCrpDtls.html?p=&corpId=4442491&corpName=VERSACOLD%20LOGISTICS%20CANADA%20INC.&rdrcturl=chngRgstrdcdrsWz.html/our-products | https://ised-isde.canada.ca/cc/lgcy/fdrlCrpDtls.html?p=&corpId=4442491&corpName=VERSACOLD%20LOGISTICS%20CANADA%20INC.&rdrcturl=chngRgstrdcdrsWz.html/certifications | https://ised-isde.canada.ca/cc/lgcy/fdrlCrpDtls.html?p=&corpId=4442491&corpName=VERSACOLD%20LOGISTICS%20CANADA%20INC.&rdrcturl=chngRgstrdcdrsWz.html/certification,Verified from website text extraction,
VERSACOLD LOGISTICS SERVICES/VERSACOLD PETTIPAS (CFIA Ref #CS1344857),VERSACOLD LOGISTICS SERVICES/VERSACOLD PETTIPAS,"20 PETTIPAS DRIVE, DARTMOUTH, NS, B3B1K2, Canada",https://www.refrigeratedfrozenfood.com/directories/2698-warehouse-guide/listing/14172-versacold-logistics-services-pettipas-facility-dartmouth-ns,Unknown,Unknown,Unknown,Unknown,LOW,LOW,LOW,LOW,https://www.refrigeratedfrozenfood.com/directories/2698-warehouse-guide/listing/14172-versacold-logistics-services-pettipas-facility-dartmouth-ns | https://www.mapquest.com/ca/nova-scotia/versacold-logistics-services-279859578 | https://safer.fmcsa.dot.gov/query.asp?searchtype=ANY&query_type=queryCarrierSnapshot&query_param=USDOT&query_string=2163528,Website found but pages not extractable / too thin,
VERSACOLD LOGISTICS SERVICES/VERSACOLD MOUNT-PEARL (CFIA Ref #CS1402945),VERSACOLD LOGISTICS SERVICES/VERSACOLD MOUNT-PEARL,"96 GLENCOE DRIVE, MOUNT PEARL, NL, A1N4S9, Canada",https://www.gov.nl.ca/gs/inspection/versacold-logistics-canada-inc-96-glencoe-drive-mount-pearl-nl/,Unknown,Unknown,Unknown,Unknown,LOW,LOW,LOW,LOW,https://www.mapquest.com/ca/newfoundland-and-labrador/versacold-logistics-services-359097024 | https://www.refrigeratedfrozenfood.com/directories/2698-warehouse-guide/listing/14171-versacold-logistics-services-mt-pearl-facility-mt-pearl-nl | https://safer.fmcsa.dot.gov/query.asp?searchtype=ANY&query_type=queryCarrierSnapshot&query_param=USDOT&query_string=2163528 | https://www.gov.nl.ca/gs/inspection/versacold-logistics-canada-inc-96-glencoe-drive-mount-pearl-nl,Verified from website text extraction,
VERSACOLD LOGISTICS SERVICES/VERSACOLD MONCTON (CFIA Ref #CS1402836),VERSACOLD LOGISTICS SERVICES/VERSACOLD MONCTON,"123 PRICE STREET, MONCTON, NB, E1A3R1, Canada",https://www.refrigeratedfrozenfood.com/directories/2698-warehouse-guide/listing/14170-versacold-logistics-services-moncton-facility-moncton-nb,Unknown,Unknown,Unknown,Unknown,LOW,LOW,LOW,LOW,https://www.mapquest.com/ca/new-brunswick/versacold-logistics-services-427726116 | https://www.refrigeratedfrozenfood.com/directories/2698-warehouse-guide/listing/14170-versacold-logistics-services-moncton-facility-moncton-nb | https://safer.fmcsa.dot.gov/query.asp?searchtype=ANY&query_type=queryCarrierSnapshot&query_param=USDOT&query_string=2163528,Website found but pages not extractable / too thin,
VERSACOLD LOGISTICS SERVICES/VERSACOLD LACHINE (CFIA Ref #S738),VERSACOLD LOGISTICS SERVICES/VERSACOLD LACHINE,"1600 BRANDON CRESCENT, LACHINE, QC, H8T6M8, Canada",Unknown / not in CFIA list,Unknown,Unknown,Unknown,Unknown,LOW,LOW,LOW,LOW,,No website found via search backend,
VERSACOLD LOGISTICS SERVICES/VERSACOLD CÔTE-DE-LIESSE (CFIA Ref #S785),VERSACOLD LOGISTICS SERVICES/VERSACOLD CÔTE-DE-LIESSE,"6100 COTE DE LIESSE; PORTE J, SAINT-LAURENT, QC, H4T1E3, Canada",https://www.refrigeratedfrozenfood.com/directories/2698-warehouse-guide/listing/14183-versacold-logistics-services-cote-de-liesse-facility-saint-laurent-qc,Unknown,Unknown,Unknown,Unknown,LOW,LOW,LOW,LOW,https://www.refrigeratedfrozenfood.com/directories/2698-warehouse-guide/listing/14183-versacold-logistics-services-cote-de-liesse-facility-saint-laurent-qc | https://safer.fmcsa.dot.gov/query.asp?searchtype=ANY&query_type=queryCarrierSnapshot&query_param=USDOT&query_string=2163528 | https://www.foodlogistics.com/warehousing/cold-storage/company/21578449/versacold,Website found but pages not extractable / too thin,
VERSACOLD LOGISTICS SERVICES - VALLEY (CFIA Ref #1439300),VERSACOLD LOGISTICS SERVICES - VALLEY,"31785 MARSHALL ROAD, ABBOTSFORD, BC, V2T5Z8, Canada",https://www.refrigeratedfrozenfood.com/directories/2698-warehouse-guide/listing/14161-versacold-logistics-services-valley-facility-abbotsford-bc,Unknown,Unknown,Unknown,Unknown,LOW,LOW,LOW,LOW,https://www.refrigeratedfrozenfood.com/directories/2698-warehouse-guide/listing/14161-versacold-logistics-services-valley-facility-abbotsford-bc | https://www.onelineage.com/facilities/abbotsford-british-columbia | https://safer.fmcsa.dot.gov/query.asp?searchtype=ANY&query_type=queryCarrierSnapshot&query_param=USDOT&query_string=2163528,Website found but pages not extractable / too thin,
VERSACOLD LOGISTICS SERVICES - SURREY (CFIA Ref #1422072),VERSACOLD LOGISTICS SERVICES - SURREY,"19572-94TH AVENUE, SURREY, BC, V4N4E5, Canada",https://www.refrigeratedfrozenfood.com/directories/2698-warehouse-guide/listing/14167-versacold-logistics-services-surrey-facility-surrey-vancouver-bc,Unknown,Unknown,Unknown,Unknown,LOW,LOW,LOW,LOW,https://www.refrigeratedfrozenfood.com/directories/2698-warehouse-guide/listing/14167-versacold-logistics-services-surrey-facility-surrey-vancouver-bc | https://www.mapquest.com/ca/british-columbia/versacold-logistics-services-359621899 | https://ca.linkedin.com/company/versacold,Website found but pages not extractable / too thin,
VERSACOLD LOGISTICS SERVICES - NORTHLANDS (CFIA Ref #S228),VERSACOLD LOGISTICS SERVICES - NORTHLANDS,"12536 62ND STREET, EDMONTON, AB, T5W0Y5, Canada",https://www.refrigeratedfrozenfood.com/directories/2698-warehouse-guide/listing/14158-versacold-logistics-services-northlands-facility-edmonton-ab,Unknown,Unknown,Unknown,Unknown,LOW,LOW,LOW,LOW,https://www.refrigeratedfrozenfood.com/directories/2698-warehouse-guide/listing/14158-versacold-logistics-services-northlands-facility-edmonton-ab | https://www.mapquest.com/ca/alberta/versacold-northlands-456242910 | https://ca.linkedin.com/company/versacold,Website found but pages not extractable / too thin,
VERSACOLD LOGISTICS SERVICES - LETHBRIDGE NORTH (CFIA Ref #1503979),VERSACOLD LOGISTICS SERVICES - LETHBRIDGE NORTH,"585-41 STREET NORTH, LETHBRIDGE, AB, T1H6X9, Canada",https://amta.ca/members/versacold-logistics-services-gp-limited/,Unknown,Unknown,Unknown,Unknown,LOW,LOW,LOW,LOW,https://www.refrigeratedfrozenfood.com/directories/2698-warehouse-guide/listing/14159-versacold-logistics-services-lethbridge-north-facility-lethbridge-ab | https://www.mapquest.com/ca/alberta/versacold-logistics-services-359522796 | https://safer.fmcsa.dot.gov/query.asp?searchtype=ANY&query_type=queryCarrierSnapshot&query_param=USDOT&query_string=2163528 | https://amta.ca/members/versacold-logistics-services-gp-limited,Verified from website text extraction,
VERSACOLD LOGISTICS SERVICES - EDMONTON SOUTH (CFIA Ref #S213),VERSACOLD LOGISTICS SERVICES - EDMONTON SOUTH,"9002 – 20th Street, EDMONTON, AB, T6P1K7, Canada",https://www.refrigeratedfrozenfood.com/directories/2698-warehouse-guide/listing/14156-versacold-logistics-services-edmonton-south-facility-edmonton-ab,Unknown,Unknown,Unknown,Unknown,LOW,LOW,LOW,LOW,https://www.refrigeratedfrozenfood.com/directories/2698-warehouse-guide/listing/14156-versacold-logistics-services-edmonton-south-facility-edmonton-ab | https://www.mapquest.com/ca/alberta/versacold-logistics-services-359562883 | https://safer.fmcsa.dot.gov/query.asp?searchtype=ANY&query_type=queryCarrierSnapshot&query_param=USDOT&query_string=2163528,Website found but pages not extractable / too thin,
VERSACOLD LOGISTICS SERVICES - DERWENT (CFIA Ref #1483788),VERSACOLD LOGISTICS SERVICES - DERWENT,"1188 DERWENT WAY, DELTA, BC, V3M5R1, Canada",https://www.refrigeratedfrozenfood.com/directories/2698-warehouse-guide/listing/14165-versacold-logistics-services-derwent-facility-delta-bc,Unknown,Unknown,Unknown,Unknown,LOW,LOW,LOW,LOW,https://www.refrigeratedfrozenfood.com/directories/2698-warehouse-guide/listing/14165-versacold-logistics-services-derwent-facility-delta-bc | https://www.mapquest.com/ca/british-columbia/versacold-logistics-services-359615526 | https://safer.fmcsa.dot.gov/query.asp?searchtype=ANY&query_type=queryCarrierSnapshot&query_param=USDOT&query_string=2163528,Website found but pages not extractable / too thin,
VERSACOLD LOGISTICS SERVICES - DELTA (CFIA Ref #1483439),VERSACOLD LOGISTICS SERVICES - DELTA,"1588 CLIVEDEN AVENUE, DELTA, BC, V3M6P1, Canada",https://www.refrigeratedfrozenfood.com/directories/2698-warehouse-guide/listing/14163-versacold-logistics-services-delta-facility-delta-bc,Unknown,Unknown,Unknown,Unknown,LOW,LOW,LOW,LOW,https://www.refrigeratedfrozenfood.com/directories/2698-warehouse-guide/listing/14163-versacold-logistics-services-delta-facility-delta-bc | https://www.onelineage.com/facilities/delta-1588-cliveden-british-columbia | https://www.mapquest.com/ca/british-columbia/versacold-logistics-services-359615744,Website found but pages not extractable / too thin,
VERSACOLD LOGISTICS SERVICES - CLIVEDEN (CFIA Ref #1483787),VERSACOLD LOGISTICS SERVICES - CLIVEDEN,"836 CLIVENDEN AVENUE ANNACIS ISLAND, DELTA, BC, V3M5R5, Canada",https://www.refrigeratedfrozenfood.com/directories/2698-warehouse-guide/listing/14164-versacold-logistics-services-cliveden-facility-delta-bc,Unknown,Unknown,Unknown,Unknown,LOW,LOW,LOW,LOW,https://www.refrigeratedfrozenfood.com/directories/2698-warehouse-guide/listing/14164-versacold-logistics-services-cliveden-facility-delta-bc | https://www.onelineage.com/facilities/delta-836-cliveden-british-columbia | https://www.mapquest.com/ca/british-columbia/versacold-455411838,Website found but pages not extractable / too thin,
VERSACOLD LOGISTICS SERVICES (CFIA Ref #S224),VERSACOLD LOGISTICS SERVICES,"3925 BRANDON STREET S.E., CALGARY, AB, T2G4A7, Canada",https://www.refrigeratedfrozenfood.com/directories/2698-warehouse-guide/listing/14153-versacold-logistics-services-brandon-st-center-calgary-ab,Unknown,Unknown,Unknown,Unknown,LOW,LOW,LOW,LOW,https://www.refrigeratedfrozenfood.com/directories/2698-warehouse-guide/listing/14153-versacold-logistics-services-brandon-st-center-calgary-ab | https://ca.linkedin.com/company/versacold | https://www.mapquest.com/ca/alberta/versacold-logistics-services-281634705,Website found but pages not extractable / too thin,
VERSACOLD LOGISTICS SERVICES (CFIA Ref #S206),VERSACOLD LOGISTICS SERVICES,"555 - 78TH AVE S.E., CALGARY, AB, T2C4M4, Canada",https://www.refrigeratedfrozenfood.com/directories/2698-warehouse-guide/listing/14155-versacold-logistics-services-foothills-facility-calgary-ab,Unknown,Unknown,Unknown,Unknown,LOW,LOW,LOW,LOW,https://www.mapquest.com/ca/alberta/versacold-logistics-services-359529759 | https://www.refrigeratedfrozenfood.com/directories/2698-warehouse-guide/listing/14155-versacold-logistics-services-foothills-facility-calgary-ab | https://ca.linkedin.com/company/versacold,Website found but pages not extractable / too thin,
VERSACOLD LOGISTICS SERVICES (CFIA Ref #0659),VERSACOLD LOGISTICS SERVICES,"200 DAWSON ROAD NORTH, WINNIPEG, MB, R2J0S7, Canada",http://inspection.canada.ca/en/node/2,Unknown,Unknown,Unknown,Unknown,LOW,LOW,LOW,LOW,https://www.refrigeratedfrozenfood.com/directories/2698-warehouse-guide/listing/14169-versacold-logistics-services-dawson-facility-winnipeg-mb | https://www.dnb.com/business-directory/company-profiles.versacold_logistics_services.1ab14a1cb7d298471d17e0a9f2c0a982.html | https://ca.linkedin.com/company/versacold | http://inspection.canada.ca/en/node/2,Verified from website text extraction,
VERSACOLD - 127 (CFIA Ref #S233),VERSACOLD - 127,"7405 – 127 AVE, EDMONTON, AB, T5C1R9, Canada",http://inspection.canada.ca/en/node/2,Unknown,Unknown,Unknown,Unknown,LOW,LOW,LOW,LOW,http://inspection.canada.ca/en/node/2 | https://www.refrigeratedfrozenfood.com/directories/2698-warehouse-guide/listing/14157-versacold-logistics-services-127th-avenue-facility-edmonton-ab | http://inspection.canada.ca/en/food-licences,Verified from website text extraction,
VARIETY FOODS LIMITED (CFIA Ref #6023),VARIETY FOODS LIMITED,"16-18 HARBOUR DRIVE, HARBOUR MAIN, NL, A0P2P0, Canada",http://varietyfoods.ca/,Oyster,Unknown,Unknown,Unknown,HIGH,LOW,LOW,LOW,http://varietyfoods.ca/ | https://variety-foods.com/ | http://varietyfoods.ca/contact/ | http://varietyfoods.ca | http://varietyfoods.ca/products | http://varietyfoods.ca/product,Verified from website text extraction,
VANBUSKIRK FISHERIES LIMITED (CFIA Ref #LL31002),VANBUSKIRK FISHERIES LIMITED,"80 CHURCH ROAD, SHELBURNE, NS, B0T1W0, Canada",http://inspection.canada.ca/en/node/2,Unknown,Unknown,Unknown,Unknown,LOW,LOW,LOW,LOW,https://www.dnb.com/business-directory/company-profiles.vanbuskirk_fisheries_limited.8ef24b58530977e87a2774b2a7ac1bb1.html | http://inspection.canada.ca/en/node/2 | http://inspection.canada.ca/en/about-cfia/contact-cfia/contact-cfia-office-telephone,Verified from website text extraction,
VAN SEA'S WHOLESALE PROCESSING INC. (CFIA Ref #0722),VAN SEA'S WHOLESALE PROCESSING INC.,"3777 KEITH STREET, BURNABY, BC, V5J3B9, Canada",https://www.ridofthered.com/processing/,"Salmon, Halibut",Unknown,Unknown,Unknown,HIGH,LOW,LOW,LOW,https://www.ridofthered.com/processing/ | https://ca.linkedin.com/company/rid-of-the-red-chicken-&-seafood-co.-ltd | https://www.dnb.com/business-directory/company-profiles.van_seas_wholesale_processing_inc.03b57b3ac356b84f31dda080dfade6d3.html | https://www.ridofthered.com/processing | https://www.ridofthered.com/processing/product,Verified from website text extraction,
VAN ISLET INTERNATIONAL TRADING LTD. (CFIA Ref #1D27),VAN ISLET INTERNATIONAL TRADING LTD.,"4-12351 BRIDGEPORT RD, RICHMOND, BC, V6V1J4, Canada",Unknown / not in CFIA list,Unknown,Unknown,Unknown,Unknown,LOW,LOW,LOW,LOW,,No website found via search backend,
UPTIME FOOD PRODUCTS INC. (CFIA Ref #5008),UPTIME FOOD PRODUCTS INC.,"11800 AV J.J. JOUBERT, MONTRÉAL, QC, H1E7J4, Canada",http://inspection.canada.ca/en/node/2,Unknown,Unknown,Unknown,Unknown,LOW,LOW,LOW,LOW,https://www.alimentsduquebec.com/en/certified-products/business/les-produits-alimentaires-uptime-inc | https://www.mapquest.com/ca/quebec/uptime-food-products-inc-279854493 | https://www.yellowpages.ca/bus/Quebec/Montreal/Uptime-Food-Products-Inc/2791160.html | http://inspection.canada.ca/en/node/2,Verified from website text extraction,
UNION BAY SEAFOOD LTD. (CFIA Ref #6001),UNION BAY SEAFOOD LTD.,"170-2288 NO 5 ROAD, RICHMOND, BC, V6X2T1, Canada",https://recalls-rappels.canada.ca/en/alert-recall/certain-union-bay-seafood-ltd-brand-pacific-oysters-recalled-due-norovirus-0,Oyster,Unknown,Unknown,Unknown,HIGH,LOW,LOW,LOW,https://recalls-rappels.canada.ca/en/alert-recall/certain-union-bay-seafood-ltd-brand-pacific-oysters-recalled-due-norovirus-0 | https://www.yellowpages.ca/bus/British-Columbia/Richmond/Union-Bay-Seafood-Ltd/101297655.html | https://www.mapquest.com/ca/british-columbia/union-bay-seafood-ltd-455598553,Verified from website text extraction,
UEUSHUK FISHERIES LTD. (CFIA Ref #0091),UEUSHUK FISHERIES LTD.,"St. John’s Harbour, Water Street, St. John’s, NL, A1C 6N6, Canada",https://innudev.com/partners/our-partners/ueushuk-fisheries-limited/,Shrimp/Prawn,Unknown,Unknown,Unknown,HIGH,LOW,LOW,LOW,https://innudev.com/partners/our-partners/ueushuk-fisheries-limited/ | https://www.yellowpages.ca/bus/Newfoundland-and-Labrador/Mount-Pearl/Ueushuk-Fisheries-Ltd/101674885.html | https://innudev.com/partners/our-partners/ueushuk-fisheries-limited,Verified from website text extraction,
TWIN SEAFOOD LIMITED (CFIA Ref #3704),TWIN SEAFOOD LIMITED,"6689 RTE 3, WOODS HARBOUR, NS, B0W 2E0, Canada",https://www.novascotiaseafoodalliance.ca/twin-seafoods-ltd,"Lobster, Tuna, Halibut",Unknown,Unknown,Unknown,HIGH,LOW,LOW,LOW,https://www.novascotiaseafoodalliance.ca/twin-seafoods-ltd | https://seafoodfromcanada.ca/fr/listing/twin-seafood-limited/ | https://www.mapquest.com/ca/nova-scotia/twin-seafood-ltd-24493508,Verified from website text extraction,
TST HEALTH FOODS INC. (CFIA Ref #6164),TST HEALTH FOODS INC.,"50 EAST WILMOT STREET, RICHMOND HILL, ON, L4B3Z3, Canada",http://inspection.canada.ca/en/inspection-and-enforcement/food-safety-investigations,Unknown,Unknown,Unknown,Unknown,LOW,LOW,LOW,LOW,http://inspection.canada.ca/en/inspection-and-enforcement/food-safety-investigations | https://materials-reference-listing-food.hpfb-dgpsa.ca/company/tst-health-foods-inc | https://www.yellowpages.ca/bus/Ontario/Richmond-Hill/Tst-Health-Foods-Inc/102656825.html,Verified from website text extraction,
"TRUE WORLD FOODS, INC. OF CANADA (CFIA Ref #3754)","TRUE WORLD FOODS, INC. OF CANADA","40 GOODICK ROAD, SHELBURNE, NS, B0T1W0, Canada",https://trueworldfoods.ca/,Unknown,Unknown,Unknown,Unknown,LOW,LOW,LOW,LOW,https://trueworldfoods.ca/ | https://twf.trueworldfoods.com/ | https://trueworldfoods.ca/contact/ | https://trueworldfoods.ca,Verified from website text extraction,
TRI-STAR SEAFOOD SUPPLY LTD. (CFIA Ref #0724),TRI-STAR SEAFOOD SUPPLY LTD.,"11751 VOYAGEUR WAY, RICHMOND, BC, V6X3J4, Canada",https://www2.gov.bc.ca/gov/content/export-catalogue/bc-agrifood-seafood-export-catalogue/seafood-companies/tri-starseafood-supply-ltd,Unknown,Unknown,Unknown,Unknown,LOW,LOW,LOW,LOW,https://www.facebook.com/TriStarSeafood/ | https://www2.gov.bc.ca/gov/content/export-catalogue/bc-agrifood-seafood-export-catalogue/seafood-companies/tri-starseafood-supply-ltd | https://fishchoice.com/business/tri-star-seafood-supply-ltd,Website found but pages not extractable / too thin,
Tor Bay Fisheries Limited (CFIA Ref #1D85),Tor Bay Fisheries Limited,"4963 Charlos Cove Rd, Charlos Cove, NS, B0H1T0, Canada",https://torbayfisheries.ca/,"Multi-species seafood (Lobster, Crab, Shrimp/Prawn, Halibut, Cod)",Unknown,Unknown,YES (Collagen/Gelatin),MEDIUM,LOW,LOW,HIGH,https://torbayfisheries.ca/ | https://www.torbayfisheries.ca/contact | https://www.facebook.com/torbayfisheries/ | https://torbayfisheries.ca | https://torbayfisheries.ca/products,Verified from website text extraction,
TOMCHI COLD INC. (CFIA Ref #6373),TOMCHI COLD INC.,"2941 DE LA GARE, VAUDREUIL – DORION, QC, J7V9R2, Canada",Unknown / not in CFIA list,Unknown,Unknown,Unknown,Unknown,LOW,LOW,LOW,LOW,,No website found via search backend,
THREE PORTS FISHERIES LIMITED (CFIA Ref #3570),THREE PORTS FISHERIES LIMITED,"897 ALDER POINT ROAD, ALDER POINT, NS, B1Y1B3, Canada",http://inspection.canada.ca/en/exporting-food-plants-animals/food-exports/registers-and-lists,"Lobster, Oyster",Unknown,Unknown,"YES (Collagen/Gelatin, Fish oil)",HIGH,LOW,LOW,HIGH,https://www.mapquest.com/ca/nova-scotia/three-port-fisheries-456532689 | http://inspection.canada.ca/en/exporting-food-plants-animals/food-exports/registers-and-lists | https://www.dfo-mpo.gc.ca/contact/regions/maritimes-eng.html,Verified from website text extraction,
THADDEE & ALVERIE FISHERIES LTD (CFIA Ref #0232),THADDEE & ALVERIE FISHERIES LTD,"14 CHEMIN DE L'ILES, PETIT-CAP, NB, E4N2G7, Canada",https://seafoodfromcanada.ca/listing/petit-cap-fisheries-ltd/,"Multi-species seafood (Salmon, Lobster, Crab, Shrimp/Prawn, Mussel, Oyster, Clam, Tuna)",Unknown,Unknown,YES (Collagen/Gelatin),MEDIUM,LOW,LOW,HIGH,https://www.mapquest.com/ca/new-brunswick/thaddee-alverie-fisheries-ltd-423651910 | https://www.yellowpages.ca/bus/New-Brunswick/Petit-Cap/Thaddee-Alverie-Fisheries-Ltd/101810865.html | https://seafoodfromcanada.ca/listing/petit-cap-fisheries-ltd/ | https://seafoodfromcanada.ca/listing/petit-cap-fisheries-ltd | https://seafoodfromcanada.ca/listing/petit-cap-fisheries-ltd/product,Verified from website text extraction,
TFI FOODS LTD./LES ALIMENTS TFI LTEE (CFIA Ref #6348),TFI FOODS LTD./LES ALIMENTS TFI LTEE,"44 MILNER AVENUE, SCARBOROUGH, ON, M1S3P8, Canada",https://www.tfifoods.com/,"Multi-species seafood (Salmon, Crab, Scallop, Shrimp/Prawn)",Unknown,Unknown,Unknown,MEDIUM,LOW,LOW,LOW,https://www.tfifoods.com/ | https://www.tfifoods.com/contact.html | https://www.tfifoods.com/about.html | https://www.tfifoods.com | https://www.tfifoods.com/product,Verified from website text extraction,
TENSHI SEAFOOD LTD. (CFIA Ref #6439),TENSHI SEAFOOD LTD.,"22111 FRASERWOOD WAY, RICHMOND, BC, V6W0A8, Canada",https://www.roserocket.com/trucking-company/tenshi-seafood-ltd-usdot-3215989,Unknown,Unknown,Unknown,Unknown,LOW,LOW,LOW,LOW,https://www.dnb.com/business-directory/company-profiles.tenshi_seafood_ltd.79cd2a26e630359791fc9123c4e97d9f.html | https://www.roserocket.com/trucking-company/tenshi-seafood-ltd-usdot-3215989 | https://www.yellowpages.ca/bus/British-Columbia/Richmond/Tenshi-International-Holdings-Ltd/101915011.html,Website found but pages not extractable / too thin,
TAIWAN FOOD PRODUCTS LTD. (CFIA Ref #0985),TAIWAN FOOD PRODUCTS LTD.,"#10A - 8145 130TH STREET, SURREY, BC, V3W7X4, Canada",https://www.twfood.ca/,"Salmon, Shrimp/Prawn",Unknown,Unknown,Unknown,HIGH,LOW,LOW,LOW,https://www.twfood.ca/ | https://www.twfood.ca/%E8%81%AF%E7%B5%A1%E6%88%91%E5%80%91-contact-1 | https://m.yelp.com/biz/taiwan-food-products-surrey | https://www.twfood.ca,Verified from website text extraction,
T&M SEAFOOD LTD. (CFIA Ref #6402),T&M SEAFOOD LTD.,"P.O. BOX 400, QUEEN CHARLOTTE, BC, V0T1S0, Canada",https://www.facebook.com/p/TM-Seafood-Ltd-100063464621835/,Unknown,Unknown,Unknown,Unknown,LOW,LOW,LOW,LOW,https://www.facebook.com/p/TM-Seafood-Ltd-100063464621835/ | https://www.instagram.com/tm_seafood/?hl=en | https://m.facebook.com/100063464621835/about/,Website found but pages not extractable / too thin,
"Sysco Canada, Inc./Sysco Island Premium Seafood (CFIA Ref #1E26)","Sysco Canada, Inc./Sysco Island Premium Seafood","2881 Amy Rd, Victoria, BC, V9B0B2, Canada",https://sysco.com/en-us,Unknown,Unknown,Unknown,Unknown,LOW,LOW,LOW,LOW,https://sysco.com/en-us | https://sysco.com/Products/Products/Specialty-Meat-and-Seafood/Specialty-Seafood.html | https://sysco.com/en-us/products/products/product-categories,Website found but pages not extractable / too thin,
SYLMAR SEAFOOD INC. (CFIA Ref #1C90),SYLMAR SEAFOOD INC.,"30 CH DE LA COTE, TROIS-RUISSEAUX, NB, E4N2V7, Canada",https://www.sylmarseafood.ca/,Lobster,Unknown,Unknown,Unknown,HIGH,LOW,LOW,LOW,https://www.sylmarseafood.ca/ | https://www.seafoodsource.com/supplier-directory/sylmar-seafood-inc | https://www.sylmarseafood.ca,Verified from website text extraction,
SUN RICH FOODS CANADA INC. (CFIA Ref #6335),SUN RICH FOODS CANADA INC.,"22151 FRASERWOOD WAY, RICHMOND, BC, V6W1J5, Canada",https://www.sunrichfoods.com/menu,Unknown,Unknown,Unknown,Unknown,LOW,LOW,LOW,LOW,https://www.sun-rich.com/ | https://www.sun-rich.com/contact-us/ | https://www.sunrichfoods.com/menu,Verified from website text extraction,
SUMMERSIDE SEAFOOD SUPREME INC. (CFIA Ref #0826),SUMMERSIDE SEAFOOD SUPREME INC.,"105 QUEEN'S WHARF, SUMMERSIDE, PE, C1N2V5, Canada",https://seafoodfromcanada.ca/listing/summerside-seafood-supreme-inc/,"Multi-species seafood (Salmon, Lobster, Crab, Shrimp/Prawn, Mussel, Oyster, Clam, Tuna)",Unknown,Unknown,YES (Collagen/Gelatin),MEDIUM,LOW,LOW,HIGH,https://seafoodfromcanada.ca/listing/summerside-seafood-supreme-inc/ | https://www.canada.ca/en/atlantic-canada-opportunities/news/2020/02/summerside-seafood-supreme-creating-new-culinary-products-for-international-markets.html | https://ebizpages.ca/listing/summerside-seafood-supreme-inc/ | https://seafoodfromcanada.ca/listing/summerside-seafood-supreme-inc | https://seafoodfromcanada.ca/listing/summerside-seafood-supreme-inc/product,Verified from website text extraction,
STONEY ISLAND FISHERIES (2022) LIMITED (CFIA Ref #0278),STONEY ISLAND FISHERIES (2022) LIMITED,"78 BULL HEAD RD, STONEY ISLAND, NS, B0W3J0, Canada",https://www.stoneyislandfisheries.com/,Lobster,Unknown,Unknown,Unknown,HIGH,LOW,LOW,LOW,https://www.stoneyislandfisheries.com/ | https://stoneyislandfisheries.com/contact.html | http://stoneyislandfisheries.com/news.html | https://www.stoneyislandfisheries.com,Verified from website text extraction,
STARLIGHT FISHERIES LTD. (CFIA Ref #3827),STARLIGHT FISHERIES LTD.,"151 HILLSBURN ROAD, HILLSBURN, NS, B0S1K0, Canada",https://seafoodfromcanada.ca/listing/sealight-fisheries-ltd/,"Multi-species seafood (Salmon, Lobster, Crab, Shrimp/Prawn, Mussel, Oyster, Clam, Tuna)",Unknown,Unknown,YES (Collagen/Gelatin),MEDIUM,LOW,LOW,HIGH,https://seafoodfromcanada.ca/listing/sealight-fisheries-ltd/ | https://seafoodfromcanada.ca/listing/sealight-fisheries-ltd | https://seafoodfromcanada.ca/listing/sealight-fisheries-ltd/product,Verified from website text extraction,
STAR FISH SEAFOOD LTD. (CFIA Ref #6356),STAR FISH SEAFOOD LTD.,"8-12331 BRIDGEPORT RD, RICHMOND, BC, V6V1J4, Canada",https://starfishseafoodltd.com/,"Lobster, Crab, Shrimp/Prawn",Unknown,Unknown,Unknown,HIGH,LOW,LOW,LOW,https://starfishseafoodltd.com/ | https://starfishseafoodltd.com/contact_new/ | https://www.starseafood.com/blank-1 | https://starfishseafoodltd.com,Verified from website text extraction,
ST. MARY'S RIVER SMOKEHOUSES (CFIA Ref #3501),ST. MARY'S RIVER SMOKEHOUSES,"8000 HWY 7, SHERBROOKE, NS, BOJ3C0, Canada",https://www.stmarysriverassociation.com/,Salmon,Unknown,Unknown,Unknown,HIGH,LOW,LOW,LOW,https://www.facebook.com/p/St-Marys-River-Smokehouses-100054276530961/ | https://seafood.media/fis/companies/details.asp?l=e&filterby=companies&=&country_id=&page=1&company_id=125114 | https://www.stmarysriverassociation.com/ | https://www.stmarysriverassociation.com,Verified from website text extraction,
ST. MARY'S BAY FISHERIES INC. (CFIA Ref #0182),ST. MARY'S BAY FISHERIES INC.,"30 PLANT ROAD, ST. MARY'S, NL, A0B3B0, Canada",http://inspection.canada.ca/en/exporting-food-plants-animals/food-exports/registers-and-lists,"Lobster, Oyster",Unknown,Unknown,"YES (Collagen/Gelatin, Fish oil)",HIGH,LOW,LOW,HIGH,http://inspection.canada.ca/en/exporting-food-plants-animals/food-exports/registers-and-lists | https://ca.linkedin.com/company/st.-mary's-bay-fisheries-a-division-of-yarmouth-sea | https://www.gov.nl.ca/releases/2022/ffa-en/0524n03/,Verified from website text extraction,
St. Anthony Basin Cold Storage Limited (CFIA Ref #CS1402886),St. Anthony Basin Cold Storage Limited,"4-8 Boyd's Rd, St. Anthony, NL, A0K4T0, Canada",https://rocketreach.co/st-anthony-cold-storage-profile_b46c79cdfc5c7df8,Unknown,Unknown,Unknown,Unknown,LOW,LOW,LOW,LOW,https://rocketreach.co/st-anthony-cold-storage-profile_b46c79cdfc5c7df8 | https://ca.maptons.com/p/2194990902 | https://search.infobelpro.com/canada/en/businessdetails/CA/0354394401,Website found but pages not extractable / too thin,
SOUTHSIDE PROCESSING INC. (CFIA Ref #0775),SOUTHSIDE PROCESSING INC.,"1670 EAST KENT AVE S, VANCOUVER, BC, V5P2S7, Canada",https://intengine.com/directory/profile/3514-southside-processing-inc,Unknown,Unknown,Unknown,Unknown,LOW,LOW,LOW,LOW,https://intengine.com/directory/profile/3514-southside-processing-inc | https://www.brightsidefoods.com/ | https://intengine.com/directory/profile/3514-southside-processing-inc/products | https://intengine.com/directory/profile/3514-southside-processing-inc/product | https://intengine.com/directory/profile/3514-southside-processing-inc/our-products | https://intengine.com/directory/profile/3514-southside-processing-inc/certifications | https://intengine.com/directory/profile/3514-southside-processing-inc/certification,Verified from website text extraction,
SOFINA FOODS INC./ALIMENTS SOFINA INC. (CFIA Ref #6057),SOFINA FOODS INC./ALIMENTS SOFINA INC.,"1226 TRAFALGAR STREET, LONDON, ON, N5Z1H5, Canada",https://www.sofinafoods.com/,Unknown,Unknown,Unknown,Unknown,LOW,LOW,LOW,LOW,https://www.sofinafoods.com/ | https://www.sofinafoods.com/about-us/ | https://www.sofinafoods.com/contact-us/ | https://www.sofinafoods.com | https://www.sofinafoods.com/our-products,Verified from website text extraction,
SOFINA FOODS INC./ ALIMENTS SOFINA INC. (CFIA Ref #1748),SOFINA FOODS INC./ ALIMENTS SOFINA INC.,"401 CANARCTIC DRIVE, TORONTO, ON, M3J2P9, Canada",https://www.sofinafoods.com/,Unknown,Unknown,Unknown,Unknown,LOW,LOW,LOW,LOW,https://www.sofinafoods.com/ | https://www.sofinafoods.com/about-us/ | https://www.sofinafoods.com/contact-us/ | https://www.sofinafoods.com | https://www.sofinafoods.com/our-products,Verified from website text extraction,
SLU SEAFOOD LTD. (CFIA Ref #6321),SLU SEAFOOD LTD.,"110 - 12611 VULCAN WAY, RICHMOND, BC, V6V1Y8, Canada",http://inspection.canada.ca/en/exporting-food-plants-animals/food-exports/registers-and-lists,"Lobster, Oyster",Unknown,Unknown,"YES (Collagen/Gelatin, Fish oil)",HIGH,LOW,LOW,HIGH,http://inspection.canada.ca/en/exporting-food-plants-animals/food-exports/registers-and-lists | http://inspection.canada.ca/en/exporting-food-plants-animals/food-exports/requirements/russia/lists-establishments,Verified from website text extraction,
Siwin Foods Ltd. (CFIA Ref #1D84),Siwin Foods Ltd.,"5520 34 St NW, Edmonton, AB, T6B3V2, Canada",https://siwinfoods.ca/,Unknown,Unknown,GFSI,Unknown,LOW,LOW,HIGH,LOW,https://siwinfoods.ca/ | https://siwinfoods.ca/contact/ | https://siwinfoods.ca/about-us/ | https://siwinfoods.ca | https://siwinfoods.ca/products | https://siwinfoods.ca/product,Verified from website text extraction,
SINO CANADIAN SEAFOOD LTD. (CFIA Ref #6143),SINO CANADIAN SEAFOOD LTD.,"804 ROUTE 172, BACK BAY, NB, E5C1X2, Canada",https://seafoodfromcanada.ca/listing/sino-canadian-seafood-ltd/,"Multi-species seafood (Salmon, Lobster, Crab, Shrimp/Prawn, Mussel, Oyster, Clam, Tuna)",Unknown,Unknown,YES (Collagen/Gelatin),MEDIUM,LOW,LOW,HIGH,https://www.scseafoods.com/ | https://seafoodfromcanada.ca/listing/sino-canadian-seafood-ltd/ | https://www.sinoatlantic.com/seafood.htm | https://seafoodfromcanada.ca/listing/sino-canadian-seafood-ltd | https://seafoodfromcanada.ca/listing/sino-canadian-seafood-ltd/product,Verified from website text extraction,
Simmer International inc. (CFIA Ref #1D70),Simmer International inc.,"700 BOUL DE PORT-ROYAL, BÉCANCOUR, QC, G9H0M5, Canada",https://simmerinternational.com/,Unknown,Unknown,Unknown,Unknown,LOW,LOW,LOW,LOW,https://simmerinternational.com/ | https://simmerlp.com/ | https://www.alimentsduquebec.com/en/certified-products/business/simmer-international | https://simmerinternational.com,Verified from website text extraction,
SHORE COLD STORAGE & LOGISTICS INC. (CFIA Ref #6134),SHORE COLD STORAGE & LOGISTICS INC.,"132 LITTLE BROOK ROAD, LITTLE BROOK, NS, B0W1Z0, Canada",https://shorecold.ca/,Unknown,Unknown,Unknown,Unknown,LOW,LOW,LOW,LOW,https://shorecold.ca/ | https://shorecold.ca/?page_id=182 | https://shorecold.ca/?page_id=12 | https://shorecold.ca,Verified from website text extraction,
SHELBURNE COUNTY COLD STORAGE LTD. (CFIA Ref #6149),SHELBURNE COUNTY COLD STORAGE LTD.,"1005 GOOSE LAKE, HWY 103, SHELBURNE, NS, B0T1W0, Canada",https://www.cbdc.ca/en/news/shelburne-county-cold-storage-0,Lobster,Unknown,Unknown,Unknown,HIGH,LOW,LOW,LOW,https://www.cbdc.ca/en/news/shelburne-county-cold-storage-0 | https://www.cbdc.ca/en/news/shelburne-county-cold-storage | https://new.geds-sage.gc.ca/en/GEDS/?pgid=017&dn=T1U9U0ZPRk9PRC1CU0hFTEFMSSxPVT1JTUZPT1dFUy1JTUFMSU1PVSxPVT1OU0FPSy1CU05FSyxPVT1BVE9QTU5CLU9BTU5CLE9VPU9GVlBPLUJWUE9QLE9VPUNGSUEtQUNJQSxPPUdDLEM9Q0E=,Verified from website text extraction,
SEARISE FISHERIES LIMITED (CFIA Ref #3517),SEARISE FISHERIES LIMITED,"27 HILL ROAD, WEST CHEZZETCOOK, NS, B0J1N0, Canada",http://inspection.canada.ca/en/node/2,Unknown,Unknown,Unknown,Unknown,LOW,LOW,LOW,LOW,http://inspection.canada.ca/en/node/2 | https://www.novascotiaseafoodalliance.ca/sea-crest-fisheries,Verified from website text extraction,
SEARAY FOODS INC. (CFIA Ref #0937),SEARAY FOODS INC.,"6511 GRAYBAR ROAD, RICHMOND, BC, V6W1H3, Canada",https://www.searayseafood.ca/,Unknown,Unknown,Unknown,Unknown,LOW,LOW,LOW,LOW,https://searayfoods.com/ | https://searayfoods.com/products/ | https://searayfoods.com/product-category/product-type/food-service/ | https://www.searayseafood.ca,Verified from website text extraction,
SEAJOY FOODS LTD. (CFIA Ref #6255),SEAJOY FOODS LTD.,"UNIT A, 22060 RIVER ROAD, MAPLE RIDGE, BC, V2X2C3, Canada",Unknown / not in CFIA list,Unknown,Unknown,Unknown,Unknown,LOW,LOW,LOW,LOW,,No website found via search backend,
