eic_approval_no,eic_plant_name,eic_address,mpeda_registration_no,mpeda_firm_name,mpeda_address,mpeda_email,mpeda_phone,mpeda_mobile,mpeda_website,mpeda_products,match_type
1100,Naik Seafoods Pvt.Ltd.,"S.No.3A, H.No.3A/3B, At and Post Karla, Ratnagiri-415612",,,,,,,,,no_match
1104,Gadre Marine Export Pvt. Ltd.,"Plot No. FP-1, MIDC, Mirjole Block, Ratnagiri-415639, Maharashtra, India",MA4/MT/002/18,GADRE MARINE EXPORT PVT. LTD.,"Plot No. FP-1, Mirjole Industrial Area, MIDC, Ratnagiri 415639 Maharashtra",haccp@gadremarine.com,02352230967,9168653854,www.gadremarine.com,"Frozen:Fish Wild(FROZEN IMITATION CRAB STICKS,FROZEN IMITATION CRAB FLAKES,FROZEN IMITATION SUPER SNOW CRAB,FROZEN IMITATION CRAB BITES,FROZEN IMITATION SHRIMPS,FROZEN IMITATION LOBSTER TAILS,FROZEN IMITATION SHRIMPS SKEWERS,FROZEN IMITATION CRAB STICKS (MINCED STYLE),FROZEN IMITATION CRAB STICKS (SHREDDED STYLE),FROZEN IMITATION CRAB FLAKES (SHREDDED STYLE),FROZEN IMITATION BREADED CRAB CLAWS,FROZEN IMITATION BREADED CRAB SKEWERS,FROZEN IMITATION BREADED FISH POPCORN,FROZEN IMITATION BREADED SCALLOPS,FROZEN IMITATION BREADED CRAB BALL,FROZEN IMITATION SHRIMP SAMOSA,FROZEN CHIKUWA,FROZEN FISH SEEKH KEBAB) Frozen:Fish Aquaculture(FROZEN BREADED FISH FINGERS,FROZEN BREADED FISH PATTY) Frozen:Shrimp Aquaculture(FROZEN PRAWN CURRY,FROZEN SHRIMP MASALA CURRY,FROZEN SHRIMP HARIYALI MASALA CURRY,FROZEN SHRIMP CHETTINAD CURRY,FROZEN SHRIMP GOAN CURRY) Chilled:Fish Wild(CHILLED IMITATION CRAB STICKS,CHILLED IMITATION CRAB FLAKES,CHILLED IMITATION CRAB FLAKES (SHREDDED))",name_only
1108,Alps Ice & Cold Storage Pvt. Ltd.,"No.30, APMC Yard, MAFCO Compound, Vashi, Navi Mumbai-400703",,,,,,,,,no_match
1109,Silver Sea Food Unit-II,"Survey No. 24/2,Javarnaka, Porbandar -360575, Gujarat, India",,,,,,,,,no_match
111,GADRE MARINE EXPORT,"Plot No. 3298 - A, Mirkarwada, Ratnagiri - 415612, Maharashtra, India",,,,,,,,,no_match
1110,Vanita Cold Storage,"Somnath Road, Near Bhidia Bridge, Veraval, Gujarat-362267, India",,,,,,,,,no_match
1114,VKM Foods Private Limited,"Plot No. M-54, M.I.D.C., Taloja Industrial Estate, Taloja, District- Raigad- 410208, Maharashtra, India",MA1/MT/363/18,VKM FOODS PRIVATE LIMITED,"202, RAHEJA ARCADE, PLOT NO. 61, SECTOR 11, CBD BELAPUR , NAVI MUMBAI 400614 Maharashtra",vkmfoodspl@gmail.com,9167733020,9167733020,nan,"Frozen:Fish Wild(FROZEN TILAPIA MOON CUT,FROZEN TILAPIA WHOLE,FROZEN HORSE MACKEREL WHOLE,FROZEN MACKEREL WHOLE,FROZEN YELLOW CROCKER WHOLE) Frozen:Fish Aquaculture(FROZEN HEADON VANNAMEI SHRIMPS,FROZRN HLSO VANNAMEI SHRIMPS,FROZEN PD SHRIMPS,FROZEN PDTO SHRIMPS,FROZEN PUD SHRIMPS) Frozen:Shrimp Wild(FROZEN PD SHRIMPS SEACAUGHT,FROZEN PDTO SHRIMPS SEACAUGHT,FROZEN HLSO SHRIMPS SEACAUGHT,FROZEN HEADON SHELL ON VANNAMEI SHRIMPS) Frozen:Cuttlefish(FROZEN CUTTLE FISH WHOLE,FROZEN CUTTLE FISH WHOLE CLEANED) Frozen:Squid(FROZEN SQUID WHOLE,FROZEN SQUID WHOLE CLEANED,FROZEN SQUID TUBE AND TENTACLES,FROZEN SQUID RINGS AND TENTACLES,FROZEN SQUID TUBES,FROZEN CUT SQUID SKIN ON)",name_only
1117,Atlas Fisheries Private Limited,"H. No. 38/2, Survey No. 42/ 3 A, Dauji, Old Goa, North Goa, Goa-403402, India",,,,,,,,,no_match
1120,Naik Oceanic Exports Pvt. Ltd.,"M-5, MIDC, Taloja, Dist-Raigad , Pin-410208, Navi Mumbai, Maharashtra, India",,,,,,,,,no_match
1127,Deepmala Foods,"Opp. Bhavani Temple, Near Municipality Water Filter Plant, Somnath Road, Veraval - 362267, Gujarat, India",GU1/MT/090/07,DEEPMALA FOODS,"Opp. Bhavani Temple Near Municipality Water Filtration plant Somnath Road, Veraval 362267 Gujarat",deepmalafoods@hotmail.com,02876231255,9227721253,nan,"Frozen:Fish Wild(FROZEN RIBBON FISH,FROZEN REEF COD WHOLE,FROZEN REEF COD FILLETS-CHUNKS-GUTTED,FROZEN YELLOW FIN TUNA WHOLE ROUND,FROZEN SKIP JACK TUNA WHOLE ROUND,FROZEN LONG TAIL TUNA WHOLE ROUND,FROZEN CORVINA HL-TL-FL-GTD,FROZEN CROAKER FISH,FROZEN SEER FISH,FROZEN KING FISH WHOLE-GUTTED,FROZEN MAHI MAHI WHOLE-FILLETS-GUTTED,FROZEN SILVER/BLACK/CHINESE POMFRET,FROZEN LEATHER JACKET WHOLE & GUTTED & HL TL FL,FROZEN BARRACUDA WHOLE & GUTTED,FROZEN BLACK SEA BREAM,FROZEN T.T. CROAKER AND BIGMOUTH CROAKER,FROZEN INDIAN MACKEREL WHOLE,FROZEN EEL FISH & FROSEN SOLE FISH,FROZEN STING RAY,FROZEN EMPEROR WHOLE & GUTTED & FROZEN SCAD WHOLE,FROZEN HILSA FISH & KATTI FISH,FROZEN HORSE MACKEREL,FROZEN SQUID/WHOLE CLEANED/CUT (IF-IQF-BLOCK),FROZEN SQUID BLANCHED RINGS-TENTACLES(IQF-IF-BLOCK,FROZEN BABY SQUID PIN BONE OUT (IF-IQF-BLOCK),FROZEN CUTTLE FISH WHOLE CLEANED (IF-IQF),FROZEN CUTTLE FISH STRIPS-TENTACLES (IQF-BLANCHED),FROZEN CUTTLE FISH/SQUID SKEWERS (IQF-IF),FROZEN OCTOPUS WHOLE CLEANED (IF-IQF-BLOCK),FROZEN OCTOPUS CHOPPED (IF-IQF-BLANCHED),FROZEN CUTTLE FISH ROE (IQF-IF-BLOCK),FROZEN PUD SHRIMPS (KARIKADI-BROWN-FLOWER-DEEP SEA,FROZEN SHRIMPS (PUD-PD-IQF-BLANCHED-BLOCK))",name_only
1129,Hejazi Foodstuff Pvt. Ltd.,"PLOT NO. M-62 & M-62 PART, MIDC INDUSTRIAL   AREA,  TALOJA, DIST- RAIGAD-410208,   MAHARASHTRA, INDIA",MA1/MT/207/10,HEJAZI FOODSTUFF PVT. LTD.,"634, COMMODITY EXCHANGE BUILDING, SECTOR-19/A, VASHI, NAVI MUMBAI 400705 Maharashtra",hejazifoodstuff@gmail.com,02227840132,9821499678,nan,"Frozen:Fish Wild(INDIAN MACKEREL(RASTRELLIGER KANAGURTA),CROAKER FISH(JOHNIEUS SPP),RIBBON FISH(LEPTURACANTHUS SAVALA),BOMBAY DUCK(HARPADON NEHREUS),REEF COD(EPINEPHELUS SPP),SILVER POMFRET(PAMPUS ARGENTEUS),BLACK POMFRET(PARASTROMATEUS NIGER),TILAPIA(OREOCHROMIS SPP),BOAL(WALLAGO ATTU),AYER(MYSTUS AOR),PABDA(OMPOK PABDA),TENGRA(MYSTUS SPP.),ROHU(LABEO ROHITA)) Frozen:Shrimp Wild(HON,HL,PUD, PD SHRIMPS(PENAEUS SP, METAPENAEUS SP),HON,HL,PUD, PD SHRIMPS(PARAPENAEOPSIS STYLIFERA))) Frozen:Shrimp Aquaculture(HON,HL,PUD, PD SHRIMPS (LITOPENAEUS VANNAMEI),HON,HL,PUD, PD SHRIMPS(PENAEUS MONODON)) Frozen:Squid(SQUID WHOLE, WHOLE CLEANED(LOLIGO SP),SQUID TUBE, TENTACLES(LOLIGO SP),CUT SQUID, SQWC(UROTEUTHIS DUVAUCELII),SQUID WHOLE (UROTEUTHIS DUVAUCELII)) Frozen:Octopus(OCTOPUS (OCTOPUS MEMBRANACEOUS SPP)) Frozen:Lobster(LOBSTER (PANULIRUS SPP)) Chilled:Fish Wild(INDIAN MACKEREL(RASTRELLIGER KANAGURTA),CROAKER FISH(JOHNIEUS SPP),RIBBON FISH(LEPTURACANTHUS SAVALA),BOMBAY DUCK(HARPADON NEHREUS),REEF COD(EPINEPHELUS SPP),SILVER POMFRET(PAMPUS ARGENTEUS),BLACK POMFRET(PARASTROMATEUS NIGER),THREAD FIN FISH(LEPTOMELANOSOMA INDICUS),THREAD FIN BREAM(NEMIPTERUS SP),AYER(MYSTUS AOR),PABDA(OMPOK PABDA),TENGRA(MYSTUS SPP.),ROHU(LABEO ROHITA),BAMI(EEL)(ANGUILLA SP),HILSA(TENUOLOSA ILLISHA),GHOL(PROTONEBEA DICANTHUS),CHINESE POMFRET(PUMPUS CHINENSIS),SNAPPER(LUJJANUS SP),CAT FISH(PLICOFOLIS SP),INDIAN SALMON(E. TETRADUCTYLUM),SEER FISH(SCOMBEROMORUS SP),MULLET(MUGIL CEPHALUS),LADY FISH(SILAGO SIHAMA),TUNA(THUNNUS SP),PARROT FISH(SCARUS SP),WHITE FISH(LACTARIUS LACTARIUS),WOLF HERRING(CHIROCENTRUS DORAB),ANCHOVY(COILIA SP)) Chilled:Squid(SQUID WHOLE, (LOLIGO SP),SQUID WHOLE, (UROTEUTHIS SP)) Chilled:Crab(CRAB(PORTUNUS SPP))",name_only
1130,KARUNYA MARINE EXPORTS PVT. LTD.,"Survey No.42, Hissa No. 1 & 2, Rahatagar, Peth Killa, Ratnagiri-415612, Maharashtra,  India",,,,,,,,,no_match
1131,TEJAL SEA FOODS,"SUPER GAS ROAD, JAWAR NAKA PORBANDAR-360575, GUJARAT, INDIA",,,,,,,,,no_match
1132,Vasai Frozen Foods.,"Poman Village, Near Kaman, Vasai Bhiwandi Road, Tal-Vasai, Dist-Thane, Mumbai-401208, Maharashtra, India",,,,,,,,,no_match
1133,Shree Datt Aquaculture Farms Pvt. Ltd.,"At & Post Talodh, Bilimora Taluka, Gandevi, Dist. Navsari Piin-396321, Gujarat, India",,,,,,,,,no_match
1139,West Coast Frozen Foods Private Limited,"Plot No. 322,323,Village- Orma, Olpad , Surat-394540 ,Gujarat, India.",MA1/MT/180/09,WEST COAST FROZEN FOODS PRIVATE LIMITED,"321, 322, 323, Olpad Saras Road, Orma, Olpad, 394540 Gujarat",saravana.n@westcoast.in,9833920998,8511120329,www.westcoast.in,"Frozen:Shrimp Aquaculture(Vannamei Shrimps,Frozen Raw Head On Shell On Vannamei Shrimps-Brine,Frozen Raw PD Tail Off Vannamei Shrimps-IQF,Frozen Raw HOSO Black Tiger Shrimps,FROZEN RAW HEAD ON SHELL ON BLACK TIGER SHRIMP,FROZEN BLANCHED PEELED & DEVEINED VANNAMEI SHRIMP,Frozen Raw Head Less Shell On Black Tiger Shrimps,Frozen Raw Peeled Deveined Tail On Vannamei Shrimp,Frozen Raw Head On Shell On Vannamei Shrimps,RAW FROZEN HEAD ON SHELL ON BLACK TIGER SHRIMP,FROZEN RAW BLACK TIGER SHRIMP,FROZEN SHRIMPS HEAD,FROZEN RAW PEELED DEVEINED VANNAMEI SHRIMPS - IQF,FROZEN RAW HLSO EASY PEEL VANNAMEI SHRIMPS-IQF,FROZEN RAW HOSO BLACK TIGER SHRIMPS (CQ) SEMI IQF,FROZEN RAW PD TAIL OFF BLACK TIGER SHRIMPS, IQF,FROZEN RAW HOSO BLACK TIGER SHRIMPS, IQF,FROZEN RAW PD TAIL ON VANNAMEI SHRIMPS,Frozen Raw Head On Shell On Black Tiger Shrimps-G1)",name_only
1142,KAN VICTUAL PVT. LTD.,"R/S. No. 796, Paiki, All Weather Port Road, Bokhira, Porbandar, Gujarat-360575",GU3/MT/010/15,KAN VICTUAL PVT LTD,"All Weather Port Road, Bokhira, PORBANDAR 360575 Gujarat",kanfoodsexp@gmail.com,02866451092,9227731315,nan,"Frozen:Fish Wild(FROZEN SURIMI LIKE ITOYORI, ESO, MIX FISH etc.,FROZEN FIN FISH LIKE RIBBON, CROAKER, SOLE, ETC,FROZEN FIN FISH LIKE MAKEREL, SEER FISH,TUNA ETC) Frozen:Shrimp Wild(FROZEN SHRIMPS LIKE TINY, BROWN, WHITE, FLOWER ETC) Frozen:Cuttlefish(FROZEN /IQF CUTTLEFISH WHOLE,FROZEN /IQF CUTTLEFISH WHOLE CLEANED,FROZEN/ IQF CUTTLEFISH TENTECLES,FROZEN/IQF CUTTLEFISH FILLET) Frozen:Squid(FROZEN /IQF SQUID WHOLE,FROZEN IQF SQUID WHOLE CLEANED,FROZEN/ IQF SQUID TENTECLES,FROZEN /IQF SQUID RING)",name_only
1148,Keshodwala Foods (Unit - II),"Plot No. 306, G.I.D.C Estate, Veraval, 362269, Gujarat, India",,,,,,,,,no_match
1150,New Faizan Foods,"Plot No.301 G.I.D.C. Estate Behind Association Hall, Veraval
- 362269, Gujarat, India,",GU1/MT/213/12,NEW FAIZAN FOODS,"Plot No 301,GIDC Estate Behind the Veraval Industries Association Veraval 362269 Gujarat",newfaizan@gmail.com,9227535505,9227535505,nan,"Frozen:Fish Wild(FROZEN KOOTH FISH HGT/ FIILET,FROZEN GROUPER FISH WHOLE, H/ON GTD, FILLET,,FROZEN MAHI MAHI FISH HGT/ FIILET,FROZEN LEATHER JAKET FILLET,FROZEN RIBBON FISH,,FROZEN CROAKER FISH,FROZEN AMBERJACK FILLET,FROZEN CRIMSON SNAPPER FISH FILLET,,FROZEN YELLOWTAIL,FROZEN BULLEYE FISH,FROZEN HILSHA FISH,FROZEN SOLE FISH,FROZEN SILVER POMFRET FISH,FROZEN CHINESE POMFRET FISH,FROZEN CORVINA (GHOL) FISH HGT/ FILLET) Frozen:Shrimp Wild(FROZEN SURAJBARI SHRIMS HLSO/ PUD,FROZEN KARIKADI SHRIMPS HLSO, PUD, PD) Frozen:Cuttlefish(CUTTLE FISH WHOLE, WHOLE CLEANED) Frozen:Squid(FROZEN SQUID WHOLE,SQUID WHOLE CLEANED,FROZEN CUT SQUID IQF,FROZEN SQUID RINGS,FROZEN SQUID TUBE,FROZEN SQUID RING WITH TENTACLES,FROZEN BABY SQUID PIN BONE OUT) Frozen:Octopus(FROZEN OCTOPUS WHOL,E CLEANED) Frozen:Lobster(FROZEN LOBSTER WHOLE ROUND)",name_only
1153,SILVER STAR EXPORTS,"Javar Village, Porbandar - 360575, Gujarat, India",GU3/MT/012/15,SILVER STAR EXPORTS,"Jawar Naka, PORBANDAR. 360575 Gujarat",silverseafood1@gmail.com,02862241819,9824498362,nan,"Frozen:Fish Wild(Silver Pomfret,Chinese Pomfret,Black Pomfret,Croaker,Snapper,Solefish,Kingfish,Seabream,Ribbonfish,Kingfish Steak,Leather Jacket) Frozen:Cuttlefish(Cuttlefish Whole,Cuttlefish Whole Cleaned,Cuttlefish Fillet,Cuttlefish Tentacle,Cuttlefish Roe,Cuttlefish Tray) Frozen:Squid(Squid Whole,Squid Whole Cleaned IF/Block,Squid Whole Tray,Squid Whole Cleaned Tray,Squid Whole Cut IF,Squid Tube/Tentacles,Squid Stuffed IF) Frozen:Octopus(Octopus Whole,Octopus Whole Cleaned IF/Block,Octopus Cleaned Tray,Octopus Cut IF)",name_only
1156,Sun Exports.,"Plot No. 1313, GIDC Estate, Veraval-362269, Gujarat.,",GU1/MT/265/14,SUN EXPORTS,"Plot No 1313, GIDC Estate Veraval 362269 Gujarat",labsunexports@gmail.com,02876232300,9227531803,nan,"Frozen:Fish Wild(HISTAMINE FORMING FISHES,NON- HISTAMINE FORMING FISHES) Frozen:Shrimp Wild((PUD, P & D, Head on, Headless, HL/TL)) Frozen:Cuttlefish((Whole, Whole Cleaned, Strips, Tentacles)) Frozen:Squid((Whole, Whole Cleaned, Tube, Strips, Fillet,,Rings, Tentacles, Wings)) Frozen:Octopus((Whole, Whole cleaned, Gutted, Chopped))",name_address
1158,NILESH SEA FOODS,"Plot No.214,Vanana,G.I.D.C.Estate,Taluka Ranavav,Porbandar-360575,Gujarat,India",GU3/MT/013/15,NILESH SEA FOODS,"Opp. Birlas Villa, Chowpati Road, PORBANDAR. 360575 Gujarat",nileshseafoods@gmail.com,02862213192,9377795191,nan,"Frozen:Fish Wild(Ribbon fish, silver pomfret, croaker,snaper whole, king fish whole,sea bream,INDIAN MACKEREL,HORSE MACKEREL,BOMBAY DUCK,SILVER CROAKER,YELLOW CROAKER,SEER FISH,TUNA,TILAPIA) Frozen:Cuttlefish(CUTTLE FISH WHOLE,CUTTLE FISH WHOLE CLEANED,CUTTLE FISH TRAY PACK) Frozen:Squid(SQUID WHOLE,SQUID WHOLE CLEANED,CUT SQUID,BABY SQUID TRAY PACK) Frozen:Octopus(OCTOPUS) Frozen:Crab(BLUE SWIMMING CRAB)",name_only
1163,J. M. Marine Exports,"R.S.No.1798/1, Paikey,s Near GIDC Udyog Nagar, Patan Road, Veraval-362269. Gujarat, India,",GU1/MT/181/11,J. M. MARINE EXPORTS,"R.S. NO.1798/1 NEAR GIDC UDHYOG NAGAR PATAN ROAD, VERAVAL , GIR SOMNATH 362269 Gujarat",jmmarinedocument@gmail.com,9426206584,9924695783,www.jmmarineexports.com,"Frozen:Fish Wild(FROZEN CUTTLEFISH WHOLE AND WHOLE CLEANED IQF,FROZEN SQUID WHOLE AND WHOLE CLEANED, IQF,FROZEN RIBBONFISH AND LEATHER JACKET,FROZEN SQUID(TRAY PACK, CUT SQUID, RINGS, TENTACLE,CUTTLEFISH TRAY PACK STRIPS,,FROZEN YELLOW AND SILVER CROCKER,FROZEN INDIAN MACKREL AND HORSE MACKREL,FROZEN REEF COD) Frozen:Cuttlefish(FROZEN CUTTLEFISH WHOLE CLEANED, IQF)",name_only
1164,"Pesca Marine Products Pvt.Ltd.,","Plot No. 407 / 410 , GIDC Estate, Veraval-362269, Gujarat-India.,",MA1/MT/226/11,PESCA MARINE PRODUCTS PVT. LTD.,"SURVEY NO.1943, MANGALKUNJ, RAILWAY STATION ROAD OPP.BALASHRAM, PORBANDAR 360575 Gujarat",pesca.hiravati@gmail.com,9879617761,9924112796,nan,nan,name_only
1165,Sanchita Frozen Foods Pvt. Ltd.,"Plot No. M – 7A, MIDC Industrial Area, Taloja, Raigad District, Maharashtra – 410208, India",MA1/MT/135/07,"SANCHITA FROZEN FOODS PVT.LTD.,","Office No. 607, 6th Floor, NMS Titanium, Plot No. 74, Sector – 15, CBD Belapur Navi Mumbai, Thane 400614 Maharashtra",qc.sanchita@gmail.com,20875454,9867522266,www.sanchitamarineproducts.com,"Frozen:Fish Wild(FROZEN INDIAN MACKEREL WHOLE(RASTRELLIGER KANGURTA,FROZEN COAKER FISH( JOHNIUS DUSSUMIERI),FROZEN RIBBON FISH(LEPTURACANTHUS SAVALA),FROZEN LEATHER JACKET WHOLE(ALUTERUS MONOCEROS),FROZEN LEATHER HGT (ALUTERUS MONOCEROS),FROZEN CHINESE POMFRET WHOLE( PAMPUS CHINENSIS),FROZEN SILVER POMFRET WHOLE( PAMPUS ARGENTEUS),FROZEN HORSE MACKEREL WHOLE ( MEGALASPIS CORDYLA)) Frozen:Shrimp Wild(FROZEN PENAEUS SPP(H/ON/HL/PUD/PD/PUDTO/PDTO,FROZEN METAPENAEUS SPP(H/ON/HL/PUD/PD/PDTO/PUDTO),FROZEN PARAPENEOPSIS STYLIFERA( H/ON, PUD, PD, HL,,FROZEN MACROBRACHIUM ROSENBERGII(H/ON/HL)) Frozen:Shrimp Aquaculture(FROZEN LITOPENAEUS VANNAMEI (H/ON/HL/PD/PUD/PDTO/P,FROZEN PENAEUS MONODON(H/ON/HL/PUD/PD/PUDTO/PDTO)) Frozen:Cuttlefish(F/ SEPIA PHARAONIS (CFW/CFWC/CFSTRIPS/CFTN)) Frozen:Squid(F/LOLIGO SPP( SQW/ SQWC/SQSTRIPS/ SQTN/SQRG/CUTSQU,F/LOLIGO DUVAUCELI(QW/ SQWC/SQSTRIPS/ SQTN/SQRG/CU,F/UROTEUTHIS DUVAUCELII SQW/ SQWC/SQSTRIPS/ SQTN/S)",name_only
1166,Amar Aquatic (A Unit of Amar Polyfils Pvt. Ltd.),"Survey No. 62, Village Vanana, Porbandar-360550, Gujarat, India.",GU3/MT/002/15,AMAR AQUATIC (A UNIT OF AMAR POLYFILS PVT.LTD),"Survey No.62 Village Vanana, PORBANDAR 360550 Gujarat",info@amaraquatic.in,02862222440,9825214541,nan,Others-Edible:Fish Collagen Peptide(Fish Gelatinr),name_only
1168,"Dolphin Marine Foods & Processors (India) Pvt. Ltd.,","PLOT No.M-13, MIDC INDUSTRIAL ESTATE, TALOJA, DIST -  RAIGAD, PIN - 410208, MAHARSAHTRA, INDIA",,,,,,,,,no_match
1170,Asha Ganga Exports.,"Plot No. 310/B, G.I.D.C. Estate, Veraval-362269, Gujarat, India",,,,,,,,,no_match
1171,Indo Tech Ice And Cold Storage,"Plot No. U-10, Cuncolim Industrial Estate, Cuncolim Salcete, Goa-403703, India",GO1/MT/014/11,INDO TECH ICE AND COLD STORAGE,"Plot No.U-10,Cuncolim Industrial Estate Cuncolim Salcete, Goa 403703 Goa",indotechmarine@gmail.com,08322865841,9890177222,xx,"Frozen:Fish Wild(FROZEN INDIAN MACKEREL WHOLE,FROZEN SQUID WHOLE (FROZEN SQUID SEMINEEDLE WHOLE),FROZEN RIBBONFISH WHOLE,FROZEN CUTTLE FISH WHOLE,FROZEN HORSE MACKEREL WHOLE,FROZEN LEATHER SKIN WHOLE,FROZEN HERRING WHOLE,FROZEN REEF COD WHOLE,FROZEN INDIAN OIL SARDINE WHOLE,FROZEN INDIAN SARDINE HEADLESS & GUTTED,FROZEN CROAKER WHOLE,FROZEN SCAD WHOLE,FROZEN SHRIMP WHOLE(HEAD ON/ HEADLESS/ SHELL ON,FROZEN SHRIMP WHOLE(PUD/P&D/PVD TAIL ON))",name_only
1172,Sagar Feeds & Food Processing Industries,"Plot No. L-27, GIDC, Cuncolim Industrial Estate, Cuncolim, Goa- 403703, India",GO1/MT/015/12,SAGAR FEEDS & FOOD PROCESSING INDUSTRIES,"Plot No.L-27, Cuncolim Industrial Estate, Cuncolim, 403703 Goa",sagarffpi@gmail.com,0832-2866262,9225980593,Nil,"Frozen:Fish Wild(Indian Mackerel Whole ( Rastrelliger kanagurta),Indian Oil Sardine (Sardinella longiceps),Horse Mackerel ( Megalaspis cordyla))",name_only
1173,SIDDIQ SEA FOOD UNIT II,"All Weather Port Road, Bokhira, Porbandar-360575, Gujarat, India",,,,,,,,,no_match
1192,Ulka Sea Foods Pvt. Ltd.,"Plot No. M-34/2, 35, MIDC,Taloja, Dist. Raigad, Maharashtra-410208, India",,,,,,,,,no_match
1193,United Marine Products,"Plot No. L-28, Cuncolim, Industrial Estate, Cncolim, Salcete, Goa-403703, India",,,,,,,,,no_match
1195,WEST COAST FOODS,"PLOT NO. 34, GIDC, VANANA PORBANDAR-360575, INDIA",GU3/MT/015/15,WEST COAST FOODS,"FISH MARKET, LATI BAZAR PORBANDAR 360575 Gujarat",westcoastfoods@gmail.com,9825230276,9979857900,nan,"Frozen:Fish Wild(FROZEN BABY GHOL (IWP),FROZEN KOOTH FILLET (IQF),FROZEN KOOTH FILLETS SKINLESS BONELESS (IQF),FROZEN HL/TL/GUTTED GHOL (IWP),FROZEN HL/TL/GUTTED KOOTH (IWP),FROZEN GROUPER FILLET (IQF),FROZEN HEAD ON / GUTTED GROUPER (IQF/IWP),FROZEN HEAD ON GROUPER (IQF/IWP),FROZEN HEAD ON / GUTTED KING FISH (IWP),FROZEN MAHI-MAHI STEAKS (IQF),FROZEN KING FISH STEAKS (IQF),FROZEN RIBBON FISH CHUNKS (IQF),FROZEN RIBBON FISH WHOLE (IWP),FROZEN RIBBON FISH WHOLE,FROZEN SILVER CROAKER,FROZEN YELLOW CROAKER,FROZEN CROAKER FISH,FROZEN EEL FISH WHOLE,FROZEN SILVER POMFRET (IQF/IWP),FROZEN HEAD ON / GUTTED MAHI-MAHI (IWP),,FROZEN BARRACUDA WHOLE,FROZEN BLACK POMFRET (IQF/IWP),FROZEN INDIAN MACKEREL,FROZEN GROUPER FINGER CUT (IQF),FROZEN CAT FISH,FROZEN INDIAN OIL SARDINE,FROZEN HORSE MACKEREL,FROZEN YELLOW TAIL SCAD,FROZEN RANI FISH,FROZEN LEATHER JACKET,FROZEN LEATHER JACKET HL/TL/GTD,FROZEN TIGER TOOTH CROAKER,FROZEN SOLE FISH,FROZEN LEATHER SKIN WHOLE,FROZEN BIG EYE INDIAN MACKEREL,FROZEN STING RAY,FROZEN SEER FISH,FROZEN MAHI-MAHI WHOLE,FROZEN KING FISH,FROZEN EMPEROR WHOLE,FROZEN TREVALLY,FROZEN REEF COD WHOLE,FROZEN BOMBAY DUCK,FROZEN CHINESE POMFRET,FROZEN BLACK SEA BREAM,FROZEN WHITE SEA BREAM,FROZEN SNAPPER,FROZEN INDIAN CONGER EEL FISH,FROZEN LIZARD FISH,FROZEN KATI FISH,FROZEN ILLISA ILLISA,FROZEN HALIBUT,FROZEN LITTLE TUNA,FROZEN LONG TAIL TUNA,FROZEN YELLOW FIN TUNA,FROZEN SKIPJACK TUNA,FROZEN BIG EYE TUNA,FROZEN BULL EYE WHOLE,FROZEN SQUID WHOLE,FROZEN TILAPIA WHOLE) Frozen:Shrimp Wild(FROZEN PUD SHRIMPS (IQF),,FROZEN PD SHRIMPS (IQF),FROZEN PUD SHRIMPS BLOCK,FROZEN RAW PD TAIL-ON SHRIMPS (IQF),FROZEN RAW HEADLESS SHELL ON SHRIMPS (IQF),FROZEN RAW HEADLESS SHELL ON SHRIMPS BLOCK,FROZEN PD SHRIMPS BLOCK) Frozen:Cuttlefish(FROZEN CUTTLE FISH WHOLE CLEANED (IQF),FROZEN CUTTLE FISH STRIPS (IQF),FROZEN CUTTLE FISH TENTACLES (IQF),FROZEN BABY CUTTLE FISH WHOLE CLEANED (IQF),FROZEN CUTTLE FISH WHOLE CLEANED (TRAY PACK),,FROZEN CUTTLE FISH WHOLE CLEANED BLOCK,FROZEN CUTTLE FISH WHOLE (IQF),FROZEN CUTTLE FISH WHOLE BLOCK,FROZEN CUTTLE FISH ROE (IQF),FROZEN CUTTLE FISH FILLET (IQF),FROZEN CUTTLE FISH FILLET BLOCK,FROZEN CUTTLE FISH ROE BLOCK,FROZEN CUTTLE FISH WHOLE CLEANED SKEWERS (IQF),,FROZEN CUTTLE FISH WHOLE) Frozen:Squid(FROZEN SQUID WHOLE CLEANED (IQF),FROZEN SQUID WHOLE CLEANED BLOCK,FROZEN SQUID WHOLE CLEANED TRAY PACK,FROZEN STUFFED SQUID WHOLE CLEANED (IQF),,FROZEN SQUID TUBES (IQF),FROZEN SQUID TUBES BLOCK,FROZEN SQUID TUBES & SQUID TENTACLES,FROZEN SQUID WHOLE (IQF),FROZEN SQUID WHOLE BLOCK,FROZEN BABY SQUID WHOLE BLOCK,FROZEN SQUID WHOLE TRAY PACK,FROZEN BABY SQUID WHOLE,FROZEN SQUID WHOLE,FROZEN BABY SQUID PIN BONE OUT) Frozen:Octopus(FROZEN OCTOPUS WHOLE CLEANED (IQF),,FROZEN OCTOPUS WHOLE CLEANED TRAY PACK,FROZEN OCTOPUS WHOLE) Frozen:Lobster(FROZEN SAND LOBSTER,FROZEN ROCK LOBSTER(PANULIRUS PLOYHAGUS),FROZEN ROCK LOBSTER(PANULIRUS ORANTUS),FROZEN ROCK LOBSTER(PANULIRUS HOMARUS),FROZEN DEEP SEA LOBSTER) Chilled:Fish Wild(FRESH CHILLED GHOL,FRESH CHILLED THREADFIN FISH,FRESH CHILLED BOMBAY DUCK,FRESH CHILLED SILVER POMFRET 300 GM UP,FRESH CHILLED BLACK POMFRET 500 GM UP,FRESH CHILLED SNAPPER,FRESH CHILLED CROAKER,FRESH CHILLED WOLF HERRING,Fresh & Chilled Cat fish,Fresh & Chilled Croaker,Fresh & Chilled Ghol,Fresh & Chilled Indian Salmon,Fresh & Chilled Red snapper,Fresh & Chilled Threadfin Fish,Fresh Chilled Brown Grouper,FRESH CHILLED INDIAN CONGER EEL,FRESH CHILLED COBIA FISH,FRESH CHILLED WHITE FISH,FRESH CHILLED REEF COD,Fresh & Chilled Katti fish,Fresh & Chilled Tomato grouper,Fresh & Chilled Parrot fish,Fresh & Chilled Emperor,Fresh & Chilled Seer Fish,Fresh & Chilled white Snapper) Chilled:Shrimp Wild(Fresh & Chilled Jawala Shrimps,Fresh Chilled Tiger Prawns) Chilled:Lobster(Chilled Lobster,FRESH CHILLED LOBSTER 300GM UP) Chilled:Crab(Fresh Chilled Blue Swimming Crab,Fresh Chilled Mud Crab)",name_only
1196,KAN VICTUAL PVT. LTD. UNIT-II,"R. S. No. 796, Paiki 1, All Weather Port Road, Bokhira, Porbandar-360575 , Gujarat, India",,,,,,,,,no_match
1197,SONIA FISHERIES PVT. LTD.,"Plot No.M-39,MIDC, Taloja, District-Raigad , Maharashtra - 410208, India",MA1/MT/271/13,SONIA FISHERIES PVT. LTD.,"PLOT NO. M-39, MIDC, TALOJA, DIST. RAIGAD 410208 Maharashtra",silverseafoodmumbai@gmail.com,02227401733,8425841056,www.silverseafoodindia.com,"Frozen:Fish Wild(FROZEN SILVER POMFRET,FROZEN YELLOW CROAKER,FROZEN BLACK POMFRET,FROZEN CHINESE POMFRET,FROZEN TILAPIA,FROZEN TILAPIA MOON CUT,FROZEN INDIAN MACKEREL,FROZEN RIBBON FISH,FROZEN SILVER CROAKER) Frozen:Shrimp Wild(FROZEN HLSO BROWN SHRIMP,FROZEN PUD SHRIMPS,FROZEN PD SHRIMPS,FROZEN HEADON SHRIMPS,FROZEN PD SHRIMP WHITE,FROZEN EZ PEEL SHRIMP WHITE) Frozen:Shrimp Aquaculture(FROZEN HLSO VANNAMEI SHRIMPS,FROZEN HEADON VANNAMEI SHRIMPS,FROZEN PD SHRIMPS,FROZEN PDTO SHRIMPS,FROZEN EZ PEEL SHRIMP) Frozen:Cuttlefish(FROZEN CUTTLEFISH WHOLE,FROZEN CUTTLEFISH WHOLE CLEANED) Frozen:Squid(FROZEN SQUID WHOLE,FROZEN SQUID WHOLE CLEANED,FROZEN CUT SQUID,FROZEN CUT SQUID WITH TENTACLE)",name_only
1198,"QUALITY EXPORTS, UNIT-II","Plot No. SB 64, 65, 66 & 67, Cuncolim Industrial Estate, Cuncolim, Goa -403703, India",,,,,,,,,no_match
1199,AMAR STERILISED FISH MEAL,"Jawar Naka, Porbandar-360579, Gujarat, India",GU3/MT/088/24,AMAR STERILISED FISH MEAL,"(A Unit of Vistar Amar Limited) Jawar Naka, 360575 360575 Gujarat",amarsterilisedfishmeal@gmail.com,9825414125,9825232796,nan,Others-Non Edible:Fish Skin/Nails/Gills/Scale(Dried Sterilized Fish Meal Powder),name_only
1201,Keval Exports,"GMB Plot No. 24/26, In B Port Area, Veraval â?? 362267, Gujarat, India",GU1/MT/087/07,KEVAL EXPORTS,"Plot no. 24/26 Port Area, Ward -B, Veraval 362265 Gujarat",kevalexports@yahoo.co.in,02876232499,9824411251,nan,"Frozen:Fish Wild(FROZEN RIBBON FISH,FROZEN CROAKER FISH,FROZEN SILVER AND YELLOW CROAKER,FROZEN BIG MOUTH CROAKER,FROZEN KATTI FISH,FROZEN EEL FISH,FROZEN GHOL FISH,FROZEN REEF COD,FROZEN HILSA FISH,FROZEN SOLE FISH,FROZEN SEA BREAM,FROZEN BARRACUDA,FROZEN SNAPPER,FROZEN CAT FISH,FROZEN SQUID WHOLE,FROZEN CUTTLE FISH,FROZEN TUNA FISH,FROZEN SKIPJACK TUNA,FROZEN YELLOW FIN TUNA,FROZEN BIG EYE TUNA,FROZEN SEER FISH,FROZEN INDIAN MACKEREL,FROZEN BOMBAY DUCK WHOLE & HL/TL,FROZEN MAHI MAHI,FROZEN SILVER PROMFRET,FROZEN CHINESE POMFRET,FROZEN SPANISH MACKEREL,FROZEN HORSE MACKEREL,FROZEN LEATHER JACKET,FROZEN QUEEN FISH,FROZEN DORAB FISH,FROZEN DARA FISH)",name_only
1202,"Forstar Frozen Foods Pvt. Ltd. Unit-2,","Plot No.M-53 / 1, MIDC, INDUSTRIAL AREA, TALOJA,   DIST - RAIGAD -   410 208, MAHARASHTRA, INDIA",,,,,,,,,no_match
1205,Nanak Nutritions Food (Taloja) Pvt. Ltd.,"Plot No. M-57,MIDC,Taloja,Dist.- Raigad,Maharashtra-410208,India",MA1/RX/415/21,NANAK NUTRITIONS FOOD (TALOJA) PVT. LTD.,"M-57, M.I.D.C. , TALOJA, TAL.- PANVEL, DIST - RAIGAD 410208 Maharashtra",a1234swad@hotmail.com,912741144849,9820377168,nan,"Frozen:Fish Wild(FROZEN TILAPIA WHOLE,FROZEN TILAPIA CLEANED (MOON CUT),FROZEN TILAPIA GS,FROZEN TILAPIA GGS,FROZEN PABDA,FROZEN TENGRA,FROZEN BOAL FISH,FROZEN ROHU WHOLE,FROZEN MACKEREL WHOLE,FROZEN SILVER POMFRET,FROZEN BLACK POMFRET,FROZEN BOMBAY DUCK,FROZEN RIBBONFISH STEAKS) Frozen:Shrimp Wild(FROZEN SCAMPI WHOLE,FROZEN PINK PUD SHRIMPS,FROZEN RAW PD BLACK TIGER SHRIMPS) Frozen:Shrimp Aquaculture(FROZEN HOSO VANNAMEI SHRIMP,FROZEN HLSO VANNAMEI SHRIMPS,FROZEN PD VANNAMEI SHRIMPS,FROZEN PUD VANNAMEI SHRIMPS,FROZEN PD TAIL ON VANNAMEI SHRIMPS,FROZEN EZ PILL VANNAMEI SHRIMPS,FROZEN RAW PD BLACK TIGER SHRIMPS,RAW HEAD ON SHELL ON BLACK TIGER SHRIMP,FROZEN BLACK TIGER SHRIMPS HEADLESS SHELL ON EASY,FROZEN RAW PDTO BLACK TIGER SHRIMPS) Frozen:Cuttlefish(FROZEN CUTTLEFISH WHOLE,FROZEN CUTTLEFISH WHOLE CLEANED,FROZEN CUTTLEFISH STRIPS) Frozen:Squid(FROZEN SQUID WHOLE,FROZEN SQUID WHOLE CLEANED,FROZEN SQUID TUBE,FROZEN SQUID TENTACLES,FROZEN CUTTED SQUID TENTACLES & RINGS SKIN ON,FROZEN RAW SEAFOOD MIX,FROZEN BABY SQUID WHOLE) Frozen:Octopus(SEAFOOD MIX (FROZEN OCTOPUS CUT))",name_only
1206,Rich Marine Export,"Plot No. 904, G.I.D.C. Estate, Veraval-362269, Gujarat, India",GU1/MT/251/13,RICH MARINE EXPORT,"PLOT NO.904, GIDC ESTATE, VERAVAL 362269 Gujarat",richmarineexports@gmail.com,9825220517,0990458458,nan,"Frozen:Fish Wild(Frozen:Fish Wild(FROZEN RIBBON FISH,FROZEN CROAKER,,FROZEN YELLOW CROAKER,FROZEN SILVER CROAKER,FROZEN REEF COD WHOLE,FROZEN INDIAN MACKEREL,FROZEN SOLE FISH,FROZEN HORSE MACKEREL,FROZEN BLACK SEABREAM,FROZEN GROPUER WHOLE ROUND),Frozen:Cuttlefish(FROZEN CUTTLE FISH, IQF,FROZEN CUTTLEFISH WHOLE CLEANED IQF,FROZEN SQUID WHOLE IQF,FROZEN BABY SQUID IQF,FROZEN SQUID TUBE & TENTACLES IQF,FROZEN SHRIMPS/HLSO/PUD/PD/PDTO)IQF,Frozen:Octopus(FROZEN BABY OCTOPUS WHOLE,,FROZEN OCTOPUS WHOLE (LONG LEG),BLOCK,FROZEN OCTOPUS WHOLE CLEANED,FROZEN OCTOPUS WHOLE CLEANED (TRAY PACK))IQF)",name_only
1207,AKSHA FISH MEAL & OIL,"Survey No- 63, N.H 8E, Village- Gosa, Porbandar, Gujarart,India",,,,,,,,,no_match
1208,Kalpana Impex.,"Plot No 403, G I D C Estate, Veraval",GU1/MT/254/14,KALPANA IMPEX,"PLOT NO.403, GIDC ESTATE, VERAVAL 362269 Gujarat",kalpana.impex@hotmail.com,9227405460,9825221688,http://www.kalpanaimpex.com,"Frozen:Fish Wild(FROZEN RIBBON FISH, FROZEN SOLE FISH,FROZEN SILVER CROAKER, FROZEN YELLOW CROAKER,FROZEN CROAKER FISH, FROZEN BIG MOUTH CROAKER,FROZEN TIGER TOOTH CROAKER,FROZEN LEATHER JACKET WHOLE AND HGT,FROZEN INDIAN MECKEREL, FROZEN HORSE MECKEREL,FROZEN CAT FISH WHOLE, FROZEN LIZARD FISH,FROZEN REEF COD WHOLE AND ROUND,FROZEN STING RAY WHOLE,FROZEN HILSA FISH, FROZEN SEER FISH,FROZEN BARACUDA, FROZEN BOMBAY DUCK,FROZEN SKIP JACK TUNA , FROZEN YELLOW FIN TUNA,FROZEN JAPANES THREADFIN BREAM,FROZEN BLACK SEA BREAM,FROZEN QUEEN FISH, FROZEN LEATHER SKIN,FROZEN EEL FISH,FROZEN YELLOW TAIL SCAD)",name_only
1209,"Winsor World Export .,","Plot No. 801, 802/1/2, GIDC Estate, Veraval-362269, Gujarat, India",GU1/MT/346/19,"WINSOR WORLD EXPORT,","Plot No.801/802-1/2, GIDC ESTATE, Br. Office at : PLOT NO:103/1, GIDC Estate, VERAVAL 362269 Gujarat",winsorworldexp.2017@gmail.com,9227339111,9227339111,nan,"Frozen:Fish Wild(FROZEN RIBBON FISH,YELLOW CROAKER,SILVER CROAKER,LEATHER JACKE,INDIAN MACKEREL,HORSE MACKEREL,COBIA FISH,SOLE FISH,YELLOW FIN TUNA,BONITO TUNA,SKIP JACK TUNA,LONG TAIL TUNA,MAHI MAHI FISH,SILVER POMFRET,BLACK POMFRET,EEL FISH,LIZARD FISH,BARRACUDA FISH,KING FISH,PINK SNAPPER,Japanese Threadfin Bream,REEF COD,COWTAIL STING RAY,CHINESE POMFRET,SEER FISH,LITTLE TUNNY,KING MACKEREL,BULL EYE,BIG EYE TUNA,SNAPPER,LONG SPINE GROUPER,THORNYCHEEK GROUPER,TIGER TOOTH CROAKER,SIN CROAKER,YELLOWTAIL SCAD,INDIAN SCAD,BIGEYE SCAD,DOUBLE SPOTTED QUEEN FISH,LEATHER SKIN,MALABAR TREVALLY,LARGE HEADED RIBBON FISH,LEATHER JACKET,HAIRTAIL RIBBON FISH,SPOTTED CAT FISH,GIANT MARINE CAT FISH,CAT FISH,INDIAN OIL SARDINE,HILSA,INDIAN HALIBUT,SMOOTH WOLF HERRING,MALABAR TONGUE SOLE,BOMBAY DUCK,INDIAN SALMON,INDIAN THREADFIN,SWORD FISH,BLACK MARLIN,INDO PACIFIC SAIL FISH,INDIAN CONGER EEL,SEA BASS,GOAT FISH,PARROT FISH,MILK FISH,WHITE FISH,LONG SPINE SEA- BREAM,BARRAMUNDI,GREY MULLET,CATLA,FROZEN:SHRIMP WILD(KARIKADI SHRIMP,GHOLEFISH,INDIAN WHITE PRAWN,BLACK TIGER PRAWN,MANDAPAM FLOWER PRAWN,PACIFIC WHITE SHRIMP,FLOWER PRAWN,PINK SHRIMP,SAND SHRIMP,KING PRAWN,ARABIAN RED SHRIMP,DEEP SEA SHRIMP,KUTCH PRAWN,SPECKLED PRAWN,TIGER PRAWN,KURUMA PRAWN,RAINBOW PRAWN,HUNTER SHRIMP,FROZEN:CUTTLEFISH(PHARAOH CUTTLEFISH,CUTTLE FISH,N,FROZEN:SQUID(SQUID,INDIAN SQUID,NEEDLE SQUID),FROZEN:OCTOPUS(OCTOPUS (MARBLED OCTOPUS),FROZEN:LOBSTER(RAW ROCK LOBSTER,SAND LOBSTER),MUD CRAB,SEA CRAB,RED SNAPPER,BLACK SNAPPER)",name_only
1211,Star Marine Products,"Plot No.803/1, G.I.D.C.,Estate, Veraval-362269, Gujarat, India,",GU1/MT/261/14,STAR MARINE PRODUCTS,"M/s Star Marine Products 613/2,GIDC,AREA,UDHYOG NAGAR VERAVAL 362269 Gujarat",star.mp786@gmail.com,02876-231974,9824154773,nan,"Frozen:Fish Wild(FROZEN RIBBON FISH,FROZEN SOLE FISH,FROZEN CROAKER FISH,FROZEN OCTOPUS FISH,FROZEN SQUID FISH,FROZEN EEL FISH,FROZEN CAT FISH,FROZEN MAHI MAHI,FROZEN QUEEN FISH,FROZEN LOBSTER,FROZEN SEA WHITE,FROZEN TUNA FISH,FROZEN MACKEREL FISH,FROZEN REEFCOD,FROZEN LEATHER JACKET FISH,FROZEN SILVER POMFRET,FROZEN HORSE MACKEREL,FROZEN LIZARD FISH,FROZEN BOMBAY DUCK,FROZEN BARRACUDA,FROZEN KINGFISH WHOLE,FROZEN CHINESE POMFRET,FROZEN BLACK POMFRET,FROZEN SCAD FISH,FROZEN SHAD FISH,FROZEN STING RAY WHOLE,FROZEN DORAB FISH,FROZEN MOON FISH,FROZEN LEATHER SKIN,FROZEN WHITE SHAD FISH,FROZEN IAPANESE THREADFIN BREAM,FROZEN INDIAN MACKEREL,FROZEN BONITO TUNA,FROZEN CUTTLE FISH WHOLE,FROZEN T T CROAKER,FROZEN SPOTTED REEFCOD,FROZEN KATI FISH,FROZEN BIG MOUTH CROAKER,FROZEN SEABREAM FISH,FROZEN YELLOWTAIL SCAD,FROZEN INDIAN OIL SARDINE)",name_only
1214,PREMIER MARINE PRODUCTS,"PLOT NO. 1309, G.I.D.C., VERAVAL-362269, GUJARAT, INDIA",,,,,,,,,no_match
1223,M/S RAJAN SEA FOODS,"Plot No. 609,G.I.D.C, VERAVAL-362269",GU1/MT/283/15,M/S. RAJAN SEA FOODS,"Plot No. 609, GIDC, Veraval 362269 Gujarat",rajanseafoodsvrl@gmail.com,9825121916,9227663480,nan,nan,name_only
1225,Sagar Marine Impex,"Behind Trivedi Weigh Bridge, Near Keval Export, Bhalka Patan Road, Veraval-362269, Gujarat, India,",GU1/RX/364/19,SAGAR MARINE IMPEX,"BEHIND TRIVEDI WEIGH BRIDGE NEAR KEVAL EXPORT, BALKA ROAD VERAVAL-362269/362269 362269 Gujarat",bhavinjoshi.doc@gmail.com,9898589612,9898589612,nan,nan,name_only
1227,Lalchand Enterprises,"SHREE DATTA NIWAS H.NO. 506,SHOP NO 1 , SECTOR- 31 NEAR DATTA MANDIR,VASHI VILLAGE, NAVI MUMBAI-400 703 MAHARASHTRA, INDIA",MA1/MT/262/13,LALCHAND ENTERPRISES,"HOUSE NO. 507, PLOT NO. 2, SECTOR 31, NEAR DATTAMANDIR, VASHI VILLAGE, NAVI MUMBAI 400703 Maharashtra",lalchandenterprises@yahoo.com,02227811261,9322737670,nan,"Chilled:Fish Wild(FRESH AND CHILLED SCOMBROIDS FISH,FRESH AND CHILLED NON-SCOMBROIDS FISH) Chilled:Shrimp Wild(FRESH AND CHILLED HON SCAMPI)",name_only
1228,Deepmala Fisheries,"Plot No. 805, GIDC Estate, Veraval - 362269, Gujarat, India,",,,,,,,,,no_match
1229,Ambar Exports,"Plot No. 610/2, G.I.D.C., Veraval - 362269, Gujarat, India,",,,,,,,,,no_match
1232,Star Marine Products (Unit-II),"Plot No.613/2,G.I.D.C.
Estate,Veraval-362269, Gujarat, India",,,,,,,,,no_match
1234,Gausia Cold Storage Pvt. Ltd.,"M-7, MIDC TALOJA, DIST. RAIGAD, MAHARASHTRA-410208, INDIA",,,,,,,,,no_match
1238,NAVRANG SEA FOOD,"Plot No.206-207,Vanana G.I.D.C,Tal-Ranavav, Porbandar-360575, Gujarat,India",GU3/MT/051/15,NAVRANG SEA FOOD,"PLOT NO. 206-207 VANANA G.I.D.C., TAL- RANAVAV, PORBANDAR 360575 Gujarat",navrangseafood@gmail.com,09725204973,9725204973,nan,"Frozen:Fish Wild(RIBBON FISH,CAT FISH,GAINT MARINE CAT FISH,INDIAN OIL SARDINE,DEEP BODIED SARDINELLA,ILLISA ILLISA,INDIAN HALIBUT,SOLE,BARRACUDA,INDIAN GOAT FISH,DARK BAND GOAT FISH,INDIAN SALMON,BOMBAY DUCK,SEA BASS,LONG SPINE SEA BREAM,JAPANESE THREADFIN BREAM,EMPORER BREAM,SPADE FISH,GREY MULLET,INDIAN DOG SHARK,WHITE CHEEKED SHARK,BLACK TIP SHARK,SILVER POMFRET,CHINESE POMFRET,BLACK POMFRET,INDIAN MACKEREL,SEER FISH,SEER FISH (SPOTTED SPANISH MACKERAL),BLACK KING FISH,LITTLE TUNNY,YELLOWFIN TUNA,BIG EYE TUNA,SKIP JACK TUNA,SNAPPER,BLOOD RED SNAPPER,BLACK SPOT SNAPPER,EMPORER RED SNAPPER,TIGER PERCH,REEF COD,CROAKER,CROAKER (ATROBUEEA NIBE),CROAKER(SCIAENA ANEUS),TIGER TOOTHED CROAKER,BLOTCHED CROAKER,DRAB CROAKER,GHOL,HORSE MACKERAL,SCAD,LEATHER SKIN,MALABAR TREVALLY,TREVALLY /PARAVA,BLACK BANDED TREVALLY,INDIAN CONGER EEL,LIZARD FISH) Frozen:Shrimp Wild(WHITE PRAWN,TIGER PRAWN,FLOWER PRAWN,PINK SHRIMP,BROWN SHRIMP,KING PRAWN,MARINE SHRIMP,JAWALA) Frozen:Cuttlefish(CUTTLE FISH,CUTTLE FISH WHOLE,CUTTLE FISH WHOLE CLEANED) Frozen:Squid(SQUID WHOLE,SQUID WHOLE CLEANED,SQUID TUBE,SQUID CUT,SQUID TENTACLES,SQUID RINGS,CUT SQUID TENTACLES AND RINGS SKIN ON) Frozen:Octopus(OCTOPUS,OCTOPUS WHOLE,OCTOPUS WHOLE CLEANED) Frozen:Lobster(SAND LOBSTER,ROCK LOBSTER(PANULIRUS PLOYHAGUS),ROCK LOBSTER(PANULIRUS ORANTUS),ROCK LOBSTER(PANULIRUS HOMARUS),DEEP SEA LOBSTER) Frozen:Crab(MUD CRAB,SEA CRAB (PORTUNUS SANGUINOLENTUS),SEA CRAB(PORTUNUS PELAGIEUS),SEA CRAB(CHARYBDIS CRUCIATA))",name_only
1239,S.C.S. IMPEX INTERNATIONAL,"PLOT NO. 200, 201/1, 201/2 & 212 G.I.D.C. ESTATE, VANANA, TA- RANAVAV, DIST: PORBANDAR â?? 360 575, GUJARAT, INDIA",,,,,,,,,no_match
1240,Jalaram Kalidas Exports.,"Plot No. 1841/1, Nr. Bhidiya Bridge, Somnath Road, Veraval-362267, Gujarat, India",,,,,,,,,no_match
1241,Vinta Cold Storage.,"Survey No.706, Near Octroi Naka, Mangrol- Veraval Highway, Mangrol - 362225, Gujarat- India.,",GU1/MT/294/16,VINTA COLD STORAGE,"VERAVAL HIGHWAY ROAD, NEAR PARAB, MANGROL/GUJARAT /362225 362225 Gujarat",vintacoldstorage2@gmail.com,9275057831,9275057831,nan,"Frozen:Fish Wild(FROZEN RIBBON FISH,FROZEN SILVER CROAKER,FROZEN YELLOW CROAKER,FROZEN SOLE FISH,FROZEN REEFCOD,FROZEN INDIAN MACKEREL,FROZEN HORSE MACKEREL,FROZEN CUTTLE FISH,FROZEN STING RAY,FROZEN SEABREAM FISH,FROZEN CAT FISH,FROZEN WOLF HERRING,FROZEN TT CROAKER,FROZEN BARRACUDA,FROZEN LEATHER JACKET,FROZEN BOMBAY DUCK,FROZEN SQUID WHOLE,FROZEN BIG MOUTH CROAKER,FROZEN KING FISH,FROZEN GHOLE FISH,FROZEN SPOTTED REEFCOD,FROZEN KATI FISH)",name_only
1242,Deepak Foods.,"Plot No. 3 To 8, Somnath Road, Veraval, Gir-Somnath-362269, Gujarat, India",GU1/MT/293/15,DEEPAK FOODS,"Plot no 3 to 8, Somnath Road Veraval 362269 Gujarat",deepakfoods2012@gmail.com,02876233157,9825237030,nan,Frozen:Fish Wild(FROZEN SURIMI),name_only
1243,J.M.SEA FOODS,SURVEY NO.17983-4  NEAR GIDC UDHYOG NAGAR   PATAN ROAD VERAVAL 362269 GUJARAT  INDIA,,,,,,,,,no_match
1244,VKM FOODS PRIVATE LIMITED,"Plot No.           M-82, MIDC, Taloja Industrial area ,                                            Dist. Raigad-410208,",MA1/MT/363/18,VKM FOODS PRIVATE LIMITED,"202, RAHEJA ARCADE, PLOT NO. 61, SECTOR 11, CBD BELAPUR , NAVI MUMBAI 400614 Maharashtra",vkmfoodspl@gmail.com,9167733020,9167733020,nan,"Frozen:Fish Wild(FROZEN TILAPIA MOON CUT,FROZEN TILAPIA WHOLE,FROZEN HORSE MACKEREL WHOLE,FROZEN MACKEREL WHOLE,FROZEN YELLOW CROCKER WHOLE) Frozen:Fish Aquaculture(FROZEN HEADON VANNAMEI SHRIMPS,FROZRN HLSO VANNAMEI SHRIMPS,FROZEN PD SHRIMPS,FROZEN PDTO SHRIMPS,FROZEN PUD SHRIMPS) Frozen:Shrimp Wild(FROZEN PD SHRIMPS SEACAUGHT,FROZEN PDTO SHRIMPS SEACAUGHT,FROZEN HLSO SHRIMPS SEACAUGHT,FROZEN HEADON SHELL ON VANNAMEI SHRIMPS) Frozen:Cuttlefish(FROZEN CUTTLE FISH WHOLE,FROZEN CUTTLE FISH WHOLE CLEANED) Frozen:Squid(FROZEN SQUID WHOLE,FROZEN SQUID WHOLE CLEANED,FROZEN SQUID TUBE AND TENTACLES,FROZEN SQUID RINGS AND TENTACLES,FROZEN SQUID TUBES,FROZEN CUT SQUID SKIN ON)",name_only
1245,Win Marine Products,"Plot No:1787/1-6, Near GIDC, Somnath Road, Veraval-362269, Gujarat",GU1/MT/298/16,WIN MARINE PRODUCTS,SURVEY NO. 1787/ 1-6 NEAR GIDC SOMNATH ROAD VERAVAL 362269 Gujarat,winmarineproducts@gmail.com,9879325362,9904035934,nan,"Frozen:Fish Wild(FROZEN RIBBON FISH, FROZEN YELLOW CROAKER,,FROZEN SILVER CROAKER, FROZEN LEATHER JACKET,,FROZEN INDIAN MACKEREL, FROZEN HORSE MACKEREL,,FROZEN SOLE FISH, FROZEN YELLOW FIN TUNA,,FROZEN BONITO TUNA, FROZEN SKIP JACK TUNA,,FROZEN LONG TAIL TUNA, FROZEN MAHI MAHI FISH,,FROZEN SILVER POMFRET, FROZEN BLACK POMFRET,,FROZEN EEL FISH, FROZEN LIZARD FISH,,FROZEN BARRACUDA FISH, FROZEN KING FISH,,FROZEN PINK SNAPPER,FROZEN JapaneseThreadfinBream,,FROZEN KING FISH, FROZEN REEF COD,,FROZEN STING RAY, FROZEN CHINESE POMFRET,,FROZEN SEER FISH, FROZEN LITTLE TUNNY,,FROZEN KING MACKEREL, FROZEN BULL EYE,,FROZEN BIG EYE TUNA, FROZEN SNAPPER,,FROZEN LONG SPINEGROUPER,FROZENTHORNYCHEEKGROUPER,,FROZEN TIGER TOOTH CROAKER, FROZEN BLACKSEA BREAM,,FROZEN YELLOWTAIL SCAD, FROZEN SCAD,,FROZEN QUEEN FISH,FROZEN SPOTTED CAT FISH,,FROZEN GIANT CAT FISH, FROZEN INDIAN OIL SARDINE,,FROZEN HILSA FISH,FROZEN HALIBUT,,FROZEN BOMBAY DUCK, FROZEN SWORD FISH,,FROZEN CONGER EEL, FROZEN GREY MULLET,,FROZEN KARIKADI SHRIMP, FROZEN INDIAN WHITE PRAWN,,FROZEN BLACK TIGER PRAWN, FROZEN FLOWER PRAWN,,FROZEN PACIFIC WHITE SHRIMP, FROZEN FLOWER PRAWN,,FROZEN PINK SHRIMP, FROZEN SAND SHRIMP,,FROZEN KING PRAWN, FROZEN TIGER PRAWN,,FROZEN SPINELESS CUTTLEFISH, FROZEN CUTTLE FISH,,FROZEN NEEDLE CUTTLEFISH,FROZEN SQUID,,FROZEN NEEDLE SQUID, FROZEN OCTOPUS ,,FROZEN ROCK LOBSTER,FROZEN SAND LOBSTER,)",name_only
1252,Packwell Craft Pvt. Ltd.,"PLOT NO. R-902,MIDC RABALE, TTC INDUSTRIAL AREA, THANE-BELAPUR ROAD, NAVI MUMBAI - 400701, MAHARASHTRA, INDIA",,,,,,,,,no_match
1254,Albys Agro Pvt. Ltd,"Plot. No.2/1 to 2/6 , Sanguem Industrial Estate, Sanguem- Xelpem, Goa- 403704, India",GO1/MT/017/17,ALBYS AGRO PVT. LTD.,"F-10, GREVA RESIDENCY MES COLLEGE ROAD, VIDHYA NAGAR, ZUARINAGAR, SOUTH GOA 403726 Goa",albysagro@gmail.com,07798843636,0779884363,nan,"Frozen:Fish Aquaculture(FROZEN PEELED & DEVEINED TAIL OFF VANNAMEI SHRIMPS,FROZEN PEELED & DEVEINED TAIL ON VANNAMEI SHRIMPS,FROZEN HEADLESS SHELL ON VANNAMEI SHRIMPS,FROZEN HLSO EASY PEEL VANNAMEI SHRIMPS,FROZEN HEAD ON SHELL ON VANNAMEI SHRIMPS,FROZEN PEELED UN DEVEINED VANNAMEI SHRIMPS,FROZEN COOKED PEELED DEVEINED VANNAMEI SHRIMPS,FROZEN COOKED PD TAIL ON VANNAMEI SHRIMPS,FROZEN COOKED PUD VANNAMEI SHRIMPS,FROZEN PD BUTTERFLY TAIL ON VANNAMEI SHRIMPS) Frozen:Shrimp Aquaculture(FROZEN PEELED & DEVEINED TAIL OFF VANNAMEI SHRIMPS,FROZEN PEELED & DEVEINED TAIL ON VANNAMEI SHRIMPS,FROZEN HEADLESS SHELL ON VANNAMEI SHRIMPS,FROZEN HLSO EASY PEEL VANNAMEI SHRIMPS,FROZEN HEAD ON SHELL ON VANNAMEI SHRIMPS,FROZEN PEELED UN DEVEINED VANNAMEI SHRIMPS,FROZEN COOKED PEELED DEVEINED VANNAMEI SHRIMPS,FROZEN COOKED PD TAIL ON VANNAMEI SHRIMPS,FROZEN COOKED PUD VANNAMEI SHRIMPS,FROZEN PD BUTTERFLY TAIL ON VANNAMEI SHRIMPS) Frozen:Cuttlefish(FROZEN CUTTLEFISH WHOLE,FROZEN CUTTLEFISH WHOLE CLEANED) Frozen:Squid(FROZEN SQUID WHOLE A GRADE,FROZEN SQUID WHOLE,FROZEN SQUID WHOLE CLEANED)",name_only
1256,Vitality Aquaculture Pvt.Ltd.,"Plot No.20/21, Sr.No.120,  Zakhar, B/H Maruti Showroom,  Jamnagar Khambhaliya Highway, Padana patiya, Jamnagar-361010, Gujarat, India",TN2/MT/140/10,VITALITY AQUACULTURE PVT.LTD,"Flat No.43, Hill Mist Garden SN-13, Kondhawa Khurd NIBM Road, Pune-411048/411048 411048 Maharashtra",vitalitytuti@gmail.com,04612340122,7373715565,nan,Canned/Bottled/Retort Pouched Product:Pasteurized(Chilled Pasteurised Crab Meat),name_only
1257,TJ MARINE PRODUCTS PVT. LTD.,"B-27/28, MIDC, Mirjole, Ratnagiri-415639, Maharashtra, India",MA4/MT/005/18,TJ MARINE PRODUCTS PVT. LTD.,"PLOT NO. B-27/28, MIDC, MIRJOLE, RATNAGIRI /415639 415639 Maharashtra",badruddin@tjmarine.in,02352228760,9975553634,www.tjmarine.com,Others-Non Edible:Fish Oli (Non- Edible)(Fish Oil) Others-Non Edible:Fish Meals (Non-Edible)(Steam dried Fish Meal),name_only
1261,Seasaga Enterprises Private Limited - Unit II,"Plot No E-27,Taloja Industrial Area, Taluka Panvel, Raigad District,Maharashtra-410208,India",,,,,,,,,no_match
1274,S.I.A. Impex,"Plot No.811, Opp. Hanswati Exports,G.I.D.C. estate, Verval, 362269, Gujarat, India,",,,,,,,,,no_match
1280,Zenith Exports,"Plot No.317,G.I.D.C., Estate Veraval-362269, Gujarat, India,",,,,,,,,,no_match
1281,PROGRESS FROZEN & FISH STERILIZATION,"Zavar Naka, Porbandar-360575,Gujarat,India.",,,,,,,,,no_match
1282,PRIME BIO PROTEINS,"PLOT NO. 610/1, G.I.D.C. ESTATE, VERAVAL-362269, GUJARAT, INDIA",GU1/MT/348/19,PRIME BIO PROTEINS,"G.I.D.C., PLOT NO.610/1, VERAVAL 362269 Gujarat",primebioprotine2017@gmail.com,7016624470,9512561661,nan,"Others-Non Edible:Fish Meals (Non-Edible)(Shrimp Meal,Fish Powder,Shrimp Shell)",name_only
1283,Amar Food Products,"Jawar Naka, Porbandar-360575, Gujarat, India.",GU3/MT/067/19,AMAR FOOD PRODUCTS,"SURVEY NO.1943, MANGALKUNG, RAILWAY STATION ROAD OPP BALASHRAM, PORBANDAR 360575 Gujarat",amarfood89@gmail.com,9879617761,9879617761,nan,"Frozen:Fish Wild(Surimi ( Fish Minced Paste),Frozen Imitation Crab Sticks,Frozen Imitation Crab Chunks,Frozen Imitation Crab Flakes,Frozen Imitation Crab Bites,Frozen Imitation Crab Shreds,Frozen Imitation Breaded Crab Claws,Frozen Imitation Breaded Crab Nuggets)",name_only
1286,Mindhola Foods LLP,"BLOCK NO. 187/A, MOJE MAKHINGA, TALUKA PALSANA, DISTRICT-SURAT-394315, STATE- GUJARAT, INDIA",MA1/MT/371/19,MINDHOLA FOODS LLP,"C-110, WESTERN BUSINESS PARK, FIRST FLOOR NR. J H AMBANI SCHOOL, WXM ROAD VESU, SURAT 395007 Gujarat",sourodip@myoceanus.com,9833878970,8272902789,nan,"Frozen:Shrimp Aquaculture(Frozen Raw Peeled Deveined Tail On Vannamei Shrimp,Frozen Raw Peeled Deveined Vannamei Shrimps,Frozen Raw Headless Easy Peel Vannamei Shrimps)",name_only
1287,Shivganga Marine Products Unit-II,"Plot No.1314, G.I.D.C Estate, Veraval- 362269, Gujarat â?? India,",,,,,,,,,no_match
1289,Real Frozen Foods,"Plot No.105/2,G.I.D.C.,Estate, Veraval-362269,Gujarat,India,",,,,,,,,,no_match
1290,Sun Marine Export,"Plot No. 1312, G.I.D.C Estate, Veraval-362269, Gujarat, India",,,,,,,,,no_match
1302,S.A.EXPORTS,"Kamduni More, P.O. Kamduni Khoribari, P.S. Barasat,District- 24 Parganas(North), Kolkata-700135",WB1/MT/310/13,S. A. EXPORTS,"548, JESSORE ROAD NORTH 24 PARGANAS, KOLKATA - 700055 West Bengal",mail@saexports.in,9831011254,0983101125,www.saexports.in,nan,name_only
1303,DIGHA SEAFOOD EXPORTS PVT. LTD.,"Unit No. 7, International Seafood Processing Centre, Benfish Complex, Chakgaria, Budher Hat, 24 Parganas (South), Kolkata-700094, West Bengal",,,,,,,,,no_match
1304,K.N.C. AGRO LIMITED,"UTTARSITALA, PO- PICHABONI, PS- RAMNAGAR, DIST PURBA MEDINIPUR, WEST BENGAL, 721455",WB1/MT/326/14,K N C AGRO LIMITED,"UTTAR SITALA, P.O- PICHABONI P.S- RAMNAGAR, DIST: PURBA MEDINIPUR, PIN - 721455 West Bengal",KNCAGRO2012@GMAIL.COM,03324322054,7003239816,nan,nan,name_only
1305,BASU INTERNATIONAL (UNIT III),"34, CHAULPATTI ROAD, KOLKATA-700010, WEST BENGAL",,,,,,,,,no_match
1311,SWARNALI EXPORTS,"DIGHRA, P.O.DUTTAPUKUR, P.S. ASHOKENAGAR, NORTH 24 PGS WEST BENGAL- 743248, INDIA",,,,,,,,,no_match
1312,ALASHORE MARINE EXPORTS PVT. LTD.,"Plot No.D1/18(P), D1/19,D1/20, D1/37, D1/38, D1/39 (P), Somnathapur Industrial Area, Balasore, Odisha, Pin-756019",OR1/MT/060/15,ALASHORE MARINE EXPORTS PVT. LTD.,"PLOT NO.D1/18(P),D1/19,D1/20 &D1/37,D1/38,D1/39(P) SOMNATHAPUR INDUSTRIAL AREA BALASORE 756019 Odisha",ameplqc@gmail.com,nan,7381050506,nan,"Frozen:Shrimp Aquaculture(HEAD LESS SHELL ON VANNAMEI SHRIMP,PEELED & DEVEINED TAIL ON VANNAMEI SHRIMP,PEELED & DEVEINED TAIL OFF VANNAMEI SHRIMP,HEAD LESS EASY PEEL VANNAMEI SHRIMP,PEELED & UNDEVEINED VANNAMEI SHRIMP)",name_only
1314,S.S.SEA FOOD PVT. LTD.,"RUIYA, PO-PATULIA, PS-KHARDHA, DIST-24 PARGANAS (NORTH), KOLKATA-700119, WEST BENGAL",WB1/RX/541/22,S.S.SEA FOOD PVT.LTD.,"BASUNDHARA 931/109 KRISHNA NAGAR ROAD PO- NOAPARA, PS- BARASAT DISTRICT- 24 PARGANAS (NORTH)/700125 700125 West Bengal",ssseafood11@gmail.com,919433866392,9830351564,nan,nan,name_only
1315,ESSEX MARINE PRIVATE LIMITED,"Village - Kuliatta, PO & PS : Ramnagar, Dist.: Purba Midnapur, Pin - 721441, West Bengal",,,,,,,,,no_match
1318,Padmashree Export,"Plot No 274, Champajhara, P.O.Malpada-752018, Dist::Khordha, Odisha",,,,,,,,,no_match
1319,RUPSHA FISH PRIVATE LIMITED,"RUIYA, P.O.: PATULIA, P.S.: KHARDAH, DIST: 24 PARGANAS(N), KOLKATA, WEST BENGAL-700119",,,,,,,,,no_match
1325,Chilikarani Fish Trading Pvt. Ltd.,"Atharanala patna, Gopinathpur, Puri-752002,",OR1/MT/070/17,CHILIKARANI FISH TRADING PVT. LTD.,Gundicha Vihar Sarbodaya Nagar 752002 752002 Odisha,chilikarani.puri@yahoo.com,06752251202,9777037210,nan,"Frozen:Shrimp Aquaculture(FROZEN HEAD ON VANNAMEI SHRIMP,FROZEN HEADLESS VANNNAMEI SHRIMP,FROZEN HEADLESS SHELL ON VANNAMEI SHRIMP,FROZEN PEELED DEVEINED VANNAMEI SHRIMP,FROZEN PEELED UNDEVEINED VANNAMEI SHRIMP)",name_only
1326,TRADE IMPEX,"Vill & PO - Newsha, PS - Diamond Harbour, South 24 Parganas, West Bengal- 743368",,,,,,,,,no_match
1327,Falcon Marine Exports Ltd.,"NH5, Khantapada, Kasbajaypur, Dist- Balasore, Odisha, Pin-756043",,,,,,,,,no_match
1328,MEGAA MODA PVT. LTD.,"Sri Ram Hanuman Gate, Ranihati, Amta Road, Village-Islampur, PO-Nayachak, PS-Jagatballavpur, Howrah- 711322, West Bengal",WB1/MT/418/17,MEGAA MODA PVT. LTD.,"9TH FLOOR, FLAT A10, CIC BUILDING 33A CHOWRINGHEE ROAD, KOLKATA - 700071 West Bengal",mgr.accts@megaa.in,03340295578,9836806226,www.megaa.in,nan,name_only
1330,Hari Marine Pvt. Ltd.,"At-Biruan, P.O.Seragarh, Dist-Balasore-756060,Odisha, India",OR1/MT/076/18,HARI MARINE PVT.LTD.,O.T.ROAD BALASORE 756001 Odisha,venkatesh@harimarine.com,06782260963,7077704615,www.harimarine.com,"Frozen:Shrimp Aquaculture(HEAD LESS SHELL ON VANNAMEI SHRIMP,EASY PEEL VANNAMEI SHRIMP,PEELED & UNDEVEINED VANNAMEI SHRIMP,PEELED & DEVEINED TAIL ON VANNAMEI SHRIMP,PEELED & DEVEINED TAIL OFF VANNAMEI SHRIMP)",name_only
1335,Royal Enterprise,"44, Hasanpur Road, P.O. Joynagar Mojilpur, P.S. Joynagar, Dist.: South 24 Parganas, West Bengal-743337, India",WB1/MT/435/18,ROYAL ENTERPRISE,"44,HASANPUR ROAD PO+PS - JOYNAGAR, DIST- SOUTH 24 PARGANAS, PIN- 743337 West Bengal",royalent.enterprise5@gmail.com,9851664315,9851664315,www.royalenterpriseexport.com,nan,name_only
1340,MATARA AQUACULTURE WEST BENGAL PRIVATE LIMITED,"VILL-GIRIRCHAK,PO-NARGHAT,PS-NANDAKUMAR,PURBA MEDINIPUR,PIN -721669,WEST BENGAL, INDIA",WB1/MT/551/22,MATARA AQUACULTURE WEST BENGAL PRIVATE LIMITED,"VILL: GIRIRCHAK P.O : NARGHAT, P.S : NANDAKUMAR, PURBA MEDINIPUR, PIN : 721453 West Bengal",documents@asfexports.com,03324565025,9830350469,nan,nan,name_only
1342,B-ONE BUSINESS HOUSE PVT. LTD,"PLOT NO-27, SEA FOOD PARK,
AT-HARIDAMADA,BHUBANESWAR,
DIST-KHORDA-752054,ODISHA,INDIA",OR1/MT/080/19,B-ONE BUSINESS HOUSE PVT. LTD.,"OFFICE-3, 4TH FLOOR, BLOCK-2 BMC BHAWANI COMMERCIAL COMPLEX SAHID NAGAR,BHUBANESWAR 751007 Odisha",BALAJI@BONEBHPL.COM,09437282214,9437068293,bonebhpl.com,"Frozen:Shrimp Aquaculture(a)	Head on shell on shrimp.,b)	Headless shell on shrimp.,c)	Peeled and un-Deveined shrimp.,d)	Peeled and Deveined Tail on shrimp.,e)	Peeled and Deveined shrimp,f)	Peeled and pulled Deveined shrimp.,g)	Butterfly cut shrimp.,h)	Easy peeled cut shrimp)",name_only
1350,B-ONE BUSINESS HOUSE PVT. LTD,"PLOT NO-3891/ 6236  , SRIKONCHANDIPUR   , 
BALASORE -756025 , ODISHA ,INDIA",OR1/MT/080/19,B-ONE BUSINESS HOUSE PVT. LTD.,"OFFICE-3, 4TH FLOOR, BLOCK-2 BMC BHAWANI COMMERCIAL COMPLEX SAHID NAGAR,BHUBANESWAR 751007 Odisha",BALAJI@BONEBHPL.COM,09437282214,9437068293,bonebhpl.com,"Frozen:Shrimp Aquaculture(a)	Head on shell on shrimp.,b)	Headless shell on shrimp.,c)	Peeled and un-Deveined shrimp.,d)	Peeled and Deveined Tail on shrimp.,e)	Peeled and Deveined shrimp,f)	Peeled and pulled Deveined shrimp.,g)	Butterfly cut shrimp.,h)	Easy peeled cut shrimp)",name_only
1357,SREERAGAM EXPORTS PRIVATE LIMITED,"BENT,CHAMPAGARH,CHANDPUR,DIST-NAYAGARH,ODISHA, PIN-752024,INDIA",OR1/RX/113/22,SREERAGAM EXPORTS PRIVATE LIMITED,"NO.4, SAI ANANDAM COMPLEX,PATIA BHUBANESWAR KHORDA 751024 Odisha",sreejesh@sreeragamexports.com,9674429572,9674429572,nan,"Frozen:Shrimp Wild(Frozen Head On shrimps- Penaeus monodon, Penaeu,Frozen Headless shell – on shrimp (HL), Penaeus,Frozen Peeled Deveined Tail – off (PD), Penae,Frozen Peeled Un deveined shrimp (PUD), Penaeu,Frozen PD Tail On (PDTO) Penaeus monodon, Penae) Frozen:Shrimp Aquaculture(Frozen Shrimps Head Less Shell on Vannamei Shri,Frozen Peeled Deveined Tail – off (PD), (Litope,Frozen Peeled Deveined Tail – on (PDTON), (Lito,Frozen Peeled Un Deveined Tail – off (PUD), (Li,Frozen Peeled Un deveined Tail – on (PUD), (Lit,Frozen Headless Black Tiger Shrimps,Frozen Head-on Black Tiger Shrimps)",name_only
1359,BASU INTERNATIONAL (UNIT V),"JAGAIBASAN, P.O- DIGHA, DIST- PURBA MEDINIPUR, PIN-721428, WEST BENGAL",,,,,,,,,no_match
1362,Aqua Fauna Exports,"Ward no. 5, 1112/1, Talikhola, Barasat, Barrackpore Road,West Bengal-700126",WB1/MT/514/21,AQUA FAUNA EXPORTS,"1112/1, WARD NO.5 P.S BARASAT BARRACKPORE ROAD, NORTH 24 PARGANAS, KOLKATA - 700126 West Bengal",sales@aquafaunaexports.com,9711790687,9711790687,AQUAFAUNAEXPORTS.COM,nan,name_only
1363,NDM SEAFOOD PROCESSORS AND EXPORTERS PRIVATE LIMITED,"Hosennabad Village, Mogra, Hooghly - 712148, West Bengal",,,,,,,,,no_match
1365,Highland Agro Food Private Limited,"PLOT-NO.347-358,GADABHANGA,KHANTAPADA,BALASORE-756043,ODISHA",OR1/MT/105/21,HIGHLAND AGRO FOOD PRIVATE LIMITED,"PLOT NO.432, LEWIS ROAD, BHUBANESWAR INDIA 751002 Odisha",highlandagrobls@gmail.com,08249738482,8249738482,www.highlandagro.com,"Frozen:Shrimp Wild(HL, PDTO, PD & PUD in Block & IQF,HOSO & HL Easy Peel in Block & IQF) Frozen:Shrimp Aquaculture(Head On Shell On, HL-V, HL-BT in Block & IQF,Head Less Easy peel in Block & IQF,PDTO, PD & PUD in Block & IQF,Butterfly shrimp : 70% & 90% cut, in Block & IQF) Frozen:Cuttlefish(Cuttlefish whole in block & IQF) Frozen:Squid(SQUID Whole in block & IQF)",name_only
1366,"Orchid Marine Export pvt. Ltd,","KHALADIHA,NO.1,BADASIMULIA,BALIAPAL,BALASORE-756026,ODISHA",,,,,,,,,no_match
1367,Pasupati Aquatics Private Limited,"Haria, Atmaramchak, J.L. No. 131, P.O., Haria, P.S., Khejuri, Dist.-Purba Medinipur, West Bengal, Pin-721430, India",WB1/MT/545/22,PASUPATI AQUATICS PRIVATE LIMITED,"1361 MADURDAH, TILJALA, KOLKATA - 700107 West Bengal",exportpasupati@gmail.com,09830222275,7063516210,www.kasturishrimps.com,"Frozen:Fish Aquaculture(FROZEN PD VANNAMEI SHRIMPS IQF,FROZEN PDTO VANNAMEI SHRIMPS IQF,RAW FROZEN HLSO EASY PEEL VANNAMEI SHRIMPS IQF,FROZEN RAW EASY PEEL VANNAMEI SHRIMPS IQF,RAW FROZEN VANNAMEI SHRIMP PD ( CUT DEVEINED),FROZEN RAW HLSO SEA WHITE SHRIMPS -IQF,FROZEN RAW HLSO EASY PEEL BLACK TIGER SHRIMPS IQF,FROZEN RAW PDTO BLACK TIGER SHRIMPS IQF,BLOCK FROZEN HLSO VANNAMEI SHRIMPS,FROZEN PDTO VANNAMEI SHRIMPS COOKED IQF,FROZEN RAW PDTO VANNAMEI SHRIMPS IQF(Pin deveined),FROZEN RAW COOKED PDTO VANNAMEI SHRIMPS IQF,RAW FROZEN PULLED VEIN PD BLACK TIGER SHRIMPS IQF,FROZEN RAW HEAD ON SHELL ON VANNAMEI SHRIMPS IQF,FROZEN RAW PEELED AND DEVEINED TAIL OFF VANNAMEI S) Frozen:Shrimp Aquaculture(FROZEN PD VANNAMEI SHRIMPS IQF,FROZEN PDTO VANNAMEI SHRIMPS IQF,RAW FROZEN HLSO EASY PEEL VANNAMEI SHRIMPS IQF,FROZEN RAW EASY PEEL VANNAMEI SHRIMPS IQF,FROZEN RAW HLSO SEA WHITE SHRIMPS -IQF,FROZEN RAW HLSO EASY PEEL BLACK TIGER SHRIMPS IQF,FROZEN RAW PDTO BLACK TIGER SHRIMPS IQF,BLOCK FROZEN HLSO VANNAMEI SHRIMPS,FROZEN PDTO VANNAMEI SHRIMPS COOKED IQF,COOKED PD VANNAMEI SHRIMPS - IQF,FROZEN RAW PDTO VANNAMEI SHRIMPS IQF(Pin deveined),FROZEN RAW COOKED PDTO VANNAMEI SHRIMPS IQF,RAW FROZEN PULLED VEIN PD BLACK TIGER SHRIMPS IQF,FROZEN RAW HEAD ON SHELL ON VANNAMEI SHRIMPS IQF,FROZEN RAW PEELED AND DEVEINED TAIL OFF VANNAMEI S)",name_only
1370,Bhimraj Export,"BADAPOKHARIA,PO-NILAGIRI-PATANA,PS-NIRAKARPUR,KHURDA,ODISHA-752019",,,,,,,,,no_match
1371,AQUATECH FEED & SEAFOODS PRIVATE LIMITED,"HANUMAN COMPLEX, VILLAGE-ISLAMPUR, P.O-ISLAMPUR,DIST.-HOWRAH, WEST BENGAL-711401.",WB1/MT/543/22,AQUATECH FEED & SEAFOODS PRIVATE LIMITED,"ROOM NO. M 503C 4 FAIRLIE PLACE, 5TH FLOOR, KOLKATA - 700001 West Bengal",gkar610@gmail.com,9734771208,9734771208,nan,nan,name_only
1373,SHNAKHA DEEP EXPORTS PRIVATE LIMITED(UNIT_II),"CHONDIGORI, BADU, NORTH 24 PARGANAS, KOLKATA-700128, WEST BENGAL",,,,,,,,,no_match
1378,Ashadeep Aquaculture Pvt. Ltd,"Plot No. -768, 751, 764 / 842, 443, 766, 767, 448, 441, Tinipada, Jugal Kishorepur, Mankhani, PS:Khantapada, Dist: Balasore, Odisha, Pin-756043",OR1/MT/131/23,ASHADEEP AQUACULTURE PVT LTD,TINIPADA JUGAL KISHOREPUR KHANTAPADA Balasore 756043 Odisha,aapl.export@gmail.com,9836488833,9836488833,nan,"Frozen:Shrimp Aquaculture(FROZEN HEAD LESS SHELL ON VANNAMEI SHRIMP,FROZEN PD VANNAMEI SHRIMP,FROZEN HEADLESS SHELL ON BLACK TIGER SHRIMP)",name_only
1381,Snow World Marine Exports Private Limited,"BAHAL, REMUNA, BALASORE,
ODISHA -756060, INDIA",OR1/MT/132/23,SNOW WORLD MARINE EXPORTS PRIVATE LIMITED,"BAHAL, REMUNA BALASORE BALESHWAR 756060 Odisha",snowworld.me@gmail.com,9692855200,9437003444,WWW.SNOWWORLDMARINE.IN,"Frozen:Shrimp Aquaculture(FROZEN HLSO VANNAMEI SHRIMPS,FROZEN HLSO EASY PEEL VANNAMEI SHRIMPS,FROZEN PEELED AND DEVEINED VANNAMEI SHRIMPS,FROZEN PEELED AND UNDEVEINED VANNAMEI SHRIMPS,FROZEN PUDTO VANNAMEI SHRIMPS,FROZEN PDTO VANNAMEI SHRIMPS)",name_only
1382,BRC MARINE PRODUCTS,"Plot No. 288/1123, 288/1124, Narasingh prasad, P.O: Dosinga, Via- Dhamara, Dist: Bhadrak, Odisha, PIN: 756171 
Call: 9678071393
Email: brc.marine@outlook.com",AM1/MT/023/24,BRC MARINE PRODUCTS,"STATION ROAD P.O: DULIAJAN, DIST: DIBRUGARH - 786602 Assam",brc.marine@outlook.com,9942998857,6001237472,nan,nan,name_only
1383,GADRE MARINE EXPORT PRIVATE LIMITED,"Surimi Unit, Salt Road, Tundara, PO Inchudi, Remuna Block, Balasore 756021, Odisha.",,,,,,,,,no_match
1385,ABBA KABA OVERSEAS PRIVATE LIMITED,"At- Mulijhara, Po- Kusumi, P.S- Tangi, Dist-Khurdha, State- Odisha, Pin- 752021",OR1/MT/139/24,ABBA KABA OVERSEAS PRIVATE LIMITED,"PLOT NO.- 3987/11213, ARABINDA NAGAR, PANDRA, GGP COLONY, BHUBANESWAR, 751025 Odisha",abbakaba@gmail.com,7852930751,7682833170,nan,nan,name_only
1387,SEA DORIS MARINE EXPORTS,"Dag No.-756,J.L. No.-96,
Mouza-Chandipur,
P.O.-B. Gobindapur,
P.S.-Bhangar, Dist.-South 24 Parganas, West Bengal,
PIN-743502, India",WB1/MT/599/24,SEA DORIS MARINE EXPORTS,"FLAT-C, 3rd FLOOR 406, KALIKAPUR, KOLKATA - 700099 West Bengal",seadorispvt@gmail.com,03324260457,9831000684,nan,nan,name_only
146,Rahul Foods (Goa),"Next to Government Fish Farm, Dauji, Ela, Old-Goa, Goa-403402, India",,,,,,,,,no_match
1501,A M FISHERIES,"XIII/378,Kakkazhom Vandanam P.O.,Ambalapuzha Alappuzha-688005, Kerala",KL1/MT/276/11,A M FISHERIES,XIII/378/KAKKAZHOM Vandanam P O ALAPPUZHA 688005 Kerala,amfish2012@gmail.com,914772272052,9846042052,nan,nan,name_only
1503,FEBIN MARINE FOODS,"ERAMALLOOR , ALAPPUZHA-688537,KERALA,INDIA.",KL1/MT/317/14,FEBIN MARINE FOODS,AP XI/144 CHANDIROOR 688537 Kerala,lab@febinmarine.com,04782879777,9846795559,nan,nan,name_only
1504,GRAND MARINE FOODS,"11/750A, Industrial Development Area, Aroor P.O., Pin-688534, Alappuzha District, Kerala",KL1/MT/283/12,GRAND MARINE FOODS,"11/750 A Industrial Development Area Aroor-688534, Alappuzha District kerala, India 688534 Kerala",grandmarinelab@gmail.com,04782875555,9895759204,nan,"Frozen:Fish Wild(Frozen Indian Mackerel, Frozen Sardine,,Frozen Skipjack Tuna, Frozen Yellofin Tuna,,Mahi Mahi, Frozen Ribbonfish Whole,,Frozen Reefcod, Frozen Red Snapper,Frozen Japanese Threadfin Bream, Frozen Anchovi,,Frozen Leather Jacket) Frozen:Shrimp Wild(Frozen Blanched PUD Shrimps IQF,,Frozen Head on Shell On Shrimps,,Frozen PDTON Shrimps,,Frozen Peeled and Deveined Tail On Shrimps,,Frozen Pelled and Undeveined Shrimps,Frozen Easy Peel Shrimps,Frozen River Shrimp Whole) Frozen:Shrimp Aquaculture(Shrimp aquaculture :,Frozen Head on Shell On Vannamei Shrimps,,Frozen Headless Vannamei Shrimps, F,Frozen Peeled and Undeveined Vannamei Shrimps,Frozen Peeled and Deveined Vannamei Shrimps,,Frozen Headless Easy Peel Vannaemi Shrimps,FrozenPeeled and Undeveined Tailon Vannamei Shrimp) Frozen:Cuttlefish(Frozen Cuttlefish whole,,Frozen Cuttlefish whole Cleaned IQF,Frozen Blanched Cuttlefish strips IQF,Frozen Cuttlefish Cubes IQF,Frozen Cuttlefish Skin, Frozen Cutttlefish Ink,Frozen Cuttlefish Roe,Frozen Cuttlefish Tentacle IQF) Frozen:Squid(Frozen Squid Whole,Frozen Squid Whole Blast Frozen,Frozen Squid Whole IQF,Frozen Squid Whole cleaned IQF,,Frozen Cut Squid IQF, Frozen Squid Tentacles IQF,,Frozen Blanched Squid Rings IQF) Frozen:Octopus(Frozen Octopus Whole,Frozen Octopus Whole Cleaned,Frozen Cut Boiled Octopus IQF) Frozen:Lobster(Frozen Head On Shell On Lobster)",name_only
1511,Mukka Proteins Limited,"D.NO.14-161 to 164, Sasihithlu road, Mukka,Mangalore-575021,Karnataka.",KA1/MT/024/06,MUKKA PROTEINS LIMITED,"MUKKA CORPORATE HOUSE NO 18 2 16/4 FIRST CROSS NG ROAD, ATTAVARA MANGALURU 575001 Karnataka",info@mukkaseafoods.com,9845522899,9845522899,www.mukkaseafoods.com,nan,name_only
1512,Janatha Fish Meal & Oil Products,"Manoor Fisheries Road,Kota-576221, UdupiDist,Karnataka",,,,,,,,,no_match
1517,Bawa FishMeal & Oil Co,"D. No. 15-3 & 15-4, Sasihithlu Road, Mukka, Surathkal,Mangalore-575021,Karnataka",KA1/MT/054/11,BAWA FISHMEAL & OIL CO,"D. No. 19-10-512/30, 4th FLOOR , PARADIGM PLAZA, A.B SHETTY CIRCLE, PANDESHWAR, MANGALORE, DAKSHINA KANNADA, KARANATAKA 575001 Karnataka",mail@bawafishmeal.com,08242420521,0984508085,nan,Others-Non Edible:Fish Oli (Non- Edible)(CRUDE FISH OIL) Others-Non Edible:Fish Meals (Non-Edible)(FISHMEAL) Others-Non Edible:Fish Soluble Paste(Non-Edible)(FISH SOLUBLE PASTE),name_only
1521,M/s Seafood Innovations,"Kodamthuruthu, Kuthiathode P.O., Cherthala, Alappuzha Dist., 688538, Kerala",,,,,,,,,no_match
1523,DOLPHIN WIRES PRIVATE LIMITED,"AP II/722, INDUSTRIAL ESTATEAROOR, ALAPPUZHA-688534KERALA, INDIA",,,,,,,,,no_match
1524,Arbee Biomarine Extracts Private Limited,"Plot No.13/P2, Thandya Industrial Area, Nanjangudi Dist., Mysore-570302, Karnataka",KL1/MT/314/14,ARBEE BIOMARINE EXTRACTS PRIVATE LIMITED,IX/405 KARIPPADOM P.O. THALAYOLAPARAMBU 686605 Kerala,mysore@arbeefishoil.com,8971091309,8971091309,nan,"Others-Edible:Fish Oil(Edible)(FISH OIL- ESTER,PURIFIED FISH OIL ESTER (ENZYMATIC),SEMI REFINED FISH OIL,REFINED FISH OIL)",name_only
1525,International Freezfish Exports (Unit 1),"A P II/ 810, Industrial Estate, Aroor- 688534, Alleppey Dist. Kerala",,,,,,,,,no_match
1526,United Marine Products,"Door No.1-1/20, Sea Road, Kotepura, Mangalore, Ullal-575020,",,,,,,,,,no_match
1539,Foodco Delicacies India (P) Ltd.,"XI/46R, Trichattukulam P.O, Cherthala, Alappuzha-688526,Kerala",KL1/MT/344/15,FOODCO DELICACIES INDIA(P)LTD,"XI/46R, THRICHATTUKULAM P O CHERTHALA ALAPPUZHA 688526 Kerala",qcm@foodcoindia.com,04782522232,9605771221,www.foodcoindia.com,nan,name_only
1543,ARBEE AQUATIC PROTEINS PVT. LTD.,"AP-II/723, Aroor Industrial Area, Aroor-688534, Alleppey Dist., Kerala",KL1/MT/353/15,ARBEE AQUATIC PROTEINS PVT LTD,"IX/405 B, KARIPPADOM P O THALAYOLAPARAMPU 686605 Kerala",mail@arbeefishoil.com,9605927947,9605927947,www.arbeefishoil.com,"Others-Non Edible:Fish Oli (Non- Edible)(Fish Meal,Fish oil) Others-Non Edible:Fish Meals (Non-Edible)(FISH OIL ( CENTRIFUGED ),FISH MEAL)",name_only
1544,BATHSHA MARINE EXPORTS PVT LTD,"BUILDING NO.II/732, INDUSTRIAL ESTATE, AROOR,ALAPPUZHA, KERALA-688534  INDIA",KL1/MT/351/15,BATHSHA MARINE EXPORTS PVT .LTD.,"BUILDING NO.II/732 A INDUSTRIAL ESTATE AROOR,ALAPPUZHA 688534 Kerala",bathshamarineexports@gmail.com,04782871188,9387237886,nan,nan,name_only
1546,Ullal Fish Meal & Oil Company,"D.No.1-19/ISeaRoad,Kotepura,Ullal, Mangalore-575020",,,,,,,,,no_match
1549,EMINENT SEAFOODS PVT LTD,"16/1127A, PLOT NO.9, COCHIN FISHERIES HARBOUR , THOPPUMPADY ,COCHIN -682005",,,,,,,,,no_match
1556,AUTHENTIC OCEAN TREASURE,"Plot No. 1P-63A, M.S.E.Z., Mangalore Karnataka, Pin- 574142",,,,,,,,,no_match
1557,Malpefresh Marine Export Private Limited,"D.NO. D-II, 19A-5, Devalkunda, Vishnumurthy Temple Rd, Kundapur Taluk, Udupi, Karnataka-576230",KA1/MT/091/17,MALPEFRESH MARINE EXPORT PRIVATE LIMITED,"D.NO. D-II 19A-5, DEVALKUNDA, VISHNUMURTHY TEMPLE RD. KUNDAPUR TALUK UDUPI KARNATAKA 576230 Karnataka",malpefresh@gmail.com,9448120854,9448120854,nan,"Frozen:Fish Wild(frozen mackerel whole,frozen ribbobfish whole,frozen reefcod whole,frozen horse mackerel whole,frozen ribbonfish whole iwp) Frozen:Shrimp Wild(FROZEN SHRIMPS HEAD ON,HEADLESS SHELL ON,pud,p & d,pud tail on,P&D TAIL ON,butterfly) Frozen:Shrimp Aquaculture(FROZEN SHRIMPS HEAD ON,FROZEN SHRIMPS HEADLESS SHELL ON,pud,PUD TAIL ON,p & d,P&D TAIL ON,butterfly) Frozen:Cuttlefish(frozen cuttlefish whole,frozen cuttlefish whole cleaned) Frozen:Squid(frozen squid whole,frozen cut squid,frozen squid rings,frozen squid whole cleaned iqf,frozen squid cut rings,frozen squid tube) Frozen:Octopus(frozen octopus whole short arm,frozen octopus whole long arm,frozen octopus whole areal,frozen octopus whole long tentacle)",name_only
1559,BarakaOverseasTraders,"P.B.No.1204,BeachRoad,UllalDakshina, Kannada, Mangalore, Karnataka-575020.",,,,,,,,,no_match
1561,AL BADR SEAFOODS PVT. LTD. (UNIT-II),"PLOT NO. 33 B, CSEZ,KAKKANAD, COCHIN-682037, KERALA",,,,,,,,,no_match
1563,"Raj Fishmeal and Oil Company – Unit-II,","D.No 1-23B, 3rdCross Malpe, Madhwaraj Road Malpe, Udupi District, Karnataka -576108.",,,,,,,,,no_match
1580,QFROZ TRADES  PRIVATE LIMITED,"XXII/623,(AP II/857A),
INDUSTRIAL AREA ,AROOR,
ALAPPUZHA -688534,
KERALA,INDIA",KL1/MT/413/19,QFROZ TRADES PRIVATE LIMITED,"XXII/623, (AP II/857A), INDUSTRIAL AREA, AROOR 688534 Kerala",qfrozlab@gmail.com,04782872157,9037903414,www.qfroz.com,"Frozen:Fish Wild(FROZEN SKIP JACK TUNA WHOLE ROUND,FROZEN YELLOW FIN TUNA WHOLE ROUND,FROZEN YELLOW FIN TUNA LOINS,/STEAKS/FILLETS,CUBES,FROZEN SKIP JACK TUNA FILLETS/LOINS/STEAKS/CUBES,FROZEN SWORD FISH HEADLESS TAILLESS GUTTED,FROZEN SAILFISH HEADLESS TAILLESS GUTTED,FROZEN MARLIN FISH HEADLESS TAILLESS GUTTED,FROZEN MACKEREL WHOLE,FROZEN RIBBON FISH WHOLE,FROZEN LEATHER JACKET WHOLE,FROZEN SARDINE WHOLE,FROZEN SEER FISH WHOLE) Frozen:Shrimp Wild(FROZEN HL SHRIMPS,FROZEN PUD SHRIMPS,FROZEN PD SHRIMPS,FROZEN PVPD SHRIMPS,FROZEN WHOLE SHRIMPS) Frozen:Shrimp Aquaculture(FROZEN HLSO VANNAMEI SHRIMP,FROZEN VANNAMEI SHRIMP -PUD, PD,PVPD) Frozen:Cuttlefish(FROZEN CUTTLE FISH WHOLE,,FROZEN CUTTLE FISH WHOLE CLEANED,FROZEN CUTTLEFISH FILLETS,,FROZEN CUTTLEFISH ROE, INK) Frozen:Squid(FROZE SQUID WHOLE,FROZEN SQUID WHOLE CLEANED,FROZEN SQUID TUBES,FROZEN SQUID TENTACLES .,FROZEN SQUID RINGS) Frozen:Octopus(FROZEN OCTOPUS WHOLE,,FROZEN OCTOPUS WHOLE CLEANED,FROZEN OCTOPUS WHOLE GUTTED) Chilled:Fish Wild(CHILLED SARDINE,CHILLED GROUPER,CHILLED REEFCOD,CHILLED MACKEREL) Chilled:Shrimp Wild(CHILLED TIGER PRAWN,CHILLED SHRIMPS WHOLE) Chilled:Shrimp Aquaculture(CHILLED VANNAMEI SHRIMPS WHOLE) Chilled:Cuttlefish(CHILLED CUTTLE FISH WHOLE) Chilled:Squid(CHILLED SQUID WHOLE)",name_only
1581,NAS FISHERIES PRIVATE LIMITED,"16/1712, Old No.22/1173-A  NH.47,EDAKOCHI,KOCHI-682010,KERALA,INDIA",,,,,,,,,no_match
1583,Yashaswi Fish Meal and Oil Company- Branch 1,"Plot No IP-25A, Mangalore SEZ Permude Village, Mangalore Dakshina Kannada Karnataka-574509",,,,,,,,,no_match
1584,SHREE ULKA LLP,"IP-48 A & B, MSEZ Mangalore Dakshina Kannad, Karnataka-574509",MA1/MT/380/19,SHREE ULKA LLP,"GOLD CREST, FLAT NO-1501 NAWDA PHASE 2 TAL-PANVEL/400614 400614 Maharashtra",mail@shreeulka.com,8291813502,8291851404,www.shreeulka.in,Frozen:Fish Wild(FROZEN SURIMI),name_only
1585,Sterling Foods Unit-2,"Door No:2-157-1-A&B, Sasihithlu,Dakshina Kannada, Mangalore,Karnataka-574146",,,,,,,,,no_match
1587,Mangalore Fish Meal & Oil Company,"Door No. 1-1-22 & 22 (1), Sea Road,Kotepura,Ullal,Mangalore-575020, Karnataka.",,,,,,,,,no_match
1590,Span Aquatic Products,"Door No. 1-15/1 and 1-15/2, Kotepura,Ullal, Mangalore Taluk,Karnataka- 575020",KA1/MT/055/11,SPAN AQUATIC PRODUCTS,"D.No. 19-10-512/30, 4th Floor, Paradigm Plaza, A.B Shetty Circle, Pandeshwar Mangalore 575001 Karnataka",spanaquaticproducts@gmail.com,08242420521,9448146858,nan,Others-Non Edible:Fish Meals (Non-Edible)(FISHMEAL),name_only
1594,YASHASWI FISH MEAL AND FISH OIL COMPANY BRANCH: 3,"D No 16-150 20, S.No.433/1, Plot No.20,  Shivalli Industrial Area, Manipal, Udupi, Karnataka-576104",,,,,,,,,no_match
1597,ARABIAN MARINE EXPORTS,"Marine Export Unit, Door No-146, Survey No. 1681-D Tadri, Kumta, Uttar Kannad Karnataka - 581326",KA1/MT/132/22,ARABIAN MARINE EXPORTS,"MARINE EXPORT UNIT DOOR NO-146, SURVEY NO 1681-D, TADRI, KUMTA 581326 Karnataka",kfdcffm@gmail.com,9665733998,9481700228,www.arabianmarineexports.com,"Frozen:Fish Wild(FROZEN INDIAN MACKEREL WHOLE,FROZEN LEATHER SKIN WHOLE,FROZEN RIBBON FISH WHOLE,FROZEN ROUND SCAD WHOLE,FROZEN HORSE MACKEREL WHOLE) Frozen:Cuttlefish(FROZEN CUTTLEFISH WHOLE) Frozen:Squid(FROZEN SQUID WHOLE,FROZEN NEEDLE SQUID WHOLE)",name_only
1599,ASIAN MARINE FOODS,"VI/1330(Old No:VII 464)KOCHANGADIKOCHI- 682 002, KERALA, INDIA",KL1/MT/455/21,ASIAN MARINE FOODS,VI/1330 (OLD No.VII/464) KOCHANGADI KOCHI 682002 Kerala,asianmarinefoods2020@gmail.com,9995080014,9995080014,nan,"Frozen:Fish Wild(FROZEN FISH WHOLE,FROZEN HEADLESS TAILLESS FISHES,FROZEN FISH GUTTED,FROZEN FISH FILLET,FOZEN FISH STEAKS,FROZEN INDIAN MACKEREL WHOLE,FROZEN SKIPJACK TUNA WHOLE,FROZEN YELLOWFIN TUNA WHOLE,FROZEN RIBBON FISH WHOLE) Frozen:Shrimp Wild(FROZEN SHRIMP WHOLE,FROZEN PEELED AND DEVEINED SHRIMPS,FROZEN PEELED AND UNDEVEINED SHRIMP,FROZEN HEADLESS SHRIMPS,FROZEN HEADLESS SHELL ON SHRIMPS,FROZEN PEELED AND UNDEVEINED TAIL ON SHRIMPS,FROZEN PEELED AND DEVEINED TAIL ON SHRIMPS,FROZEN EASY PEEL SHRIMPS,FROZEN RIVER SHRIMP WHOLE,FROZEN PULLED DEVIENED SHRIMPS) Frozen:Shrimp Aquaculture(FROZEN HEAD ON VANNAMEI SHRIMPS,FROZEN HEADLESS VANNAMEI SHRIMPS,FROZEN PEELED UNDEINED VANNAMEI SHRIMPS,FROZEN PEELED DEINED VANNAMEI SHRIMPS,FROZEN PEELED UNDEINED TAIL ON VANNAMEI SHRIMPS,FROZEN PEELED DEINED TAIL ON VANNAMEI SHRIMPS,FROZEN HEADLESS EASY PEEL VANNAMEI SHRIMPS) Frozen:Cuttlefish(FROZEN CUTTLEFISH WHOLE,FROZEN CUTTLEFISH WHOLE CLEANED,FROZEN CUTTLEFISH ROE,FROZEN CUTTLEFISH FILLET) Frozen:Squid(FROZEN SQUID WHOLE,FROZEN SQUID WHOLE CLEANED,FROZEN SQUID RINGS,FROZEN SQUID TENTACLES,FROZEN SQUID TUBES) Frozen:Octopus(FROZEN OCTOPUS WHOLE,FROZEN OCTOPUS WHOLE CLEANED,FROZEN OCTOPUS GUTTED)",name_only
1600,Byrd Foods International LLP,"Hall No.02&03,SDF building,KSIDC Mega Food Park,KSIDC IGC,Pallipuram P O.,Cherthala,Alappuzha,Kerala,India Pin-688541",KL1/MT/468/22,BYRD FOODS INTERNATIONAL LLP,"HALL No.02 & 03, SDF BUILDING KSIDC MEGA FOOD PARK,KSIDC IGC PALLIPURAM P.O., CHERTHALA, ALAPPUZHA 688541 Kerala",info@byrdfoods.in,9846712220,9846712220,nan,nan,name_only
1601,"ACCELERATED FREEZE DRYING  COMPANY LIMITED,(UNIT-2)","FROZEN FOODS PLANT,14/418,THURAVOOR-KUMBALANGI ROAD,EZHUPUNNA ,CHERTHALA, ALAPPUZHA-688537",,,,,,,,,no_match
1602,EVERGREEN EXPORTS,"BEHIND PORT TRUST HOSPITAL,WILLINGDON ISLAND,KOCHI - Pin â?? 682003",KL1/MT/490/23,EVERGREEN EXPORTS,BEHIND PORT TRUST HOSPITAL WILLINGDON ISLAND KOCHI 682003 Kerala,evergreenexportsaj@gmail.com,9447173337,9447173337,nan,"Frozen:Fish Wild(FROZEN YELLOWFIN TIUNA WHOLE ROUND,FROZEN SKIPJACK TUNA WHOLE) Frozen:Shrimp Wild(FROZEN PUD SHRIMP,FROZEN HLSO SHRIMP,FROZEN HEADLESS SHELL ON SHRIMP,FROZEN PVPD SHRIMP,FROZEN PUD SHRIMPS,FROZEN PEELED CUT DEVEINED TAIL-OFF SHRIMPS,FROZEN PD SHRIMP,FROZEN PEELED AND UNDEVEINED SHRMPS,FROZEN PEELED AND DEVEINED SHRIMPS,FROZEN PCD TAIL OFF SHRIMPS,INDIAN ORIGIN FROZEN SEA CAUGHT RAW POOVALAN PUD S,INDIA ORIGIN FROZEN SEA CAUGHT RAW POOVALAN PULLED,FROZEN SEACAUGHT PEELED CUTDEVEINED TAIL OFF SHRMP) Frozen:Shrimp Aquaculture(FROZEN PUD VANNAMEI SHRIMP,FROZEN HLSO VANNAMEI SHRIMP,FROZEN HEADLESS SHELL ON VANNAMEI SHRIMP,FROZEN PVPD VANNAMEI SHRIMP,FROZEN VANNAMEI PUD SHRIMPS,FROZEN PEELED CUT DEVEINED TAIL-OFF SHRIMPS,FROZEN PD VANNAMEI SHRIMP,FROZEN PEELED AND UNDEVEINED VANNAMEI SHRMPS) Frozen:Cuttlefish(FROZEN CUTTLE FISH WHOLE,FROZEN CUTTLEFISH WHOLE CLEANED,FROZEN CUTTLEFISH ROE) Frozen:Squid(FROZEN SQUID WHOLE,FROZEN SQUID WHOLE CLEANED,FROZEN BUTTLEFLY SQUID) Frozen:Octopus(FROZEN OCTOPUS WHOLE,FROZEN OCTOPUS WHOLE CLEANED,FROZEN OCTOPUS GUTTED,FROZEN BABY OCTOPUS WHOLE) Frozen:Lobster(FROZEN SAND LOBSTER IF)",name_only
1609,OCEAN PROTEINS PRIVATE LIMITED,"PLOT NO.281 AND 282,BAIKAMPADY INDUSTRIAL AREA, MANGALORE, DAKSHIN KANNAD, KARNATAKA-575011",KA1/MT/141/23,OCEAN PROTEINS PRIVATE LIMITED,"PLOT NO:281 AND 282, BAIKAMPADY, INDUSTRIAL AREA MANGALORE 575011 Karnataka",oceanproteins2019@gmail.com,9879524791,9879524791,nan,"Frozen:Fish Wild(FROZEN ITOYORI SURIMI,FROZEN ESO SURIMI,FROZEN KINTOKIDAI SURIMI,FROZEN TACHIUO SURIMI,FROZEN HATA SURIMI,FROZEN KAWAHAGI SURIMI,FROZEN ITOYORI MIX SURIMI,FROZEN TACHIUO MIX SURIMI,FROZEN SURIMI MIX FISH,FROZEN MAMAKARI SURIMI,FROZEN HORSE MACKEREL SURIMI,FROZEN LESSER SARDINE SURIMI,FROZEN RIBBONFISH WHOLE,FROZEN CROAKER WHOLE,FROZEN REEFCOD WHOLE,FROZEN INDIAN MACKEREL WHOLE,FROZEN TUNA WHOLE) Frozen:Shrimp Wild(FROZEN TIGER PRAWN WHOLE,FROZEN WHITE PRAWN WHOLE) Frozen:Shrimp Aquaculture(FROZEN HEADON VANNAMEI SHRIMPS,FROZEN HEADLESS VANNAMEI SHRIMPS) Frozen:Cuttlefish(FROZEN CUTTLEFISH WHOLE,FROZEN CUTTLEFISH WHOLE CLEANED,FROZEN CUTTLEFISH ROE) Frozen:Squid(FROZEN SQUID WHOLE,FROZEN SQUID WHOLE CLEANED,FROZEN SQUID TUBES,FROZEN SQUID RINGS,FROZEN SQUID TENTACLES) Frozen:Octopus(FROZEN OCTOPUS WHOLE,FROZEN OCTOPUS CLEANED)",name_only
1610,GHAN MARINE EXIM,"PLOT NO.17/C, KSIDC FOOD PARK, PALLIPPURAM, CHERTHALA, ALAPPUZHA-688541",KL1/MT/514/24,GHAN MARINE EXIM,"PLOT No.17/C, KSIDC FOOD PARK PALLIPPURAM POST-688541 CHERTHALA 688541 Kerala",ghanmarineexim@gmail.com,9447182622,9447182622,nan,"Frozen:Fish Wild(MAHI MAHI,SWORD FISHES,SKIP JACK TUNA,YELLOW FIN TUNA,BLUE FIN,MACKEREL,SARDINE,PINK PERCH,WHITE SNAPPER,RED SNAPPER,Leather jacket,Ribbon fish,Lizard fish,Grouper,Reef cod (RED),Pomfret (Silver, Chinese and Black),Seer Fish,Big eye tuna,tuna) Frozen:Fish Aquaculture(CARP,catfish.,tilapia,,Catla,SNAKE HEADS) Frozen:Shrimp Wild(Indian prawn,Blue shrimp,Tiger shrimp,Brown shrimp) Frozen:Shrimp Aquaculture(Scampi (Macrobrachium rosenbergii),Black tiger (Penaeus monodon),White (Fenneropenaeus sindicus),Pacific white leg shrimp(Litopenaeus vannamei),Frozen Shrimp Whole,Frozen Shrimp HL,Frozen Shrimp HL Easy peel,Frozen Shrimp Peeled Tail on (Fantail Round),P D TO,PD FR,PUD,PD) Frozen:Cuttlefish(S.pharaonis,S.aculeate,S.eliptica,S.prashadi,S.inermis) Frozen:Squid(Squid –Loligo,L.duvauceli,L.vulgaris,L.edulis,squid whole) Frozen:Octopus(O.herdmani,Octopus globosus,O.dolfusi,O.membranaceus,octopus whole,Octopus Whole cleaned)",name_only
1611,Karthik Marine Industries,"S NO 187/7,PITHRODY,
UDYAVARA,UDUPI, KARNATAKA, 574118",KA1/MT/145/23,KARTHIK MARINE INDUSTRIES,nan,karthikmarineindustries@gmail.com,9227731314,9740759198,nan,"Frozen:Fish Wild(FROZEN ITOYORI SURIMI,FROZEN MAMAKARI SURIMI,FROZEN ESO SURIMI,FROZEN ITOYORI MIX SURIMI,FROZEN TACHIUO SURIMI,FROZEN LEATHER JACKET SURIMI,FROZEN KINTOKIDAI SURIMI,FROZEN HIMEJI SURIMI,FROZEN MIX SURIMI,FROZEN GUCHI SURIMI)",name_only
1612,GOLDMARINE EXPORTS PVT.LTD,"SNDP JUNCTION
THURAVOOR P.O, KUTHIYATHODE
ALAPPUZHA DIST.688532
KERALA",,,,,,,,,no_match
1613,"FRONTLINE EXPORTS PVT.LTD.,UNIT-2","INDUSTRIAL ESTATE , AROOR, ALAPPUZHA , KERALA -688 534",,,,,,,,,no_match
1614,AVANTNATURE FOODS PRIVATE LIMITED,"VASANTHANARASAPURA INDUSTRIAL AREA, INDIA  FOOD PARK PHASE 3 KORA HOBLI  TUMKUR, TUMAKURU, KARNATAKA, 572138",,,,,,,,,no_match
1800,APEX FROZEN FOODS LIMITED,"3-160,Panasapadu,Kakinada-533005,Andhra Pradesh",,,,,,,,,no_match
1819,SURYAMITRA EXIM PVT. LTD.,"R.S No. 130, Yanamadurru Village, Bhimavaram Mandal, West Godavari District-534239, Andhra Pradesh",,,,,,,,,no_match
182,"Castlerock Fisheries Pvt. Ltd.,","Plot No. 101, G.I.D.C.
Estate, Veraval-362269, Gujarat, India",MA1/MT/077/05,CASTLEROCK FISHERIES PVT. LTD.,"203, Dalamal Chambers, New Marine Lines, Mumbai 400020 Maharashtra",crfmpeda@gmail.com,22085661,9819019419,www.castlerock.in,"Frozen:Shrimp Wild(SCAMPI,HL BROWN SHRIMPS,PUD BROWN SHRIMPS,PDTO BROWN SHRIMPS,HL PINK BROWN SHRIMPS,PUD PINK BROWN SHRIMPS,PUD KARIKADI SHRIMPS,PUD TAIL-ON BROWN SHRIMPS,PD BROWN SHRIMPS) Frozen:Shrimp Aquaculture(HL VANNAMEI SHRIMPS,HL EASY PEEL VANNAMEI SHRIMPS,PD VANNAMEI SHRIMPS,PDTO VANNAMEI SHRIMPS,H/ON VANNAMEI SHRIMPS,H/ON BLACK TIGER SHRIMPS,HL BLACK TIGER SHRIMPS) Frozen:Cuttlefish(CUTTLE FISH WHOLE,CUTTLE FISH WHOLE CLEANED) Frozen:Squid(SQUID WHOLE,SQUID WHOLE CLEANED) Frozen:Octopus(OCTOPUS WHOLE CLEANED) Frozen:Lobster(WHOLE LOBSTER,COOKED LOBSTER)",name_only
1829,"Britto Seafoods Exports PVT.,LTD.","NO. 4/1 Balakrishnan street, Tondiarpet, Chennai - 600 081",,,,,,,,,no_match
1836,MUNNANGI SEA FOODS PVT. LTD.,"Sy. No. 475, Jarugumalli (Post & Mandal), Prakasam District-523276, Andhra Pradesh",,,,,,,,,no_match
1839,CRYSTAL SEA FOODS PRIVATE  LIMITED,"Sy.No : 233/3B, 234/2, 261/3A,  Challareddy palem (P), Nayuni Palli(Rev V), Near Potti Subbaiah Palem (V), Vetapalem(M), Prakasam (D), Andhra Pradesh-523187",,,,,,,,,no_match
1840,BABY MARINE (EASTERN) EXPORTS (UNIT II),"DOOR NO. 341, SURVEY NO. 85/2A1, 85/2AC1, MANDAPAM, RAMANATHAPURAM DISTRICT-623518, TAMILNADU, INDIA.",,,,,,,,,no_match
1841,SMSEA MARINES PRIVATE LIMITED,"SURVEY # 63 PART, DUKKAVANIPALEM VILLAGE, GAMBHEERAM PANCHAYAT, ANANDAPURAM MANDAL,VISAKHAPATNAM-531163, ANDHRA PRADESH",AP1/RX/228/22,SMSEA MARINES PRIVATE LIMITED,"D. NO. 1-44-3/2, FLAT NO.A2, SEA SANDS, APARTMENTS, SECTOR-1, MVP COLONY,/530017 530017 Andhra Pradesh",docs@smsea.in,7997679977,9848127377,nan,nan,name_only
1842,KIEFER SEA FOODS,"1/36/4, Main Road, Vagaikulam, Mudivaithanendal, Tuticorin-628102, Tamil Nadu",TN2/MT/189/15,KIEFER SEA FOODS,"1/127, Fisherman Colony, Tharuvaikulam PO Tuticorin-628 105 628105 Tamil Nadu",kieferseafoods@gmail.com,04612277215,9629778286,nan,"Frozen:Fish Wild(ANCHOVY HEADLESS,ANCHOVY WHOLE,SARDINE HEADLESS,SARDINE WHOLE,RIBBON FISH WHOLE,MACKERAL WHOLE HEADLESS,MACKERAL HEADLESS,JAPANESE THREAD FIN BREAM HEADLESS CLEANED,OIL SARDINE HEADLESS,OIL SARDINE WHOLE,KING FISH STEAKS,SWORD FISH STEAKS HEADLESS,FALSE TRAVALLY WHOLE,STREAKED SPINE FOOT HEADLESS,WHIP TAIL STING RAY HEADLESS,YELLOW FINE TUNA HEADLESS,YELLOW FINE TUNA WHOLE,SKIP JACK TUNA WHOLE,BAIGAI WHOLE,CUTTLE FISH WHOLE,CUTTLE FISH WHOLE CLEANED,SQUID WHOLE)",name_only
1844,ABAD OVERSEAS PVT.LTD.,"SY.No.157/1, Amudalapalli Village, Nizampatnam (Mandal), Guntur District, Andhra Pradesh-522314, India.",,,,,,,,,no_match
1847,VEERABHADRA EXPORTS PRIVATE LIMITED,"Survey No.116, Gurajanapalli, Karapa (Mandal), Kakinada, East Godavari District - 533016, Andhra Pradesh",AP6/MT/037/15,VEERABHADRA EXPORTS PRIVATE LIMITED,"3rd FLOOR, D.No: 11-15-3, NEAR BALA TRIPURA SUNDARI TEMPLE, ACHYUTARAMAYYA STREET, KAKINADA 533004 Andhra Pradesh",md@vbexports.com,08842374207,9849801111,www.vbexports.com,nan,name_only
1848,Arjuna Natural Private Limited,"15/4B, Sirambarayampalayam Road, Sennappachetty Pudur Post, Karumatham patty (Via), Coimbatore-641059",,,,,,,,,no_match
1849,JRJ SEA FOODS INDIA PVT. LTD,"No.155 JRJ Building, Avudaiyarkovil Road, Manjakuddi Village, Kottaipattinam Post, Manamelkudi Taluk, Pudukottai District, Tamil Nadu 614 619 India.",TN2/MT/188/15,JRJ SEA FOODS INDIA PVT LTD,"No.155, JRJ Building,Avudaiyarkovil Road Manjakkudi village, Kottaipattinam PO Manamelkudi Tk, Pudukkottai Dist 614619 Tamil Nadu",jujan@jrjseafoods.com,04371260932,9443121131,www.jrjseafoods.com,"Frozen:Fish Wild(FROZEN SKIP JACK TUNA WHOLE) Frozen:Shrimp Wild(HEADLESS SHELLON WHITE SHRIMPS) Frozen:Shrimp Aquaculture(FROZEN HEADON SHELLON VANNAMEI SHRIMPS,FROZEN HEADLESS SHELLON VANNAMEI SHRIMPS) Frozen:Cuttlefish(FROZEN CUTTLEFISH WHOLE,FROZEN CUTTLEFISH WHOLE ROUND) Frozen:Squid(FROZEN THONDI SQUID WHOLE,FROZEN THONDI SQUID WHOLE ROUND) Frozen:Octopus(FROZEN IF WHOLE CLEANED BABY OCTOPUS,FROZEN OCTOPUS WHOLE,FROZEN OCTOPUS WHOLE ROUND) Chilled:Fish Wild(TUNA FISH WHOLE) Chilled:Shrimp Aquaculture(HEADLESS SHELLON VANNAMEI SHRIMPS)",name_only
1854,GROWEL PROCESSORS PVT. LTD.,"S.No. 8/6, Singarayapalem Village Post, Mudinepalli Manadal, Krishna District-521329, Andhra Pradesh",AP6/MT/036/15,GROWEL PROCESSORS PVT. LTD.,"S.No.8/6, SINGARAYAPALEM (V) MULINEPALLI (M), KRISHNA DIST. ANDHRA PRADESH/521329 521329 Andhra Pradesh",qc.dm@growelprocessors.com,08677283555,9949914455,nan,nan,name_only
1855,NEELI AQUA PRIVATE LIMITED,"Vipparlavaripalem Village, Near Korisapadu NH-5, Addanki Mandal,Prakasam District,Andhra Pradesh -523 212",,,,,,,,,no_match
1856,Naga Hanuman Fish Packers Unit-1,"Survey No.71p & 73p Palavalasa Village,Anandapuram Mandal,Visakhapatnam-530052,Andhrapradesh",,,,,,,,,no_match
1857,Penver Products Limited,"Door No.285, Voduru Post, Punnaparivaripalem Road, Chillakur Mandal, Nellore Dist, Andhra Pradesh-524410",KL1/RX/518/24,PENVER PRODUCTS LIMITED,AP 22/610 A & 610 B DISTRICT INDUSTRIES ESTATE AROOR Kerala,lab@penverproducts.com,9847330025,9847054605,nan,nan,name_only
1858,ARYA SEA FOODS PRIVATE LIMITED,"RS NO:417/3,4, BUDHARAYUDU CHERUVU VILLAGE, KONITHIWADA PANCHAYAT, VEERAVASARAM MANDAL, WEST GODAVARI DISTRICT,ANDHRA PRADESH-534247",AP1/MT/185/15,ARYA SEA FOODS PRIVATE LIMITED,"48-18-66, Tulasipeta, Rama Talkies Jn., Visakhapatnam - 530 013 530013 Andhra Pradesh",aryaseafoodsltd@gmail.com,9866660443,9866660443,nan,"Frozen:Shrimp Aquaculture(Raw Peeled & Deveined Tail Off Shrimp,Raw Peeled & Deveined Tail On Shrimp,Easy Peel Headless Shell On Shrimp,Headless Shell On Shrimp)",name_only
1861,SOUTHERN TROPICAL FOODS PVT. LTD.,"Sy. No. 11, K.Bitragunta Village,
Jarugumalli Mandal, Prakasam District
Andhra Pradesh - 523 101.",AP6/MT/043/16,SOUTHERN TROPICAL FOODS PVT. LTD.,"FLAT NO.4, SIVALEELA APARTMENTS, 3/2, ASHOK NAGAR, GUNTUR, 522001 522001 Andhra Pradesh",kartheekyarlagadda@gmail.com,9949906369,9849501111,nan,"Frozen:Shrimp Aquaculture(Raw Frozen Peeled And Deveined Tail Off Vannamei S,Raw Frozen Peeled And Deveined Tail On Vannamei Sh,Raw Frozen Peeled And Deveined Tail On Butterfly C,Raw Frozen Peeled And Deveined Vannamei Shrimps-IQ,Cooked Frozen Peeled And Deveined Tail On Vannamei,Cooked Frozen Peeled And Deveined Tail Of Vannamei,Raw Frozen Headless Shellon Easy Peel Vannamei Shr)",name_only
1862,MILESH MARINE EXPORTS PVT.LTD.,"Sy. No. 83, Munipeda Village, Kruthivennu Mandal, Krishna Distrcit, Andhra Pradesh 521324",AP6/MT/044/16,"MILESH MARINE EXPORTS PVT. LTD.,","D.No.25-9-245/16, GOLLAVANITHIPPA ROAD, OPP. ANJANEYASWAMY TEMPLE, BHIMAVARAM 534202 Andhra Pradesh",mileshexports@gmail.com,08816225333,9393656789,nan,"Frozen:Shrimp Aquaculture(RAW HEAD ON SHRIMPS BLOCK,RAW HEAD ON SHRIMPS IQF,RAW HEADLESS SHELL ON EASY PEEL IQF,RAW PEELED AND UNDEVEINED SHRIMPS BLOCK,RAW PEELED AND UNDEVEINED SHRIMPS IQF,RAW PEELED AND UNDEVEINED TAIL OFF SHRIMPS BLOCK,RAW PEELED AND UNDEVEINED TAIL OFF SHRIMPS IQF,RAW PEELED AND PULLED VEIN TAIL OFF SHRIMPS IQF,RAW PEELED AND PULLED VEIN TAIL ON SHRIMPS IQF,RAW PEELED AND PULLED VEIN TAIL ON SHRIMPS BLOCK,RAW FROZEN PD TAIL OFF VANNAMEI SHRIMPS IQF,RAW FROZEN PD TAIL ON VANNAMEI SHRIMPS IQF,FROZEN RAW PD TAIL OFF VANNAMEI SHRIMPS IQF,FROZEN RAW PD TAIL ON VANNAMEI SHRIMPS IQF,FROZEN RAW HL EASY PEELE VANNAMEI SHRIMPS IQF,RAW HEADLESS SHELL ON EASY PEELE SHRIMPS IQF,RAW HEADLESS SHELL ON SHRIMPS BLOCK)",name_only
1863,AQUATICA FROZEN FOODS GLOBAL PVT. LTD.,"Sy No. 235/3 & 4, 236/1, 237/1, Nayunipalli village, Challareddypalem Panchayat, Vetapalem Post-523187, Prakasam District, Andhra Pradesh.",AP1/MT/188/16,AQUATICA FROZEN FOODS GLOBAL PVT. LTD,"D.NO. 1-116/4/1 & 2 , PLOT NO. 401&402 VISALAKSHI NAGAR, VISAKHAPATNAM /530043 530043 Andhra Pradesh",aquaticafrozenfoods@gmail.com,0891566357,7337551497,nan,"Frozen:Shrimp Aquaculture(RAW FROZEN IQF PD WHITE SHRIMPS,RAW FROZEN IQF PDTO WHITE SHRIMPS,FROZEN IQF COOKED PD WHITE SHRIMPS,FROZEN PRAWN MEAT IQF (PD BLANCHED) REATED,FROZEN IQF COOKED PDTO WHITE SHRIMPS,RAW FROZEN IQF EASY PEEL VANNAMEI SHRIMPS,RAW BLOCK FROZEN HLSO VANNAMEI SHRIMPS (NW WT/NET,RAW FROZEN IQF HLSO VANNAMEI SHRIMPS (NW WT/NET CT,FROZEN IQF COOKED PEELED & DEVEINED TAIL ON WHITE,RAW FROZEN IQF HLSO EASY PEEL VANNAMEI SHRIMPS,FROZEN IQF COOKED EASY PEEL VANNAMEI SHRIMPS,RAW FROZEN PEELED PIN DEVEINED VANNAMEI SHRIMPS,COOKED FROZEN PDTO VANNAMEI SHRIMPS IQF WITH SAUCE)",name_only
1865,JACK-VIN SEAFOODS,"S.F.No.S.No.91 Park, (Plot No.100, 101 and 102), Old S.No. 46, Pachayankuppam Village, Cuddalore District-607003,Tamil Nadu",,,,,,,,,no_match
1869,ALPHA MARINE,"SURVEY NO.587 & 589, GANDAVARAM TO PEYYALAPALEM ROAD, KAMMAVARIPALEM POST - 524316, KODAVALUR MANDAL, S.P.S.R NELLORE DISTRICT, ANDHRA PRADESH, INDIA",TN1/MT/457/16,ALPHA MARINE,"D No. 27-4-319, 8th CROSS ROAD, RAMJI NAGAR, NELLORE/524002 524002 Andhra Pradesh",ansumanchand13@gmail.com,9167084455,9167084455,nan,"Frozen:Shrimp Aquaculture(FROZEN RAW HLSO BLOCK,FROZEN RAW PDTO IQF,FROZEN RAW PD IQF,FROZEN RAW PDTO BLOCK,FROZEN RAW PD BLOCK,FROZEN RAW PUD IQF,FROZEN RAW HLSO EZPL IQF,FROZEN RAW PD BUTTERFLY TAIL OFF IQF,FROZEN RAW HLSO IQF,FROZEN RAW PVPD BLOCK,FROZEN RAW PULLED(PIN DEVEINED) BLOCK)",name_only
1878,Altair Exports,"113/8/9/10,Pallabacherry,Thathanendal,Thirupullani Village/Union, Ramanathapuram Taluk,Tamil Nadu - 623 532.",KL1/MT/471/22,ALTAIR EXPORTS,"V/525, MANNAM SHADABDHI BUILDING, ANAVATHIL, MATTANCHERRY, KOCHI, KERALA 682002 Kerala",ajmalaltairexports@gmail.com,7403007403,7403007403,www.altairexports.com,nan,name_only
1879,Avanti Frozen Foods Private limited,"Sy. No.342, 360,362,Yerravaram - 533345, Yeleswaram Mandal,Kakinada District,  Andhra Pradesh",AP1/MT/189/16,AVANTI FROZEN FOODS PRIVATE LIMITED,"FLAT NO.103, R SQUARE GROUND FLOOR PANDURANGAPURAM/530003 530003 Andhra Pradesh",muthyamreddy@avantifeeds.com,04023310260,9640555855,www.avantifrozen.com,Frozen:Shrimp Aquaculture(Freezing of Raw/Marinated/Blanched/Cooked F&FP),name_only
1880,ANI EXPORTS,"R.S No. 28/2 Cuddalore, Tollgate, Ariyankuppam, Pondicherry-605007",,,,,,,,,no_match
1884,IFAA WIN MARINE EXPORT INDIA PRIVATE LIMITED,"No.30/1, 30/A, Kottakuppam Village, Ellapuram Block, Uthukottai Taluk, Thiruvallur District 601102, Tamil Nadu",TN1/MT/509/17,IFAA WIN MARINE EXPORT INDIA PRIVATE LIMITED,"NEW NO.7, OLD NO.6/1, KAILASAM STREET TONDIARPET CHENNAI 600081 Tamil Nadu",ifaawinmarineexport@gmail.com,9380034535,9380034535,nan,"Chilled:Fish Wild(SEERFISH,GROUPER,POMFRET 300 GMS UP ONLY,SEA WHITE PRAWNS,ANCHOVY,SAND LOBSTER,SQUID,CUTTLE FISH,INDIAN MACKEREL,SARDINE)",name_only
1885,SURYA SEA FOOD EXPORTS UNIT-I,"6/33 A5, Annai Theresa Nagar, Tharuvaikulam Village, Tuticorin - 628105",,,,,,,,,no_match
1887,AKSHAY FOOD IMPEX PVT LTD,"R S NO 490/1&2 PAMARRU(V) PAMARRU(M) KRISHNA DISTRICT-521157 ANDHRA PARADESH, INDIA",,,,,,,,,no_match
1888,"Devi Fisheries Limited, Unit-5","12-274, Seethanagaram  Village, Jaggampeta Mandal, Kakinada, Andhra Pradesh-533435",,,,,,,,,no_match
1890,ROYAL IMPORTS AND EXPORTS,"Survey No.329/1,2,330/1,2,3,   332/1, 413/2,3,5 Bendapudi Village, Thondangi Mandal, East Godavari District, Andhra pradesh, India, PIN CODE : 533406",AP6/MT/068/18,ROYAL IMPORTS AND EXPORTS,"329/1,2,330/1,2,3,332/1, 413/2,3,5 BENDAPUDI VILLAGE THONDANGI MANDAL 533406 Andhra Pradesh",royalmarineie@gmail.com,9966336789,8801720072,nan,nan,name_only
1892,GLADSON EXPORTERS UNIT-II,"5/218 JAMES NAGAR, 
MUTTOM-629202, KANYAKUMARI DISTRICT, 
TAMIL NADU.",,,,,,,,,no_match
1894,AISHWARYA IMPEX,"NO:136, SOMESWARAM VILLAGE ALAPADU POST,KAIKALURU MANDAL KRISHNA DISTRICT-521340 ANDHRA PRADESH",,,,,,,,,no_match
1895,Sree Sreenivasa Cold Storage,"Sy No:157 & 165, Thulekurdhu Village & Post Â 501,509 Yacharam Mandal, RR District, Telengana",AP1/MT/205/18,SREE SREENIVASA COLD STORAGE,"survey no:157&165,Tulekurdhu village Yacharam Mandal,RR dist,T.S /501509 501509 Telangana",sreesreenivasaseafoods@gmail.com,9177821954,9177821954,nan,"Frozen:Shrimp Aquaculture(IQF PD TAIL ON,TAIL OFF,HLSO VANNAEMI,IQF PUD SHRIMP)",name_only
1904,THARANGINI  SEA FOODS,"4/210,MGR ROAD,PALAVAKKAM,CHENNAI",,,,,,,,,no_match
1905,COFOODS PROCESSORS PRIVATE LIMITED,"RS NO. 456/2, 456/3, 456/4, 458/1, 458/2, 458/3, 458/5, 461/3, AARUGOLANU ROAD, AARUGOLANU VILLAGE, BAPULAPADU MANDAL, KRISHNA DISTRICT, ANDHRA PRADESH- 521106",AP2/MT/006/21,COFOODS PROCESSORS PRIVATE LIMITED,"456/2,3,4,457/4F, 458/1,2,3,4,5,6,460/1,2 & 462/1 GUDIWADA ROAD, AARUGOLANU VILLAGE, BAPULAPADU MANDAL, KRISHNA DISTRICT,/521106 521106 Andhra Pradesh",QC.AQUA@MULPURI.ORG,9848105471,9700570090,nan,"Frozen:Shrimp Aquaculture(HLSOBLOCK,HLSOIQF,PDTOIQF,PDIQF,PDCUTDEVEINED,PDBL)",name_only
1906,AVR MARINE PRIVATE LIMITED,"R.S.NO.60/3B, Thirupathipuram Attili Mandal,West Godavari District ,Andhra Pradesh -534134 ,India",,,,,,,,,no_match
1907,KANANU EMIPRE PRIVATE LIMITED,"Door no:15-222/19/4, Balapur ward,nearRCI road,Hyderabad-500005 Telangana",,,,,,,,,no_match
1908,Nector Exports Private Limited,"Plot No: A 38,39,40,41, 9th Cross, Sedarapet Industrial Estate, Puducherry-605111.",KA1/MT/110/19,NECTOR EXPORTS PRIVATE LIMITED,"No. 25, 2nd Main Road, Muthyalanagar, Bangalore 560054 Karnataka",nectorexports@gmail.com,9894608154,9894608154,nan,nan,name_only
1936,Devi Fisheries Limited,"Plot No : D4, Sy.Nos : 208, Ponnada, U.Kothapalli Mandal, East Godavari District, Pin Code :- 533448,Andhra pradesh",,,,,,,,,no_match
1938,DEVA SEA FOOD,"3/13, Bye Pass Road, Madathur, Tuticorin - 628101, Tamil Nadu",TN2/MT/249/21,DEVA SEA FOOD,"3/13, BYE PASS ROAD, MADATHUR - 628101, TUTICORIN DISTRICT. 628101 Tamil Nadu",raja@devaseafood.com,046123405500,9443706600,nan,Canned/Bottled/Retort Pouched Product:Pasteurized(PASTEURIZED AND CHILLED CRAB MEAT),name_only
1940,AGS MARINE EXPORTS,"No,107,PALUR MAIN ROAD, SINGAPERUMAL KOIL,CHENGALPATTU, CHENGALPATTU DISTRICT -603 204",TN1/MT/614/22,AGS MARINE EXPORTS,"NO 47/86, VENKATASA STREET CHINTADARIPET CHENNAI/600002 600002 Tamil Nadu",agsmarineexport@gmail.com,9444058235,9444058235,nan,"Chilled:Fish Wild(Grouper:Tomato, Parrot Fish, Anchovy Fish,,Seer Fish,Pearl Spot,Emperor Fish,Sardine Fish, Red Snapper,,Mackerel,Silver Pomfret, White Pomfret,Black Pomfret,Coral trout, Sea white prawns,,Sea Tiger prawn,Sea Flower prawns) Chilled:Shrimp Wild(GROUPER,RED SNAPPER,FLOWER PRAWN,CORAL TROUT,PARROT FISH,SHRIMP TIGER,,PANGASIUS,SQUID,SHRIMP WHITE /NARAN,PEARL SPOT,,LEADY FISH,SEA BASS,ANCHOVY, CHINESE POMFRET,CHILLED MURREL/SNAKE HEAD(fFW),KING FISH) Chilled:Cuttlefish(Cuttlefish) Chilled:Squid(Squid)",name_only
1941,VARMA MARINE PRIVATE LIMITED,"R.S.No:361/1, Vempa Road, MogalTaru Village & Mandal, West Godavari District, Andhra Pradesh-534281",AP6/MT/119/21,VARMA MARINE PRIVATE LIMITED,"R.S.NO: 361/1, Vempa Road Mogalturu 534281 Andhra Pradesh",manoj@varmamarine.com,8374609496,8374609496,WWW@varmamarine.com,"Frozen:Shrimp Aquaculture(RAW FROZEN HLSO VANNAMEI SHRIMPS-BLOCK,RAW FROZEN PD TAIL OFF VANNAMEI SHRIMPS-IQF,RAW FROZEN PD TAIL ON VANNAMEI SHRIMPS-IQF)",name_only
1942,V B Medicare Pvt. Ltd,"Plot  No 59, 61, 62, 63, 66A & 67,SIPCOT Ind Area Phase â??II
Krishnagiri  Main Road, Hosur 635 109     (T N)",,,,,,,,,no_match
1943,FEDORA SEA FOODS PRIVATE LIMITED,"NH-16/AH-45, NORTH RAJUPALEM VILLAGE, KODAVALUR MANDALAM, NELLORE-524366",AP2/MT/014/22,FEDORA SEA FOODS PRIVATE LIMITED,16-08-201 RAMALINGAPURAM NELLORE/524003 524003 Andhra Pradesh,fedoraprocessing@gmail.com,9849048775,9849048775,nan,"Frozen:Shrimp Aquaculture(Raw Vannamei Head on Shell on IQF,Raw Vannamei Headless Shell on IQF,Raw Vannamei Peeled Deveined IQF,Raw Vannamei Peeled Deveined Block,Raw Vannamei Peeled Deveined Tail on Block,Raw Vannamei Peeled Deveined Tail on IQF,Raw Vannamei Pindevined Tail off Block,Raw Vannamei Pindevined Tail off IQF,Raw Vannamei Pindevined Tail on Block,Raw Vannamei Pindevined Tail on IQF,Raw Vannamei Easy Peel IQF,Raw Vannamei Peeled undeveined Block,Raw Black Tiger Head on Shell On IQF,Raw Black Tiger Easy Peel IQF)",name_only
1946,SANDHYA AQUA EXPORTS PRIVATE LIMITED,"KSEZ,R.Sy No.208,Plot No,D5-D6,Ponnada Village,U.Kothapalli Mandal,Kakinada,East Godavari District,Andhra Pradesh-533448",,,,,,,,,no_match
1948,Aparna Marine Exports,"Survey No: 387-3A1, 387-4, 389/2, Dammanavaripalem Panchayat, Karlapalem Mandal, Bapatla, Guntur District, Andhra Pradesh-522111",AP2/MT/016/22,APARNA MARINE EXPORTS,"SURVEY NO: 387-3A1, 387-4, 389/2, DAMMANAVARIPALEM PANCHAYAT, KARLAPALEM MANDAL, BAPATLA/522111 522111 Andhra Pradesh",exportsaparnamarine@gmail.com,9502676666,9502676666,nan,"Frozen:Shrimp Aquaculture(FROZEN RAW HEADLESS SHELLON VANNAMEI SHRIMPS BLOCK,FROZEN RAW HEADLESS SHELLON VANNAMEI SHRIMPS IQF,FROZEN RAW PEELED & DEVEINED SHRIMPS BLOCK,FROZEN RAW PEELED & DEVEINED SHRIMPS IQF,FROZEN RAW PEELED & DEVEINED TAIL ON SHRIMPS IQF,FROZEN RAW EASY PEEL DEVEINED TAIL ON SHRIMPS IQF,FROZEN RAW HEAD ON SHELL ON SHRIMPS IQF,FROZEN RAW HEAD ON SHELL ON VANNAMEI SHRIMPS IQF)",name_only
1949,Veerabhadra Exports Private Limited,"Sy. No. 264, Lampakalova, Prathipadu Mandal, Kakinada District, Andhra Pradesh - 533430",AP6/MT/037/15,VEERABHADRA EXPORTS PRIVATE LIMITED,"3rd FLOOR, D.No: 11-15-3, NEAR BALA TRIPURA SUNDARI TEMPLE, ACHYUTARAMAYYA STREET, KAKINADA 533004 Andhra Pradesh",md@vbexports.com,08842374207,9849801111,www.vbexports.com,nan,name_only
1951,KANNAN MARINE FOODS,"PLOT NO: 42, T.T.S.NAGAR, THIRUVERKADU,        CHENNAI - 600077.",,,,,,,,,no_match
1952,DEVI SEA FOODS LIMITED (UNIT-II),"SY.NO.80/5, 81/1 A, 
MULAGUNTAPADU(V),
SINGARAYAKONDA-523101 PRAKASAM DISTRICT, ANDHRA PRADESH, INDIA",,,,,,,,,no_match
1958,Sai Primus Life Biotech Pvt. Ltd,"R.S.No.4/3, Plot No. 33, Kurumapet Industrial Estate, Villianur Commune, Puducherry- 605009",,,,,,,,,no_match
1959,New Sunrise Exports,"M/s.New Sunrise Exports. S.F.No.177/2, 180/3A2, Thuthipattu Village, Ambur Taluk, Tirupathur District-635811, India",TN1/MT/647/23,NEW SUNRISE EXPORTS,"No.5/13,VENKATESA GRAMINI STREET, CHINTADRIPET, CHENNAI 600002 Tamil Nadu",new.sunriseexports@yahoo.com,09488217817,9790568928,nan,"Chilled:Shrimp Aquaculture(CHILLED GROUPER FISH, CHILLED CORAL TROUT FISH)",name_only
1960,KING MARINE EXPORTS,"No.8.Shiruvallur High Road,Perambur,chennai-600011",TN1/MT/629/22,KING MARINE EXPORTS,"No.36/1, Shakthi Flats, 1 A, Sooramal Street, Egmore, Chennai/600008 600008 Tamil Nadu",mail.kmeseafoods@gmail.com,07299446417,7299446417,nan,"Chilled:Fish Wild(king fish / seer fish , white pomfret,chinese pomfret, black pomfret,black dot grouper, brown dot grouper,tomato grouper , grouper, parrot fish,ladyfish / sand whitening, sardine,indian mackeral, coral trout fish) Chilled:Shrimp Wild(sea tiger prawns , flower prawn,sea white prawn, black tiger prawns,,vennami prawns,) Chilled:Cuttlefish(cuttle fish) Chilled:Squid(squid) Chilled:Octopus(octopus)",name_only
1965,GREAT INDIAN SEA FOODS,"S.NO: 457/2 Part ,PLOT No. 349-352, THANJAI SENGUNDAR NAGAR, VILANGADUPAKKAM",,,,,,,,,no_match
1970,SAM AQUA EXPORTS LLP,"R.S. No. 127-1, 127-2, 
Kurumaddali Village, Pamarru Mandal, Pamarru, Krishna, Andhra Pradesh, 521157
Phone:  9705097052
Mail: samaquaqc@gmail.com 
samaquaexports@gmail.com",AP2/MT/038/24,SAM AQUA EXPORTS LLP,nan,samaquaexports@gmail.com,9849218585,9849218585,nan,nan,name_only
1971,Avanti Frozen Foods Private Limited,"R.Sy.No. 13-6,13-7,13-8,7, Krishnapuram Village, Thondangi Mandal, Kakinada District, Pin-533408 Andhra Pradesh, India",AP1/MT/189/16,AVANTI FROZEN FOODS PRIVATE LIMITED,"FLAT NO.103, R SQUARE GROUND FLOOR PANDURANGAPURAM/530003 530003 Andhra Pradesh",muthyamreddy@avantifeeds.com,04023310260,9640555855,www.avantifrozen.com,Frozen:Shrimp Aquaculture(Freezing of Raw/Marinated/Blanched/Cooked F&FP),name_only
1972,M/S. MEKWORLD MARINES AND EXPORTS PRIVATE LIMITED,"S. No: 382/1, 2,3, Agarru Road, Agarthipalem Village,
Palakollu Mandal, West Godavari District, 
Andhra Pradesh, India. Pin code: 534260.",,,,,,,,,no_match
1973,Deva Sea Food Unit- 1,"3/12E Bye Pass Road, Madathur, Tuticorin-628101, Tamil Nadu",,,,,,,,,no_match
1974,Devi Sea Foods Limited (Unit-3),"R.S.No. 741/2P, 742/3P, 745/6P, 7P&8P,746/3P&4P Peravali Road, Tanuku 534211, West Godavari District, Andhra Pradesh, India",,,,,,,,,no_match
1975,Mulpuri Aqua Processors,"Survey No.460, 461/1, 461/2, 462, 462/1, Arugolanu (V), Bapulapadu (M), Krishna, Andhra Pradesh-521106",AP2/MT/037/24,MULPURI AQUA PROCESSORS,"SURVEY NO. 460, 461/1, 461/2, 462, 462/1, ARUGOLANU (V), BAPULAPADU (M), KRISHNA, ANDHRA PRADESH 521106 Andhra Pradesh",qamulpuri@gmail.com,nan,9703066390,nan,"Frozen:Fish Aquaculture(FROZEN RAW FISH FILLETS,FROZEN RAW GILLED AND GUTTED FISH) Frozen:Shrimp Aquaculture(FROZEN RAW HEADON VANNAMEI SHRIMP,FROZEN RAW HEADLESS SHELLON VANNAMEI SHRIMP,FROZEN RAW PD VANNAMEI SHRIMP,FROZEN RAW PDTO VANNAMEI SHRIMP,FROZEN RAW PUD VANNAMEI SHRIMP,FROZEN RAW PVPD VANNAMEI SHRIMP,FROZEN RAW EZPL VANNAMEI SHRIMP)",name_only
1976,CHOICE TRADING CORPORATION PRIVATE LIMITED,"Survey No:389-3, 389-2H, 389-2C, 389-2D, 387-1A, Yazali Village and Post, Dhammanavaripalem Village and Post, Karlapalem, Bapatla, Guntur District, Andhra Pradesh, 522111",TN1/MT/422/15,CHOICE TRADING CORPORATION PRIVATE LIMITED,"No.302, AKSHAYA SHANTHI, THIRD FLOOR, NO.27/44, ANNA SALAI, MOUNT ROAD, TRIPLICANE, CHENNAI, TAMIL NADU 600002 600002 Tamil Nadu",ksheela@choicegroup.in,9585522561,8086881517,nan,"Frozen:Shrimp Aquaculture(FROZEN COOKED PEELED & DEVEINED T ON SHRIMP,FROZEN RAW EZPL DEVEINED T ON SHRIMP IQF,FROZEN COOKED SHRIMP RING WITH COCKTAIL SAUCE)",name_only
1977,ALPHA MARINE LIMITED,"Sy. No. 587, 589 & 591, Gandavaram to Peyyalapalem Road, Bodduvaripalem (V), Kammavaripalem Post, Kodavalur (M), Nellore - 524316, Andhra Pradesh, India",AP2/MT/042/24,ALPHA MARINE LIMITED,"D.NO. 27-4-319, 8TH CROSS ROAD, RAMJINAGAR 524002 Andhra Pradesh",qc@alphamarinelimited.com,09966949488,9966949488,nan,nan,name_only
1978,"DEVI FISHERIES LIMITED, UNIT-6","12-275, SEETHANAGARAM VILLAGE, JAGGAMPETA MANDAL,KAKINADA DISTRICT, ANDHRA PRADESH-533435",,,,,,,,,no_match
1980,SV SEA FOODS,"S.F.NO 197/2A1C, PLOT NO: 14  KEELA ARASADI VILLAGE OTTAPIDARAM TALUK, TUTICORIN - 628 002  TAMILNADU - INDIA",TN2/MT/263/25,SV SEA FOODS,"1/90-1, KRYST GARDEN, MARAVANMADAM THOOTHUKUDI 628101 Tamil Nadu",sourcing@svseafoods.com,9942687500,6374311659,nan,nan,name_only
1984,SUMMIT MARINE EXPORTS PRIVATE LIMITED,"RS.No.435/1, Near Electrical Sub-Station, Akividu Road, Elurupadu,Kalla Mandal, West Godavari, 534236, Andhra Pradesh, India",AP6/MT/163/25,SUMMIT MARINE EXPORTS PRIVATE LIMITED,"R.S.No.435/1, Near Electrical Substation, Akiveedu road,Elurupadu, Village,Kalla Mandal 534236 Andhra Pradesh",lab@summitmarineexports.com,09704455633,9848863656,www.summitmarineexports.com,nan,name_only
1987,SANDHYA MARINES LIMITED,"R.S.NO. 117, 118, 119 127 & 130
POOLAPALLI VILLAGE, 
PALAKOLE MANDAL,
WEST GODAVARI DISTRICT - 534 250, ANDHRA PRADESH, INDIA",,,,,,,,,no_match
1999,SAI MARINE EXPORTS PVT. LTD.,"S.No.247 & 248, Narayana Reddy Peta, Nellore Rural & Mandal, SPSR Nellore District- 524 314, Andhra Pradesh",,,,,,,,,no_match
204,K. R. Sea Foods Pvt. Ltd.,"Plot No. 1006/1007, GIDC Estate, Veraval-362269, Gujarat, India",,,,,,,,,no_match
214,Indian Exports,"Plot No.1316/1-2, G.I.D.C. Estate, Veraval-362269, Gujarat-India",,,,,,,,,no_match
222,Ulka Seafoods Pvt. Ltd. (Unit- II),"Orgao Marcela, Goa 403107, India",,,,,,,,,no_match
224,Corlim Marine Exports Pvt. Ltd,"Plot No. 25-32, Phase III- B, Sancoale Industrial Estate, Zuari Nagar,Goa- 403726, India",,,,,,,,,no_match
229,Mamta Cold Storage,"Plot No.806,G.I.D.C.Estate,Veraval- 362269,Gujarat,India",GU1/MT/170/10,MAMTA COLD STORAGE,"Plot No. 806, G.I.D.C. Estate, Veraval 362269 Gujarat",bluefish229@gmail.com,9825457000,9227750112,nan,"Frozen:Fish Wild(FROZEN RIBBON FISH,FROZEN CROAKER FISH,FROZEN YELLOW CROAKER,FROZEN SILVER CROAKER,FROZEN REEF COD WHOLE,FROZEN INDIAN MACKEREL,FROZEN SOLE FISH,FROZEN HORSE MACKEREL,FROZEN BLACK SEABREAM,FROZEN GROPUER WHOLE ROUND,FROZEN RED REEF COD WOHLE,FROZEN MAHI MAHI FISH,FROZEN LEATHER JACKETS,FROZEN SPOTTED REEF COD) Frozen:Cuttlefish(FROZEN CUTTLE FISH,FROZEN CUTTLEFISH WHOLE CLEANED) Frozen:Squid(FROZEN SQUID WHOLE,FROZEN BABY SQUID,FROZEN SQUID TUBE)",name_only
234,HMG Industries Limited,"C-21/6,TTC Industrial Area, Pawne MIDC,Thane-Belapur Road, Vashi, Navi Mumbai, Maharashtra-400703,India",,,,,,,,,no_match
238,Bhavani Sea Foods,"Plot No.12/13, Fisheries Harbour, Bhidiya Plot, Veraval-362267, Gujarat, India",,,,,,,,,no_match
252,Amison  Fisheries Limited,"279/37 A1 & A2, AT & Post Kelethar, Tarkarli Road, Malvan , Dist -Sindhudurg, Maharashtra- 416606",,,,,,,,,no_match
2603,Al Irfan Exports,"Poman, Mori Village,Bhendi Pada, Nr. Universal College,Dongri Pada, Kaman Bhiwandi Road, Palghar, Maharashtra-401208",MA1/MT/412/21,AL IRFAN EXPORTS,"POMAN MORI VILLAGE, BHENDI PADA NR UNIVERSAL COLLEGE, DONDGRI PADA, KAMAN BHIWANDI ROAD 401208. 401208 Maharashtra",alirfanexports@gmail.com,9820073916,9820073916,nan,"Chilled:Fish Wild(Catla Whole,Catla Gutted,Catla fillets,Catla Steaks,Catla Chunks,Rohu Whole,Rohu Gutted,Rohu fillets,Rohu Steaks,Rohu Chunks,Orangefin labeo Whole,Orangefin labeo Gutted,Orangefin labeo fillets,Orangefin labeo Steaks,Orangefin labeo Chunks,Mrigal Whole,Mrigal Gutted,Mrigal fillets,Mrigal Steaks,Mrigal Chunks,Tilapia Whole,Tilapia Gutted,Tilapia fillets,Tilapia Steaks,Tilapia Chunks,Pearl spot Whole,Pearl spot fillets,Pearl spot Gutted,Pearl spot Steaks,Pearl spot Chunks,Common carp Whole,Common carp Gutted,Common carp fillets,Common carp Steaks,Common carp Chunks,Silver carp Whole,Silver carp Gutted,Silver carp fillets,Silver carp Steaks,Silver carp Chunks,Grass carp Whole,Grass carp Gutted,Grass carp fillets,Grass carp Steaks,Grass carp Chunks,Murrels Whole,Murrels Gutted,Murrels fillets,Murrels Steaks,Murrels Chunks,Spotted Cat fish Whole,Spotted Cat fish Gutted,Spotted Cat fish fillets,Spotted Cat fish Steaks,Spotted Cat fish Chunks,Cobia Whole,Cobia Gutted,Cobia fillets,Cobia Steaks,Cobia Chunks,Climbing perch Whole,Climbing perch Gutted,Climbing perch fillets,Climbing perch Steaks,Climbing perch Chunks,Silver pomfret Whole,Silver pomfret Gutted,Silver pomfret fillets,Silver pomfret Chunks,Silver pomfret Steaks,Black pomfret Whole,Black pomfret Gutted,Black pomfret fillets,Black pomfret Steaks,Black pomfret Chunks,Chinese pomfret Whole,Chinese pomfret Gutted,Chinese pomfret fillets,Chinese pomfret Steaks,Chinese pomfret Chunks,Croaker Whole,Croaker Gutted,Croaker fillets,Croaker Steaks,Croaker Chunks,Japanese threadfin bream Whole,Japanese threadfin bream Gutted,Japanese threadfin bream fillets,Japanese threadfin bream Steaks,Japanese threadfin bream Chunks,Ribbon Fish Whole,Ribbon Fish Steaks,Ribbon Fish Chunks,Unicorn Leatherjacket fish Whole,Unicorn Leatherjacket fish Gutted,Unicorn Leatherjacket fish fillets,Unicorn Leatherjacket fish Steaks,Unicorn Leatherjacket fish Chunks,Giant catfish Whole,Giant catfish Steaks,Giant catfish Gutted,Giant catfish fillets,Giant catfish Chunks,Spinycheek grouper Whole,Spinycheek grouper Gutted,Spinycheek grouper fillets,Spinycheek grouper Steaks,Spinycheek grouper Chunks,Brownspotted grouper Whole,Brownspotted grouper Gutted,Brownspotted grouper fillets,Brownspotted grouper Steaks,Brownspotted grouper Chunks,Areolate grouper Whole,Areolate grouper Gutted,Areolate grouper fillets,Areolate grouper Steaks,Areolate grouper Chunks,Indian Halibut Whole,Indian Halibut Gutted,Indian Halibut fillets,Indian Halibut Steaks,Indian Halibut Chunks,Tiger Perch Whole,Tiger Perch Gutted,Tiger Perch fillets,Tiger Perch Steaks,Tiger Perch Chunks,Bombay Duck Whole,Bombay Duck Gutted,Bombay Duck fillets,Bombay Duck Steaks,Bombay Duck Chunks,Long spine sea-bream Whole,Long spine sea-bream Gutted,Long spine sea-bream fillets,Long spine sea-bream Steaks,Long spine sea-bream Chunks,Spade fish Whole,Spade fish Gutted,Spade fish fillets,Spade fish Steaks,Spade fish Chunks,Indian conger eel Whole,Indian conger eel Gutted,Indian conger eel fillets,Indian conger eel Steaks,Indian conger eel Chunks,Lady fish/silver sillago Whole,Lady fish/silver sillago Gutted,Lady fish/silver sillago fillets,Boal fish Whole,Boal fish Gutted,Boal fish fillets,Boal fish Steaks,Boal fish Chunks,Yellow Fin Seabream Whole,Yellow Fin Seabream Gutted,Yellow Fin Seabream fillets,Yellow Fin Seabream Steaks,Yellow Fin Seabream Chunks,Indian mackerel Whole,Indian mackerel Gutted,Indian mackerel fillets,Indian mackerel Steaks,Indian mackerel Chunks,Narrow-barred Spanish mackerel Whole,Narrow-barred Spanish mackerel Gutted,Narrow-barred Spanish mackerel fillets,Narrow-barred Spanish mackerel Steaks,Narrow-barred Spanish mackerel Chunks,Seer fish (Spotted Spanish mackerel) Whole,Seer fish (Spotted Spanish mackerel) Gutted,Seer fish (Spotted Spanish mackerel) fillets,Seer fish (Spotted Spanish mackerel) Steaks,Seer fish (Spotted Spanish mackerel) Chunks,Streaked Spanish mackeral Whole,Streaked Spanish mackeral Gutted,Streaked Spanish mackeral fillets,Streaked Spanish mackeral Steaks,Streaked Spanish mackeral Chunks,Bullet tuna Whole,Bullet tuna Gutted,Bullet tuna fillets,Bullet tuna Steaks,Bullet tuna Chunks,Frigate tuna Whole,Frigate tuna Gutted,Frigate tuna fillets,Frigate tuna Steaks,Frigate tuna Chunks,Indian anchovy Whole,Commersons Anchovy Whole,Indian oil sardine Whole,Indian oil sardine Gutted,Indian oil sardine fillets,Indian oil sardine Steaks,Indian oil sardine Chunks,Milk fish Whole,Milk fish Gutted,Milk fish fillets,Milk fish Steaks,Milk fish Chunks,Flathead grey mullet Whole,Flathead grey mullet Gutted,Flathead grey mullet fillets,Flathead grey mullet Steaks,Flathead grey mullet Chunks,Hilsa ilisha Whole,Hilsa ilisha Gutted,Hilsa ilisha fillets,Hilsa ilisha Steaks,Hilsa ilisha Chunks) Chilled:Fish Aquaculture(Catla Whole,Catla Gutted,Catla fillets,Catla Steaks,Catla Chunks,Rohu Whole,Rohu Gutted,Rohu fillets,Rohu Steaks,Rohu Chunks,Orangefin labeo Whole,Orangefin labeo Gutted,Orangefin labeo fillets,Orangefin labeo Steaks,Orangefin labeo Chunks,Mrigal Whole,Mrigal Gutted,Mrigal fillets,Mrigal Steaks,Mrigal Chunks,Tilapia Whole,Tilapia Gutted,Tilapia fillets,Tilapia Steaks,Tilapia Chunks,Pearl spot Whole,Pearl spot fillets,Pearl spot Gutted,Pearl spot Steaks,Pearl spot Chunks,Common carp Whole,Common carp Gutted,Common carp fillets,Common carp Steaks,Common carp Chunks,Silver carp Whole,Silver carp Gutted,Silver carp fillets,Silver carp Steaks,Silver carp Chunks,Grass carp Whole,Grass carp Gutted,Grass carp fillets,Grass carp Steaks,Grass carp Chunks,Murrels Whole,Murrels Gutted,Murrels fillets,Murrels Steaks,Murrels Chunks,Spotted Cat fish Whole,Spotted Cat fish Gutted,Spotted Cat fish fillets,Spotted Cat fish Steaks,Spotted Cat fish Chunks,Cobia Whole,Cobia Gutted,Cobia fillets,Cobia Steaks,Cobia Chunks,Climbing perch Whole,Climbing perch Gutted,Climbing perch fillets,Climbing perch Steaks,Climbing perch Chunks) Chilled:Shrimp Wild(Black tiger Whole,Black tiger Head less,Black tiger Head less Easy peel,Black tiger Head less Deep cut,Black tiger Peeled Tail on,Black tiger Peeled & Deveined Tail on,Black tiger Fantail Butterfly,Black tiger Peeled Undeveined,Black tiger Peeled and Deveined,White shrimps Whole,White shrimps Head less,White shrimps less Easy peel,White shrimps less Deep cut,White shrimps Peeled Tail on,White shrimps Peeled & Deveined Tail on,White shrimps Fantail Butterfly,White shrimps Peeled Undeveined,White shrimps Peeled and Deveined,Flower Prawn Whole,Flower Prawn Head less,Flower Prawn less Easy peel,Flower Prawn less Deep cut,Flower Prawn Peeled Tail on,Flower Prawn Peeled & Deveined Tail on,Flower Prawn Fantail Butterfly,Flower Prawn Peeled Undeveined,Flower Prawn Peeled and Deveined,King Prawn Whole,King Prawn Head less,King Prawn less Easy peel,King Prawn less Deep cut,King Prawn Peeled Tail on,King Prawn Peeled & Deveined Tail on,King Prawn Fantail Butterfly,King Prawn Peeled Undeveined,King Prawn Peeled and Deveined,Karikadi Shrimp Whole,Karikadi Shrimp Head less,Karikadi Shrimp less Easy peel,Karikadi Shrimp less Deep cut,Karikadi Shrimp Peeled Tail on,Karikadi Shrimp Peeled & Deveined Tail on,Karikadi Shrimp Fantail Butterfly,Karikadi Shrimp Peeled Undeveined,Karikadi Shrimp Peeled and Deveined,Poovalan shrimps Whole,Poovalan shrimps Head less,Poovalan shrimps less Easy peel,Poovalan shrimp less Deep cut,Poovalan shrimp Peeled Tail on,Poovalan shrimp Peeled & Deveined Tail on,Poovalan shrimp Fantail Butterfly,Poovalan shrimp Peeled Undeveined,Poovalan shrimp Peeled and Deveined,Jawala Shrimp Whole,Jawala Shrimp Head less,Jawala Shrimp less Easy peel,Jawala Shrimp less Deep cut,Jawala Shrimp Peeled Tail on,Jawala Shrimp Peeled & Deveined Tail on,Jawala Shrimp Fantail Butterfly,Jawala Shrimp Peeled Undeveined,Jawala Shrimp Peeled and Deveined) Chilled:Shrimp Aquaculture(Vannamei Shrimp Whole,Vannamei Shrimp Head less,Vannamei Shrimp Head less Easy peel,Vannamei Shrimp Head less Deep cut,Vannamei Shrimp Peeled Tail on,Vannamei Shrimp Peeled & Deveined Tail on,Vannamei Shrimp Fantail Butterfly,Vannamei Shrimp Peeled Undeveined,Vannamei Shrimp Peeled and Deveined,Giant River Prawn Whole,Giant River Prawn Head less,Giant River Prawn Head less Easy peel,Giant River Prawn Head less Deep cut,Giant River Prawn Peeled Tail on,Giant River Prawn Peeled & Deveined Tail on,Giant River Prawn Fantail Butterfly,Giant River Prawn Peeled Undeveined,Giant River Prawn Peeled and Deveined,Tiger Prawn Whole,Tiger Prawn Head less,Tiger Prawn Head less Easy peel,Tiger Prawn Head less Deep cut,Tiger Prawn Peeled Tail on,Tiger Prawn Peeled & Deveined Tail on,Tiger Prawn Fantail Butterfly,Tiger Prawn Peeled Undeveined,Tiger Prawn Peeled and Deveined,White shrimp Whole,White shrimp Head less,White shrimp Head less Easy peel,White shrimp Head less Deep cut,White shrimp Peeled Tail on,White shrimp Peeled & Deveined Tail on,White shrimp Fantail Butterfly,White shrimp Peeled Undeveined,White shrimp Peeled and Deveined) Chilled:Cuttlefish(Pharaoh cuttlefish Whole,Pharaoh cuttlefish Whole Cleaned,Pharaoh cuttlefish Fillets,Pharaoh cuttlefish Tubes/cylinder,Pharaoh cuttlefish Rings,Pharaoh cuttlefish Tentacles,Pharaoh cuttlefish Wings & Roe) Chilled:Squid(Squid Whole,Squid Whole Cleaned,Squid Tubes,Squid Stuffed,Squid Tentacles,Squid Wings & Roe,Needle squid Whole,Needle squid Whole Cleaned,Needle squid Tubes,Needle squid Stuffed,Needle squid Tentacles,Needle squid Wings & Roe,Needle squid Rings,Squid Rings) Chilled:Octopus(Webfoot octopus Whole,Webfoot octopus Whole Cleaned,Common octopus Whole,Common octopus Whole Cleaned,Marbled octopus Whole,Marbled octopus Whole Cleaned) Chilled:Lobster(Sand lobster Whole,Sand lobster Headless,Sand lobster tail,Sand lobster Lobster Meat (Tail/Knuckle/Claw),Mud spiny lobster Whole,Mud spiny lobster Headless,Mud spiny lobster tail,Mud spiny lobster Meat (Tail/Knuckle/Claw),Scalloped spiny lobster (Rock lobster) Whole,Scalloped spiny lobster (Rock lobster) Headless,Scalloped spiny lobster (Rock lobster) tail,Scalloped spiny lobster Meat (Tail/Knuckle/Claw),Ornate spiny lobster Whole,Ornate spiny lobster Headless,Ornate spiny lobster tail,Ornate spiny lobster Meat (Tail/Knuckle/Claw)) Chilled:Crab(Mud Crab Whole,Mud Crab Cut crab,Flower crab Whole,Flower crab Cut crab,Blood spotted crab Whole,Blood spotted crab Cut crab,Crucifix crab Whole,Crucifix crab Cut crab)",name_only
2604,JOECONS MARINE EXPORTS PRIVATE LIMITED,"Plot No. L-4 & M-23, Cuncolim Industrial Estate, Cuncolim, Salcete, South-Goa-403703, India",KA1/MT/125/21,JOECONS MARINE EXPORTS PRIVATE LIMITED,"PLOT NO L4 AND M23 CUNCOLIM INDUSTRIAL ESTATE CUNCOLIM, SALCETE 403703 Goa",qalab@joeconsmarine.com,9307304141,9822102255,nan,"Frozen:Fish Wild(FROZEN INDIAN MACKEREL,FROZEN INDIAN MACKEREL WHOLE ROUND,FROZEN INDIAN MACKEREL A GRADE,FROZEN INDIAN MACKEREL B GRADE,FROZEN RIBBON FISH,FROZEN RIBBON FISH A GRADE,FROZEN RIBBON FISH B GRADE,FROZEN SHORT BODIED MACKEREL,FROZEN MACKEREL WHOLE,FROZEN HORSE MACKEREL) Frozen:Fish Aquaculture(FROZEN RAW HEADLESS SHELLON VANNAMEI SHRIMP-BLOCK,FROZEN RAW HEADON SHELLON VANNAMEI SHRIMP-BLOCK,FROZEN RAW PD TAILOFF VANNAMEI SHRIMP-IQF,FROZEN RAW PD TAILON VANNAMEI SHRIMP IQF,FROZEN RAW PUD VANNAMEI SHRIMP-BLOCK,FROZEN RAW PD VANNAMEI SHRIMP-BLOCK,FROZEN RAW PD VANNAMEI SHRIMP-IQF,FROZEN RAW PUD VANNAMEI SHRIMP-IQF,FROZEN RAW HLEZL VANNAMEI SHRIMP-IQF,FROZEN RAW PVPD VANNAMEI SHRIMP-IQF,FROZEN RAW PVPDTO VANNAMEI SHRIMP-IQF,FROZEN RAW PD TAILOFF VANNAMEI SHRIMP-BLOCK,FROZEN HEADLESS SHELLON VANNAMEI SHRIMP-A GRADE,FROZEN HEADLESS SHELLON VANNAMEI SHRIMP- B GRADE,FROZEN HEADLESS EASY PEELED VANNAMEI,FROZEN HEADLESS SHELLON VANNAMEI SHRIMP,FROZEN HLSO BLACK TIGER SHRIMP,FROZEN HOSO BLACK TIGER SHRIMP) Frozen:Shrimp Wild(FROZEN RAW HEADLESS SHELLON SHRIMP,FROZEN RAW HEADON SHELLON SHRIMP,FROZEN RAW HEADLESS SHELLON EASY PEEL SHRIMP,FROZEN RAW PUD SHRIMP-BLOCK,FROZEN RAW PUD SHRIMP-IQF,FROZEN RAWHEADLESS SHELLON MONSOON POOVALAN SHRIMP,FROZEN RAW HEADON SEA WHITE SHRIMP,FROZEN RAW PD SHRIMP-BLOCK,FROZEN RAW PD SHRIMP-IQF,FROZEN RAW PUD SHRIMPS-PINK,FROZEN RAW PUD SHRIMPS-BROWN,FROZEN RAW PUD SHRIMPS-KARAKADI,FROZEN RAW PUD SHRIMPS-POOVALAN,FROZEN RAW HEADLESS SHELLON SHRIMP-BROWN,FROZEN RAW HEADLESS SHELLON SHRIMP-BLOCK,FROZEN RAW HEADLESS SHELLON SHRIMP-IQF,FROZEN RAW HEADLESS SHELLON SEA TIGER SHRIMP-BLOCK,FROZEN RAW PUD SHRIMPS-IQF,FROZEN RAW PUD SHRIMPS-BLOCK) Frozen:Shrimp Aquaculture(FROZEN RAW HEADLESS SHELLON VANNAMEI SHRIMP-BLOCK,FROZEN RAW HEADON SHELLON VANNAMEI SHRIMP-BLOCK,FROZEN RAW PD TAILOFF VANNAMEI SHRIMP-IQF,FROZEN RAW PD TAILON VANNAMEI SHRIMP-IQF,FROZEN RAW PUD VANNAMEI SHRIMP-BLOCK,FROZEN RAW PD VANNAMEI SHRIMP-BLOCK,FROZEN RAW PD VANNAMEI SHRIMP-IQF,FROZEN RAW PUD VANNAMEI SHRIMP-IQF,FROZEN RAW HLEZL VANNAMEI SHRIMP-IQF,FROZEN RAW PVPD VANNAMEI SHRIMP-IQF,FROZEN RAW PVPDTO VANNAMEI SHRIMP-IQF,FROZEN RAW PD TAILOFF VANNAMEI SHRIMP-BLOCK,FROZEN HEADLESS SHELLON VANNAMEI SHRIMP-A GRADE,FROZEN HEADLESS SHELLON VANNAMEI SHRIMP- B GRADE,FROZEN HEADLESS EASY PEELED VANNAMEI,FROZEN HEADLESS SHELLON VANNAMEI SHRIMP,FROZEN HLSO BLACK TIGER SHRIMP,FROZEN HOSO BLACK TIGER SHRIMP) Frozen:Cuttlefish(FROZEN RAW CUTTLE FISH WHOLE,FROZEN RAW CUTTLE FISH WHOLE IQF,FROZEN RAW CUTTLE FISH WHOLE CLEANED IQF,FROZEN RAW CUTTLE FISH WHOLE CLEANED IQF A GRADE,FROZEN RAW CUTTLE FISH WHOLE CLEANED IQF B GRADE,FROZEN RAW BABY CUTTLE FISH WHOLE,FROZEN RAW WHOLE CLEANED CUTTLE FISH IQF) Frozen:Squid(FROZEN RAW SQUID WHOLE,FROZEN RAW SQUID WHOLE CLEANED IQF,FROZEN RAW SKINON CUT SQUID AND TENTACLES,FROZEN RAW SQUID TUBES AND TENTACLES,FROZEN RAW SQUID WHOLE BLOCK,FROZEN RAW BABY SQUID PIN OFF IQF,FROZEN RAW SQUID WHOLE CLEANED TUBES,FROZEN RAW SKINON CUT SQUID AND TENTACLES IQF,FROZEN RAW WHITE CLEANED SQUID,FROZEN RAW SQUID RINGS)",name_only
2605,ATHOS COLLAGEN PRIVATE LIMITED,"Plot No. B-19, Gujarat Agro Infrastructure Mega Food Park, Village-Shah & Vasravi, Taluk Mangrol, District Surat, Gujarat-394410, India",MA1/MT/426/21,ATHOS COLLAGEN PRIVATE LIMITED,"B/19, GUJARAT AGRO INFRASTUCTURE MEGA FOOD PARK VASRAVI MANGROL SURAT - 394410, GUJARAT, INDIA 394410 Gujarat",athoscollagen@gmail.com,09714974875,9714974875,WWW.ATHOSCOLLAGEN.COM,"Others-Edible:Fish Collagen Peptide(FISH COLLAGEN,FISH GELATIN,FISH COLLAGEN PEPTIDE,HYDROLYZED COLLAGEN PEPTIDE,GELATIN,FISH COLLAGEN POWDER,HYDROLYZED COLLAGEN,COLLAGEN PEPTIDE,MARINE COLLAGEN)",name_only
2606,AKE DRY SEA FOOD,"PLOT NO. 115/2,116/1, GIDC ESTATE, VANANA, PORBANDAR, GUJARAT-360575,INDIA",GU3/MT/077/21,AKE DRY SEA FOOD,"PLOT NO 115/2,116/1 GIDC ESTATE VANANA PORBANDAR 360575 Gujarat",akedryseafood@gmail.com,9978919127,9898227425,nan,"Dried:Fish Maws/Isinglass(Ghole Fish Maws,Dara Fish Maws,Eel fish maws,Kuth fish Maws, Soily Fish Maws, Cat Fish Maws,Dry fish Dry Ribbon Fish, Dry Bombay Duck,,Dry Reef Cod, Dry Salted Crocker, Dry Shrimps)",name_only
2607,Sun International,"Plot No. 1403, GIDC Estate, Veraval-362269, Gujarat, India",,,,,,,,,no_match
2608,J M Sea Foods,"Plot No.315 & 316, GIDC Estate, Veraval-362269, Gujarat, India",,,,,,,,,no_match
2612,Salet Seafoods Private Limited -Unit I,"Plot No 46 to 67, GIDC Industrial Estate, Vanana, Porbandar -360550, Gujarat, India",,,,,,,,,no_match
2617,JRK Marine Exports,"Sy No. 1071/2, Maktupur Road, Mangrol Bandar, Mangrol 362225, District Junagadh, Gujarat, India",GU1/MT/399/23,JRK MARINE EXPORTS,MAKTUPUR ROAD MANGROL BANDAR MANGROL 362225 Gujarat,jrkmarineexports@gmail.com,09227288897,9227288897,nan,nan,name_only
2620,AQUA FOODS EXIM,"PLOT No.: B-4, ADDITIONAL LOTE MIDC, ASGANI VILLAGE, KHED TALUKA, RATNAGIRI DIST. MAHARASHTRA-415708",MA1/MT/449/23,AQUA FOODS EXIM,"FLAT NO. 111, 11TH FLOOR, 9, SHALAKA BUILDING, MAHARSHI KARVE ROAD, COOPERAGE MAIDAN, NARIMAN POINT, MUMBAI 400021 Maharashtra",aquafoodsexim@gmail.com,9422452222,9422452222,nan,"Frozen:Fish Wild(RIBBON FISH (LEPTURACANTHUS SAVALA),REEF COD (EPINEPHELUS SPP.),EMPEROR (LETHRINUS SPP.),SEA BREAM (PRISTIPOMOIDUS FILAMENTOSUS),CROAKER (JOHNIUS SPP.),SILVER POMFRET (PAMPUS ARGENTEUS),BLACK POMFRET (PARASTROMATEUS NIGER),CHINESE POMFRET (PAMPUS CHINENSIS),SNAPPER (LUTJANUS SPP.),BARRACUDA (SPHYRAENA JELLO),INDIAN SALMON (ELEUTHERONEMA TETRADACTYLUM),SCAD (DECAPTERUS RUSELLI),CONGER EEL (MURAENESOX SPP.),LEATHER JACKET (BALISTES SPP.),LEATHER SKIN (SCOMBEROIDES SPP.),MOON FISH (MENE MACULATE),KOTH (OTOLITHOIDES BIAURITUS),BOMBAY DUCK ( HARPODON NEHEREUS),TILAPIA (TILAPIA MOSSAMBICA),MALABAR TREVALLY (CARANGOIDES MALABARICUS),GHOL (PROTONIBEA DIACANTHUS),HILSA (HILSA ILISHA),MAHI MAHI (CORYPHAENA HIPPURUS),JAPANESE THREADFIN BREAM (NEMIPTERUS JAPONICAS),SOLE (CYNOGLOSSUS SPP.),PEARLSPOT (ETROPLUS SURATENSIS),GOLDEN ANCHOVY (COILIA DUSSUMIERI),INDIAN ANCHOVY (STOLEPHORUS INDICUS),BARRAMUNDI (JITADA) (LATES CALCARIFER),COBIA (BLACK KINGFISH) (RACHYCENTRON CANADUM),PABDA (OMPOK BIMACULATUS/PABDA),KATTI (OPISTHOPTERUS TARDOORE),DORAB (CHIROCENTRUS DORAB),LONG BAIM (ANGUILLA SPP.),CATLA (CATLA CATLA),ROHU (LABEO ROHITA),KALIBOUSH (LABEO COLBASU),MRIGAL (CIRRHINUS MRIGALA),CARP (CYPRINUS CARPIO),AYER (MYSTUS SEENGHALA),BOAL (WALLAGO ATTU),SEER FISH/ KING FISH (SCOMBEROMORUS SPP.),TUNA (THUNNUS SPP.),INDIAN MACKEREL (RASTRELLIGER KANAGURATA),OIL SARDINE (SARDINELLA LONGICEPS),HORSE MACKEREL (MEGALASPIS CORDYLA)) Frozen:Fish Aquaculture(TILAPIA (TILAPIA MOSSAMBICA),PABDA (OMPOK BIMACULATUS/PABDA),CATLA (CATLA CATLA),ROHU (LABEO ROHITA),KALIBOUSH (LABEO COLBASU),MRIGAL (CIRRHINUS MRIGALA),CARP (CYPRINUS CARPIO),AYER (MYSTUS SEENGHALA),BOAL (WALLAGO ATTU),BARRAMUNDI (JITADA) (LATES CALCARIFER)) Frozen:Shrimp Wild(WHITE SHRIMPS (FENEROPENAEUS INDICUS),TIGER SHRIMPS (PENAEUS MONODON),FLOWER SHRIMPS (PENAEUS SEMISULCATUS),POOVALAN SHRIMPS (METAPENAEUS DOBSONI),BROWN SHRIMPS (METAPENAEUS AFFINIS),PINK SHRIMPS (KAPSHI) (METAPENAEUS MONOCEROUS),KARIKADI SHRIMPS (TINY) (PARAPENAEOPSIS STYLIFERA),RAINBOW SHRIMPS (PARAPENAEOPSIS SCULPTILIS),JAWALA (ACETUS INDICUS),SCAMPI (FRESHWATER SHRIMPS) (MACROBRACHIUM ROSENBE,GOYNAR (SOLENOCERA INDICA)) Frozen:Shrimp Aquaculture(TIGER SHRIMPS (PENAEUS MONODON),VANNAMEI SHRIMP (LITOPENAEUS VANNAMEI)) Frozen:Cuttlefish(CUTTLE FISH (SEPIA SPP.)) Frozen:Squid(SQUID (LOLIGO SPP.)) Frozen:Octopus(OCTOPUS (OCTOPUS SPP.)) Frozen:Lobster(THENUS ORIENTALIS,PANULIRUS POLYPHAGUS,PANULIRUS HOMARUS) Frozen:Crab(THREE SPOT CRAB ( PORTUNUS SANGUINOLENTUS),BLUE SWIMMING CRAB (PORTUNUS PELAGICUS),MUD CRAB (SCYLLA SERRATA),MUD CRAB (SCYLLA TRANSQUEBARICA)) Chilled:Fish Wild(RIBBON FISH (LEPTURACANTHUS SAVALA),REEF COD (EPINEPHELUS SPP.),EMPEROR (LETHRINUS SPP.),SEA BREAM (PRISTIPOMOIDUS FILAMENTOSUS),CROAKER (JOHNIUS SPP.),SILVER POMFRET (PAMPUS ARGENTEUS),BLACK POMFRET (PARASTROMATEUS NIGER),CHINESE POMFRET (PAMPUS CHINENSIS),SNAPPER (LUTJANUS SPP.),BARRACUDA (SPHYRAENA JELLO),INDIAN SALMON (ELEUTHERONEMA TETRADACTYLUM),SCAD (DECAPTERUS RUSELLI),CONGER EEL (MURAENESOX SPP.),LEATHER JACKET (BALISTES SPP.),LEATHER SKIN (SCOMBEROIDES SPP.),MOON FISH (MENE MACULATE),KOTH (OTOLITHOIDES BIAURITUS),BOMBAY DUCK ( HARPODON NEHEREUS),TILAPIA (TILAPIA MOSSAMBICA),MALABAR TREVALLY (CARANGOIDES MALABARICUS),GHOL (PROTONIBEA DIACANTHUS),HILSA (HILSA ILISHA),MAHI MAHI (CORYPHAENA HIPPURUS),JAPANESE THREADFIN BREAM (NEMIPTERUS JAPONICAS),SOLE (CYNOGLOSSUS SPP.),PEARLSPOT (ETROPLUS SURATENSIS),GOLDEN ANCHOVY (COILIA DUSSUMIERI),INDIAN ANCHOVY (STOLEPHORUS INDICUS),BARRAMUNDI (JITADA) (LATES CALCARIFER),COBIA (BLACK KINGFISH) (RACHYCENTRON CANADUM),PABDA (OMPOK BIMACULATUS/PABDA),KATTI (OPISTHOPTERUS TARDOORE),DORAB (CHIROCENTRUS DORAB),LONG BAIM (ANGUILLA SPP.),CATLA (CATLA CATLA),ROHU (LABEO ROHITA),KALIBOUSH (LABEO COLBASU),MRIGAL (CIRRHINUS MRIGALA),CARP (CYPRINUS CARPIO),AYER (MYSTUS SEENGHALA),BOAL (WALLAGO ATTU),SEER FISH/ KING FISH (SCOMBEROMORUS SPP.),TUNA (THUNNUS SPP.),INDIAN MACKEREL (RASTRELLIGER KANAGURATA),OIL SARDINE (SARDINELLA LONGICEPS),HORSE MACKEREL (MEGALASPIS CORDYLA)) Chilled:Fish Aquaculture(TILAPIA (TILAPIA MOSSAMBICA),PABDA (OMPOK BIMACULATUS/PABDA),CATLA (CATLA CATLA),ROHU (LABEO ROHITA),KALIBOUSH (LABEO COLBASU),MRIGAL (CIRRHINUS MRIGALA),CARP (CYPRINUS CARPIO),AYER (MYSTUS SEENGHALA),BOAL (WALLAGO ATTU),BARRAMUNDI (JITADA) (LATES CALCARIFER)) Chilled:Shrimp Wild(WHITE SHRIMPS (FENEROPENAEUS INDICUS),TIGER SHRIMPS (PENAEUS MONODON),FLOWER SHRIMPS (PENAEUS SEMISULCATUS),POOVALAN SHRIMPS (METAPENAEUS DOBSONI),BROWN SHRIMPS (METAPENAEUS AFFINIS),PINK SHRIMPS (KAPSHI) (METAPENAEUS MONOCEROUS),KARIKADI SHRIMPS (TINY) (PARAPENAEOPSIS STYLIFERA),RAINBOW SHRIMPS (PARAPENAEOPSIS SCULPTILIS),JAWALA (ACETUS INDICUS),SCAMPI (FRESHWATER SHRIMPS) (MACROBRACHIUM ROSENBE,GOYNAR (SOLENOCERA INDICA)) Chilled:Shrimp Aquaculture(TIGER SHRIMPS (PENAEUS MONODON),VANNAMEI SHRIMP (LITOPENAEUS VANNAMEI)) Chilled:Cuttlefish(CUTTLE FISH (SEPIA SPP.)) Chilled:Squid(SQUID (LOLIGO SPP.)) Chilled:Octopus(OCTOPUS (OCTOPUS SPP.)) Chilled:Lobster(THENUS ORIENTALIS,PANULIRUS POLYPHAGUS,PANULIRUS HOMARUS) Chilled:Crab(THREE SPOT CRAB ( PORTUNUS SANGUINOLENTUS),BLUE SWIMMING CRAB (PORTUNUS PELAGICUS),MUD CRAB (SCYLLA SERRATA),MUD CRAB (SCYLLA TRANSQUEBARICA))",name_only
2621,Vasai Star Foods,"S/N 18, Poman Village, Vasai Bhiwandi Road, Palghar, Maharashtra, India-401208",MA1/MT/448/23,VASAI STAR FOODS,"SL.NO. 18, POMAN VILLAGE, NR. KAMAN, VASAI BHIWANDI ROAD, VASAI (E), TALUKA - VASAI, DIST - PALGHAR 401208 Maharashtra",vasaistarfoodslab123@gmail.com,7058881646,9372982521,nan,"Frozen:Fish Wild(Seer fish whole (Scomberomorus spp.),Seer fish fillet (Scomberomorus spp.),Seer fish steaks (Scomberomorus spp.),Tuna whole (Thunnus spp.),Tuna fillet (Thunnus spp.),Tuna steaks (Thunnus spp.),Indian mackerel whole (Rastrelliger kanagurta),Indian mackerel Fillet (Rastrelliger kanagurta),Indian mackerel steaks (Rastrelliger kanagurta),Horse mackerel whole (Megalaspis cordyla),Horse mackerel Fillet (Megalaspis cordyla),Horse mackerel steaks (Megalaspis cordyla),Ribbon fish whole (Lepturacanthus savala),Reef cod whole (Epinephelus spp.),Croaker whole (Johnius spp.),Silver pomfret whole (Pampus argentius),Black pomfret whole (Parastromateus niger),Chinese pomfret whole (Pampus chinensis),Snapper whole (Lutjanus spp.),Barracuda whole (Sphyraena jello),Leather skin whole (Scomberoides Spp.),Leather jacket whole (Aluterus monoceros),Bombay duch whole (Harpodon nehereus),Bombay duch steaks (Harpodon nehereus),Malabar trevally whole (Carangoides malabaricus),Long baim whhole (Anguilla spp.),Threadfin bream whole (Nemipterus japonicus),Pearl spot whole (Etroplus suratensis),Tilapia whole (Tilapia mossambica),Tilapia scale off gutted (Tilapia mossambica),Tilapia fillets (Tilapia mossambica),Catla whole (Catla catla),Pabda whole (Ompok pabda / bimaculatus),Oil sardine whole (Sardinella longiceps)) Frozen:Shrimp Wild(Head on White leg shrimps (Litopenaeus vannamei),Headless White leg shrimps (L. vannamei),HL Easy peel Head on White leg shrimps (L.vannamei,Butterfly White leg shrimps (L. vannamei),PD White leg shrimps (Litopenaeus vannamei),PUD White leg shrimps (L. vannamei),Tailon PUD White leg shrimps (L. vannamei),Head on Tiger shrimps (P. monodon),Headless Tiger shrimps (P. monodon),HL Easy peel Tiger shrimps (P. monodon),Butterfly Tiger shrimps (P. monodon),PD Tiger shrimps (P. monodon),PUD Tiger shrimps (P. monodon),Tail on PUD Tiger shrimps (P. monodon),Head on Flower prawn (P. semisulcatus),Headless Flower prawn (P. semisulcatus),HL Easy peel Flower prawn (P. semisulcatus),Butterfly Flower prawn (P. semisulcatus),PD Flower prawn (P. semisulcatus),PUD Flower prawn (P. semisulcatus),Tailon PUD Flower prawn (P. semisulcatus),Head on Brown shrimps (Metapenaeus affinis),Headless Brown shrimps (Metapenaeus affinis),HL Easy peel Brown shrimps (Metapenaeus affinis),Butterfly Brown shrimps (Metapenaeus affinis),PD Brown shrimps (Metapenaeus affinis),PUD Brown shrimps (Metapenaeus affinis),Tail on PUD Brown shrimps (Metapenaeus affinis)) Frozen:Shrimp Aquaculture(Head on Tiger shrimps (P. monodon),Head on White leg shrimps (Litopenaeus vannamei),PUD Tiger shrimps (P. monodon),PUD White leg shrimps (Litopenaeus vannamei),PD White leg shrimps (Litopenaeus vannamei),PD Tiger shrimps (P. monodon),HLSO Tiger shrimps (P. monodon),HLSO White leg shrimps (Litopenaeus vannamei),PDTO White leg shrimps (Litopenaeus vannamei),PDTO Tiger shrimps (P. monodon),HL Easy peel Tiger shrimps (P. monodon),HL Easy peel White leg shrimps (L. vannamei),Butterfly Tiger shrimps (P. monodon),Butterfly White leg shrimps (L. vannamei)) Frozen:Cuttlefish(Cuttle fish whole (Sepia pharaonis),Cuttle fish whole cleaned (Sepia pharaonis),Cuttle fish strips (Sepia pharaonis),Cuttle fish tentacles (Sepia pharaonis)) Frozen:Squid(Squid whole (Uroteuthis duvaucelii),Squid whole cleaned (Uroteuthis duvaucelii),Squid ring (Uroteuthis duvaucelii),Squid strips (Uroteuthis duvaucelii),Squid tentacles (Uroteuthis duvaucelii),Squid wings (Uroteuthis duvaucelii)) Frozen:Octopus(Octopus whole (Octopus membranaceous, O.dollfusi),Octopus whole cleaned(O.membranaceous, O.dollfusi),Octopus strips (Octopus membranaceous, O.dollfusi),Octopus tentacle (O. membranaceous, O.dollfusi)) Frozen:Lobster(Rock lobster (Panulirus spp.),Sand lobster (Thenus orientalis),Deep sea lobster (Puerulus spp.)) Chilled:Fish Wild(Seer fish whole (Scomberomorus spp.),Tuna whole (Thunnus spp.),Indian mackerel whole (Rastrelliger kanagurta),Horse mackerel whole (Megalaspis cordyla),Mahi mahi whole (Coryphaena hippurus),Oil sardine whole (Sardinella longiceps),Ribbon fish whole (Lepturacanthus savala),Reef cod whole (Epinephelus spp.),Croaker whole (Johnius spp.),Sea bream whole (Pristipomoidus filamentosus),Silver pomfret whole (Pampus argentius),Black pomfret whole (Parastromateus niger),Chinese pomfret whole (Pampus chinensis),Snapper whole (Lutjanus spp.),Barracuda whole (Sphyraena jello),Tilapia whole (Tilapia mossambica),Hilsa (Hilsa ilisha),Pearl spot whole (Etroplus suratensis),Catla whole (Catla catla),Boal whole (Wallago attu),Rohu whole (Labeo rohita)) Chilled:Shrimp Wild(Butterfly White shrimps (F. indicus),Headless White shrimps (F. indicus),Headon White shrimps (F. indicus),PD TO White shrimps (F. indicus),PUD White shrimps (F. indicus),PD White shrimps (F. indicus),PUD TO White shrimps (F. indicus),Head on Tiger shrimps (P. monodon),Headless Tiger shrimps (P. monodon),PUD Tiger shrimps (P. monodon),PD Tiger shrimps (P. monodon),PUD TO Tiger shrimps (P. monodon),PD TO Tiger shrimps (P. monodon),Butterfly Tiger shrimps (P. monodon),Head on Flower prawn (P. semisulcatus),Headless Flower prawn (P. semisulcatus),PUD Flower prawn (P. semisulcatus),PD Flower prawn (P. semisulcatus),Butterfly Flower prawn (P. semisulcatus),PUD TO Flower prawn (P. semisulcatus),PD TO Flower prawn (P. semisulcatus),Head on Scampi (M. rosenbergii),Headless Scampi (M. rosenbergii),PUD Scampi (M. rosenbergii),PD Scampi (M. rosenbergii),PUD TO Scampi (M. rosenbergii),PD TO Scampi (M. rosenbergii),Butterfly Scampi (M. rosenbergii),Head on Brown shrimps (Metapenaeus affinis),Headless Brown shrimps (Metapenaeus affinis),PUD Brown shrimps (Metapenaeus affinis),PUD TO Brown shrimps (Metapenaeus affinis),PD Brown shrimps (Metapenaeus affinis),PD TO Brown shrimps (Metapenaeus affinis),Head on Rainbow shrimps(Parapenaeopsis sculptilis),Headless Rainbow shrimps(P. sculptilis),PD Rainbow shrimps(P. sculptilis),PUD Rainbow shrimps(P. sculptilis),PD TO Rainbow shrimps(P. sculptilis),PUD TO Rainbow shrimps(P. sculptilis),Butterfly Rainbow shrimps(P. sculptilis)) Chilled:Shrimp Aquaculture(Head on Tiger shrimps (P. monodon),Head on White leg shrimps (Litopenaeus vannamei),Headless Tiger shrimps (P. monodon),Headless White leg shrimps (Litopenaeus vannamei),Butterfly Tiger shrimps (P. monodon),Butterfly White leg shrimps (Litopenaeus vannamei),PD Tiger shrimps (P. monodon),PD White leg shrimps (Litopenaeus vannamei),PUD Tiger shrimps (P. monodon),PUD White leg shrimps (Litopenaeus vannamei),PUD TO Tiger shrimps (P. monodon),PUD TO White leg shrimps (Litopenaeus vannamei),PD TO Tiger shrimps (P. monodon),PD TO White leg shrimps (Litopenaeus vannamei)) Chilled:Cuttlefish(Cuttle fish whole (Sepia spp.)) Chilled:Squid(Squid whole (Uroteuthis duvaucelii)) Chilled:Octopus(Octopus whole ( Octopus membranaceous, O.dollfusi)) Chilled:Lobster(Rock lobster (Panulirus spp.),Sand lobster (Thenus orientalis),Deep sea lobster (Puerulus spp.))",name_only
2623,Elaf Cold Storage Plant -1,"Plot No. M-63 and M-64, MIDC Taloja,Tal. Panvel, Dist.Raigad, Maharashtra 410208",,,,,,,,,no_match
2624,Elaf Cold Storage Plant - 2,"Plot No. M-63 and M-64, MIDC Taloja,Tal. Panvel, Dist.Raigad, Maharashtra 410208",,,,,,,,,no_match
2625,AMAR FOOD PRODUCTS,"Survey No.67, Near Vanana, Tall Plaza Highway, Tal-Ranavav, Digvijaygadh, Dist.-Porbandar, Gujarat-360560.",GU3/MT/067/19,AMAR FOOD PRODUCTS,"SURVEY NO.1943, MANGALKUNG, RAILWAY STATION ROAD OPP BALASHRAM, PORBANDAR 360575 Gujarat",amarfood89@gmail.com,9879617761,9879617761,nan,"Frozen:Fish Wild(Surimi ( Fish Minced Paste),Frozen Imitation Crab Sticks,Frozen Imitation Crab Chunks,Frozen Imitation Crab Flakes,Frozen Imitation Crab Bites,Frozen Imitation Crab Shreds,Frozen Imitation Breaded Crab Claws,Frozen Imitation Breaded Crab Nuggets)",name_only
2626,Nishiindo Foods Private Limited,"U1/5-6 GIDC AREA, B/H SONERI MARINE, Somnath Road, Veraval - 362269, GUJARAT, INDIA",GU1/MT/414/24,NISHIINDO FOODS PRIVATE LIMITED,"PLOT NO 3 TO 8, SOMNATH ROAD, VERAVAL, GIR SOMNATH 362269 Gujarat",nishiindofoods@gmail.com,02876233158,9225901625,nan,nan,name_only
2627,OM DARSHAN MARKETING PRIVATE LIMITED,"Plot.No.232 A, Road No. 21Y, Wagle Industrial Estate, Thane West 400604 Maharashtra",,,,,,,,,no_match
2628,OCEAN IMPEX,"Plot No. 50, Satnam Industrial Area, Nr. Avani Ice Factory, Bypass Area, Veraval 362 265.",GU1/MT/412/24,OCEAN IMPEX,"PLOT 50,SATNAM INDUSTRIAL AREA,, NR.AVNI ICE FACTORY,BYPASS ROAD,, VERAVAL,GIR SOMNATH,GUJARAT,362265 362265 Gujarat",oceanimpex23@gmail.com,9227867772,9227867772,nan,nan,name_only
2629,SEAMA FREEZING AND COLD STORAGE,"SURVEY NO. 45/3, RAJWADI, NEAR TIWARE PHATA, RAJAPUR,RATNAGIRI, - 416707, MAHARASTRA, INDIA",MA1/MT/463/23,SEAMA FREEZING AND COLD STORAGE,"SURVEY NO. 45/3, RAJWADI, NEAR TIWARE FATA, TAL - RAJAPUR, RATNAGIRI 416707 Maharashtra",seamafcs@gmail.com,9225980593,9225980593,nan,Frozen:Fish Wild(IMNDIAN MACKEREL WHOLE ROUND) Frozen:Squid(SQUID WHOLE ROUND),name_only
2630,SABIR SEA FOODS,"PLOT NO.1401-02, GIDC ESTATE , VERAVAL",GU1/MT/415/24,SABIR SEA FOODS,"PLOT NO 1401/2, GIDC ESTATE, VERAVAL.GIRSOMNATH 362269 Gujarat",sabirseafoods@gmail.com,9825661611,9825661611,nan,nan,name_only
2631,OCEAN AQUATIC PRODUCTS,"1104,G.I.D.C.,PLOT, UDHYOGNAGAR , VERAVAL-362269",GU1/MT/421/25,OCEAN AQUATIC PRODUCTS,"PLOT NO.1104, G.I.D.C, UDYOG NAGAR, VERAVAL GUJARAT, INDIA. 362269 Gujarat",oceanaquatic786@gmail.com,09824154773,9824154773,nan,nan,name_only
2632,SHREE NIDDHI EXPORTS,"R. S. NO. 1498, JAVAR ROAD, KUCHHADI, PORBANDAR - 360575 GUJARAT (INDIA)",GU3/MT/090/24,SHREE NIDDHI EXPORTS,"R. S. No. 1498, Javar Road, Kuchhadi, Gujarat",shreeniddhiexports@gmail.com,9662051632,9662051632,nan,nan,name_only
2633,Harbour Arabian Exports,"Survey No. 281, Hissa No. 3B, At-Nate, Taluka-Rajapur, Dist-Ratnagiri, Nate, Ratnagiri, Maharashtra,415806",MA1/MT/477/24,HARBOUR ARABIAN EXPORTS,"SURVEY NO. 281, HISSA NO. 3B, AT- NATE, TALUKA - RAJAPUR, DIST - RATNAGIRI 415806 Maharashtra",harbourarabianexports@gmail.com,09960577333,9960577333,nan,nan,name_only
2634,NISHIINDO FOODS PRIVATE LIMITED,"SURVEY NO. 132 PAIKY, KATHIYAWAD INDUSTRIES LTD, Gadu- 362250, Taluka :Maliya Hatina, Dist: Junagadh, Gujarat, India",GU1/MT/414/24,NISHIINDO FOODS PRIVATE LIMITED,"PLOT NO 3 TO 8, SOMNATH ROAD, VERAVAL, GIR SOMNATH 362269 Gujarat",nishiindofoods@gmail.com,02876233158,9225901625,nan,nan,name_only
2635 (proposed),SUMRA EXPORT,"PLOT NO : 161 - 162, VANANA G I D C ESTATE, VANANA, TAL. RANAVAV, PORBANDAR - 360550, GUJARAT, INDIA",GU3/MT/091/25,SUMRA EXPORT,"PLOT NO. 161-162, VANANA G I D C ESTATE , TAL. RANAVAV, PORBANDAR, GUJARAT VANANA, PORBANDAR, GUJARAT 360550 Gujarat",sumraexport92@gmail.com,9924267102,9924267102,WWW.SUMRAEXPORT.COM,nan,name_only
2636,QUALITY MARINE EXPORTS,"PLOT NO 1406 , G I D C
ESTATE
VERAVAL 362269
GUJARAT",GU1/MT/417/24,QUALITY MARINE EXPORTS,"PLOT NO.1406, G.I.D.C ESTATE, VERAVAL GUJARAT,INDIA 362269 Gujarat",govalmohammed@gmail.com,9228373147,9228373147,nan,nan,name_only
264,AmarSagar Seafood Pvt. Ltd.,"Survey No.29, Jawar Naka, Porbandar-360575, Gujarat, India.",,,,,,,,,no_match
270,Chand International.,"Plot No.310,Opp Royal Garden Resort,Sasunavghar,Mumbai-Ahmedabad Highway,Tal-Vasai,Dist-Palghar,Pin-401208,Maharashtra,India.",MA1/MT/045/05,CHAND INTERNATIONAL,"Office No.11,2nd Floor,Swastik Chamber,CHS Ltd, L.T. Marg,Carnac Bridge MUMBAI 400 001/400001 400001 Maharashtra",exports@chandintl.com,22666539,9820414258,-,"Chilled:Fish Wild(Threadfin fish,Grouper,Pomfret,Seer fish,Mackerels,Tuna,Hilsa,Sea bream,) Chilled:Shrimp Wild(White Shrimp,Tiger shrimp,Flower shrimp,Kapsi) Chilled:Squid(Loligo sps)",name_only
276,NAIK FROZEN FOODS PVT. LTD.,"Plot No. M- 9/10, MIDC Industrial Area, Taloja, District Raigad - 410208, Maharashtra, India",MA1/MT/031/06,"NAIK FROZEN FOODS PVT.LTD.,","402, Emca House, 4th Floor, 289, Shahid Bhagat Singh Road, Mumbai 400001 Maharashtra",naikfzqc@gmail.com,22631175,9820711586,nan,"Frozen:Fish Wild(Mackerel Whole,Silver Pomfret Whole,Chinese Pomfret Whole,Black Pomfret Whole) Frozen:Shrimp Wild(Head on Shrimp (Metapenaeus Monoceros),Headless Shell on Shrimp (Metapenaeus Monoceros),PD Tail on shrimp (Metapenaeus monoceros),Peeled and Undeveined Shriimp (M.monoceros),Head On Shrimps (Penaeus monodon),PD TON shrimp (Parapenaeopsis stylifera),Headless Shell on Shrimp (Metapenaeus affinis)),Head On Shrimp (Penaeus semisulcatus),Head On Shrimp (fenneropenaeus indicus),Peeled Deveined Tail On Shrimp (M. affinis),Peeled and Undeveined Shriimp (M. monocereros),Peeled and Undeveined Shrimp(M. dobsoni),Head On Scampi (M. rosenbergii),Headless Shell On Easy Peel Shrimp (M.rosenbergii),Headless Shell On Shrimp (M.rosenbergii),Head On Shell On Shrimp (M.rosenbergii),Peeled and Undeveined Shriimp (P. stylifera)l,Headless Shell On Shrimp (fenneropenaeus indicus)) Frozen:Shrimp Aquaculture(Head On Vannamei Shrimp,Headless Vannamei Shrimp,Headless Easy Peel Vannamei Shrimp,Peeled Deveined Tail On Vannamei Shrimp,Peeled Deveined Vannamei Shrimp,Peeled Undeveined Tail On Vannamei Shrimp,Peeled Undeveined Vannamei Shrimp,Head On Black Tiger Shrimp,Headless Black Tiger Shrimp,Headless Easy Peel Black Tiger Shrimp,Peeled Deveined Tail On Black Tiger Shrimp,Peeled Deveined Black Tiger Shrimp,Peeled Undeveined Tail On Black Tiger Shrimp,Peeled Undeveined Black Tiger Shrimp) Frozen:Cuttlefish(Cuttlefish Whole,Cuttlefish Whole Cleaned,Cuttlefish Fillet,Cuttlefish Strips,Cuttlefish Tentacle) Frozen:Squid(Squid Whole,Squid Whole Cleaned,Squid Tube,Squid Rings,Squid Tentacles,Squid Strip) Frozen:Octopus(Octopus Whole,Octopus Whole Cleaned,Octopus Chopped) Frozen:Lobster(Lobster Whole,Lobster Tail,Cooked Lobster)",name_only
278,Seasaga Enterprises Private Limited,"PLOT NO. R-25 & R-26, TTC INDUSTRIAL AREA, RABALE , NAVI MUMBAI - 400701, MAHARASHTRA, INDIA",,,,,,,,,no_match
281,Gopal Sea Foods,"Plot No. 2-4, G.I.D.C., Veraval- 362269, Gujarat",GU1/MT/010/04,GOPAL SEA FOODS,"Plot No. 2-4, G.I.D.C. Estate Veraval-362269 Gujarat India. 362269 Gujarat",documents@gopalseafoods.com,9825221397,9227133833,nan,"Frozen:Fish Wild(FROZEN YELLOW FIN TUNA WHOLE ROUND,FROZEN SKIPJACK TUNA WHOLE ROUND,FROZEN BOINTO TUNA WHOLE ROUND,FROZEN LONG TAIL TUNA WHOLE ROUND,FROZEN REEF COD/GROUPER,FROZEN RIBBONFISH,FROZEN CROAKER FISH,FROZEN SOLE FISH,FROZEN KING FISH,FROZEN MAHI MAHI W/R/GTD,FROZEN SAILFISH HGT,FROZEN LEATHER JACKET,FROZEN EEL FISH,FROZEN INDIAN MECKEREL,FROZEN BARACUDA,FROZEN SILVER/BLACK/CHINESE POMFRET,FROZEN SNAPPER,FROZEN EMPEROR FISH,FROZEN LEATHER SKIN/QUEEN FISH,FROZEN RED BULL EYE,FROZEN LIZARD FISH,FROZEN BOMBAY DUCK,FROZEN SEA BREAM) Frozen:Shrimp Wild(FROZEN PUD/PD/HL KARIKADI SHRIMPS,FROZEN PUD/PD/HL BROWN SHRIMPS,FROZEN PUD/PD/HL SHRIMPS) Frozen:Cuttlefish(FROZEN CUTTLEFISH WHOLE/WHOLE CLEANED) Frozen:Squid(FROZEN SQUID WHOLE/ WHOLE CLEANED IF/BLOCK) Frozen:Octopus(FROZEN OCTOPUS WHOLE ROUND/WHOLE CLEANED IF/BLOCK) Frozen:Crab(FROZEN BLUE SWIMMING CRAB WHOLE MALE/FEMALE,FROZEN BLUE SWIMMING CARB HALF CUT MALE FEMALE,FROZEN THREE SPOT CARB WHOLE MALE/FEMALE,FROZEN THREE SPOT CARB HALF CUT MALE /FEMALE)",name_only
282,Amrut Cold Storage Pvt. Ltd.,"Plot No. 1111/12, G.I.D.C. Estate, Veraval - 362269, Gujarat, India",GU3/MT/044/15,AMRUT COLD STORAGE PVT. LTD.,"Javar naka, PORBANDAR 360575 Gujarat",amrutvrl@gmail.com,919824498363,9824498363,www.silverstarexports.com,"Frozen:Fish Wild(Silver Pomfret,Chinese Pomfret,Black Pomfret,Croaker,Snappers,Solefish,Kingfish,Seabream,Ribbonfish,Leather Jacket) Frozen:Shrimp Wild(FROZEN HL SHRIMPS IQF,FROZEN BLANCHED PUD SHRIMPS IQF,FROZEN PUD SHRIMPS IQF / BLOCK) Frozen:Shrimp Aquaculture(FROZEN HL VANNAMEI SHRIMPS IQF,FROZEN PUD VANNAMEI SHRIMPS IQF) Frozen:Cuttlefish(Cuttlefish Whole,Cuttlefish Whole Cleaned IQF/Block/Tray pack,Cuttlefish Fillet,Cuttlefish Skewers,Cuttlefish Roe,Cuttlefish Strips/Tentacles Blanched IQF) Frozen:Squid(Squid Whole Block/IQF/Tray pack,Squid Whole Cleaned IQF/Block/Tray pack,Squid Whole Cut IQF,Squid Tubes & Tentacles,Squid Rings and Tentacles Blanched IQF,Squid Stuffed IQF,Squid Fillet) Frozen:Octopus(Octopus Whole,Octopus Whole Cleaned IQF/Block/Tray pack,Octopus Cut Blanched IQF)",name_only
283,Anjani Marine Traders,"G.I.D.C. Estate Plot No.402/414. Veraval - 362269, Gujarat, India",GU1/MT/039/05,ANJANI MARINE TRADERS,"Plot No. 402/414 GIDC, Veraval 362269 Gujarat",anjanimarinetraders@gmail.com,02876231340,9277808006,nan,nan,name_only
284,Satyam Marine Exports,"14, Lati Plot,Near Makli Godown, Bhidiya, Veraval - 362269",GU1/MT/199/11,SATYAM MARINE EXPORTS,"Lati Plot No.14, Behinds Maklai Cold Storage, Bhidiya, Verava 362269 Gujarat",satyam.export4@gmail.com,02876-232157,9228255442,nan,"Frozen:Fish Wild((RIBBON FISH, SILVER CROAKER, YELLOW CROAKER,,LEATHER JACKET FISH - HGT/WHOLE, REEF COD WHOLE/,HGT, INDIAN MACKEREL, HORSE MACKEREL, SOLE FISH,,SPANISH MACKEREL / SEER FISH, LIZARD FISH, SQUID,,CUTTLE FISH, BABY CUTTLE FISH, SILVER POMFRET,,BLACK POMFRET, YELLOW FIN TUNA, SKIP JACK TUNA,,BIG MOUTH CROAKER, BOMBAY DUCK, CAT FISH, EEL FISH,SEA BREAM, DORAB, BULL EYE, BARRACUDA, KATTI FISH) Frozen:Shrimp Wild(Head less) Frozen:Cuttlefish(Cuttlefish whole,Cuttlefish whole cleaned) Frozen:Squid(Squid whole,Squid whole cleaned) Frozen:Octopus(Octopus whole) Frozen:Crab(Whole crab,Cut crab)",name_only
287,Shivganga Marine Products,"Plot No.1315, G.I.D.C.Estate, Veraval - 362269, Gujarat â?? India,",GU1/MT/268/14,SHIVGANGA MARINE PRODUCTS,"PLOT NO. 1315, G.I.D.C. ESTATE, VERAVAL, GUJARAT 362269 Gujarat",shivganga.marine@gmail.com,9227292163,9275057831,nan,"Frozen:Fish Wild(RIBBON FISH WHOLE,SILVER CROAKER,SOELFISH,REEFCOD WHOLE ROUND,INDIAN MACKERAL,CUTTLEFISH,SQUID,QUEENFISH,HORSE MACKERAL,LEATHER JACKET,BARRACUDA,BULL EYE,YELLOW CROAKER,JAPANESE THREAD FIN BREAM,BIG MOUTH CROAKER,TT CROAKER,GHOLEFISH,STING RAY,WOLF HERRING,CAT FISH,GROUPER WHOLE ROUND,SEA BREAM FISH,BULL EYE / BIG EYE FISH,BONITO TUNA)",name_only
288,Goan Bounty,"Plot No. 51-B, Dulapi- Corlim, Tiswadi, North Goa, Goa 403110, India",GO1/MT/004/04,GOAN BOUNTY,Plot No. 51-B Dulapi Corlim Tiswadi 403110 Goa,goanbounty@gmail.com,8322284533,9822121302,xx,"Frozen:Fish Wild(Mackerel,Horse Mackerel,Sardine,Kingfish,Tuna,Ribbon Fish,Reef Cod,Leather Jacket,Black Promfet,Croaker) Frozen:Shrimp Wild(White Shrimp,Brown Shrimp) Frozen:Cuttlefish(Cuttlefish) Frozen:Squid(Squid) Frozen:Octopus(Octopus)",name_only
291,Keshodwala Foods.,"Plot No. 305, G.I.D.C Estate Veraval - 362269, Gujarat India",GU1/MT/007/04,KESHODWALA FOODS,"Plot No. 305, GIDC, Veraval 362269 Gujarat",lab.keshodwala@gmail.com,02876231644,9825221249,nan,"Frozen:Fish Wild(FROZEN RIBBON FISH WHOLE,FROZEN YELLOW CROAKER,FROZEN SILVER POMFRET,FROZEN CHINESE POMFRET,FROZEN SOLE FISH,FROZEN REEFCOD,FROZEN SPANISH MACKEREL,FROZEN INDIAN MACKEREL,FROZEN HORSE MACKEREL,FROZEN LEATHER JACKET,FROZEN LIZARD FISH,FROZEN BOMBAY DUCK,FROZEN BARRACUDA,FROZEN KINGFISH WHOLE,FROZEN YELLOW FIN TUNA WHOLE ROUND,FROZEN SKIPJACK TUNA WHOLE ROUND,FROZEN RED SNAPPER,FROZEN SILVER CROACKER,FROZEN BONITO TUNA,FROZEN LONG TAIL TUNA,FROZEN MAHI MAHI,FROZEN EEL FISH,FROZEN CROACKER FISH,FROZEN TIGER TOOTH CROACKER,FROZEN STING RAY,FROZEN HILSA,FROZEN KOOTH FISH,FROZEN WHITE SNAPPER,FROZEN OCTOPUS WHOLE,FROZEN SCAD FISH,FROZEN JAPANESE THREADFIN BREAM,FROZEN BULL EYE FISH,FROZEN BIG MOUTH CROAKER) Frozen:Shrimp Wild(FROZEN PUD SHRIMPS BLANCHED IQF,FROZEN PD SHRIMPS BLANCHED IQF,FROZEN PUD SHRIMPS IQF) Frozen:Cuttlefish(FROZEN CUTTLE FISH WHOLE,FROZEN CUTTLE FISH WHOLE CLEANED IQF,FROZEN CUTTLE FISH STRIPS BLANCHED IQF,FROZEN CUTTLE FISH TENTACLES BLANCHED IQF) Frozen:Squid(FROZEN SQUID WHOLE,FROZEN SQUID WHOLE CLEANED IQF,FROZEN SQUID TENTACLES BLANCHED IQF,FROZEN SQUID RINGS BLANCHED IQF,FROZEN SQUID TUBES IQF,FROZEN SQUID WHOLE LAYER PACK) Frozen:Octopus(FROZEN OCTOPUS WHOLE,FROZEN OCTOPUS WHOLE CLEANED IQF)",name_only
292,Aftab Exports.,"G.I.D.C.Estate Plot No.1004 Veraval â?? 362269. Gujarat , India",GU3/MT/041/15,AFTAB EXPORTS,FISH MARKET PORBANDAR 360575 Gujarat,aftabexportsdocument@gmail.com,9227530049,9227530050,nan,"Frozen:Fish Wild(FR. BLACK EEL,FR. BIG MOUTH CROAKER,FR. RIBBON FISH WHOLE IWP,FR. RIBBON FISH WHOLE,FR. SOLE FISH,FR.YELLOW CROAKER,FR. RED SNAPPER WR,FR. YELLOW TAIL SCAD,FR. LEATHER JACKET WHOLE,FR. KING FISH WHOLE,FR. INDIAN MACKEREL,FR. AMBERJACK WHOLE,FR.KING SNAPPER WHOLE,FR. JOHN SNAPPER WHOLE,FR. SEABREAMS,FR. SEER FISH,FR. HALIBUT,FR. SILVER POMFRET,FR. TUNNA FISH,FR. KATTI FISH,FR. COBIA FISH,FR. GHOL FISH,FR. CUTTLE FISH,FR. OCTOPUS,FR. SHRIMP,FR. GROUPER BUFFET,FR. GROUPER FILLET SKIN OFF,BONELESS, PIN BONE OFF,FR. GROUPER FINGER SKINLESS & BONELESS (N),FR. GROUPER FINGER SKINLESS & BONELESS BUFFET,FR. UNICORN FILLET (M/OFF),FR. KING SNAPPER SKIN ON FILLETS,FR. AMBERJACK SKIN ON FILLETS,FR. GROUPER GILLED,GUTTED & SCALED,FR. CORVINA FILLETS,FR. KOOTH FILLETS,FR. REEF COD HL TL GTD,FR. REEF COD BUTTERFLY,FR. KING FISH STEAKS,FR. TUNNA LOINS,FR. SEABREAMS FILLETS,FR. KIMG FISH FILLETS,FR. T.T. CROAKER,FR. INDIAN MACKEREL,FR. HORSE MACKEREL,FR. SILVER CROAKER,FR. MAHI MAHI FILLETS,FR. JAPANESE THREADFIN BREAM,FR. BLACK POMFRET,FR. SQUID WR,FR. BLACK SEA BREAM,FR. FORK-TAILED THREADFIN BREAM,FR. FLOUNDER FISH,FR. DORAB FISH)",name_only
298,Honest Frozen Foods Co.,"Plot no.1405, G.I.D.C. Estate, Veraval-362269,Gujarat- India.",GU1/MT/038/05,HONEST FROZEN FOODS CO,PLOT NO.1405 G.I.D.C. ESTATE VERAVAL 362269 Gujarat,honest.document@gmail.com,9825221185,9825221185,nan,"Frozen:Fish Wild(Ribbon Fish,Croaker Fish,Leather Jacket,Sole Fish,) Frozen:Shrimp Wild(PUD, P & D, Head on, Headless, HL/TL) Frozen:Cuttlefish(Whole, Whole cleaned, Fillets, Strips, Tentacles) Frozen:Squid(Whole, Whole cleaned, Tubes, Fillets,,Strips, Ring) Frozen:Octopus(Whole, Whole cleaned, Gutted, Chopped) Frozen:Lobster(RAW ROCK LOBSTER,SAND LOBSTER)",name_only
299,New Royal Frozen Foods,"Plot No.304 G.I.D.C. Estate Veraval 362269 Gujarat-India,",GU1/MT/006/04,NEW ROYAL FROZEN FOODS,"Plot No.304, GIDC , Veraval-362 269 362269 Gujarat",newroyal08@gmail.com,02876-231807,9978985535,nan,"Frozen:Fish Wild(Ribbon fish,silver croaker,Yellow Croaker,Eel Fish,Red Bally Reef Code,Horse Mackerel,Indian Mackerel,Red Snepper,Barracuda,sting Ray,Indian-Pacific King Mackerel,Skip Jack Tuna,Yellowfin Tuna,Big Eye Tuna,Tigertooth Croaker,Indian Conger Eel,Tuna Bonito,Sole Fish,Bombay Duck,Leather Jacket Fish,Cat Fish,Leather Skin) Frozen:Shrimp Wild(Tiny Karikadi Shrimp,Goinar Shrimp ,Flower Shrimp,Indian Whie Shrimp , Indian Sea Tiger Shrimp) Frozen:Cuttlefish(Pharaoh CuttelFish) Frozen:Squid(Indian Squid, Needle Squid) Frozen:Octopus(Smoothskin Octopus, Sandbird Octopus) Frozen:Crab(Blue swimming Crab ,Three Spot Crab ,)",name_only
332,FALCON MARINE EXPORTS LTD.,"PLOT NO.138,SECTOR-A,ZONE-B,MANCHESWAR INDUSTRIAL ESTATE,BHUBANESWAR-751010,ODISHA",,,,,,,,,no_match
343,BIJAYA MARINE PRODUCTS,"ATHARANALA,PATNA,GOPINATHPUR,PURI,752002,ODISHA",,,,,,,,,no_match
364,MMC EXPORTS LIMITED,"Choto Paresh Baro Paresh Mahishbathan, Salt Lake  Sector V- 700091, West Bengal, INDIA",,,,,,,,,no_match
370,RAM’S ASSORTED COLD STORAGE LTD.,"ARAKHAKUDA, AT/PO â?? TELENGAPENTHA, CUTTACK â?? 753051, ODISHA",,,,,,,,,no_match
392,Calcutta Seafoods Private Limited,"174, Hemanta Basu Sarani, Basunagar, Madyamgram, Kolkata â?? 700129, West Bengal, India",,,,,,,,,no_match
395,Laxminarayan Exports,"34 & 35, Industrial Estate, Paradeepgarh, Paradeep, Jagatsinghpur-754141, Odisha",,,,,,,,,no_match
396,SK EXPORTS PRIVATE LIMITED,"21, CHANDAKA INDUSTRIAL COMPLEX, PATIA, KIIT CAMPUS, BHUBANESWAR, 751024, ODISHA",,,,,,,,,no_match
422,Utkal Exports,"S3-94 Sector-A,Zone-B, Mancheswar Industrial Estate, Bhubaneswar, Odisha",OR1/RX/135/24,UTKAL EXPORTS,"S 3/94,SECTOR-A,ZONE-B,T MANCHESWAR INDUSTRIAL ESTATE 751007 Odisha",utkalexports@gmail.com,9937144666,9937044447,nan,"Frozen:Shrimp Aquaculture(FROZEN PEELED DEVEINED VANNAMEI SHRIMPS -IQF,FROZEN HEADLESS VANNAMEI SHRIMPS,FROZEN PEELED UN DEVEINED VANNAMEI SHRIMPS,FROZEN HEAD-ON BLACK TIGER SHRIMPS,FROZEN HEADLESS BLACK TIGER SHRIMPS) Frozen:Cuttlefish(FROZEN CUTTLE FISH WHOLE,FROZEN RIBBON FISH WHOLE)",name_only
424,SARVESHWARI EXPORTS PVT. LTD.,"548, Jessore Road, Kolkata-700055, West Bengal",WB1/MT/324/14,SARVESHWARI EXPORTS PVT. LTD.,"548, JESSORE ROAD NORTH 24 PARGANAS, KOLKATA - 700055 West Bengal",sarveshwari@vsnl.net,9073930006,9836263963,nan,nan,name_only
428,RAZBAN SEAFOOD PRIVATE LIMITED,"UNIT-II, 770 KALIKAPORE, KOLKATA-700099, WEST BENGAL, INDIA.",WB1/MT/602/24,RAZBAN SEAFOOD PRIVATE LIMITED,"770, KALIKAPORE P.O- MUKUNDAPUR, KOLKATA - 700099 West Bengal",razban.seafood@gmail.com,03324260873,9831026622,nan,nan,name_only
449,SADAF SEA FOODS,"UNIT NO. 5, I.S.F.P.C., CHAKGARIA, KOLKATA - 700094, WEST BENGAL",,,,,,,,,no_match
453,CORELINE EXPORTS,"UNIT 4, INTERNATIONAL SEAFOOD PROCESSING CENTRE, BUDERHAT, CHAKGARIA, KOLKATA-700094, WEST BENGAL, INDIA",WB1/MT/062/05,CORELINE EXPORTS,"26, BLOCK-H, NEW ALIPORE, KOLKATA – 700053 West Bengal",rajanjohn@vsnl.com,9831005510,9831005510,nan,nan,name_only
458,Shimpo Exports Private Limited,"Unit No. III, ISFPC, Chakgaria, Boodherhat, Kolkata- 700094, West Bengal, India",,,,,,,,,no_match
459,TEEKAY MARINE PVT. LTD,"PLOT NO.58, CHANDAKA INDUSTRIAL ESTATE, PO-KIIT, PATIA, BHUBANESWAR-751024, Odisha",,,,,,,,,no_match
460,M/S SAHADA EXPORTS,"UNIT 8,ISFPC,CHAKGARIA,24 PGS(S),KOLKATA-700 094",WB1/MT/125/07,M/S SAHADA EXPORTS,"11C, MOMINPORE ROAD SOUTH 24 PARGANAS, KOLKATA - 700023 West Bengal",sahada_cal@yahoo.com,03324496113,9433426395,-,"Frozen:Fish Aquaculture(Frozen Head-on Sea Tiger Shrimps,Head-on Flower Shrimps,Head-on Bamboo Shrimps,Head-on Sea White Shrimps,Headless Sea Tiger Shrimps,Headless Flower Shrimps,Headless Bamboo Shrimps,Headless Sea White Shrimps,(Grade- I & Grade-II),(PUD)- Peeled & Undeveined (Karikadi- Poovalan,-Brown- Pink- Sea White),Head-on Black Tiger Shrimps,Head-on Vannamei Shrimps,Headless Black Tiger Shrimps (G-I & G-II),Headless Vannamei Shrimps (G-I & G-II),Frozen Headless Easy Peel Black Tiger Shrimps,Frozen Headless Easy Peel Vannamei Shrimps,Frozen Headless Deep Cut Black Tiger Shrimps,Frozen Deep Cut Vannamei Shrimps,Frozen Block Peel & Deveined Tail on /Tail off,Black Tiger Shrimps,Frozen Block Peel & unDeveined Tail on /Tail off,Black Tiger Shrimps and Vannamei Shrimps,I.Q.F Head-on Sea Tiger Shrimps,I.Q.F. Head-on Flower Shrimps,I.Q.F. Head-on Bamboo Shrimps,I.Q.F. Head-on Sea White Shrimps,I.Q.F. Head-on Black Tiger Shrimps,I.Q.F. Head-on Vannamei Shrimps,I.Q.F. Headless Sea Tiger Shrimps,I.Q.F. Headless Flower Shrimps,I.Q.F. Headless Bamboo Shrimps,I.Q.F. Headless Sea White Shrimps,I.Q.F Headless Black Tiger Shrimps (G-I & G-II),I.Q.F. Headless Vannamei Shrimps (G-I & G-II),I.Q.FFrozen Headless Easy Peel Black Tiger Shrimps,I.Q.F. Frozen Headless Easy Peel Vannamei Shrimps,And Butterfly Cut Shrimps,I.Q.F.Frozen Headless Deep Cut Black Tiger Shrimps,I.Q.F. Frozen Deep Cut Vannamei Shrimps,I.Q.F. Frozen Peel & Deveined Tail on /Tail off,I.Q.F. Black Tiger Shrimps & Vannamei Shrimps,I.Q.F. Black Tiger Peel & Deveined Tail on,/ Tail off Butterfly Shrimps,I.Q.F. Vannamei Peel & Deveined Tail on/ Tail off,Butterfly Shrimps,I.Q.F. Black Tiger Shrimps (PUD) Peeled,Deveined,I.Q.F. Vannamei Shrimps (PUD) Peeled & Undeveined,I.Q.F. (PUD)- Peeled & Undeveined (Karikadi/,Poovalan/Brown/Pink/Sea-white),Blast Frozen Head-on Sea Tiger Shrimps,Blast Frozen Head-on Flower Shrimps,Blast Frozen Head-on Bamboo Shrimps,Blast Frozen Head-on Sea White Shrimps,Blast Frozen Head-on Black Tiger Shrimps,Blast Frozen Head-on Vannamei Shrimps,Blast Frozen Head less Sea TigerShrimps (G-I&G-II),Blast Frozen Head less Flower Shrimps (G-I & G-II),Blast Frozen Head less Bamboo Shrimps (G-I&G-II),Blast Frozen Head less Sea WhiteShrimps (G-I&G-II),Blast Headless Black Tiger Shrimps (G-I & G-II),Blast Headless Vannamei Shrimps (G-I & G-II),Blast Frozen Head Less Easy Peel BlackTigerShrimps,(Grade- I & Grade- II),Blast Frozen Head Less Deep Cut BlackTigerShrimps,Blast Frozen Head Less Deep Cut Vannamei Shrimps,Blast Frozen Head Less Peel& Deveined Black Tiger,Tail on / Tail off,Blast Frozen Peel&UnDeveined Black TigerShrimps,Blast Frozen Peel&UnDeveined Vannamei Shrimps,Blast (PUD)- Peeled & Undeveined (Karikadi/,Poovalan-Brown-Pink-Sea-white),Blast Frozen Raw Fish (Non Scombroid),Blast Frozen Raw Fish (Scombroid),Blast Frozen Raw Cephalopods,Blast Frozen Crabs)",name_only
469,MAGNUM SEA FOODS LIMITED,"AT: BOTANDA, P.O./P.S.: JANKIA, DIST: KHURDA, PIN-752019, ODISHA",,,,,,,,,no_match
470,UNITRIVENI OVERSEAS,"PLOT NO.150,CHAMPAJHAR,P.O.MALIPADA, DT-KHURDA, PIN-752018",,,,,,,,,no_match
471,MILSHA SEA PRODUCT,"UNIT NO. 2, I.S.F.P.C, BENFISH COMPLEX, CHAKGARIA, 24 PARGANAS (S), KOLKATA â?? 700094, WEST BENGAL, INDIA",WB1/RX/439/18,MILSHA SEA PRODUCT,"UNIT-II, I.S.F.P.C. BENFISH COMPLEX CHAKGARIA, KOLKATA - 700094 West Bengal",milsha@prawnsetc.com,9163535000,9163535000,nan,nan,name_only
475,BAIDYA FISH TRADERS,"Vill: Bagna, PO & PS-Gaighata, Dist. 24 Parganas (North), Pin-743249, West Bengal",WB1/MT/312/13,BAIDYA FISH TRADERS,"62/B, KHUDIRAM BOSE SARANI, KOLKATA - 700037 West Bengal",baidyafishtraderskol@gmail.com,03325214761,9433911600,nan,nan,name_only
477,IFB AGRO INDUSTRIES LTD.,"Plot No. IND-5, Sector-1, East Kolkata Township, Kolkata-700107, West Bengal, India.",,,,,,,,,no_match
478,Z. A. SEA FOODS PVT. LTD.,"UNIT NO-9, BENFISH COMPLEX I.S.F.P.C, CHAKGARIA, 24 PARGANAS (SOUTH), KOLKATA-700094, WEST BENGAL",,,,,,,,,no_match
488,SHIMPO SEAFOODS,"IDCO PLOT NO 53, CHANDAKA INDUSTRIAL ESTATE,  P.O: KIIT, PATIA, BHUBANESWAR-751024, ODISHA, INDIA",OR1/MT/081/19,SHIMPO SEAFOODS,"IDCO PLOT NO. 53, CHANDAKA INDUSTRIAL ESTATE, P.O. KIIT, PATIA, BHUBANESWAR - 751024 751024 Odisha",shimpo.exports@gmail.com,0674-2726151/72,9437063784,nan,"Frozen:Shrimp Wild(FROZEN HEAD ON SHELL ON SEA TIGER SHRIMPS,FROZEN HEAD ON SHELL ON BLACK TIGER SHRIMPS,FROZEN HEAD LESS SHELL ON SEA TIGER SHRIMPS,FROZEN HEAD LESS SHELL ON BLACK TIGER SHRIMPS,FROZEN HEAD LESS EASY PEEL SEA TIGER SHRIMPS,FROZEN HEAD LESS EASY PEEL BLACK TIGER SHRIMPS,FROZEN PEELED AND DEVEINED SEA TIGER SHRIMPS,FROZEN PEELED AND DEVEINED BLACK TIGER SHRIMPS,FROZEN PEELED & DEVEINED TAIL ON SEA TIGER SHRIMPS,FROZEN PD TAIL ON BLACK TIGER SHRIMPS,FROZEN PUD SEA WATER SHRIMPS,FROZEN PD SEA WATER SHRIMPS,FROZEN HEAD ON SHELL ON SEA WHITE SHRIMPS,FROZEN HEAD LESS SHELL ON SEA WHITE SHRIMPS,FROZEN HEAD ON SHELL ON FLOWER SHRIMPS,FROZEN HEAD LESS SHELL ON FLOWER SHRIMPS,FROZEN HEAD ON SHELL ON BAMBOO SHRIMPS,FROZEN HEAD LESS SHELL ON BAMBOO SHRIMPS,FROZEN HEAD LESS SHELL ON PINK / BROWN SHRIMPS) Frozen:Shrimp Aquaculture(FROZEN HEAD ON SHELL ON VANNAMEI SHRIMPS,FROZEN HEADLESS SHELL ON VANNAMEI SHRIMPS,FROZEN HEAD LESS SHELL ON EASY PEEL VANNAMEI SHRIM,FROZEN PEELED AND DEVEINED VANNAMEI SHRIMPS,FROZEN PEELED AND DEVEINED TAIL ON VANNAMEI SHRIMP,FROZEN PEELED AND UNDEVEINED VANNAMEI SHRIMPS)",name_only
492,MILSHA AGRO EXPORTS PVT. LTD.,"UNIT NO. 1, I.S.F.P.C., BENFISH COMPLEX, CHAKGARIA, KOLKATA-700094, WEST BENGAL, INDIA",,,,,,,,,no_match
496,N.C. DAS & CO.,"VILL & P.O.: ADAMPUR, P.S. : HAROA, DIST. : 24 PGS (N), WEST BENGAL.",,,,,,,,,no_match
510,Bharath sea foods,"Chandiroor, Alappuzha Dist â??kerala 688547",KL1/MT/003/04,BHARATH SEA FOODS,"Chandiroor, Alappuzha 688537 Kerala",bharathseafoods@gmail.com,04782872220,9496912256,nan,"Frozen:Fish Wild(FROZEN SKIPJACK TUNA,FROZEN RIBBION FISH,FROZEN YELLOWFIN TUNA,FROZEN SARDINE,FROZEN MACKEREL,FROZEN SEERFISH) Frozen:Shrimp Wild(FROZEN DEEPSEA SHRIMPS (HL ,HLSO,PD,PUD,PPV),FROZEN KARKKADI(HL,HLSO,PUD,PD,PPV),FROZEN POOVALAN(HL,HLSO,PUD,PD,PPV) Frozen:Shrimp Aquaculture(FROZEN VANNAMEI SHRIMPS(HL,HLSO,PD,PUD,PPV,PDPV))",name_only
512,SLS EXPORTS PVT LTD,"XXII/1377, EDAKOCHI P.O, KOCHI-682010, ERNAKULAM DISTRICT, KERALA",KL1/MT/266/11,SLS EXPORTS PVT. LTD.,"XXII/1377, EDAKOCHI, ERNAKULAM DIST 0,INDIA. Kerala 682010 Kerala",slsexports@vsnl.net,04842327078,9447776046,nan,"Frozen:Fish Wild(frozen histamine forming fishes,frozen non histamine forming fishes,Frozen mahi mahi fillets /whole,Frozen emperor,FRozen green job fish,Frozen ribbon fish,Frozen red snapper,Frozen white snapper,Frozen leather jacket fish,Frozen mackeral,Frozen sardine) Frozen:Shrimp Wild(frozen deep sea shrimps,frozen head on and head less shrimps poovalan,frozen head on head less PUD PD karikkadi shrimps,frozen head on head less PUD PD kazhanthan shrimps,frozen head on head less PUD PD naran shrimps,frozen red shrimps) Frozen:Shrimp Aquaculture(frozen head on head less PUD PD vannamei shrimps) Frozen:Cuttlefish(frozen cuttlefish whole cleaned,frozen cuttlefish whole,frozen cuttlefish whole cleaned skin on tentacles,frozen cuttlefish roe,Frozen cuttlefish ink) Frozen:Squid(frozen squid whole,frozen squid whole cleaned,frozen squid whole semi needle,frozen squid whole cleaned semi needle,frozen squid whole needle,frozen squid whole cleaned needle,frozen squid whole loligo,frozen squid rings and tentacles,frozen squid tube and tentacles,frozen squid,Frozen squid whole- blast frozen) Frozen:Octopus(frozen octopus whole,frozen octopus gutted and cleaned,frozen octopus whole short arm,frozen octopus whole long arm,frozen octopus,frozen octopus whole cleaned) Frozen:Gastropod(frozen baigai whole,frozen sea snail,frozen top shell,frozen clam meat,Frozen baigai meat,Frozen boiled black clam meat,Frozen black clam whole,Frozen boiled yellow clam meat,Frozen yellow clam whole,Frozen babylon long type,Frozen babylon short type,Frozen spiral babylon,Frozen spotted babylonia whole) Frozen:Bivalves(frozen baigai whole,frozen sea snail,frozen top shell,frozen clam meat)",name_only
514,Bell Foods(Marine Division),"Building No.18/1555Pallichal Road,Thoppumpady P.OKochi-682024",KL1/MT/037/04,BELL FOODS (MARINE DIVISION),"18/1555 Pallichal Road, Kochi-05 682005 Kerala",bellfoods1968@gmail.com,04842231684,9745318996,www.bellbrand.com,"Frozen:Fish Wild(FROZEN FISH WHOLE,FROZEN FISH GUTTED,FROZEN FISH FILLETS,FROZEN FISH STEAKS,FROZEN FISH LOINS,FROZEN FISH CUBES,FROZEN FISH SKEWERS) Frozen:Shrimp Wild(FROZEN HEADLESS SHELL ON SHRIMPS,FROZEN PEELED DEVEINED SHRIMPS,FROZEN PEELED UNDEVEINED SHRIMPS,FROZEN PULLED VEIN SHRIMPS,FROZEN SKEWER SHRIMPS,FROZEN HEAD ON SHRIMPS) Frozen:Shrimp Aquaculture(FROZEN HEAD ON SHELL ON SHRIMPS,FROZEN HEADLESS SHELL ON SHRIMPS,FROZEN PEELED DEVEINED SHRIMPS,FROZEN PEELED DEVEINED TAIL ON SHRIMPS,FROZEN PEELED UNDEVEINED SHRIMPS,FROZEN SKEWER SHRIMPS) Frozen:Cuttlefish(FROZEN CUTTLEFISH WHOLE,FROZEN CUTTLEFISH WHOLE CLEANED,FROZEN CUTTLEFISH FILLET,FROZEN CUTTLE FISH CLEANED IF,FROZEN CUTTLE FISH WHOLE CLEANED BLOCK,FROZEN CUTTLE FISH ROLL,FROZEN CUTTLE FISH TENTACLE,FROZEN CUTTLE FISH CUBES,FROZEN CUTTLEFISH SKEWERS) Frozen:Squid(FROZEN SQUID WHOLE,FROZEN SQUID WHOLE CLEANED,FROZEN SQUID RINGS,FROZEN SQUID TENTACLES,FROZEN SQUID WHOLE CLEANED STUFFED,FROZEN SQUID WHOLE-BLOCK/IF,FROZEN SQUID WHOLE CLEANED-BLOCK/IF,FROZEN SQUID TUBE) Frozen:Octopus(FROZEN OCTOPUS WHOLE,FROZEN OCTOPUS CLEANED AND GUTTED,FROZEN OCTOPUS CLEANED-BLOCK/IF,FROZEN OCTOPUS WHOLE-BLOCK/IF,FROZEN OCTOPUS CLEANED-FLOWER TRAY PACK,FROZEN OCTOPUS GUTTED-IWP/IF,FROZEN OCTOPUS SKEWERS)",name_only
520,Capithan Exporting Company,"Port Road,Sakthikulangara P.O., Kollam-691581,Kerala",,,,,,,,,no_match
521,THE CANNING INDUSTRIES COCHINLTD,"EDACOCHIN P.O.,KOCHI-682010 KERALA, INDIA",,,,,,,,,no_match
594,STERLING FOODS,"Sasihithlu, Haleangadi P.O., Mangaloe- 574146,Karnataka",,,,,,,,,no_match
626,Abad Fisheries Private Limited (Unit-III),"VII/29-34, Vizhinjam, Thiruvananthapuram-695525, Kerala.",,,,,,,,,no_match
635,FREEZE EXIM,"AP 1/160, AROOR,ALAPPUZHA DIST.-688534, KERALA, INDIA",,,,,,,,,no_match
657,PREMIER MARINE FOODS,"VII/141, Chandiroor - 688547 Alappuzha District, Kerala",KL1/MT/191/07,PREMIER MARINE FOODS,Nizam Manzil Vandanam P O Alappuzha-05 688005 Kerala,marinefoodspremier@gmail.com,04782872458,9846042052,nan,"Frozen:Fish Wild(Frozen Tuna,Frozen Ribbon Fish,Frozen Skipjack Tuna,Frozen Mackerel,Frozen Sardine,Frozen Yellowfin Tuna,Frozen Leather Jacket) Frozen:Shrimp Wild(Frozen Poovalan Shrimps,Frozen Karikkadi Shrimps,Frozen White Shimps,Brown Shrimps,Choodan Shrimps,Jawala Shrimps,Deepsea Shrimps) Frozen:Shrimp Aquaculture(Vannamei Shrimps,Frozen PUD Vannamei shrimps,Frozen PD Vannamei shrimps,Frozen PDTO Vannamei Shrimps,Frozen HLSO Vannamei Shrimps,Frozen Headless Tail-on Vannamei Shrimps,Frozen PVPD Vannamei Shrimps,Frozen Head on Tail on Vannamei Shrimps) Frozen:Cuttlefish(Cuttle fish whole,Cuttle fish whole cleaned) Frozen:Squid(SQuid semi needle,Squid needle,White Squid) Frozen:Octopus(Octopus Whole,Octopus Whole Gutted) Frozen:Crab(Crab)",name_only
658,COCHIN FROZEN FOOD EXPORTS PVT. LTD.,"Arookutty Ferry Road, Aroor, Pin-688534, Alappuzha, Kerala",,,,,,,,,no_match
662,Silver Star Seafoods Ltd.,"X1/64, Anwar Palace,Chandiroor P.O ,Alappuzha,Kerela,India-688547",,,,,,,,,no_match
664,Seaboy Fisheries Pvt. Ltd.,"KP VI-1019, Puthenthope, Trivandrum-695586, Kerala, India",,,,,,,,,no_match
680,HIGH SEAS EXIM,"AP X/102 ,CHANDIROOR -688547 ,ALAPPUZHA DISTRICT KERALA,INDIA",KL1/MT/226/09,HIGH SEAS EXIM,AP X/102 CHANDIROOR ALAPPUZHA 688547 Kerala,hsemindia@gmail.com,nan,9562022300,nan,"Frozen:Fish Wild(FROZEN PEELED AND UNDEVEINED SEACAUGHT SHRIMPS,FROZEN PEELED AND DEVEINED SEACAUGHT SHRIMPS,FROZEN PUD TAILON VANNAMEI SHRIMPS,FROZEN PD TAILON VANNAMEI SHRIMPS,FROZEN PVPD SHRIMPS,FROZEN HEADLESS SHELLON VANNAMEI SHRIMPS,FROZEN PEELED AND UNDEVEINED VANNAMEI SHRIMPS,FROZEN PEELED AND UNDEVEINED VANNAMEI SHRIMP,FROZEN HEADON VANNAMEI SHRIMPS,FROZEN HEADLESS SHELLON SEACAUGHT SHRIMPS,FROZEN SQUID WHOLE AND WHOLE CLEANED,FROZEN CUTTLEFISH WHOLE AND WHOLE CLEANED AND ROE,FROZEN OCTOPUS WHOLE AND WHOLE CLEANED,FROZEN FISHES HISTAMINE FORMING,FROZEN FISHES NON HISTAMINE FORMING)",name_only
682,GKS BUSINESS ASSOCIATES (P) LIMITED,"GKS COMPLEX, AROOKUTTY FERRY ROAD , AROOR-688534, ALAPPUZHA, KERALA, INDIA",KL1/MT/010/04,GKS BUSINESS ASSOCIATES (P) LIMITED,"GKS COMPLEX, AROOKUTTY FERRY ROAD ALAPPUZHA AR00R 688534 Kerala",mailus@gksmail.com,04782874555,9747022444,www.gksseafood.com,"Frozen:Fish Wild(FROZEN SKIP JACK TUNA WHOLE,FROZEN YELLOW FIN TUNA WHOLE,FROZEN MACKEREL WHOLE,FROZEN SARDINE) Frozen:Shrimp Wild(BLOCK FROZEN PUD SHRIMPS,BLOCK FROZEN PD SHRIMPS) Frozen:Shrimp Aquaculture(BLOCK FROZEN HLSO VANNAMEI SHRIMPS) Frozen:Cuttlefish(FROZEN CUTTLEFISH WHOLE,BLOCK FROZEN CUTTLEFISH WHOLE CLEANED,FROZEN CUTTLEFISH WHOLE CLEANED IF) Frozen:Squid(FROZEN SQUID WHOLE,FROZEN SQUID WHOLE CLEANED,FROZEN SQUID TUBE,FROZEN SQUID TENTACLES,FROZEN SQUID TUBE & TENTACLES) Frozen:Octopus(FROZEN BABY OCTOPUS WHOLE,FROZEN OCTOPUS WHOLE (LONG LEG),BLOCK FROZEN OCTOPUS WHOLE CLEANED,FROZEN OCTOPUS WHOLE CLEANED (TRAY PACK)) Frozen:Gastropod(FROZEN BAIGAI WHOLE,FROZEN CLAM)",name_only
683,Torry Harris Seafoods Private Ltd.,"V /143A, P.B. NO. 2, Eramalloor P.O.,     Alleppey â?? 688537, Kerala",,,,,,,,,no_match
684,Accelerated Freeze Drying Co.Ltd,"Door No. EP/IV/513, Ezhupunna, Alappuzha Dist, Kerala-688548",KL1/MT/136/05,ACCELERATED FREEZE DRYING CO. LTD,"EP-IV/513, Ezhupunna, 688537 Kerala",kbninan@amalgamfoods.in,04782872012,9895060030,nan,"Frozen:Fish Wild(Sardinella longiceps,Stolephorus indicus,Lutjanus argentimaculatus,Lepturacanthus savala,Katsuwonus pelamis,Scomberomorus lineolatus,Rastrelliger kanagurta,Pampus argenteus,Pampus chinensis) Frozen:Shrimp Wild(Parapenaeopsis stylifera,Metapenaeous dobsoni,Penaeus indicus,Metapenaeous monocerous) Frozen:Shrimp Aquaculture(Penaeus monodon,Litopenaeus vannamei) Frozen:Cuttlefish(Sepia pharaonis,Sepia brevimana,Sepia arabica,Sepia trygonina) Frozen:Squid(Loligo duvacelli,Uroteuthis edulis) Frozen:Octopus(Octopus vulgaris,Octopus dollfusi,Octopus globosus) Frozen:Bivalves(Perna indica,Lamellidens marginalis,Crassostrea madrasensis,Meretrix meretrix,Villorita cyprinoides) Frozen:Crab(Scylla serrata,Scylla tranquebarica,Portunus pelagicus,Portunus sanguinolentus) Freeze Dried:Shrimp(Parapenaeopsis stylifera,Metapenaeous dobsoni,Penaeus indicus,Metapenaeous monocerous,Litopenaeus vannamei) Freeze Dried:Cephalopods(Sepia pharaonis,Octopus vulgaris,Loligo duvauceli,Uroteuthis edulis)",name_only
686,CAP Seafoods Private Limited,"1/71, Vypeen Island,Azheekal P.O., ErnakulamDistrict, Kochi , Kerala.Pin Code - 682510.",KL1/MT/053/05,CAP SEAFOODS PRIVATE LIMITED,"1/71, Vypeen Islands Azheekal P O, Kochi Kerala 682508 Kerala",acct.cap@abadgroup.in,04844104005,9846166112,www.abad.co.in,"Frozen:Shrimp Wild(FROZEN HEAD ON SHRIMPS IQF,FROZEN PD SHRIMPS IQF,FROZEN PUD SHRIMPS IQF,FROZEN BLANCHED PUD SHRIMPS IQF,FROZEN BLANCHED PD SHRIMPS IQF,FROZEN BLANCHED HEADLESS SHELL ON SHRIMPS IQF,FROZEN BLANCHED PD TAIL ON SHRIMPS IQF,FROZEN HEADLESS SHELL ON SHRIMPS IQF,FROZEN COOKED PD SHRIMPS,FROZEN COOKED PUD SHRIMPS,FROZEN COOKED PDTO SHRIMPS) Frozen:Shrimp Aquaculture(FROZEN HEAD ON SHRIMPS IQF,FROZEN PD SHRIMPS IQF,FROZEN PUD SHRIMPS IQF,FROZEN BLANCHED PUD SHRIMPS IQF,FROZEN BLANCHED PD SHRIMPS IQF,FROZEN BLANCHED PDTO SHRIMPS IQF,FROZEN HEADLESS SHRIMPS IQF,FROZEN BLANCHED HEAD LESS SHIMPS IQF,FROZEN COOKED PD SHRIMPS IQF,FROZEN COOKED PUD SHRIMPS,FROZEN COOKED PDTO SHRIMPS) Frozen:Cuttlefish(FROZEN CUTTLEFISH WHOLE CLEANED,FROZEN CUTTLEFISH STRIPS,FROZEN CUTTLEFISH TENTACLES) Frozen:Squid(FROZEN SQUID WHOLE CLEANED,FROZEN SQUID RINGS,FROZEN SQUID TENTACLES,FROZEN SQUID TUBES) Frozen:Octopus(FROZEN BABY OCTOPUS,FROZEN OCTOPUS CHOPPED,FROZEN BLANCHED CHOPPED OCTOPUS)",name_only
689,THREE STAR MARINE EXPORTS,"AP II/643 A,INDUSTRIAL ESTATE AROOR -688534 ,ALLEPPEY DIST.KERALA,INDIA",KL1/MT/272/11,THREE STAR MARINE EXPORTS,"Regd.Office: 10/15, Azhikode Jetty P O Kodungalloor/Thrissur Fac: APII 634A, INDUSTRIAL ESTATE,AROOR/688534 688534 Kerala",tmearoor@gmail.com,914782873274,9846900777,nil,"Frozen:Fish Wild(SARDINE SARDINELLA LONGICEPS,MACKERAL RASTRELLIGER KANAGURTA,RIBBON FISH LEPTURACANTHUS SAVALA,SKIP JACK TUNA KATSUWONUS PELAMIS,YELLOW FIN TUNA THUNNUS ALBACARES,ANCHOVY ANCHOVIELLA COMMERSIONI,LEATHER JACKET ALUTERUS SPP,SNAPER LUTJANUS MALABARICUS,WHITE SHRIMP PENAEUS INDICUS,MARINE SHRIMP PARAPENEOPSIS STYLIFERA,BROWN SHRIMP METAPENAEUS MONOCEROS,KING SHRIMP METAPENAEUS AFFINIS,CUTTLEFISH SEPIA PHARAONIS,SQUID LOLIGO DUVAUCELI,SQUID UROTEUTHIS DUVAUCELI,OCTPUS OCTPUS SPP.,OCTOPUS OCTOPUS MEMBRANACEUS)",name_only
696,RF EXPORTS,"ERAMALLOOR, ALAPPUZHA-688537, KERALA",,,,,,,,,no_match
707,A. S. MARINE INDUSTRIES PRIVATE LIMITED,"CC XVIII/263, Nadakadavu Road, Kochi-682006,Kerala",KL1/MT/202/08,A S MARINE INDUSTRIES PRIVATE LIMITED,AP 2/268 Aroor Alappuzha 688534 Kerala,lab@asmarine.in,04842232702,9847827772,www.asmarine.in,"Frozen:Fish Wild(FROZEN YELLOWFIN TUNA WHOLE ROUND,FROZEN YELLOWFIN TUNA GG,FROZEN YELLOWFIN TUNA HGT,FROZEN YELLOWFIN TUNA LOINS,FROZEN YELLOWFIN TUNA FILLET,FROZEN SKIPJACK TUNA WHOLE ROUND,FROZEN SKIPJACK TUNA GG,FROZEN SKIPJACK TUNA HGT,FROZEN SKIPJACK TUNA LOINS,FROZEN SKIPJACK TUNA FILLET,FROZEN MAHI MAHI WHOLE ROUND,FROZEN MAHI MAHI GG,FROZEN MAHI MAHI HGT,FROZEN MAHI MAHI LOINS,FROZEN MAHI MAHI FILLET,FROZEN MACKEREL WHOLE ROUND,FROZEN MACKEREL GG,FROZEN MACKEREL HGT,FROZEN SARDIN WHOLE ROUND,FROZEN SARDINE GG,FROZEN SARDINE HGT,FROZEN LEATHER JACKET,FROZEN RIBBON FISH,FROZEN SAIL FISH WHOLE ROUND,FROZEN SAIL FISH HGT,FROZEN SAIL FISH GG,FROZEN SAIL FISH FILLET,FROZEN SAIL FISH LOINS,FROZEN RED SNAPPER) Frozen:Shrimp Wild(FROZEN THELLY SHRIMPS,FROZEN POOVALAN SHRIMPS,FROZEN KARIKKADI SHRIMPS,FROZEN POOVALAN PUD SHRIMPS,FROZEN POOVALAN PD SHRIMPS,FROZEN POOVALAN HL SHRIMPS,FROZEN POOVALAN HEAD ON SHRIMPS,FROZEN KARIKKADI PUD SHRIMPS,FROZEN KARIKKADI PD SHRIMPS,FROZEN KARIKKADI HEAD ON SHRIMPS,FROZEN KARIKKADI HL SHRIMPS) Frozen:Shrimp Aquaculture(FROZEN VANNAMEI SHIMPS,FROZEN VANNAMEI HL SHRIMPS,FROZEN VANNAMEI HO SHRIMPS,FROZEN VANNAMEI PUD SHRIMPS,FROZEN VANNAME PD SHRIMPS,FROZEN VANNAMEI HLSO SHRIMPS) Frozen:Cuttlefish(FROZEN CUTTLE FISH,FROZEN CUTTLE FISH WHOLE CLEANED,FROZEN CUTTLE FISH TENTACLES,FROZEN CUTTLE FISH WHOLE) Frozen:Squid(FROZEN SQUID WHOLE,FROZEN SQUID WHOLE CLEANED,FROZEN SQUID RINGS,FROZEN SQUID TENTACLES) Frozen:Octopus(FROZEN OCTOPUS WHOLE,FROZEN OCTOPUS WHOLE CLEANED) Frozen:Crab(FROZEN CRAB,FROZEN CUT CRAB)",name_only
712,INTERSEAS,"X/763-B, CHANDIROOR, P.O.,688547, ALAPPUZHA, KERALAINDIA",KL1/MT/015/04,INTERSEAS,"Bldg.No.119, Ward No.VII Chandiroor Alappuzha 688547 Kerala",interseas@eth.net,04782872288,9846242988,www.interseas.in,"Frozen:Fish Wild(FROZEN RIBBONFISH WHOLE) Frozen:Shrimp Aquaculture(FROZEN HEADLESS SHELL ON VANNAMEI SHRIMPS,FROZEN HEADLESS SHELL-ON VANNAMEI SHRIMPS, GRADE 1,FROZEN RAW VANNAMEI SHRIMP HEAD-LESS SHELL-ON,FROZEN HEADLESS SHELL ON VANNAMEI SHRIMP,FROZEN HLSO VANNAMEI SHRMPS) Frozen:Cuttlefish(FROZEN CUTTLEFISH WHOLE ROUND,FROZEN CUTTLEFISH WHOLE CLEANED,FROZEN CUTTLEFISH WHOLE BLOCK FROZEN,FROZEN CUTTLEFISH WHOLE CLEANED BLOCK FROZEN) Frozen:Squid(FROZEN SQUID WHOLE BLOCK FROZEN,FROZEN SQUID WHOLE CLEANED BLOCK FROZEN,FROZEN LOLIGO SQUID WHOLE,BLOCK FROZEN SQUID WHOLE ROUND - A GRADE,BLOCK FROZEN SQUID WHOLE ROUND-SEMI NEEDLE-GRADE A,FROZEN SQUID WHOLE,BLOCK FROZEN WHOLE SQUIDS,BLOCK FROZEN SQUID WHOLE CLEANED,FROZEN CLEANED SQUID TUBES (WINGS OFF),FROZEN INDIAN SQUID WHOLE ROUND,FROZEN SQUID WHOLE BLAST FROZEN) Frozen:Octopus(FROZEN OCTOPUS WHOLE ROUND,FROZEN OCTOPUS WHOLE CLEANED)",name_only
713,Indian Aquatic Products,"Sakthikulangara P.O., Kollam-691581, Kerala",KL2/MT/007/04,INDIAN AQUATIC PRODUCTS,Sakthikulangara Kollam 691581 Kerala,indianaquaticsanmarine@gmail.com,9847070775,9847070775,nan,"Frozen:Fish Wild(FROZEN SEERFISH WHOLE,FROZEN SEERFISH CUBES,FROZEN TUNA WHOLE,FROZEN TUNA LOINS,FROZEN TUNA CUBES,FROZEN INDIAN MACKERAL WHOLE,FROZEN INDIAN MACKERAL WHOLE CLEANED,FROZEN SARDINE WHOLE,FROZEN SARDINE HEADLESS GUTTED TAIL OFF,FROZEN ANCHOVY WHOLE,FROZEN ANCHOVY HEADLESS TAIL OFF,FROZEN JAPANESE THREADFIN BREAM WHOLE,FROZEN JAPANESE THREADFIN BREAM HEALDESS GUTD T/L,FROZEN EMPEROR WHOLE,FROZEN EMPEROR HEALESS GUTTED T/L,FROZEN EMPEROR FILLET,FROZEN TUNA STEAKS,FROZEN SAIL FISH WHOLE,FROZEN SAIL FISH CUBES,FROZEN SAIL FISH STEAKS,FROZEN TREVALLY WHOLE,FROZEN TREVALLY CUBES,FROZEN BARRACUDA WHOLE,FROZEN BARRACUDA CUBES,PEARL SPOT WHOLE,FROZEN REEFCOD WHOLE,FROZEN MAHI MAHI FILLET,FROZEN WHITE SNAPPER WHOLE,FROZEN RED SNAPPER WHOLE) Frozen:Shrimp Wild(FROZEN SEA CAUGHT SHRIMPS IF,FROZEN SEA CAUGHT SHRIMP BLOCKS) Frozen:Shrimp Aquaculture(FROZEN VANNAMEI SHRIMP IF,FROZEN VANNAMEI SHRIMP BLOCKS) Frozen:Cuttlefish(FROZEN CUTTLEFISH WHOLE CLEANED IF,FROZEN CUTTLEFISH WHOLE CLEANED BLOCKS,FROZEN CUTTLEFISH WHOLE BLOCKS,FROZEN CUTTLEFISH ROE IF,FROZEN CUTTLEFISH ROE BLOCKS,CUTTLEFISH WHOLE CLEANED BLAST FROZEN,CUTTLEFISH WHOLE BLAST FROZEN,FROZEN CUTTLEFISH SKEWERS) Frozen:Squid(FROZEN SQUID WHOLE IF,FROZEN SQUID WHOLE BLOCKS,SQUID WHOLE BLAST FROZEN,FROZEN SQUID WHOLE CLEANED IF,FROZEN SQUID WHOLE CLEANED BLOCKS,SQUID WHOLE CLEANED B LAST FROZEN,FROZEN SQUID WHOLE CLEANED SKEWERS,FROZEN SQUID RINGS,FROZEN SQUID TENTACLES,FROZEN SQUID TUBES IF,SQUID WHOLE CLEANED PAN FROZEN TRAY PACK) Frozen:Octopus(FROZEN OCTOPUS IF,FROZEN OCTOPUS BLOCK,FROZEN OCTOPUS PAN FROZEN TRAY PACK) Frozen:Gastropod(FROZEN BAIGAI WHOLE IF) Frozen:Lobster(FROZEN LOSTER IF) Frozen:Crab(FROZEN CRAB IF)",name_only
718,MANGALA MARINE EXIM INDIA PRIVATE LIMITED,"XXII/1388-A,NATIONAL HIGHWAY ROAD,EDAKOCHI,KOCHI",KL1/RX/487/22,MANGALA MARINE EXIM INDIA PRIVATE LIMITED,BHAT MEMORIAL BUILDING THOPPUMPADY KOCHI 682005 Kerala,ashok@mangalagroup.com,9846422991,9846066888,www.mangalagroup.com,nan,name_only
727,PARAGON SEA FOODS PVT LTD,"NEAR RAILWAY OVER BRIDGE , AROOR,   ALAPPUZHA -688534, KERALA , INDIA",KL1/MT/096/05,PARAGON SEA FOODS PVT.LTD.,"P.B. No.817,Thoppumpady, Kochi 682005 Factory: Near Railway Over Bridge,Aroor Alappuza 688534 Kerala",paragonsfp@gmail.com,04782875715,9846046062,nan,"Frozen:Fish Wild(FROZEN INDIAN MACKEREL WHOLE,FROZEN INDIAN MACKERELGUTTED,FROZEN INDIAN MACKEREL HEADLESS,FROZEN INDIAN MACKEREL HEADLESS TAIL LESS,FROZEN INDIAN MACKEREL HEAD LESS GUTTED,INDIVIDUALLY FROZEN INDIAN MACKEREL WHOLE,INDIVIDAULLY FROZEN INDIAN MACKEREL GUTTED,INDIVIDAULLY FROZEN INDIAN MACKEREL HEADLESS,INDIVIDAULLY FROZEN INDIANMACKERELHEADLESSTAILLESS,FROZEN YELLOWFIN TUNA,FROZEN YELLOWFIN TUNA WHOLE,FROZEN YELLOWFIN TUNA GUTTED,FROZEN YELLOWFIN TUNA HEADLESS,FROZEN YELLOWFIN TUNA HEADLESS TAIL LESS,FROZEN YELLOWFIN TUNA HEADLESS GUTTED,INDIVIDAULLY FROZEN YELLOWFIN TUNA,INDIVIDAULLY FROZEN YELLOWFIN TUNA WHOLE,INDIVIDAULLY FROZEN YELLOWFIN TUNA GUTTED,INDIVIDAULLY FROZEN YELLOWFIN TUNA HEADLESS,INDIVIDAULLY FROZENYELLOWFIN TUNAHEADLESSTAILLESS,INDIVIDAULLY FROZEN YELLOWFIN TUNA HEADLESS GUTTED,FROZEN SKIPJACK TUNA,FROZEN SKIPJACK TUNA WHOLE,FROZEN SKIPJACK TUNA GUTTED,FROZEN SKIPJACK TUNA HEADLESS,FROZEN SKIPJACK TUNA HEADLESS TAIL LESS,FROZEN SKIPJACK TUNA HEADLESS GUTTED,INDIVIDAULLY FROZEN SKIPJACK TUNA,INDIVIDAULLY SKIPJACK TUNA WHOLE,INDIVIDAULLY FROZEN SKIPJACK TUNA GUTTED,INDIVIDAULLY FROZEN SKIPJACK TUNA HEADLESS,INDIVIDUALLY FROZEN SKIPJACKTUNA HEADLESS TAILLESS,INDIVIDUALLY FROZEN SKIPJACK TUNA HEADLESS GUTTED,FROZEN RIBBON FISH WHOLE,FROZEN RIBBON FISH HEADLESS GUTTED,FROZEN RIBBON FISH H & G,FROZEN REEF COD WHOLE,INDIVIDUALLY FROZEN REEF COD WHOLE,INDIVIDUALLY FROZEN REEF COD HEADLESS GUTTED) Frozen:Shrimp Wild(FROZEN SHRIMP WHOLE,FROZEN HEADLES SHELL ON SHRIMP,FROZEN PEELED UNDEVEINED SHRIMP,FROZEN THELLY SHRIMP WHOLE,FROZEN HEAD ON SCAMPI,FROZEN WHOLE SCAMPI,FROZEN HEADLESS SCAMPI,FROZEN PEELED UNDEVEINED SCAMPI,FROZEN PEELED AND DEVEINED SCAMPI,FROZEN HEADLESS SHELL ON SCAMPI,FROZEN HEAD ON FRESH WATER SHRIMPS,INDIVIDUALLY FROZEN SHRIMP WHOLE,FROZEN HEADLESS SHRIMP,FROZEN SHRIMP PEELED TAIL ON,FROZEN SHRIMP PEELED DEVEINED TAIL ON,FROZEN SHRIMP PEELED DEVEINED,FROZEN SHRIMP PEELED UNDEVEINED,FROZEN KARIKKADI SHRIMP WHOLE) Frozen:Shrimp Aquaculture(FROZEN VANNAMEI SHRIMP WHOLE,FROZEN HEADLESS SHELL ON VANNAMEI SHRIMP,FROZEN PEELED UNDEVEINED VANNAMEI SHRIMP) Frozen:Cuttlefish(FROZEN CUTTLE FISH WHOLE,FROZEN CUTTLE FISH WHOLE CLEANED,INDIIDUALLY FROZEN CUTTLE FISH WHOLE,INDIVIDUALLY FROZEN CUTTLE FISH WHOLE CLEANED,FROZEN CUTTLE FISH ROE,FROZEN CUTTLE FISH FILLETS,FROZEN CUTTLE FISH TENTACLES,FROZEN CUTTLE FISH STRIPES,INDIVIDUALLY FROZEN CUTTLE FISH FILLETS,INDIVIDUALLY FROZEN CUTTLE FISH TENTACLES,INDIVIDUALLY FROZEN CUTTLE FISH STRIPES) Frozen:Squid(FROZEN SQUID WHOLE,FROZEN SQUID WHOLE CLEANED,FROZEN SQUID TUBE & TENTACLES,FROZEN SQUID RINGS,INDIVIDUALLY FROZEN SQUID WHOLE,INDIVIDUALLY FROZEN SQUID WHOLE CLEANED,FROZEN SQUID TUBES/CYLINDERS,FROZEN SQUID TENTACLES,FROZEN SEMI NEEDLE SQUID WHOLE,FROZEN SEMI NEEDLE SQUID WHOLE CLEANED,FROZEN NEEDLE SQUID WHOLE,FROZEN NEEDLE SQUID WHOLE CLEANED,INDIVIDUALLY FROZEN SQUID TUBES/CYLINDERS,INDIVIDUALLY FROZEN SQUID RINGS,INDIVIDUALLY FROZEN SQUID TUBE AND TENTACLES,INDIVIDUALLY FROZEN SQUID TENTACLES,INDIVIDUALLY FROZEN SEMI NEEDLE SQUID WHOLE,INDIVIDUALLY FROZEN SEMI NEEDLE SQUID WHOLECLEANED,INDIVIDUALLY FROZEN NEEDLE SQUID WHOLE,INDIVIDUALLY FROZEN NEEDLE SQUID WHOLE CLEANED) Frozen:Octopus(FROZEN OCTOPUS WHOLE,FROZEN OCTOPUS WHOLE CLEANED,INDIVIDUALLY FROZEN OCTOPUS WHOLE,FROZEN BABY OCTOPUS WHOLE,FROZEN BABY OCTOPUS WHOLE CLEANED,INDIVIDUALLY FROZEN OCTOPUS WHOLE CLEANED,INDIVIDUALLY FROZEN BABY OCTOPUS WHOLE,INDIVIDUALLY FROZEN BABY OCTOPUS WHOLE CLEANED)",name_only
730,ABAD FISHERIES PVT LTD(UNIT VII),"1/99,PALLIPURAM P.O,MUNAMBAM-683515,KERALA,INDIA",,,,,,,,,no_match
732,GEO AQUATIC PRODUCTS PVT. LTD.,"VELUTHULLY ROAD, CHANDIROOR,ALAPPUZHA-688547,KERALA",KL1/MT/304/13,GEO AQUATIC PRODUCTS PVT.LTD,"XI/64-A, Veluthully Road Chandiroor Alleppey 688547 Kerala",geoaquatic@gmail.com,04782876910,9846048591,nan,"Frozen:Fish Wild(FROZEN TUNA, INDIAN MACKERAL, INDIAN SARDINE,,SQUID, CUTTLEFISH, OCTOPUS,VANNAMEI SHRIMPS, SEA CAUGHT SHRIMPS, BROWN SHRIMP,IQF, BLANCHED SHRIMPS, IQF COOKED SHRIMPS,VANNAMEI HLSO, VANNAMEI PD, PVPD, PUD) Frozen:Shrimp Aquaculture(VANNAMEI SHRIMPS) Frozen:Squid(SQUID WHOLE, CLEANED TUBE, RINGS)",name_only
735,INTERNATIONALFREEZFISH EXPORTS (UNIT-II),"A.P.II/809 A,CHEMICALINDUSTRIAL ESTATEAROOR-688534,ALAPPUZHAAROOR-688534,ALAPPUZHA",,,,,,,,,no_match
736,BABY MARINE SARASS,"Plot No. 7B, Industrial Area, Baikampady, New Mangalore – 575011, Karnataka",,,,,,,,,no_match
737,Charly Fisheries,"Mamachanthuruth, Building No. 291,Ward No. NGP-5, Neendakara, Kollam, Kerala-691582",,,,,,,,,no_match
738,ASWIN ASSOCIATES,"XIII/831,VIAKS ROAD, KARUVELIPADY, COCHIN- 682 005, KERALA, INDIA",KL1/MT/249/10,ASWIN ASSOCIATES,"13/831, Vikas Road Karuvelipady Cochin 682005 Kerala",lab@aswinassociates.com,04842228543,9447048251,nan,"Frozen:Fish Wild(FROZEN RIBBON FISH WHOLE/GUTTED,FROZEN MACKEREL WHOLE,FROZEN LEATHER JACKET WHOLE,FROZEN YELLOWFIN TUNA,FROZEN SKIPJACK TUNA WHOLE,FROZEN JAPANEESE THREADFIN BREAM WHOLE) Frozen:Shrimp Wild(FROZEN THELLY SHRIMPS,Deep sea shrimps,White Shrimps,White prawn,King prawn,Pink shrimp) Frozen:Shrimp Aquaculture(FROZEN VANNAMEI SHRIMPS/HLSO/PUD) Frozen:Cuttlefish(FROZEN CUTTLEFISH WHOLE/WHOLE CLEANED) Frozen:Squid(FROZEN SQUID WHOLE/WHOLE CLEANED/TENTACLES) Frozen:Octopus(FROZEN OCTOPUS WHOLE/WHOLE CLEANED)",name_only
741,CHERUKATTU INDUSTRIES (MARINE DIVISION),"AP IV/470-B, AROOR-688534, ALAPPUZHA DIST., KERALA, INDIA",KL1/MT/004/04,CHERUKATTU INDUSTRIES (MARINE DIVISION),"Aroor, Alappuzha- 688534 Kerala",rajeshcherukattu@gmail.com,04782873056,9388842200,nan,"Frozen:Shrimp Wild(FROZEN PUD SHRIMPS,FROZEN PD SHRIMPS,FROZEN HEADLESS SHELL-ON SHRIMPS) Frozen:Shrimp Aquaculture(FROZEN PUD VANNAMEI SHRIMPS,FROZEN PD VANNAMEI SHRIMPS,FROZEN HEADLESS SHELL-ON VANNAMEI SHRIMPS) Frozen:Cuttlefish(FROZEN CUTTLEFISH WHOLE CLEANED) Frozen:Squid(FROZEN SQUID WHOLE,FROZEN SQUID WHOLE CLEANED) Frozen:Octopus(FROZEN WHOLE CLEANED OCTOPUS)",name_only
742,HIC-ABF Special Foods Pvt Ltd,"Industrial Development Area Project Colony Road Aroor -688534 Alappuzha Dist.,Kerala",,,,,,,,,no_match
751,Freeze Engineering Industries Private Ltd,"XVI/1109, Cochin Fisheries Harbour, Thoppumpady, Cochin â?? 682 005, Kerala State, India.",KL1/MT/019/04,FREEZE ENGINEERING INDUSTRIES PRIVATE LTD,"XVI/1109, COCHIN FISHERIES HARBOUR THOPPUMPADY, COCHIN 682005 Kerala",freezefishexports@gmail.com,9349415204,9387475210,nan,nan,name_only
755,PREMIER MARINE ENTERPRISES,"EP IX/315, Eramalloor-688537, Alappuzha, Kerala, India",KL1/MT/111/05,PREMIER MARINE ENTERPRISES,"EP IX/315, Eramalloor 688537 Kerala",premier_exim@yahoo.com,04782874266,9447044963,nan,"Frozen:Fish Wild(FROZEN MACKEREL WHOLE,FROZEN SARDINE WHOLE,FROZEN KING FISH WHOLE,FROZEN THREADFIN BREAM WHOLE,FROZEN BLACK POMFRET WHOLE,FROZEN WHITE POMFRET WHOLE,FROZEN RIBBON FISH WHOLE,FROZEN MACKEREL WHOLE GUTTED,FROZEN SARDINE WHOLE GUTTED,FROZEN KING FISH WHOLE GUTTED,FROZEN THREAD FIN BREAM GUTTED,FROZEN BLACK POMFRET WHOLE GUTTED,FROZEN WHITE POMFRET WHOLE GUTTED,FROZEN RIBBON FISH WHOLE GUTTED,FROZEN SKIPJACK TUNA WHOLE,FROZEN SKIPJACK TUNA GUTTED,FROZEN YELLOWFIN TUNA WHOLE,FROZEN YELLOWFIN TUNA GUTTED,FROZEN REEFCOD WHOLE,FROZEN REEFCOD GUTTED,FROZEN BARRACUDA WHOLE,FROZEN BARRACUDA WHOLE GUTTED,FROZEN LEATHER JACKET WHOLE,FROZEN LEATHER JACKET WHOLE GUTTED,FROZEN TUNA WHOLE GUTTED,FROZEN FISH FILLETS,FROZEN FISH STEAKS,FROZEN TUNA WHOLE,INDIVIDUALLY FROZEN FISH WHOLE,INDIVIDUALLY FROZEN FISH WHOLE GUTTED) Frozen:Shrimp Wild(FROZEN PUD SHRIMPS,FROZEN PD SHRIMPS,FROZEN PVPD SHRIMPS,FROZEN SHRIMP WHOLE,FROZEN HEADLESS SHELL ON SHRIMPS,FROZEN PD TAIL ON SHRIMPS,FROZEN THELLY SHRIMP WHOLE) Frozen:Shrimp Aquaculture(FROZEN PUD SHRIMPS,FROZEN PD SHRIMPS,FROZEN PVPD SHRIMPS,FROZEN SHRIMP WHOLE,FROZEN HEAD LESS SHELL ON SHRIMPS,FROZEN PD TAIL ON SHRIMPS,FROZEN HEAD LESS SHRIMPS) Frozen:Cuttlefish(FROZEN CUTTLE FISH WHOLE,FROZEN CUTTLE FISH WHOLE CLEANED,INDIIDUALLY FROZEN CUTTLE FISH WHOLE,INDIVIDUALLY FROZEN CUTTLE FISH WHOLE CLEANED,FROZEN CUTTLE FISH ROE,FROZEN CUTTLE FISH FILLETS,FROZEN CUTTLE FISH TENTACLES,FROZEN CUTTLE FISH STRIPES,INDIVIDUALLY FROZEN CUTTLE FISH FILLETS,INDIVIDUALLY FROZEN CUTTLE FISH TENTACLES,INDIVIDUALLY FROZEN CUTTLE FISH STRIPES) Frozen:Squid(FROZEN SQUID WHOLE,FROZEN SQUID WHOLE CLEANED,FROZEN SQUID TUBE & TENTACLES,FROZEN SQUID RINGS,INDIVIDUALLY FROZEN SQUID WHOLE,INDIVIDUALLY FROZEN SQUID WHOLE CLEANED,FROZEN SQUID TUBES/CYLINDERS,FROZEN SQUID TENTACLES,FROZEN SEMI NEEDLE SQUID WHOLE,FROZEN SEMI NEEDLE SQUID WHOLE CLEANED,FROZEN NEEDLE SQUID WHOLE,FROZEN NEEDLE SQUID WHOLE CLEANED,INDIVIDUALLY FROZEN SQUID TUBES/CYLINDERS,INDIVIDUALLY FROZEN SQUID RINGS,INDIVIDUALLY FROZEN SQUID TUBE AND TENTACLES,INDIVIDUALLY FROZEN SQUID TENTACLES,INDIVIDUALLY FROZEN SEMI NEEDLE SQUID WHOLE,INDIVIDUALLY FROZEN SEMI NEEDLE SQUID WHOLECLEANED,INDIVIDUALLY FROZEN NEEDLE SQUID WHOLE,INDIVIDUALLY FROZEN NEEDLE SQUID WHOLE CLEANED) Frozen:Octopus(FROZEN OCTOPUS WHOLE,FROZEN OCTOPUS WHOLE CLEANED,INDIVIDUALLY FROZEN OCTOPUS WHOLE,INDIVIDUALLY FROZEN OCTOPUS WHOLE CLEANED,FROZEN BABY OCTOPUS WHOLE,FROZEN BABY OCTOPUS WHOLE CLEANED,INDIVIDUALLY FROZEN BABY OCTOPUS WHOLE,INDIVIDUALLY FROZEN BABY OCTOPUS WHOLE CLEANED)",name_only
757,KARAVALI OCEAN PRODUCTS PVT. LTD.,"Manur Fisheries Road, Manur Village, Kota Udupi District, Karnataka-576221",KA1/MT/072/13,KARAVALI OCEAN PRODUCTS PVT. LTD.,"Manur Fisheries Road, Kota, Udupi Dist Karnataka 576221 Karnataka",lohithkaravali@gmail.com,8197478968,8197478968,nan,"Frozen:Fish Wild(FROZEN INDIAN MACKEREL WHOLE ROUND,FROZEN INDIAN OIL SARDINE WHOLE ROUND,FROZEN RIBBON FISH WHOLE,FROZEN REEF COD WHOLE,FROZEN CROACKER WHOLE,FROZEN BULL EYE WHOLE,FROZEN YELLOW TAIL SCAD WHOLE) Frozen:Shrimp Wild(FROZEN WHITE SHRIMPS HOSO,FROZEN WHITE SHRIMPS HLSO,FROZEN WHITE SHRIMPS PUD,FROZEN KARIKKADI SHRIMPS HOSO,FROZEN KARIKKADI SHRIMPS HLSO,FROZEN KARIKKADI SHRIMPS PUD/PD,FROZEN POOVALAN SHRIMPS HOSO,FROZEN POOVALAN SHRIMPS HLSO,FROZEN POOVALAN SHRIMPS PUD/PD) Frozen:Shrimp Aquaculture(FROZEN VANNAMEI SHRIMPS HOSO,FROZEN VANNAMEI SHRIMPS HLSO,FROZEN VANNAMEI SHRIMPS PUD/PD) Frozen:Cuttlefish(FROZEN CUTTLE FISH WHOLE,FROZEN CUTTLE FISH WHOLE CLEANED,FROZEN SQUID WHOLE CLEANED IF) Frozen:Squid(frozen squid whole,FROZEN SQUID WHOLE CLEANED,FROZEN SQUID WHOLE CLEANED IF,FEOZEN SQUID RINGS AND TENTACLES,FROZEN WHOLE CLEANED SQUID TUBES) Frozen:Octopus(FROZEN QCTOPUS WHOLE ROUND,FROZEN OCTOPUS WHOLE -LONG ARM,FROZEN OCTOPUS WHOLE -SHORT ARM)",name_only
759,PARAYIL FOOD PRODUCTS PVT LTD,"Building No.778,Development Area,Aroor-688534,Kerala",KL1/MT/174/06,"PARAYIL FOOD PRODUCTS PVT LTD.,",Development Area Aroor-688 534 Alappuzha 688534 Kerala,mathewparayil@dailydelight.com,2875143,9846339999,nan,nan,name_only
766,PREMIER MARINE FOODSUNIT II,"DOOR NO.314,315&316,Suvery No.74/3D,Ward IXChandiroor,Alappuzha688547",,,,,,,,,no_match
767,MOON FISHERY INDIA PVT LTD,"Chemical Industrial Estate,Aroor-688534, Alappuzha Dist., Kerala",KL1/MT/183/07,MOON FISHERY (INDIA) PVT. LTD.,"28/60A-1, First Floor, G107, Panampilly Nagar, Kochi 682036 Kerala",shilpa@moonfishery.com,04782872555,9048121005,nan,nan,name_only
768,TOLAR OCEAN PRODUCTS PVT. LTD.,"Manur Fisheries Road, Kota-576221 Udupi Taluk & District, Karnataka, India",,,,,,,,,no_match
770,H.T Foods Pvt Ltd,"Plot No.17/SDF, Ground Floor, Unit 3&4 , CSEZ, Kakkanad, Kochi-682037",,,,,,,,,no_match
771,ROYAL OCEANS,"AP XII/528, OLD NH, CHANDIROOR P O,ALAPPUZHA DISTRICT-688547KERALA, INDIA",,,,,,,,,no_match
773,Bangera Overseas Private Limited,"Koravadi cross-Kumbhashi Village, Kundapur,Taluk-576257,Udupi District, Karnataka,India",,,,,,,,,no_match
777,Insaf Traders And Exports,"4/15, Pulimut Road,Near H.E.D.Office,Beypore P.O.Calicut,Kerala-673015",KL1/MT/216/09,INSAF TRADERS AND EXPORTS,"BP4/15 NEAR HED OFFICE,BEYPORE P.O,CALICUT 673015 Kerala",insafexports@yahoo.com,04952414035,9020566668,nan,nan,name_only
778,INDIAN MARINE INDUSTRIES,"20/550B, NAMBIAPURAM ROAD PALLURUTHY,KOCHI 682006,KERALA",KL1/MT/227/09,INDIAN MARINE INDUSTRIES,20/550B NAMBIAPURAM PALLURUTHY COCHIN-6 682006 Kerala,indianmarineindustries@gmail.com,nan,9895539396,nan,"Frozen:Fish Wild(FROZEN SKIP JACK TUNA WHOLE,FROZEN YELLOW FIN TUNA WHOLE,FROZEN BONITO TUNA,FROZEN INDIAN MACKEREL,FROZEN MAHI MAHI,FROZEN LEATHER JACKET,FROZEN RIBBION FISH,FROZEN SARDINE WHOLE,FROZEN GROUPER) Frozen:Shrimp Wild(FROZEN PUD SHRIMP POOVALAN,FROZEN PUD BROWN PINK SHRIMP/PINK SHRIMP,FROZEN PUD PINK SHRIMP,FROZEN KARIKADY PUD) Frozen:Cuttlefish(FROZEN CUTTLE FISH WHOLE,FROZEN CUTTLE FISH CLEANED) Frozen:Squid(FROZEN SQUID WHOLE,FROZEN SQUID CLEANED,FROZEN SQUID TUBE,FROZEN SQUID TUBE AND TENTACLES,FROZEN SQUID NEEDLE,FROZEN SQUID SEMI NEEDLE) Frozen:Octopus(FROZEN OCTOPUS WHOLE,FROZEN OCTOPUS CLEANED) Chilled:Fish Wild(CHILLED ANCHOVY,CHILLED MACKEREL,CHILLED SARDINE,CHILLED PEARL SPOT,CHILLED WHITE POMFRET,CHILLED SOLE FISH) Chilled:Shrimp Wild(CHILLED WHITE SHRIMP,CHILLED BLACK TIGER SHRIMP) Chilled:Squid(CHILLED SQUID)",name_only
779,Everest Seafoods Pvt Ltd,"Plot No-414 & 413 Part(S.No. 16 Portion) Industrial Area, Baikampady, Mangalore-575011, Karnataka, India",,,,,,,,,no_match
781,SAFERA FOOD INTERNATIONAL,"IX/477, Kannamaly P.O.,Kochi-682008, Kerala",KL1/MT/231/09,"M/S.SAFERA FOOD INTERNATIONAL,","IX/477, KANNAMALY P.O., KOCHI 682008 Kerala",saferafoods@gmail.com,nan,9562022300,nan,"Frozen:Fish Wild(FROZEN SKIP JACK TUNA,FROZEN YELLOWFIN TUNA) Frozen:Shrimp Aquaculture(FROZEN COOKED PUD SHRIMPS,FROZEN COOKED PUD TAIL ON SHRIMPS) Frozen:Cuttlefish(FROZEN CUTTLEFISH WHOLE BLOCK,FROZEN CUTTLEFISH IQF,FROZEN CUTTLEFISH WHOLE CLEANED BLOCK,FROZEN CUTTLEFISH WHOLE CLEANED IQF) Frozen:Squid(FROZEN SQUID WHOLE AND SQUID WHOLE CLEANED BLOCK) Frozen:Octopus(FROZEN OCTOPUS WHOLE BLOCK,FROZEN OCTOPUS WHOLE IQF,FROZEN OCTOPUS WHOLE CLEANED BLOCK,FROZEN OCTOPUS WHOLE CLEANED IQF)",address_only
783,San Marine Exports,"Govt Boat Yard Road, Sakthikulangara P.O., Kollam-691581, Kerala.",KL2/MT/044/10,SAN MARINE EXPORTS,GOVT.BOATYARD ROAD SAKTHIKULANGARA P O KOLLAM 691581 Kerala,mail@sanmarineexports.com,914742770345,9847050775,nan,"Frozen:Fish Wild(FROZENYELLOWFIN TUNA WHOLE IF,FROZEN YELLOW FIN TUNA LOINS IF,FROZEN YELLOWFIN TUNA STEAKS IF,FROZEN YELLOWFIN TUNA GILLED AND GUTTED IF,FROZEN MACKEREL WHOLE IF,FROZEN SARDINE WHOLE IF,FROZEN WHITE SNAPPER FILLET IF,FROZEN WHITE SNAPPER WHOLE IF,FROZEN RED SNAPPER WHOLE IF,FROZEN RED SNAPPER FILLET IF,FROZEN LEATHER JACKET WHOLE IF,FROZEN LEATHER JACKET FILLET IF,FROZEN THREADFIN BREAM WHOLE IF,FROZEN RIBBONFISH WHOLE IF,FROZEN SWORD FISH WHOLE IF,FROZEN SEERFISH WHOLE,FROZEN SKIP JACK TUNA WHOLE IF,FROZEN EMPEROR WHOLE) Frozen:Shrimp Wild(FROZEN HEADLESS SHELLON SHRIMPS BLOCKS,FROZEN HEADLESS SHELLON SHRIMPS IF,FROZEN PD SHRIMPS IF,FROZEN PD SHRIMPS BLOCK,FROZEN PUD SHRIMPS BLOCK,FROZEN PUD SHRIMPS IF,FROZEN HEADON SHELLON SHRIMPS BLOCK) Frozen:Shrimp Aquaculture(FROZEN VANNAMEI HEADLESS SHELLON BLOCKS,FROZEN VANNAMEI HEADLESS SHELLON IF,FROZEN VANNAMEI HEAD ON BLOCK,FROZEN VANNAMEI PD BLOCK,FROZEN VANNAMEI PD IF,FROZEN VANNAMEI PUD IF,FROZEN VANNAMEI PUD BLOCK,FROZEN VANNAMEI PUD TAIL ON IF,FROZEN VANNAMEI PUD TAIL ON BLOCK,FROZEN VANNAMEI PD TAIL OFF IF,FROZEN VANNAMEI PD TAIL OFF BLOCK) Frozen:Cuttlefish(FROZEN CUTTLEFISH WHOLE BLOCK,FROZEN CUTTLEFISH WHOLE CLEANED BLOCK,FROZEN CUTTLEFISH ROE BLOCK,FROZEN CUTTLEFISH FILLET BLOCK,FROZEN CUTTLEFISH WHOLE CLEANED IF,FROZEN CUTTLEFISH CUBE IF,FROZEN CUTTLEFISH TENTACLES) Frozen:Squid(FROZEN SQUID WHOLE CLEANED BLOCKS,FROZEN SQUID WHOLE BLOCKS,FROZEN SQUID RINGS AND TENTALES IF,FROZEN SQUID TUBE IF,FROZEN SQUID TENTACLES BLOCK,FROZEN STUFFED SQUID,FROZEN SQUID TUBE BLOCK,FROZEN SQUID WHOLE CLEANED IF,FROZEN SQUID RINGS BLOCK,FROZEN SQUID RINGS IF,FROZEN SQUID WINGS BLOCK,FROZEN SQUID AND SHRIMP SKEWER IF) Frozen:Octopus(FROZEN OCTOPUS WHOLE CLEANED BLOCKS,FROZEN OCTOPUS LEGS,FROZEN OCTOPUS WHOLE BLOCKS,FROZEN OCTOPUS GUTTED IF,FROZEN OCTOPUS WHOLE CLEANED IF,FROZEN OCTOPUS HALF CUT IF) Frozen:Gastropod(FROZEN BAIGAI WHOLE IF) Frozen:Bivalves(FROZEN CLAMS WHOLE IF) Frozen:Lobster(FROZEN LOBSTER WHOLE(IF/SEMI IF),FROZEN LOBSTER TAILOFF(IF/SEMI IF)) Frozen:Crab(FROZEN CRAB WHOLE(IF/ SEMI IF),FROZEN CRAB LEGS(IF/SEMI IF),FROZEN CRAB CLAWS(IF/SEMI IF),FROZEN CRAB WHOLE CLEANED(IF/SEMI IF),FROZEN CUT CRAB(IF/SEMI IF))",name_only
786,Ocean Wealth Exports,"EP 9/92,93,Kakkathuruthu Road,Eramalloor P.O,Alappuzha- 688537,India",KL1/MT/238/10,OCEAN WEALTH EXPORTS,"EP9/92,93 KAKKATHURUTHU ROAD ERAMALLOOR PO CHERTHALA, ALAPPUZHA 688537 Kerala",oceanwealthexports@gmail.com,04782156844,9847189100,www.oceanwealthexports.com,"Frozen:Fish Wild(FROZEN YELLOWFIN TUNA WHOLE,FROZEN YELLOWFIN TUNA WHOLE ROUND,FROZEN YELLOWFIN TUNA LOINS,FROZEN YELLOW FIN TUNA GG,FROZEN YELLOW FIN TUNA HLG,FROZEN YELLOW FIN TUNA MEAT,FROZEN YELLOW FIN TUNA BELLY,FROZEN YELLOW FIN TUNA BITS AND PIECES,FROZEN YELLOW FIN TUNA PIECES,FROZEN YELLOW FIN TUNA ROE,INDIAN ORIGIN FROZEN SKIP JACK TUNA WHOLE,INDIAN ORIGIN FROZEN SKIP JACK TUNA WHOLE ROUND,FROZEN SKIP JACK TUNA HLG,FROZEN SKIP JACK TUNA HL,FROZEN WHITE TUNA,FROZEN WHITE TUNA WHOLE,FROZEN BONITO WHOLE,FROZEN INDIAN MACKEREL WHOLE,FROZEN OIL SARDINE,FROZEN RIBBON FISH) Frozen:Shrimp Wild(FROZEN SHRIMP H/ON,FROZEN SHRIMP H/L,FROZEN SHRIMP PUD,FROZEN SHRIMP PD,FROZEN SHRIMP PTO) Frozen:Shrimp Aquaculture(FROZEN VANNAMEI SHRIMP H/ON,FROZEN VANNAMEI SHRIMP H/L,FROZEN VANNAMEI SHRIMP PUD,FROZEN VANNAMEI SHRIMP PD) Frozen:Cuttlefish(FROZEN CUTTLEFISH WHOLE,FROZEN CUTTLEFISH WHOLE CLEANED,FROZEN CUTTLE FISH FILLET,FROZEN CUTTLE FISH ROE) Frozen:Squid(FROZEN SQUID WHOLE,FROZEN SQUID WHOLE ROUND,FROZEN SQUID WHOLE CLEANED,FROZEN SQUID TUBE,FROZEN SQUID RINGS,FROZEN SQUID RINGS BROKEN,FROZEN SQUID TENTACLES,FROZEN SQUID RINGS AND TENTACLE MIX,FROZEN SQWUID FILLET) Frozen:Octopus(FROZEN OCTOPUS WHOLE,FROZEN OCTOPUS WHOLE CLEANED,FROZEN OCTOPUS CHOPPED,FROZEN BABY OCTOPUS)",name_only
797,Goan Fresh Marine Exports Pvt Ltd,"Manoor,Padukere-Kota,Udupi District- 576221,Karnataka",KA1/MT/056/11,GOAN FRESH MARINE EXPORTS PVT.LTD,"S.NO.15/1B1,44/8,10 MANOOR PADUKERE - KOTA, UDUPI DIST 576221 Karnataka",goanfresh@gmail.com,9900059009,9900059009,nan,"Frozen:Fish Wild(INDIAN MACKEREL,RIBBONFISH,SQUID LOLIGO,CUTTLEFISH WHOLE,REEFCOD,SURIMI,MINCED FISH MEAT) Frozen:Fish Aquaculture(VANNAMEI SHRIMPS) Frozen:Cuttlefish(CUTTLEFISH WHOLE CLEANED,CUTTLEFISH CUBES) Frozen:Squid(SQUID WHOLE LOLIGO,SQUID WHOLE CLEANED LOLIGO,SQUID RINGS)",name_only
799,Avla Nettos Exports,"Sakthikulangara, Kollam District, Pin-691581, Kerala",KL2/MT/049/11,AVLA NETTOS EXPORTS,Sakthikulangara Kollam 691581 Kerala,avlaexports@gmail.com,04742770272,9446017777,www.avlaexports.com,"Frozen:Fish Wild(Frozen Tuna Whole,Frozen Tuna Loins,Frozen Anchovy whole,Frozen Mackerel whole,frozen ribbon fish whole,Frozen Grouper Whole,Frozen Leather jacket whole,fillet,HL,Frozen Snapper whole,fillet) Frozen:Shrimp Wild(FROZEN DEEP SEA PUD BLOCK FROZEN) Frozen:Cuttlefish(FROZEN WHOLE CLEANED CUTTLEFISH IF,CUTTLEFISH WHOLE CLEANED-BLOCK FROZEN,CUTTLEFISH WHOLE-BLOCK FROZEN,FROZEN CUTTLEFISH FILLET SASHMI GRADE,FROZEN CUTTLEFISH WHOLE IF,FROZEN CUTTLEFISH SKEWER) Frozen:Squid(FROZEN SQUID WHOLE-BLAST FROZEN,FROZEN SQUID WHOLE-BLOCK FROZEN,FROZEN SQUID WHOLE-IF,FROZEN SQUID WHOLE CLEANED-BLOCK FROZEN,FROZEN SQUID WHOLE CLEANED,I.F,FROZEN THONDI SQUID WHOLE IF,FROZEN THONDI SQUID WHOLE BLOCK,FROZEN THONDI SQUID WHOLE CLEANED IF) Frozen:Octopus(OCTOPUS WHOLE IF,FROZEN OCTOPUS WHOLE CLEANED IF/BLOCK,OCTOPUS WHOLE BLOCK,FROZEEN OCTOPUS WHOLE CLEANED TRAY PACKED) Frozen:Gastropod(FROZEN BAIGAI WHOLE IF) Frozen:Crab(FROZEN CUT CRAB,FROZEN CRAB WHOLE)",name_only
806,SRIKANTH INTERNATIONAL PRIVATE  LIMITED,"D.NO: 3-143, Someswaram Village, Alapadu Post, Kaikaluru Mandal, Krishna District, Andhra Pradesh-521340, India",,,,,,,,,no_match
808,BRITTO SEAFOODS EXPORTS PRIVATE LIMITED,"C-1, Part, SIPCOT Industrial Complex, Madathoor Post,Tuticorin -628008,           Tamil Nadu.",,,,,,,,,no_match
809,Avanti Frozen Foods Private Limited,"Gopalapuram-533274, Ravulapalem Mandal,East Godavari District,Andhra Pradesh",AP1/MT/189/16,AVANTI FROZEN FOODS PRIVATE LIMITED,"FLAT NO.103, R SQUARE GROUND FLOOR PANDURANGAPURAM/530003 530003 Andhra Pradesh",muthyamreddy@avantifeeds.com,04023310260,9640555855,www.avantifrozen.com,Frozen:Shrimp Aquaculture(Freezing of Raw/Marinated/Blanched/Cooked F&FP),name_only
810,DEVI SEAFOODS LIMITED,"3-79/2, MOOLAGUNTAPADU, G.T.ROAD,
SINGARAYAKONDA-523 101,
PRAKASAM DISTRICT, ANDHRA PRADESH",,,,,,,,,no_match
812,PHILLIPS FOODS INDIA PVT LTD,"C-75/76,Sipcot Industrial Complex,Madathoor P.O.,Tuticorin-628 008 Tamil Nadu",,,,,,,,,no_match
816,NILA SEA FOODS EXPORTS,"646,NAINANKULAM, PANNAVAYAL, PATTUKOTTAI, THANJAVUR, TN- 614 602.",TN2/MT/138/10,NILA SEA FOODS EXPORTS,"137-A, Pudurpandiapuram Tuticorin - 628002 628002 Tamil Nadu",amulyaseafood@gmail.com,04616536230,9487475707,www.nilaseafoods.com,"Frozen:Shrimp Wild(FROZEN HEAD-ON FLOWER SHRIMPS,FROZEN HEAD-ON WHITE SHRIMPS,FROZEN HEAD-ON SEA TIGER SHRIMPS,FROZEN HEADLESS FLOWER, WHITE, SEA TIGER SHRIMPS,FROZEN PEELED UN DEVEINED SEA CAUGHT SHRIMPS,FROZEN PEELED DEVEINED SEA CAUGHT SHRIMPS) Frozen:Shrimp Aquaculture(FROZEN HEAD-ON VANNAMEI SHRIMPS,FROZEN HEADLESS VANNAMEI SHRIMPS,FROZEN HEADLESS EASY PEEL VANNAMEI SHRIMPS,FROZEN PEELED UN DEVEINED VANNAMEI SHRIMPS,FROZEN PEELED DEVEINED VANNAMEI SHRIMPS -IQF,FROZEN PEELED DEVEINED TAIL-ON VANNAMEI SHRIMPS)",name_only
820,MARIA AQUACON PVT. LTD.,"#1 Maria Tower, Main Road, Kootapuli-627127, Tamil Nadu",,,,,,,,,no_match
823,STAR AGRO MARINE EXPORTS PVT.LTD.,"S.NO. 760-1 & 761 , Devispet, Indukurpet Mandal,Nellore  - 524314  Andhra Pradesh",,,,,,,,,no_match
826,BABY MARINE (EASTERN) EXPORTS,"FISH MEAL PLANT ROAD, MANDAPAM, 
RAMANATHAPURAM DISTRICT - 623518, TAMIL NADU",KL2/MT/005/04,BABY MARINE EASTERN EXPORTS,"DOOR NO. 33/2440 H2, 6TH FLOOR, COMPASS COMMERCIAL COMPLEX, CHAKKARAPARAMBU, THAMMANAM P.O, ERNAKULAM 682032 Kerala",bme@babymarine.com,04844280012,9443141734,www.babymarine.com,nan,name_only
827,GLADSON EXPORTERS,"5/99 James Nagar, Muttom-629202, Kanyakumari District, Tamil Nadu",,,,,,,,,no_match
833,NINANS PRIVATE  LIMITED,"C-76B, SIPCOT Industrial Complex,Madathur, Tuticorin-628008,Tamil Nadu",,,,,,,,,no_match
834,JUDE FOODS INDIA PRIVATE LIMITED,"230/1, NORTH THAMARAIKULAM, AGASTHEESWARAM , KANYAKUMARI DISTRICT , TAMIL NADU-629704.",,,,,,,,,no_match
839,KADER EXPORTS PRIVATE LIMITED UNIT 05,"TNFDC FREEZING COMPLEX, MANDAPAM - 623518, RAMNAD DISTRICT, TAMIL NADU",,,,,,,,,no_match
840,ST.PETER & PAUL SEAFOOD EXPORTS PVT.LTD,"ALLED CENTRE, NO.90, KANIGAIPAIR VILLAGE, UTHUKOTTAI TALUK, THIRUVALLUR DISTRICT, TAMIL NADU-601102",TN1/MT/413/15,ST.PETER & PAUL SEAFOOD EXPORTS PVT.LTD,"NO.61/30, 2ND STREET, KASI GARDEN, ROYAPURAM CHENNAI 600013 Tamil Nadu",stppltd@gmail.com,9176649561,9500089561,www.peterpaulseafood.com,"Frozen:Fish Wild(FROZEN SKIPJACK TUNA,FROZEN YELLOW FIN TUNA,FROZEN RIBBON FISH,FROZEN MACKERAL,FROZEN LEATHER JACKET,FROZEN SWORD FISH,FROZEN MAHI MAHI (FILLET),FROZEN SAIL FISH,FROZEN FLYING FISH) Frozen:Shrimp Wild(FROZEN WILD CAUGHT SHRIMPS,FROZEN PINK SHRIMPS PUD,FROZEN WHITE SHRIMPS,FROZEN POOVALAN SHRIMP,FROZEN KARIKADI SHRIMP,FROZEN PINK SHRIMP) Frozen:Shrimp Aquaculture(FROZEN VANNAMEI SHRIMP PUD,FROZEN HEADLESS SHELL ON VANNAMEI SHRIMPS,FROZEN VANNAMEI SHRIMP PD) Frozen:Cuttlefish(FROZEN CUTTLE FISH WHOLE CLEANED,FROZEN CUTTLE FISH IQF,FROZEN CUTTLE FISH WHOLE) Frozen:Squid(FROZEN SQUID WHOLE,FROZEN SQUID WHOLE CLEANED,FROZEN SQUID WHOLE CLEANED IQF,FROZEN SQUID TUBES,FROZEN WHOLE IQF) Frozen:Octopus(FROZEN OCTOPUS WHOLE,FROZEN OCTOPUS WHOLE CLEANED BLOCK,FROZEN CUT OCTOPUS)",name_only
842,SANDHYA MARINES LIMITED UNIT-II,"Door No. 4-300, Poolapalli Village, Palakole Mandal, West Godavari District - 534261, Andhra Pradesh, India",,,,,,,,,no_match
844,"BRITTO SEAFOODS EXPORTS PRIVATE LIMITED, UNIT-II","C-1, Part Sipcot Industrial Complex, Madathur Post,Tuticorin District,Tamil Nadu-628008.",,,,,,,,,no_match
854,KINGS INTERNATIONAL LIMITED,"Unit No. B7, B8 (A) & B10, Tuticorin Co - Operative Industrial Estate Ltd., Korampallam, Tuticorin - 628101, Tamilnadu",,,,,,,,,no_match
857,DEVI FISHERIES LIMITED,"3-510,SARPAVARAM, KAKINADA-533005,Andhra Pradesh,India.",,,,,,,,,no_match
862,VV MARINE PRODUCTS,"1/69,Agaram Village, Palayakayal Post, Srivaikundam Taluk, Tuticorin District-628152,Tamilnadu",,,,,,,,,no_match
865,LUKE EXPORT,"Padanthalumoodu, Kanyakumari District, Tamilnadu-629194",KL2/MT/038/07,LUKE EXPORT,"3/1978, VETTUTHOTTIL, SAKTHIKULANGARA KOLLAM 691581 Kerala",info@lukeexport.com,04742771221,9447258393,nan,nan,name_only
869,Sprint Exports Pvt Ltd,"Vellanki village Boddapalem post Anandpuram mandal, Visakhapatnam -531163",,,,,,,,,no_match
871,AQUA WORLD EXPORTS (PVT.) LTD.,"Meenanchel, Padanthalumoodu, Kaliakkavilai, Kanyakumari District, Tamil Nadu-629153.",,,,,,,,,no_match
872,ANANDA ENTERPRISES (INDIA) PVT .LTD,"R.S.NO: 167,168/1,34/2,D.no:1-31,PALAKODERU VILLAGE MANDALAM,WEST GODVARI DISTRICT ,ANDHRA PRADESH,INDIA-534210",AP6/MT/008/15,"ANANDA ENTERPRISES (INDIA) PVT. LTD.,","D.No.27-8-21/3, SIVARAOPET, BHIMAVARAM 534202 Andhra Pradesh",anandalab@gmail.com,08816248969,9948277447,nan,"Frozen:Shrimp Aquaculture(Raw fresh frozen farm raised vannamei PD TAIL off,Raw fresh frozen farm raised vannamei PD TAIL- ON,Raw fresh frozen farm raised vannamei HLSO EASY PE,RAW FRESH FROZEN BUTTER ROUND PEELED AND DEVEINED,FROZEN COOKED PEELED & DEVEINED TAIL ON VANNAMEI,FROZEN COOKED PEELED & DEVEINED TAIL OFF VANNAMEI,FROZEN RAW HEADLESS SHELL ON EASY PEEL (ZIPPERBACK,FRESH FROZEN HEADLESS SHELL ON VANNAMEI SHRIMPS BL,FROZEN COOKED PEELED AND DEVEINED TAIL ON PENAEUS,FROZEN COOKED PEELED AND DEVEINED TAIL OFF PENAEUS,Raw fresh frozen farm raised vannamei pulled vein,FORZEN RAW PULLED VEIN PEELED AND DEVEINED TAIL ON,FROZEN COOKED PULLED VEIN PEELED AND DEVEINED VAN)",name_only
876,AQUA WORLD EXPORTS PVT. LTD.,"No.6, East Kalmandapam Road, Royapuram, Chennai - 600 013",,,,,,,,,no_match
878,UNILOIDS BIOSCIENCES PRIVATE LIMITED,"D.NO-5-138,SEESALI VILLAGE,KALLA MANDAL BHIMAVARAM,WEST GODAVARI DISTRICT,ANDHRA PRADESH-534237",,,,,,,,,no_match
882,Nekkanti Sea foods Limited,"Marikavalasa, Paradesipalem Village, Visakhapatnam-531163, Andhra Pradesh",,,,,,,,,no_match
897,Kader Exports Private Limited Unit-02,"4-139,Pedamiram,Bhimavaram-534204 West Godavari District,Andhra Pradesh",,,,,,,,,no_match
911,GHAN MARINE PRODUCTS,"Bakurupalem Village, Survey No. 35/17, 35/19, 35/20, 35/21, 35/22, Gidijala Post, Anandapuram Mandal, Visakhapatnam - 531117",AP1/MT/148/13,GHAN MARINE PRODUCTS,"Bakurupalem Village, Survey No. 35/17, 35/19, 35/20, 35/21, 35/22, Gidijala Post, Anandapuram Mandal, Visakhapatnam - 531173 Andhra Pradesh",qclabgmp@gmail.com,09100218119,9100218119,www.ghanmp.com,"Frozen:Fish Wild(FROZEN SQUID WHOLE,FROZEN SKIPJACK TUNA WHOLE,FROZEN YELLOW-FIN TUNA WHOLE,FROZEN RIBBON FISH WHOLE,FROZEN OCTOPUS WHOLE,FROZEN MACKEREL WHOLE,FROZEN LEATHER JACKET WHOLE,FROZEN MAHI MAHI WHOLE,FROZEN SAILFISH WHOLE,FROZEN SWARD FISH WHOLE,FROZEN SQUID WHOLE CLEAN) Frozen:Shrimp Wild(FROZEN HEAD-ON, HEADLESS & PUD KARIKADI SHRIMPS,FROZEN HEAD-ON, HEADLESS & PUD POOVALAN SHRIMPS,FROZEN HEAD-ON, HEADLESS & PUD PINK BROWN SHRIMPS,FROZEN HEAD-ON, HEADLESS & PUD DEEPSEA SHRIMPS,FROZEN HEAD-ON, HEADLESS & PUD SEA WHITE SHRIMPS) Frozen:Shrimp Aquaculture(FROZEN HEAD-ON, HEADLESS & PUD VANNAMEI SHRIMPS,FROZEN HEAD-ON, HEADLESS & PUD BLACK TIGER SHRIMPS,FROZEN VANNAMEI PVPD SHRIMPS) Frozen:Cuttlefish(FROZEN CUTTLEFISH WHOLE A GRADE,FROZEN CUTTLEFISH WHOLE B GRADE) Chilled:Fish Wild(CHILLED SQUID WHOLE,CHILLED YELLOW FIN TUNA WHOLE,CHILLED SKIP-JACK TUNA WHOLE,CHILLED RIBBON FISH WHOLE,CHILLED CUTTLEFISH WHOLE,CHILLED OCTOPUS WHOLE,CHILLED MACKEREL WHOLE,CHILLED SAIL FISH WHOLE,CHILLED CUTTLEFISH WHOLE CLEAN WHOLE,CHILLED LEATHER JACKET WHOLE,CHILLED MAHI MAHI WHOLE,CHILLED SWORD FISH WHOLE)",name_only
913,COASTAL CORPORATION LIMITED UNIT-II,"Survey no 87, P.Dharmavaram Village, S.Rayavaram Mandal, Visakhapatnam -531055, Andhra Pradesh",,,,,,,,,no_match
914,KAUSHALYA AQUA MARINE PRODUCT EXPORTS PVT. LTD,"No. 4/209, M.G.R Road, Palavakkam, Chennai-600041,Tamil Nadu",,,,,,,,,no_match
915,K.V. MARINE EXPORTS,"1/30, Bajanai Koil Street, Padur Village, Kelambakkam, Kancheepuram District-603103, Tamil Nadu.",,,,,,,,,no_match
916,DEVI SEA FOODS LIMITED,"No.10-16-52, NH-16 (Old NH-5), Peravali Road,Tanuku - 534211, West Godavari District, Andhra Pradesh, India",,,,,,,,,no_match
920,Asvini Fisheries Private Limited,"R.S.NO.626/1,Dirusumarru Road,P.B.No.52,Bhimavaram,West Godavari District-534239,Andhra Pradesh",,,,,,,,,no_match
922,PHILLIPS FOODS INDIA PVT LTD,"C-75/76,Sipcot Industrial Complex,Madathoor P.O.,Tuticorin-628 008,Tamil Nadu",,,,,,,,,no_match
927,ANJANEYA SEAFOODS,"6-122 A, North Rajupalem Village, Kodavaluru Mandal, Nellore District -524366, Andhra Pradesh",,,,,,,,,no_match
928,"JAYALAKSHMI SEAFOODS PVT. LTD., UNIT-II","R. S.No.267/2 & 275/2, Seesali Village, Kalla Mandal, Bhimavaram-534237, West Godavari District, Andhra Pradesh",,,,,,,,,no_match
929,ANANDA FOODS,"R.S. No. 59 / 1 & 2 D. NO. 2-239/1-5, Ramayanapuram Village, Bhimavaram Mandal, West Godavri District, Andhra Pradesh, India - 543 239",AP6/MT/053/16,ANANDA FOODS,"D.NO.27-8-21/3, SIVARAO PET BHIMAVARAM 534202 Andhra Pradesh",anandafoods929@gmail.com,08816272507,9849122361,www.anandagroup.com,"Frozen:Shrimp Aquaculture(Raw fresh frozen farm raised vannamei PD TAIL off,Raw fresh frozen farm raised vannamei PD TAIL- ON,Raw fresh frozen farm raised vannamei HLSO EASY PE,RAW FRESH FROZEN BUTTER ROUND PEELED AND DEVEINED,FROZEN RAW HEADLESS SHELL ON EASY PEEL (ZIPPERBACK,FRESH FROZEN HEADLESS SHELL ON VANNAMEI SHRIMPS BL,Raw fresh frozen farm raised vannamei pulled vein,FORZEN RAW PULLED VEIN PEELED AND DEVEINED TAIL ON,Raw fresh frozen farm raised vannamei peeled AND,Raw fresh frozen farm raised vannamei peeled AND d)",name_only
934,WELLCOME FISHERIES LIMITED,"Old No.1/409(New No:4-46),Vandram Village, Undi Mandal,Bhimavaram-534 199",,,,,,,,,no_match
938,HYSON EXPORTS PRIVATE LIMITED,"Plot No. 6 & 7,APIIC Industrial Park,Kadalur Village,Sullurpet-524121,SPSR Nellore District,Andhra Pradesh",TN1/MT/346/13,HYSON EXPORTS PRIVATE LIMITED,"FLAT NO.F2, KALYANIS PALS COURT,NO.42/43, GANDHI ROAD, ALWARTHIRUNAGAR CHENNAI-600087./600087 600087 Tamil Nadu",hysonlogistics@gmail.com,08623297005,8008000557,nan,"Frozen:Shrimp Aquaculture(FROZEN VANNAMEI SHRIMPS HEADON SHELLON,FROZEN HEADLESS SHELL ON VANNAMEI SHRIMPS- BLOCK,FROZEN RAW PD VANNAMEI SHRIMPS IQF,RAW FROZEN PVPD VANNAMEI SHRIMPS-IQF,FROZEN RAW BUTTER ROUND TAIL ON VANNAMEI SHRIMP,FROZEN RAW PDTO SKEWERS VANNAMEI SHRIMP IQF,FROZEN BLANCHED PD VANNAMEI SHRIMPS IQF,FROZEN BLANCHED PDTO VANNAMEI SHRIMPS IQF,FROZEN RAW HEADLESS EZPL VANNAMEI SHRIMPS IQF,FROZEN HL EZPL VANNAMEI SHRIMPS-BLOCK,FROZEN HEAD ON VANNAMEI SHRIMPS-SEMI-IQF,FROZEN PD VANNAMEI SHRIMPS –BLOCK,FRESH FROZEN RAW PDTO VANNAMEI SHRIMP IQF)",name_only
939,NILA SEA FOODS PVT LTD,"137, PUDURPANDIAPURAM, TUTICORIN -628 002.",,,,,,,,,no_match
940,COASTAL CORPORATION LIMITED,"Marikavalasa Village, Paradesipalem Panchayat, Chinagadili Mandal, Visakhapatnam-531163, Andhra Pradesh.",AP1/RX/236/24,COASTAL CORPORATION LIMITED,"COASTAL ONE, PLOT NO. 1, BALAJI NAGAR, 3RD & 4TH FLOOR, Door No. 8-1-5/4, SIRIPURAM, 530003 Andhra Pradesh",exports@coastalcorp.co.in,08912567118,9346386668,nan,nan,name_only
941,THEVA & CO,"5/55,                    SENTHILAMPANNAI, PUDUKOTTAI,                       TUTICORIN-628103",,,,,,,,,no_match
946,SANDHYA MARINES LIMITED,"Door No. 4-295, Poolapalli Village, Palakole Mandal, West Godavari District - 534261, Andhra Pradesh, India",,,,,,,,,no_match
950,HANDY WATERBASE INDIA (P) LTD,"Plot No.C-3 SIPCOT INDUSTRIAL COMPLEX,MADATHUR,TUTICORIN -628008",,,,,,,,,no_match
955,KADER EXPORTS PRIVATE LIMITED,"D. No. 1-3/1 to 6, Gollalakoderu, Palakoderu (M), Bhimavaram, West Godavari District, Andhra Pradesh- 534202",,,,,,,,,no_match
959,EDHAYAM FROZEN FOODS PVT.LTD.,"4/91-A&B, MARAVANMADAM VILLAGE, PUDUKOTTAI, TUTICORIN 628103, TAMILNADU.",,,,,,,,,no_match
975,KADER EXPORTS PRIVATE LIMITED UNIT 04,"2/91, PATTINAMARUTHUR VILLAGE, THARUVAIKULAM POST, TUTICORIN - 628105, TAMIL NADU.",,,,,,,,,no_match
976,"KADER EXPORTS PRIVATE LIMITED, Unit 03","""A"" Block I.D.A, Autonagar, Visakhapatnam, Andhra Pradesh-530012, India",,,,,,,,,no_match
990,DEVI FISHERIES LIMITED,"2-159, APSP Camp, Panasapadu, Kakinada-533005, Andhra Pradesh",,,,,,,,,no_match
CHE/FFP/02728,"Sandhya Aqua Exports Pvt. Ltd., Unit-II","NH-65, Kurumaddali Village, Pamarru Post & Mandal Krishna District, Andhra Pradesh - 521157",,,,,,,,,no_match
CHE/FFP/02741,GODAVARI MEGA AQUA  FOOD PARK  PRIVATE LIMITED,"R.S. No. 799,Tundurru Village,
Bhimavaram Mandal,West Godavari District,Andhra Pradesh,India,PIN-534207.",,,,,,,,,no_match
CHE/FFP/02744,MOURYA AQUEX PRIVATE LIMITED,"1-330/1, Komarada Road, Rayalam Village, Bhimavaram-534208, West Godavari District, Andhra Pradesh, India",,,,,,,,,no_match
CHE/FFP/02749,JENEFA INDIA,"SY.NO.764/1,2,3, VADAKKU KARACHERI VILLAGE, SRIVAIKUNDAM, TUTICORIN District-628601, TAMIL NADU.",TN2/MT/236/20,JENEFA INDIA,1/54 B Indra Colony Vannarpettai Tirunelveli - 627003 627003 Tamil Nadu,venkatesh@jenefaindia.net,9443150182,9443150182,www.jenefaindia.com,Others-Non Edible:Fish Meals (Non-Edible)(Fish Meal),name_only
CHE/FFP/02753,NK MARINE EXPORTS LLP,"Survey No. 750, Dosapadu Puntha Road, Duvva Village, Tanuka Mandal, West Godavari District-534211, Andhra Pradesh, India",AP6/MT/090/19,NK MARINE EXPORTS LLP,"SURVEY NO:750 DOSAPADU PUNTHA ROAD DUVVA VILLAGE, TANUKU MANDAL 534102 Andhra Pradesh",info@nkmarine.in,9010206666,9848123229,nan,"Frozen:Shrimp Aquaculture(Litopenaeus Vannamei-Raw Head On ShellOn Block&IQF,Raw Frozen Headless Shell On Block & IQF,Raw Frozen Peeled & Deveined Tail Off Block & IQF,Raw Frozen Peeled & Deveined Tail On Block & IQF,Raw Frozen Peeled Pull Vein Tail Off Block & IQF,Raw Frozen Peeled Pull Vein Tail On Block & IQF,Raw Frozen Peeled Undeveined (PUD) Block & IQF,Raw Frozen Peeled & Deveined Tail On Skewers IQF,Raw Frozen Headless Shell On Easy Peel Block & IQF,Raw Frozen Peeled & Deveined Butterfly Tail On IQF,Raw Frozen Peeled &Deveined Butterfly Tail Off IQF)",name_only
CHE/FFP/02784,M/s. Satish Marine Exim Private Limited,"Dammanavaripalem Village & Post, Karlapalem Mandal, Guntur District-522111, Andhra Pradesh",,,,,,,,,no_match
CHE/FFP/02832,Monsoon Bounty Foods Manufacturing Private Limited,"Plot No,99,SIPCOT Industrial Estate, EPIP Zone, Gummidipoondi-601201,Thriruvallur, Tamil Nadu",TN1/MT/580/20,MONSOON BOUNTY FOODS MANUFACTURING PRIVATE LIMITED,PLOT NO 99 EPIP ZONE SIPCOT INDUSTRIAL ESTATE GUMMIDIPOONDI/601201 601201 Tamil Nadu,monsoonbounty@gmail.com,04426284700,9840359949,www.monsoonbounty.com,nan,name_only
CHE/FFP/02833,DANICA AQUA EXPORTS PRIVATE LIMITED,"Survey No. 4/10 to 4/19, Yerukonda Village, Poosapatirega Mandal-535213, Vizianagaram District, India",AP1/MT/217/20,DANICA AQUA EXPORTS PRIVATE LIMITED,"S.No 4/10 to 4/19, Yerukonda Village Poosapatirega Mandal 535213 Andhra Pradesh",danicaaqua@gmail.com,8106583613,9937000866,nan,"Frozen:Fish Wild(BLAST FROZEN RAW RIBBON FISH,BLAST FROZEN RAW SKIPJACK TUNA,BLAST FROZEN RAW YELLOW FIN TUNA,BLAST FROZEN RAW INDIAN MACKERAL) Frozen:Shrimp Wild(IQF FROZEN RAW HEADLESS SHELLON PINK SHRIMPS,IQF FROZEN RAW HEADLESS SHELLON BROWN SHRIMPS,IQF FROZEN RAW HEADLESS SHELLON WHITE SHRIMPS,IQF FROZEN RAW HEADLESS SHELLON FLOWER SHRIMPS,IQF FROZEN RAW HEADLESS SHELLON TIGER SHRIMPS,BLOCK FROZEN RAW HEADLESS SHELLON PINK SHRIMPS,BLOCK FROZEN RAW HEADLESS SHELLON BROWN SHRIMPS,BLOCK FROZEN RAW HEADLESS SHELLON WHITE SHRIMPS,BLOCK FROZEN RAW HEADLESS SHELLON FLOWER SHRIMPS,BLOCK FROZEN RAW HEADLESS SHELLON TIGER SHRIMPS,IQF FROZEN RAW PD SHRIMPS,IQF FROZEN RAW PUD SHRIMPS,BLOCK FROZEN RAW PD SHRIMPS,BLOCK FROZEN RAW PUD SHRIMPS,BLOCK FROZEN RAW PVPD SHRIMPS) Frozen:Shrimp Aquaculture(IQF FROZEN RAW HEADLESS SHELLON VANNAMEI SHRIMPS,IQF FROZEN RAW PUD VANNAMEI SHRIMPS,IQF FROZEN RAW PD VANNAMEI SHRIMPS,IQF FROZEN RAW PDTO VANNAMEI SHRIMPS,IQF FROZEN RAW EASYPEEL VANNAMEI SHRIMPS,IQF FROZEN RAW PV PD VANNAMEI SHRIMPS,IQF FROZEN RAW PV PDTO VANNAMEI SHRIMPS,BLOCK FROZEN RAW HEADLESS SHELLON VANNAMEI SHRIMPS,BLOCK FROZEN RAW PUD VANNAMEI SHRIMPS,BLOCK FROZEN RAW PD VANNAMEI SHRIMPS,BLOCK FROZEN RAW PDTO VANNAMEI SHRIMPS,BLOCK FROZEN RAW EASYPEEL VANNAMEI SHRIMPS,BLOCK FROZEN RAW PV PD VANNAMEI SHRIMPS,BLOCK FROZEN RAW PV PDTO VANNAMEI SHRIMPS) Frozen:Cuttlefish(FROZEN RAW CUTTLE FISH WHOLE,FROZEN RAW CUTTLE FISH WHOLE CLEANED) Frozen:Squid(FROZEN RAW SQUID WHOLE,FROZEN RAW SQUID WHOLE CLEANED)",name_only
CHE/FFP/02845,FINLEY MARINE PRODUCTS,"SF No: 372/2 Sanganeri-Uralvoimozhi Road, Irrukanthurai Village Part-II, Nakkaneri Post-627111, Radhapuram (TK), Tirunelveli (DT) Tamil Nadu",TN2/MT/238/20,FINLEY MARINE PRODUCTS,"SF No.372/2, Uralvoimozhi Road Irukanthurai Village Part-II, Nakkaneri Rathapuram Thaluk, Valliyoor/627111 627111 Tamil Nadu",finleymarine@gmail.com,04637293889,9487648923,finleymarine.com,"Others-Non Edible:Fish Meals (Non-Edible)(Sterilized Fish Meal(Non-Edible),Fish Oil(Non-Edible),Fish Soluble Paste(Non-Edible))",name_only
CHE/FFP/02852,HAMEED MARINE PRIVATE LIMITED,"Door no:2/1-D.S.No: 886/3C, Irrukandurai Village, Radhapuram taluk, Tirunelveli District- 627106, Tamil Nadu (India)",TN2/MT/239/20,HAMEED MARINE PRIVATE LIMITED,"Door No:27/1, Razak road, Edalakudy Kottar , Nagercoil 629002 629002 Tamil Nadu",hameedmarineexports@yahoo.com,9443126047,9842372702,nan,"Others-Non Edible:Fish Meals (Non-Edible)(FISH MEAL,FISH OIL)",name_only
Conditional Approval No.1983,N G EXPORTS INTERNATIONAL,"S.NO.4/3,4/2,3/2,VAJRAPUKOD
URU ROAD,KATHIPUDI (V),
SANKHAVARAM (M), KAKINADA
DIST, PIN. 533444, ANDHRA
PRADESH, INDIA.",KL1/MT/530/25,N G EXPORTS INTERNATIONAL,"EP V/9, MURIKKUTHARA BUILDING, ERAMALLOOR PO 688537 Kerala",salesngexports@gmail.com,9446140539,9446140539,nan,nan,name_only
Conditional Approval No.1986,CASTLEROCK FISHERIES PRIVATE LIMITED,"Sy No: 85-1, 85-2, 85-3, 85-4,85-5, 85-6, 86-1A, 86-1B, 86-1D, 86-2, 86-3, 86-4, 86-5A, 86-5B, 86-6, Maddali (V), Kota (M), SPSR Nellore District,  Andhra Pradesh, India. 524410.",MA1/RX/495/26,CASTLEROCK FISHERIES PRIVATE LIMITED,nan,haridas@castlerockgroup.in,02240621234,9833837028,www.castlerock.in,nan,name_only
Conditional approval No.1982,M/s. RAJYALAKSHMI MARINE EXPORTS,"SURVEY NO. 105-1, 105-2, 105-4A, MAMIDADA VILLAGE, JAGGAMPETA MANDAL, KAKINADA DISTRICT - 533435, ANDHRA PRADESH, INDIA.",AP6/MT/159/25,M/S.RAJYALAKSHMI MARINE EXPORTS,"D.No.20-15-14, SUNKARA PADDAIAH STREET, BHIMAVARAM, WEST GODAVARI 534201 Andhra Pradesh",rajyalakshmimarineexports@gmail.com,9848177686,9701822239,nan,nan,name_only
Conditional approval no.1989,GOKULAM MARINE EXPORT PRIVATE LIMITED,"PLOT NO B-11 TO B-16, B-22 TO B-26, SP B-27, B-21 (PARTLY) PIPDIC INDUSTRIAL ESTATE PHASE-1, SEDARAPET PUDUCHERRY  - 605 111",TN2/MT/266/25,GOKULAM MARINE EXPORT PRIVATE LIMITED,"1/1031/1, BHARATHI NAGAR ARANMANAI SALAI, RAMANATHAPURAM 623503 Tamil Nadu",adhavkralmba@gmail.com,918778476595,8778476595,nan,nan,name_only
Fresh Approval,AL-KHAJA FREEZING PRIVATE LIMITED,"VILL-MOHISGODI, P.O- MUDIAHAT, P.S- SHASAN, DIST- NORTH 24 PARGANAS, KOL-700128
WEST BENGAL",WB1/MT/612/25,AL-KHAJA FREEZING PRIVATE LIMITED,"VILL- MOHISGODI P.O- MUDIAHAT, P.S- SHASAN, DIST- NORTH 24 PARGANAS, KOLKATA- 700128 West Bengal",al.khajafreezing@gmail.com,9830698577,9830698577,nan,nan,name_only
KOC/FFP/02587,Nettos Marine Exports,"V/551, Neendakara, Kollam, Kerala, India, Pin -691582",,,,,,,,,no_match
KOC/FFP/02694,Beloorbayir Biotech Ltd.,"10,13th Crioss, 34th Ward37th Main, DoddannaIndustrial Estate, NearPeenya 2nd Stage,Bangalore 560091",,,,,,,,,no_match
KOC/FFP/02701,GADRE MARINE EXPORT PRIVATE LIMITED - BRANCH 9,"Surimi Unit, Plot No. IP-32 & IP-33, Mangalore Special Economic Zone, Bajpe Post & Village, Mangaluru Taluk, Dakshina Kannada District-574142, Karnataka, India.",,,,,,,,,no_match
KOC/FFP/02702,GADRE MARINE EXPORT PRIVATE LIMITED - BRANCH 8,"Fish Meal & Fish Oil Unit, Plot No.IP-32 &IP-33, Mangalore Special Economic Zone, Bajpe Post & Village, Mangaluru Taluk, Dakshina Kannada District-574142, Karnataka, India.",,,,,,,,,no_match
KOC/FFP/02739,Yashaswi Fish Meal and Oil Company-Branch:2,"Plot No IP-25A,PartII,PermudeVillage, Mangalore SERZ, Dakshina Kannada,Karnataka-574509.",,,,,,,,,no_match
MUM-PP-08,Hiravati Marine Products Pvt. Ltd. ( Independent Pre-Processing Plant),"Jawar Naka, Porbandar-360575, Gujarat, India.",,,,,,,,,no_match
MUM/FFP/02565,Rahemat Fish Centre,"Plot No. 812, G.I.D.C., Estate, Somnath Road,Veraval - 362 269, Dist. Gir Somnath, Gujarat, India",,,,,,,,,no_match
MUM/FFP/02597,H.H. Marine.,"Plot No. 19, Survey No. 1788/1, Near Win Marine Exports, Veraval-362269, Gujarat, India",,,,,,,,,no_match
MUM/FFP/02783,Silver Fish Steriliser,"S.No. 32/IP, 32IP/5, Vill. Zavar, Porbandar, Gujarat-360575, India",GU3/MT/071/20,SILVER FISH STERILISER,"Surve No. 32/1P, 32/1P - 5, VILL. ZAVAR, PORBANDAR/360575 360575 Gujarat",nachiket.silver@gmail.com,02862241819,9924466216,nan,Others-Non Edible:Fish Meals (Non-Edible)(STEAM DRIED FISH MEAL),name_only
conditional approval no.1985,GAYATRI MARINE PRODUCTS,"SY. NO. 455-2A, 455-2B, 455-2C,455-2D, 455-2E, 455-2G2 , Chillakuru Mandal , Oduru Village, Tirupati District, Andhra Pradesh -524410",AP2/MT/050/25,GAYATRI MARINE PRODUCTS,"SYNO-455-2A,455-2B, 455-2C, 455-2D, 455-2E, 455-2G2, CHILLAKURU MANDAL, ODURU VILLAGE, 524410 Andhra Pradesh",qalabgmp@gmail.com,9841585803,9841585803,gayatrimarine.in,nan,name_only
