entity_id,field,value,source_url,source_title,source_type,access_date,evidence_snippet,confidence
"1100","plant_name","Naik Seafoods Pvt.Ltd.","https://www.eicindia.gov.in/WebApp1/pages/menuInfo/approvedCommoditiesList.xhtml?CT=FFP","EIC Approved Units - Fish & Fishery Products (FFP)","regulator","2026-02-09","EIC approved units list (FFP)","HIGH"
"1100","address","S.No.3A, H.No.3A/3B, At and Post Karla, Ratnagiri-415612","https://www.eicindia.gov.in/WebApp1/pages/menuInfo/approvedCommoditiesList.xhtml?CT=FFP","EIC Approved Units - Fish & Fishery Products (FFP)","regulator","2026-02-09","EIC approved units list (FFP)","HIGH"
"1100","scope","Packing of Fresh/Chilled Fish & Fishery product, Freezing of Raw fish & Fishery Product (Block/IF)(Including Aquaculture)  
(Assessment over for Aquaculture on 06.08.2024)","https://www.eicindia.gov.in/WebApp1/pages/menuInfo/approvedCommoditiesList.xhtml?CT=FFP","EIC Approved Units - Fish & Fishery Products (FFP)","regulator","2026-02-09","EIC approved units list (FFP)","HIGH"
"1100","expiry_date","13/10/2027","https://www.eicindia.gov.in/WebApp1/pages/menuInfo/approvedCommoditiesList.xhtml?CT=FFP","EIC Approved Units - Fish & Fishery Products (FFP)","regulator","2026-02-09","EIC approved units list (FFP)","HIGH"
"1104","plant_name","Gadre Marine Export Pvt. Ltd.","https://www.eicindia.gov.in/WebApp1/pages/menuInfo/approvedCommoditiesList.xhtml?CT=FFP","EIC Approved Units - Fish & Fishery Products (FFP)","regulator","2026-02-09","EIC approved units list (FFP)","HIGH"
"1104","address","Plot No. FP-1, MIDC, Mirjole Block, Ratnagiri-415639, Maharashtra, India","https://www.eicindia.gov.in/WebApp1/pages/menuInfo/approvedCommoditiesList.xhtml?CT=FFP","EIC Approved Units - Fish & Fishery Products (FFP)","regulator","2026-02-09","EIC approved units list (FFP)","HIGH"
"1104","scope","(a) Processing, freezing, cooking of Surimi based shrimps, lobster, scallops, crab analogues their battered, breaded, par fried products and frozen storage.
(b) Processing, cooking, chilling of Surimi based imitation crab sticks, flakes, chunks and shreds and their chilled storage.
(c) Frozen breaded par fried fish finger, fish patty & frozen prawn curry
(d) Processing, freezing, cooking of Surimi based Chikuwa.  
(e) Frozen Surimi Premix (Uncooked).
(f) Freeze Dried Surimi Based Products (Freeze Dried Crab Bite)","https://www.eicindia.gov.in/WebApp1/pages/menuInfo/approvedCommoditiesList.xhtml?CT=FFP","EIC Approved Units - Fish & Fishery Products (FFP)","regulator","2026-02-09","EIC approved units list (FFP)","HIGH"
"1104","expiry_date","08/03/2028","https://www.eicindia.gov.in/WebApp1/pages/menuInfo/approvedCommoditiesList.xhtml?CT=FFP","EIC Approved Units - Fish & Fishery Products (FFP)","regulator","2026-02-09","EIC approved units list (FFP)","HIGH"
"1108","plant_name","Alps Ice & Cold Storage Pvt. Ltd.","https://www.eicindia.gov.in/WebApp1/pages/menuInfo/approvedCommoditiesList.xhtml?CT=FFP","EIC Approved Units - Fish & Fishery Products (FFP)","regulator","2026-02-09","EIC approved units list (FFP)","HIGH"
"1108","address","No.30, APMC Yard, MAFCO Compound, Vashi, Navi Mumbai-400703","https://www.eicindia.gov.in/WebApp1/pages/menuInfo/approvedCommoditiesList.xhtml?CT=FFP","EIC Approved Units - Fish & Fishery Products (FFP)","regulator","2026-02-09","EIC approved units list (FFP)","HIGH"
"1108","scope","Packing of  Fresh Chilled Fish & Fishery Products and Frozen (Block/ Individually Frozen/IQF), Raw/Blanched/Cooked Fish & Fishery Products","https://www.eicindia.gov.in/WebApp1/pages/menuInfo/approvedCommoditiesList.xhtml?CT=FFP","EIC Approved Units - Fish & Fishery Products (FFP)","regulator","2026-02-09","EIC approved units list (FFP)","HIGH"
"1108","expiry_date","09/08/2027","https://www.eicindia.gov.in/WebApp1/pages/menuInfo/approvedCommoditiesList.xhtml?CT=FFP","EIC Approved Units - Fish & Fishery Products (FFP)","regulator","2026-02-09","EIC approved units list (FFP)","HIGH"
"1109","plant_name","Silver Sea Food Unit-II","https://www.eicindia.gov.in/WebApp1/pages/menuInfo/approvedCommoditiesList.xhtml?CT=FFP","EIC Approved Units - Fish & Fishery Products (FFP)","regulator","2026-02-09","EIC approved units list (FFP)","HIGH"
"1109","address","Survey No. 24/2,Javarnaka, Porbandar -360575, Gujarat, India","https://www.eicindia.gov.in/WebApp1/pages/menuInfo/approvedCommoditiesList.xhtml?CT=FFP","EIC Approved Units - Fish & Fishery Products (FFP)","regulator","2026-02-09","EIC approved units list (FFP)","HIGH"
"1109","scope","Frozen (Block/IF-Blast/IQF) Raw/Blanched/Cooked Fish and Fishery Products (Including Aquaculture)","https://www.eicindia.gov.in/WebApp1/pages/menuInfo/approvedCommoditiesList.xhtml?CT=FFP","EIC Approved Units - Fish & Fishery Products (FFP)","regulator","2026-02-09","EIC approved units list (FFP)","HIGH"
"1109","expiry_date","10/08/2027","https://www.eicindia.gov.in/WebApp1/pages/menuInfo/approvedCommoditiesList.xhtml?CT=FFP","EIC Approved Units - Fish & Fishery Products (FFP)","regulator","2026-02-09","EIC approved units list (FFP)","HIGH"
"111","plant_name","GADRE MARINE EXPORT","https://www.eicindia.gov.in/WebApp1/pages/menuInfo/approvedCommoditiesList.xhtml?CT=FFP","EIC Approved Units - Fish & Fishery Products (FFP)","regulator","2026-02-09","EIC approved units list (FFP)","HIGH"
"111","address","Plot No. 3298 - A, Mirkarwada, Ratnagiri - 415612, Maharashtra, India","https://www.eicindia.gov.in/WebApp1/pages/menuInfo/approvedCommoditiesList.xhtml?CT=FFP","EIC Approved Units - Fish & Fishery Products (FFP)","regulator","2026-02-09","EIC approved units list (FFP)","HIGH"
"111","scope","Packing of Fresh/Chilled Fish & Fishery Products, Freezing of Raw Fish & Fishery Products (IF-Blast/IQF) and Freezing of Blanched/Cooked Fish and Fishery Products(IQF) -Fishes (Histamine & Non- Histamine forming), Crustaceans -Shrimps (Aquaculture/Sea caught/Wild caught), Crabs (Sea caught), Lobster (Sea caught) & Cephalopods","https://www.eicindia.gov.in/WebApp1/pages/menuInfo/approvedCommoditiesList.xhtml?CT=FFP","EIC Approved Units - Fish & Fishery Products (FFP)","regulator","2026-02-09","EIC approved units list (FFP)","HIGH"
"111","expiry_date","15/08/2027","https://www.eicindia.gov.in/WebApp1/pages/menuInfo/approvedCommoditiesList.xhtml?CT=FFP","EIC Approved Units - Fish & Fishery Products (FFP)","regulator","2026-02-09","EIC approved units list (FFP)","HIGH"
"1110","plant_name","Vanita Cold Storage","https://www.eicindia.gov.in/WebApp1/pages/menuInfo/approvedCommoditiesList.xhtml?CT=FFP","EIC Approved Units - Fish & Fishery Products (FFP)","regulator","2026-02-09","EIC approved units list (FFP)","HIGH"
"1110","address","Somnath Road, Near Bhidia Bridge, Veraval, Gujarat-362267, India","https://www.eicindia.gov.in/WebApp1/pages/menuInfo/approvedCommoditiesList.xhtml?CT=FFP","EIC Approved Units - Fish & Fishery Products (FFP)","regulator","2026-02-09","EIC approved units list (FFP)","HIGH"
"1110","scope","FREEZING OF RAW/BLANCHED/COOKED FISH & FISHERY PRODUCTS (BLOCK/ BLAST-IF/IQF) (INCLUDING AQUACULTURE)","https://www.eicindia.gov.in/WebApp1/pages/menuInfo/approvedCommoditiesList.xhtml?CT=FFP","EIC Approved Units - Fish & Fishery Products (FFP)","regulator","2026-02-09","EIC approved units list (FFP)","HIGH"
"1110","expiry_date","27/08/2027","https://www.eicindia.gov.in/WebApp1/pages/menuInfo/approvedCommoditiesList.xhtml?CT=FFP","EIC Approved Units - Fish & Fishery Products (FFP)","regulator","2026-02-09","EIC approved units list (FFP)","HIGH"
"1114","plant_name","VKM Foods Private Limited","https://www.eicindia.gov.in/WebApp1/pages/menuInfo/approvedCommoditiesList.xhtml?CT=FFP","EIC Approved Units - Fish & Fishery Products (FFP)","regulator","2026-02-09","EIC approved units list (FFP)","HIGH"
"1114","address","Plot No. M-54, M.I.D.C., Taloja Industrial Estate, Taloja, District- Raigad- 410208, Maharashtra, India","https://www.eicindia.gov.in/WebApp1/pages/menuInfo/approvedCommoditiesList.xhtml?CT=FFP","EIC Approved Units - Fish & Fishery Products (FFP)","regulator","2026-02-09","EIC approved units list (FFP)","HIGH"
"1114","scope","Packing of Fresh/Chilled Fish & Fishery products, Freezing of Raw/Blanched/Cooked Fish & Fishery products (Block, Blast Freezing & IQF) Breaded & battered Fish & Fishery products, Frozen shrimp platter  (Cooked Peeled Deveined Tail on Vannamei Shrimps IQF) with mild cocktail sauce","https://www.eicindia.gov.in/WebApp1/pages/menuInfo/approvedCommoditiesList.xhtml?CT=FFP","EIC Approved Units - Fish & Fishery Products (FFP)","regulator","2026-02-09","EIC approved units list (FFP)","HIGH"
"1114","expiry_date","22/03/2028","https://www.eicindia.gov.in/WebApp1/pages/menuInfo/approvedCommoditiesList.xhtml?CT=FFP","EIC Approved Units - Fish & Fishery Products (FFP)","regulator","2026-02-09","EIC approved units list (FFP)","HIGH"
"1117","plant_name","Atlas Fisheries Private Limited","https://www.eicindia.gov.in/WebApp1/pages/menuInfo/approvedCommoditiesList.xhtml?CT=FFP","EIC Approved Units - Fish & Fishery Products (FFP)","regulator","2026-02-09","EIC approved units list (FFP)","HIGH"
"1117","address","H. No. 38/2, Survey No. 42/ 3 A, Dauji, Old Goa, North Goa, Goa-403402, India","https://www.eicindia.gov.in/WebApp1/pages/menuInfo/approvedCommoditiesList.xhtml?CT=FFP","EIC Approved Units - Fish & Fishery Products (FFP)","regulator","2026-02-09","EIC approved units list (FFP)","HIGH"
"1117","scope","Freezing of Raw/Blanched Fish & Fisheries Products (Block /IF-Blast/ IQF) (Including  Aquaculture)","https://www.eicindia.gov.in/WebApp1/pages/menuInfo/approvedCommoditiesList.xhtml?CT=FFP","EIC Approved Units - Fish & Fishery Products (FFP)","regulator","2026-02-09","EIC approved units list (FFP)","HIGH"
"1117","expiry_date","05/05/2028","https://www.eicindia.gov.in/WebApp1/pages/menuInfo/approvedCommoditiesList.xhtml?CT=FFP","EIC Approved Units - Fish & Fishery Products (FFP)","regulator","2026-02-09","EIC approved units list (FFP)","HIGH"
"1120","plant_name","Naik Oceanic Exports Pvt. Ltd.","https://www.eicindia.gov.in/WebApp1/pages/menuInfo/approvedCommoditiesList.xhtml?CT=FFP","EIC Approved Units - Fish & Fishery Products (FFP)","regulator","2026-02-09","EIC approved units list (FFP)","HIGH"
"1120","address","M-5, MIDC, Taloja, Dist-Raigad , Pin-410208, Navi Mumbai, Maharashtra, India","https://www.eicindia.gov.in/WebApp1/pages/menuInfo/approvedCommoditiesList.xhtml?CT=FFP","EIC Approved Units - Fish & Fishery Products (FFP)","regulator","2026-02-09","EIC approved units list (FFP)","HIGH"
"1120","scope","nan","https://www.eicindia.gov.in/WebApp1/pages/menuInfo/approvedCommoditiesList.xhtml?CT=FFP","EIC Approved Units - Fish & Fishery Products (FFP)","regulator","2026-02-09","EIC approved units list (FFP)","HIGH"
"1120","expiry_date","08/04/2029","https://www.eicindia.gov.in/WebApp1/pages/menuInfo/approvedCommoditiesList.xhtml?CT=FFP","EIC Approved Units - Fish & Fishery Products (FFP)","regulator","2026-02-09","EIC approved units list (FFP)","HIGH"
"1127","plant_name","Deepmala Foods","https://www.eicindia.gov.in/WebApp1/pages/menuInfo/approvedCommoditiesList.xhtml?CT=FFP","EIC Approved Units - Fish & Fishery Products (FFP)","regulator","2026-02-09","EIC approved units list (FFP)","HIGH"
"1127","address","Opp. Bhavani Temple, Near Municipality Water Filter Plant, Somnath Road, Veraval - 362267, Gujarat, India","https://www.eicindia.gov.in/WebApp1/pages/menuInfo/approvedCommoditiesList.xhtml?CT=FFP","EIC Approved Units - Fish & Fishery Products (FFP)","regulator","2026-02-09","EIC approved units list (FFP)","HIGH"
"1127","scope","FREEZING OF RAW/ BLANCHED FISH & FISHERY PRODUCTS (BLOCK/IQF) (INCLUDEING AQUACULTURE)","https://www.eicindia.gov.in/WebApp1/pages/menuInfo/approvedCommoditiesList.xhtml?CT=FFP","EIC Approved Units - Fish & Fishery Products (FFP)","regulator","2026-02-09","EIC approved units list (FFP)","HIGH"
"1127","expiry_date","26/06/2027","https://www.eicindia.gov.in/WebApp1/pages/menuInfo/approvedCommoditiesList.xhtml?CT=FFP","EIC Approved Units - Fish & Fishery Products (FFP)","regulator","2026-02-09","EIC approved units list (FFP)","HIGH"
"1129","plant_name","Hejazi Foodstuff Pvt. Ltd.","https://www.eicindia.gov.in/WebApp1/pages/menuInfo/approvedCommoditiesList.xhtml?CT=FFP","EIC Approved Units - Fish & Fishery Products (FFP)","regulator","2026-02-09","EIC approved units list (FFP)","HIGH"
"1129","address","PLOT NO. M-62 & M-62 PART, MIDC INDUSTRIAL   AREA,  TALOJA, DIST- RAIGAD-410208,   MAHARASHTRA, INDIA","https://www.eicindia.gov.in/WebApp1/pages/menuInfo/approvedCommoditiesList.xhtml?CT=FFP","EIC Approved Units - Fish & Fishery Products (FFP)","regulator","2026-02-09","EIC approved units list (FFP)","HIGH"
"1129","scope","Fresh/Chilled Raw and Frozen(IF-Blast/Block) Raw Fish and Fishery Products (Including Aquaculture)","https://www.eicindia.gov.in/WebApp1/pages/menuInfo/approvedCommoditiesList.xhtml?CT=FFP","EIC Approved Units - Fish & Fishery Products (FFP)","regulator","2026-02-09","EIC approved units list (FFP)","HIGH"
"1129","expiry_date","03/10/2027","https://www.eicindia.gov.in/WebApp1/pages/menuInfo/approvedCommoditiesList.xhtml?CT=FFP","EIC Approved Units - Fish & Fishery Products (FFP)","regulator","2026-02-09","EIC approved units list (FFP)","HIGH"
"1130","plant_name","KARUNYA MARINE EXPORTS PVT. LTD.","https://www.eicindia.gov.in/WebApp1/pages/menuInfo/approvedCommoditiesList.xhtml?CT=FFP","EIC Approved Units - Fish & Fishery Products (FFP)","regulator","2026-02-09","EIC approved units list (FFP)","HIGH"
"1130","address","Survey No.42, Hissa No. 1 & 2, Rahatagar, Peth Killa, Ratnagiri-415612, Maharashtra,  India","https://www.eicindia.gov.in/WebApp1/pages/menuInfo/approvedCommoditiesList.xhtml?CT=FFP","EIC Approved Units - Fish & Fishery Products (FFP)","regulator","2026-02-09","EIC approved units list (FFP)","HIGH"
"1130","scope","Packing of Fresh/ Chilled Fish & Fishery Products, Freezing of Raw Fish & Fishery Products (Block/IF) (Including Aquaculture)","https://www.eicindia.gov.in/WebApp1/pages/menuInfo/approvedCommoditiesList.xhtml?CT=FFP","EIC Approved Units - Fish & Fishery Products (FFP)","regulator","2026-02-09","EIC approved units list (FFP)","HIGH"
"1130","expiry_date","23/10/2027","https://www.eicindia.gov.in/WebApp1/pages/menuInfo/approvedCommoditiesList.xhtml?CT=FFP","EIC Approved Units - Fish & Fishery Products (FFP)","regulator","2026-02-09","EIC approved units list (FFP)","HIGH"
"1131","plant_name","TEJAL SEA FOODS","https://www.eicindia.gov.in/WebApp1/pages/menuInfo/approvedCommoditiesList.xhtml?CT=FFP","EIC Approved Units - Fish & Fishery Products (FFP)","regulator","2026-02-09","EIC approved units list (FFP)","HIGH"
"1131","address","SUPER GAS ROAD, JAWAR NAKA PORBANDAR-360575, GUJARAT, INDIA","https://www.eicindia.gov.in/WebApp1/pages/menuInfo/approvedCommoditiesList.xhtml?CT=FFP","EIC Approved Units - Fish & Fishery Products (FFP)","regulator","2026-02-09","EIC approved units list (FFP)","HIGH"
"1131","scope","FREEZING OF RAW FISH & FISHERY PRODUCTS (BLOCK/BLAST-IF/IQF)(Excluding Aquaculture)","https://www.eicindia.gov.in/WebApp1/pages/menuInfo/approvedCommoditiesList.xhtml?CT=FFP","EIC Approved Units - Fish & Fishery Products (FFP)","regulator","2026-02-09","EIC approved units list (FFP)","HIGH"
"1131","expiry_date","18/05/2028","https://www.eicindia.gov.in/WebApp1/pages/menuInfo/approvedCommoditiesList.xhtml?CT=FFP","EIC Approved Units - Fish & Fishery Products (FFP)","regulator","2026-02-09","EIC approved units list (FFP)","HIGH"
"1132","plant_name","Vasai Frozen Foods.","https://www.eicindia.gov.in/WebApp1/pages/menuInfo/approvedCommoditiesList.xhtml?CT=FFP","EIC Approved Units - Fish & Fishery Products (FFP)","regulator","2026-02-09","EIC approved units list (FFP)","HIGH"
"1132","address","Poman Village, Near Kaman, Vasai Bhiwandi Road, Tal-Vasai, Dist-Thane, Mumbai-401208, Maharashtra, India","https://www.eicindia.gov.in/WebApp1/pages/menuInfo/approvedCommoditiesList.xhtml?CT=FFP","EIC Approved Units - Fish & Fishery Products (FFP)","regulator","2026-02-09","EIC approved units list (FFP)","HIGH"
"1132","scope","Freezing of Raw Fish & Fishery Products (IF-Blast)(Including Aquaculture)","https://www.eicindia.gov.in/WebApp1/pages/menuInfo/approvedCommoditiesList.xhtml?CT=FFP","EIC Approved Units - Fish & Fishery Products (FFP)","regulator","2026-02-09","EIC approved units list (FFP)","HIGH"
"1132","expiry_date","16/10/2027","https://www.eicindia.gov.in/WebApp1/pages/menuInfo/approvedCommoditiesList.xhtml?CT=FFP","EIC Approved Units - Fish & Fishery Products (FFP)","regulator","2026-02-09","EIC approved units list (FFP)","HIGH"
"1133","plant_name","Shree Datt Aquaculture Farms Pvt. Ltd.","https://www.eicindia.gov.in/WebApp1/pages/menuInfo/approvedCommoditiesList.xhtml?CT=FFP","EIC Approved Units - Fish & Fishery Products (FFP)","regulator","2026-02-09","EIC approved units list (FFP)","HIGH"
"1133","address","At & Post Talodh, Bilimora Taluka, Gandevi, Dist. Navsari Piin-396321, Gujarat, India","https://www.eicindia.gov.in/WebApp1/pages/menuInfo/approvedCommoditiesList.xhtml?CT=FFP","EIC Approved Units - Fish & Fishery Products (FFP)","regulator","2026-02-09","EIC approved units list (FFP)","HIGH"
"1133","scope","Packing of Fresh/Chilled Fish & Fishery Products, Freezing of Raw/Blanched Fish & Fishery Products (Block/IQF/Brine Freezing)","https://www.eicindia.gov.in/WebApp1/pages/menuInfo/approvedCommoditiesList.xhtml?CT=FFP","EIC Approved Units - Fish & Fishery Products (FFP)","regulator","2026-02-09","EIC approved units list (FFP)","HIGH"
"1133","expiry_date","05/11/2027","https://www.eicindia.gov.in/WebApp1/pages/menuInfo/approvedCommoditiesList.xhtml?CT=FFP","EIC Approved Units - Fish & Fishery Products (FFP)","regulator","2026-02-09","EIC approved units list (FFP)","HIGH"
"1139","plant_name","West Coast Frozen Foods Private Limited","https://www.eicindia.gov.in/WebApp1/pages/menuInfo/approvedCommoditiesList.xhtml?CT=FFP","EIC Approved Units - Fish & Fishery Products (FFP)","regulator","2026-02-09","EIC approved units list (FFP)","HIGH"
"1139","address","Plot No. 322,323,Village- Orma, Olpad , Surat-394540 ,Gujarat, India.","https://www.eicindia.gov.in/WebApp1/pages/menuInfo/approvedCommoditiesList.xhtml?CT=FFP","EIC Approved Units - Fish & Fishery Products (FFP)","regulator","2026-02-09","EIC approved units list (FFP)","HIGH"
"1139","scope","Packing of Fresh/chilled Fish & Fishery Products, Freezing of Raw Fish & Fishery Products (Blast/Brine/ IQF/Block)","https://www.eicindia.gov.in/WebApp1/pages/menuInfo/approvedCommoditiesList.xhtml?CT=FFP","EIC Approved Units - Fish & Fishery Products (FFP)","regulator","2026-02-09","EIC approved units list (FFP)","HIGH"
"1139","expiry_date","09/03/2028","https://www.eicindia.gov.in/WebApp1/pages/menuInfo/approvedCommoditiesList.xhtml?CT=FFP","EIC Approved Units - Fish & Fishery Products (FFP)","regulator","2026-02-09","EIC approved units list (FFP)","HIGH"
"1142","plant_name","KAN VICTUAL PVT. LTD.","https://www.eicindia.gov.in/WebApp1/pages/menuInfo/approvedCommoditiesList.xhtml?CT=FFP","EIC Approved Units - Fish & Fishery Products (FFP)","regulator","2026-02-09","EIC approved units list (FFP)","HIGH"
"1142","address","R/S. No. 796, Paiki, All Weather Port Road, Bokhira, Porbandar, Gujarat-360575","https://www.eicindia.gov.in/WebApp1/pages/menuInfo/approvedCommoditiesList.xhtml?CT=FFP","EIC Approved Units - Fish & Fishery Products (FFP)","regulator","2026-02-09","EIC approved units list (FFP)","HIGH"
"1142","scope","Raw Frozen Surimi","https://www.eicindia.gov.in/WebApp1/pages/menuInfo/approvedCommoditiesList.xhtml?CT=FFP","EIC Approved Units - Fish & Fishery Products (FFP)","regulator","2026-02-09","EIC approved units list (FFP)","HIGH"
"1142","expiry_date","12/03/2026","https://www.eicindia.gov.in/WebApp1/pages/menuInfo/approvedCommoditiesList.xhtml?CT=FFP","EIC Approved Units - Fish & Fishery Products (FFP)","regulator","2026-02-09","EIC approved units list (FFP)","HIGH"
"1148","plant_name","Keshodwala Foods (Unit - II)","https://www.eicindia.gov.in/WebApp1/pages/menuInfo/approvedCommoditiesList.xhtml?CT=FFP","EIC Approved Units - Fish & Fishery Products (FFP)","regulator","2026-02-09","EIC approved units list (FFP)","HIGH"
"1148","address","Plot No. 306, G.I.D.C Estate, Veraval, 362269, Gujarat, India","https://www.eicindia.gov.in/WebApp1/pages/menuInfo/approvedCommoditiesList.xhtml?CT=FFP","EIC Approved Units - Fish & Fishery Products (FFP)","regulator","2026-02-09","EIC approved units list (FFP)","HIGH"
"1148","scope","FROZEN (BLOCK/IF-BLAST/IQF) RAW/BLANCHED/COOKED FISH AND FISHERY PRODUCTS (INCLUDEING AQUACULTURE)","https://www.eicindia.gov.in/WebApp1/pages/menuInfo/approvedCommoditiesList.xhtml?CT=FFP","EIC Approved Units - Fish & Fishery Products (FFP)","regulator","2026-02-09","EIC approved units list (FFP)","HIGH"
"1148","expiry_date","29/05/2027","https://www.eicindia.gov.in/WebApp1/pages/menuInfo/approvedCommoditiesList.xhtml?CT=FFP","EIC Approved Units - Fish & Fishery Products (FFP)","regulator","2026-02-09","EIC approved units list (FFP)","HIGH"
"1150","plant_name","New Faizan Foods","https://www.eicindia.gov.in/WebApp1/pages/menuInfo/approvedCommoditiesList.xhtml?CT=FFP","EIC Approved Units - Fish & Fishery Products (FFP)","regulator","2026-02-09","EIC approved units list (FFP)","HIGH"
"1150","address","Plot No.301 G.I.D.C. Estate Behind Association Hall, Veraval
- 362269, Gujarat, India,","https://www.eicindia.gov.in/WebApp1/pages/menuInfo/approvedCommoditiesList.xhtml?CT=FFP","EIC Approved Units - Fish & Fishery Products (FFP)","regulator","2026-02-09","EIC approved units list (FFP)","HIGH"
"1150","scope","FROZEN (IF-BLAST/BLOCK/IQF) RAW/BLANCHED FISH AND FISHERY PRODUCTS (EXCLUDING AQUACULTURE)","https://www.eicindia.gov.in/WebApp1/pages/menuInfo/approvedCommoditiesList.xhtml?CT=FFP","EIC Approved Units - Fish & Fishery Products (FFP)","regulator","2026-02-09","EIC approved units list (FFP)","HIGH"
"1150","expiry_date","21/05/2027","https://www.eicindia.gov.in/WebApp1/pages/menuInfo/approvedCommoditiesList.xhtml?CT=FFP","EIC Approved Units - Fish & Fishery Products (FFP)","regulator","2026-02-09","EIC approved units list (FFP)","HIGH"
"1153","plant_name","SILVER STAR EXPORTS","https://www.eicindia.gov.in/WebApp1/pages/menuInfo/approvedCommoditiesList.xhtml?CT=FFP","EIC Approved Units - Fish & Fishery Products (FFP)","regulator","2026-02-09","EIC approved units list (FFP)","HIGH"
"1153","address","Javar Village, Porbandar - 360575, Gujarat, India","https://www.eicindia.gov.in/WebApp1/pages/menuInfo/approvedCommoditiesList.xhtml?CT=FFP","EIC Approved Units - Fish & Fishery Products (FFP)","regulator","2026-02-09","EIC approved units list (FFP)","HIGH"
"1153","scope","Freezing of Raw Fish & Fishery Produts (Block/IF/IQF) (Including Aquaculture) and Frozen Surimi","https://www.eicindia.gov.in/WebApp1/pages/menuInfo/approvedCommoditiesList.xhtml?CT=FFP","EIC Approved Units - Fish & Fishery Products (FFP)","regulator","2026-02-09","EIC approved units list (FFP)","HIGH"
"1153","expiry_date","12/10/2027","https://www.eicindia.gov.in/WebApp1/pages/menuInfo/approvedCommoditiesList.xhtml?CT=FFP","EIC Approved Units - Fish & Fishery Products (FFP)","regulator","2026-02-09","EIC approved units list (FFP)","HIGH"
"1156","plant_name","Sun Exports.","https://www.eicindia.gov.in/WebApp1/pages/menuInfo/approvedCommoditiesList.xhtml?CT=FFP","EIC Approved Units - Fish & Fishery Products (FFP)","regulator","2026-02-09","EIC approved units list (FFP)","HIGH"
"1156","address","Plot No. 1313, GIDC Estate, Veraval-362269, Gujarat.,","https://www.eicindia.gov.in/WebApp1/pages/menuInfo/approvedCommoditiesList.xhtml?CT=FFP","EIC Approved Units - Fish & Fishery Products (FFP)","regulator","2026-02-09","EIC approved units list (FFP)","HIGH"
"1156","scope","FREEZING OF RAW FISH & FISHERY PRODUCTS (BLOCK/BLAST/IF) CRUSTACEANS, CEPHALOPODS, NON-HISTAMINE & HISTAMINE","https://www.eicindia.gov.in/WebApp1/pages/menuInfo/approvedCommoditiesList.xhtml?CT=FFP","EIC Approved Units - Fish & Fishery Products (FFP)","regulator","2026-02-09","EIC approved units list (FFP)","HIGH"
"1156","expiry_date","08/12/2027","https://www.eicindia.gov.in/WebApp1/pages/menuInfo/approvedCommoditiesList.xhtml?CT=FFP","EIC Approved Units - Fish & Fishery Products (FFP)","regulator","2026-02-09","EIC approved units list (FFP)","HIGH"
"1158","plant_name","NILESH SEA FOODS","https://www.eicindia.gov.in/WebApp1/pages/menuInfo/approvedCommoditiesList.xhtml?CT=FFP","EIC Approved Units - Fish & Fishery Products (FFP)","regulator","2026-02-09","EIC approved units list (FFP)","HIGH"
"1158","address","Plot No.214,Vanana,G.I.D.C.Estate,Taluka Ranavav,Porbandar-360575,Gujarat,India","https://www.eicindia.gov.in/WebApp1/pages/menuInfo/approvedCommoditiesList.xhtml?CT=FFP","EIC Approved Units - Fish & Fishery Products (FFP)","regulator","2026-02-09","EIC approved units list (FFP)","HIGH"
"1158","scope","Freezing of Raw Fish and Fishery Products(Block/IF-Blast/IQF) (Excluding Aquaculture)","https://www.eicindia.gov.in/WebApp1/pages/menuInfo/approvedCommoditiesList.xhtml?CT=FFP","EIC Approved Units - Fish & Fishery Products (FFP)","regulator","2026-02-09","EIC approved units list (FFP)","HIGH"
"1158","expiry_date","29/11/2027","https://www.eicindia.gov.in/WebApp1/pages/menuInfo/approvedCommoditiesList.xhtml?CT=FFP","EIC Approved Units - Fish & Fishery Products (FFP)","regulator","2026-02-09","EIC approved units list (FFP)","HIGH"
"1163","plant_name","J. M. Marine Exports","https://www.eicindia.gov.in/WebApp1/pages/menuInfo/approvedCommoditiesList.xhtml?CT=FFP","EIC Approved Units - Fish & Fishery Products (FFP)","regulator","2026-02-09","EIC approved units list (FFP)","HIGH"
"1163","address","R.S.No.1798/1, Paikey,s Near GIDC Udyog Nagar, Patan Road, Veraval-362269. Gujarat, India,","https://www.eicindia.gov.in/WebApp1/pages/menuInfo/approvedCommoditiesList.xhtml?CT=FFP","EIC Approved Units - Fish & Fishery Products (FFP)","regulator","2026-02-09","EIC approved units list (FFP)","HIGH"
"1163","scope","FROZEN (BLOCK/IF-BLAST/IQF) RAW FISH AND FISHERY PRODUCTS (EXCLUDING AQUACULTURE)","https://www.eicindia.gov.in/WebApp1/pages/menuInfo/approvedCommoditiesList.xhtml?CT=FFP","EIC Approved Units - Fish & Fishery Products (FFP)","regulator","2026-02-09","EIC approved units list (FFP)","HIGH"
"1163","expiry_date","08/03/2026","https://www.eicindia.gov.in/WebApp1/pages/menuInfo/approvedCommoditiesList.xhtml?CT=FFP","EIC Approved Units - Fish & Fishery Products (FFP)","regulator","2026-02-09","EIC approved units list (FFP)","HIGH"
"1164","plant_name","Pesca Marine Products Pvt.Ltd.,","https://www.eicindia.gov.in/WebApp1/pages/menuInfo/approvedCommoditiesList.xhtml?CT=FFP","EIC Approved Units - Fish & Fishery Products (FFP)","regulator","2026-02-09","EIC approved units list (FFP)","HIGH"
"1164","address","Plot No. 407 / 410 , GIDC Estate, Veraval-362269, Gujarat-India.,","https://www.eicindia.gov.in/WebApp1/pages/menuInfo/approvedCommoditiesList.xhtml?CT=FFP","EIC Approved Units - Fish & Fishery Products (FFP)","regulator","2026-02-09","EIC approved units list (FFP)","HIGH"
"1164","scope","FROZEN (IF-BLAST) RAW FISH AND FISHERY PRODUCTS (EXCLUDING AQUACULTURE)","https://www.eicindia.gov.in/WebApp1/pages/menuInfo/approvedCommoditiesList.xhtml?CT=FFP","EIC Approved Units - Fish & Fishery Products (FFP)","regulator","2026-02-09","EIC approved units list (FFP)","HIGH"
"1164","expiry_date","02/03/2026","https://www.eicindia.gov.in/WebApp1/pages/menuInfo/approvedCommoditiesList.xhtml?CT=FFP","EIC Approved Units - Fish & Fishery Products (FFP)","regulator","2026-02-09","EIC approved units list (FFP)","HIGH"
"1165","plant_name","Sanchita Frozen Foods Pvt. Ltd.","https://www.eicindia.gov.in/WebApp1/pages/menuInfo/approvedCommoditiesList.xhtml?CT=FFP","EIC Approved Units - Fish & Fishery Products (FFP)","regulator","2026-02-09","EIC approved units list (FFP)","HIGH"
"1165","address","Plot No. M – 7A, MIDC Industrial Area, Taloja, Raigad District, Maharashtra – 410208, India","https://www.eicindia.gov.in/WebApp1/pages/menuInfo/approvedCommoditiesList.xhtml?CT=FFP","EIC Approved Units - Fish & Fishery Products (FFP)","regulator","2026-02-09","EIC approved units list (FFP)","HIGH"
"1165","scope","Fresh/Chilled Raw and Frozen Fish & Fishery Products and Frozen (Block/ IF-Blast/IQF)Raw/Blanched/Cooked Fish and Fishery Products (Including Aquaculture)","https://www.eicindia.gov.in/WebApp1/pages/menuInfo/approvedCommoditiesList.xhtml?CT=FFP","EIC Approved Units - Fish & Fishery Products (FFP)","regulator","2026-02-09","EIC approved units list (FFP)","HIGH"
"1165","expiry_date","06/04/2026","https://www.eicindia.gov.in/WebApp1/pages/menuInfo/approvedCommoditiesList.xhtml?CT=FFP","EIC Approved Units - Fish & Fishery Products (FFP)","regulator","2026-02-09","EIC approved units list (FFP)","HIGH"
"1166","plant_name","Amar Aquatic (A Unit of Amar Polyfils Pvt. Ltd.)","https://www.eicindia.gov.in/WebApp1/pages/menuInfo/approvedCommoditiesList.xhtml?CT=FFP","EIC Approved Units - Fish & Fishery Products (FFP)","regulator","2026-02-09","EIC approved units list (FFP)","HIGH"
"1166","address","Survey No. 62, Village Vanana, Porbandar-360550, Gujarat, India.","https://www.eicindia.gov.in/WebApp1/pages/menuInfo/approvedCommoditiesList.xhtml?CT=FFP","EIC Approved Units - Fish & Fishery Products (FFP)","regulator","2026-02-09","EIC approved units list (FFP)","HIGH"
"1166","scope","Processing and Packing of Fish Collagen and Fish Gelatin For Human Consumption","https://www.eicindia.gov.in/WebApp1/pages/menuInfo/approvedCommoditiesList.xhtml?CT=FFP","EIC Approved Units - Fish & Fishery Products (FFP)","regulator","2026-02-09","EIC approved units list (FFP)","HIGH"
"1166","expiry_date","21/08/2027","https://www.eicindia.gov.in/WebApp1/pages/menuInfo/approvedCommoditiesList.xhtml?CT=FFP","EIC Approved Units - Fish & Fishery Products (FFP)","regulator","2026-02-09","EIC approved units list (FFP)","HIGH"
"1168","plant_name","Dolphin Marine Foods & Processors (India) Pvt. Ltd.,","https://www.eicindia.gov.in/WebApp1/pages/menuInfo/approvedCommoditiesList.xhtml?CT=FFP","EIC Approved Units - Fish & Fishery Products (FFP)","regulator","2026-02-09","EIC approved units list (FFP)","HIGH"
"1168","address","PLOT No.M-13, MIDC INDUSTRIAL ESTATE, TALOJA, DIST -  RAIGAD, PIN - 410208, MAHARSAHTRA, INDIA","https://www.eicindia.gov.in/WebApp1/pages/menuInfo/approvedCommoditiesList.xhtml?CT=FFP","EIC Approved Units - Fish & Fishery Products (FFP)","regulator","2026-02-09","EIC approved units list (FFP)","HIGH"
"1168","scope","PACKING OF FRESH/CHILLED FISH & FISHERY PRODUCTS, FREEZING OF RAW FISH & FISHERY PRODUCTS (BLOCK/IF-BLAST)","https://www.eicindia.gov.in/WebApp1/pages/menuInfo/approvedCommoditiesList.xhtml?CT=FFP","EIC Approved Units - Fish & Fishery Products (FFP)","regulator","2026-02-09","EIC approved units list (FFP)","HIGH"
"1168","expiry_date","27/09/2027","https://www.eicindia.gov.in/WebApp1/pages/menuInfo/approvedCommoditiesList.xhtml?CT=FFP","EIC Approved Units - Fish & Fishery Products (FFP)","regulator","2026-02-09","EIC approved units list (FFP)","HIGH"
"1170","plant_name","Asha Ganga Exports.","https://www.eicindia.gov.in/WebApp1/pages/menuInfo/approvedCommoditiesList.xhtml?CT=FFP","EIC Approved Units - Fish & Fishery Products (FFP)","regulator","2026-02-09","EIC approved units list (FFP)","HIGH"
"1170","address","Plot No. 310/B, G.I.D.C. Estate, Veraval-362269, Gujarat, India","https://www.eicindia.gov.in/WebApp1/pages/menuInfo/approvedCommoditiesList.xhtml?CT=FFP","EIC Approved Units - Fish & Fishery Products (FFP)","regulator","2026-02-09","EIC approved units list (FFP)","HIGH"
"1170","scope","FREEZING OF RAW FISH & FISHERY PRODUCTS (BLOCK/IF-BLAST/IQF) (INCLUDING AQUACULTURE)","https://www.eicindia.gov.in/WebApp1/pages/menuInfo/approvedCommoditiesList.xhtml?CT=FFP","EIC Approved Units - Fish & Fishery Products (FFP)","regulator","2026-02-09","EIC approved units list (FFP)","HIGH"
"1170","expiry_date","29/11/2027","https://www.eicindia.gov.in/WebApp1/pages/menuInfo/approvedCommoditiesList.xhtml?CT=FFP","EIC Approved Units - Fish & Fishery Products (FFP)","regulator","2026-02-09","EIC approved units list (FFP)","HIGH"
"1171","plant_name","Indo Tech Ice And Cold Storage","https://www.eicindia.gov.in/WebApp1/pages/menuInfo/approvedCommoditiesList.xhtml?CT=FFP","EIC Approved Units - Fish & Fishery Products (FFP)","regulator","2026-02-09","EIC approved units list (FFP)","HIGH"
"1171","address","Plot No. U-10, Cuncolim Industrial Estate, Cuncolim Salcete, Goa-403703, India","https://www.eicindia.gov.in/WebApp1/pages/menuInfo/approvedCommoditiesList.xhtml?CT=FFP","EIC Approved Units - Fish & Fishery Products (FFP)","regulator","2026-02-09","EIC approved units list (FFP)","HIGH"
"1171","scope","Freezing of Raw Fish & Fishery Products (Block/IF-Blast) (Excluding Aquaculture)","https://www.eicindia.gov.in/WebApp1/pages/menuInfo/approvedCommoditiesList.xhtml?CT=FFP","EIC Approved Units - Fish & Fishery Products (FFP)","regulator","2026-02-09","EIC approved units list (FFP)","HIGH"
"1171","expiry_date","19/11/2027","https://www.eicindia.gov.in/WebApp1/pages/menuInfo/approvedCommoditiesList.xhtml?CT=FFP","EIC Approved Units - Fish & Fishery Products (FFP)","regulator","2026-02-09","EIC approved units list (FFP)","HIGH"
"1172","plant_name","Sagar Feeds & Food Processing Industries","https://www.eicindia.gov.in/WebApp1/pages/menuInfo/approvedCommoditiesList.xhtml?CT=FFP","EIC Approved Units - Fish & Fishery Products (FFP)","regulator","2026-02-09","EIC approved units list (FFP)","HIGH"
"1172","address","Plot No. L-27, GIDC, Cuncolim Industrial Estate, Cuncolim, Goa- 403703, India","https://www.eicindia.gov.in/WebApp1/pages/menuInfo/approvedCommoditiesList.xhtml?CT=FFP","EIC Approved Units - Fish & Fishery Products (FFP)","regulator","2026-02-09","EIC approved units list (FFP)","HIGH"
"1172","scope","Freezing of Raw Fish & Fishery Products (Block/ IF/Blast)  (Excluding Aquaculture)","https://www.eicindia.gov.in/WebApp1/pages/menuInfo/approvedCommoditiesList.xhtml?CT=FFP","EIC Approved Units - Fish & Fishery Products (FFP)","regulator","2026-02-09","EIC approved units list (FFP)","HIGH"
"1172","expiry_date","14/01/2028","https://www.eicindia.gov.in/WebApp1/pages/menuInfo/approvedCommoditiesList.xhtml?CT=FFP","EIC Approved Units - Fish & Fishery Products (FFP)","regulator","2026-02-09","EIC approved units list (FFP)","HIGH"
"1173","plant_name","SIDDIQ SEA FOOD UNIT II","https://www.eicindia.gov.in/WebApp1/pages/menuInfo/approvedCommoditiesList.xhtml?CT=FFP","EIC Approved Units - Fish & Fishery Products (FFP)","regulator","2026-02-09","EIC approved units list (FFP)","HIGH"
"1173","address","All Weather Port Road, Bokhira, Porbandar-360575, Gujarat, India","https://www.eicindia.gov.in/WebApp1/pages/menuInfo/approvedCommoditiesList.xhtml?CT=FFP","EIC Approved Units - Fish & Fishery Products (FFP)","regulator","2026-02-09","EIC approved units list (FFP)","HIGH"
"1173","scope","Freezing of Raw Fish & Fishery Products (Blast-IF) (Excluding Aquaculture)","https://www.eicindia.gov.in/WebApp1/pages/menuInfo/approvedCommoditiesList.xhtml?CT=FFP","EIC Approved Units - Fish & Fishery Products (FFP)","regulator","2026-02-09","EIC approved units list (FFP)","HIGH"
"1173","expiry_date","04/02/2028","https://www.eicindia.gov.in/WebApp1/pages/menuInfo/approvedCommoditiesList.xhtml?CT=FFP","EIC Approved Units - Fish & Fishery Products (FFP)","regulator","2026-02-09","EIC approved units list (FFP)","HIGH"
"1192","plant_name","Ulka Sea Foods Pvt. Ltd.","https://www.eicindia.gov.in/WebApp1/pages/menuInfo/approvedCommoditiesList.xhtml?CT=FFP","EIC Approved Units - Fish & Fishery Products (FFP)","regulator","2026-02-09","EIC approved units list (FFP)","HIGH"
"1192","address","Plot No. M-34/2, 35, MIDC,Taloja, Dist. Raigad, Maharashtra-410208, India","https://www.eicindia.gov.in/WebApp1/pages/menuInfo/approvedCommoditiesList.xhtml?CT=FFP","EIC Approved Units - Fish & Fishery Products (FFP)","regulator","2026-02-09","EIC approved units list (FFP)","HIGH"
"1192","scope","Packing of Fresh / Chilled Raw Fish and Fishery Products and Frozen (Block/IQF*) Raw /Blanched/ Cooked Fish and Fishery Products (Including Aquaculture)  and Frozen Fish Meat Surimi","https://www.eicindia.gov.in/WebApp1/pages/menuInfo/approvedCommoditiesList.xhtml?CT=FFP","EIC Approved Units - Fish & Fishery Products (FFP)","regulator","2026-02-09","EIC approved units list (FFP)","HIGH"
"1192","expiry_date","17/04/2026","https://www.eicindia.gov.in/WebApp1/pages/menuInfo/approvedCommoditiesList.xhtml?CT=FFP","EIC Approved Units - Fish & Fishery Products (FFP)","regulator","2026-02-09","EIC approved units list (FFP)","HIGH"
"1193","plant_name","United Marine Products","https://www.eicindia.gov.in/WebApp1/pages/menuInfo/approvedCommoditiesList.xhtml?CT=FFP","EIC Approved Units - Fish & Fishery Products (FFP)","regulator","2026-02-09","EIC approved units list (FFP)","HIGH"
"1193","address","Plot No. L-28, Cuncolim, Industrial Estate, Cncolim, Salcete, Goa-403703, India","https://www.eicindia.gov.in/WebApp1/pages/menuInfo/approvedCommoditiesList.xhtml?CT=FFP","EIC Approved Units - Fish & Fishery Products (FFP)","regulator","2026-02-09","EIC approved units list (FFP)","HIGH"
"1193","scope","Processing of Steam Dried Fish Meal, Fish Oil & Fish Soluble paste (Unfit for Human Consumption)","https://www.eicindia.gov.in/WebApp1/pages/menuInfo/approvedCommoditiesList.xhtml?CT=FFP","EIC Approved Units - Fish & Fishery Products (FFP)","regulator","2026-02-09","EIC approved units list (FFP)","HIGH"
"1193","expiry_date","15/04/2026","https://www.eicindia.gov.in/WebApp1/pages/menuInfo/approvedCommoditiesList.xhtml?CT=FFP","EIC Approved Units - Fish & Fishery Products (FFP)","regulator","2026-02-09","EIC approved units list (FFP)","HIGH"
"1195","plant_name","WEST COAST FOODS","https://www.eicindia.gov.in/WebApp1/pages/menuInfo/approvedCommoditiesList.xhtml?CT=FFP","EIC Approved Units - Fish & Fishery Products (FFP)","regulator","2026-02-09","EIC approved units list (FFP)","HIGH"
"1195","address","PLOT NO. 34, GIDC, VANANA PORBANDAR-360575, INDIA","https://www.eicindia.gov.in/WebApp1/pages/menuInfo/approvedCommoditiesList.xhtml?CT=FFP","EIC Approved Units - Fish & Fishery Products (FFP)","regulator","2026-02-09","EIC approved units list (FFP)","HIGH"
"1195","scope","FRESH/CHILLED RAW,FROZEN (BLOCK/IQF/IF) RAW FISH AND FISHERY PRODUCTS. (EXCLUDING AQUACULTURE)","https://www.eicindia.gov.in/WebApp1/pages/menuInfo/approvedCommoditiesList.xhtml?CT=FFP","EIC Approved Units - Fish & Fishery Products (FFP)","regulator","2026-02-09","EIC approved units list (FFP)","HIGH"
"1195","expiry_date","08/05/2027","https://www.eicindia.gov.in/WebApp1/pages/menuInfo/approvedCommoditiesList.xhtml?CT=FFP","EIC Approved Units - Fish & Fishery Products (FFP)","regulator","2026-02-09","EIC approved units list (FFP)","HIGH"
"1196","plant_name","KAN VICTUAL PVT. LTD. UNIT-II","https://www.eicindia.gov.in/WebApp1/pages/menuInfo/approvedCommoditiesList.xhtml?CT=FFP","EIC Approved Units - Fish & Fishery Products (FFP)","regulator","2026-02-09","EIC approved units list (FFP)","HIGH"
"1196","address","R. S. No. 796, Paiki 1, All Weather Port Road, Bokhira, Porbandar-360575 , Gujarat, India","https://www.eicindia.gov.in/WebApp1/pages/menuInfo/approvedCommoditiesList.xhtml?CT=FFP","EIC Approved Units - Fish & Fishery Products (FFP)","regulator","2026-02-09","EIC approved units list (FFP)","HIGH"
"1196","scope","Frozen (Block/IF-Blast/IQF) Raw Fish and Fishery Products (Excluding Aquaculture)","https://www.eicindia.gov.in/WebApp1/pages/menuInfo/approvedCommoditiesList.xhtml?CT=FFP","EIC Approved Units - Fish & Fishery Products (FFP)","regulator","2026-02-09","EIC approved units list (FFP)","HIGH"
"1196","expiry_date","21/07/2027","https://www.eicindia.gov.in/WebApp1/pages/menuInfo/approvedCommoditiesList.xhtml?CT=FFP","EIC Approved Units - Fish & Fishery Products (FFP)","regulator","2026-02-09","EIC approved units list (FFP)","HIGH"
"1197","plant_name","SONIA FISHERIES PVT. LTD.","https://www.eicindia.gov.in/WebApp1/pages/menuInfo/approvedCommoditiesList.xhtml?CT=FFP","EIC Approved Units - Fish & Fishery Products (FFP)","regulator","2026-02-09","EIC approved units list (FFP)","HIGH"
"1197","address","Plot No.M-39,MIDC, Taloja, District-Raigad , Maharashtra - 410208, India","https://www.eicindia.gov.in/WebApp1/pages/menuInfo/approvedCommoditiesList.xhtml?CT=FFP","EIC Approved Units - Fish & Fishery Products (FFP)","regulator","2026-02-09","EIC approved units list (FFP)","HIGH"
"1197","scope","Packing of Fresh/ Chilled Fish & Fishery Products, Freezing of Raw Fish & Fishery Products (Block/IF-Blast/IQF)","https://www.eicindia.gov.in/WebApp1/pages/menuInfo/approvedCommoditiesList.xhtml?CT=FFP","EIC Approved Units - Fish & Fishery Products (FFP)","regulator","2026-02-09","EIC approved units list (FFP)","HIGH"
"1197","expiry_date","17/08/2027","https://www.eicindia.gov.in/WebApp1/pages/menuInfo/approvedCommoditiesList.xhtml?CT=FFP","EIC Approved Units - Fish & Fishery Products (FFP)","regulator","2026-02-09","EIC approved units list (FFP)","HIGH"
"1198","plant_name","QUALITY EXPORTS, UNIT-II","https://www.eicindia.gov.in/WebApp1/pages/menuInfo/approvedCommoditiesList.xhtml?CT=FFP","EIC Approved Units - Fish & Fishery Products (FFP)","regulator","2026-02-09","EIC approved units list (FFP)","HIGH"
"1198","address","Plot No. SB 64, 65, 66 & 67, Cuncolim Industrial Estate, Cuncolim, Goa -403703, India","https://www.eicindia.gov.in/WebApp1/pages/menuInfo/approvedCommoditiesList.xhtml?CT=FFP","EIC Approved Units - Fish & Fishery Products (FFP)","regulator","2026-02-09","EIC approved units list (FFP)","HIGH"
"1198","scope","Freezing of Raw Fish & Fishery Products(IF-Blast)- Fishes(Histamine & Non-Histamine forming), Crustaceans -Shrimps, Lobsters, Crabs (Sea caught) & Cephalapods","https://www.eicindia.gov.in/WebApp1/pages/menuInfo/approvedCommoditiesList.xhtml?CT=FFP","EIC Approved Units - Fish & Fishery Products (FFP)","regulator","2026-02-09","EIC approved units list (FFP)","HIGH"
"1198","expiry_date","16/08/2027","https://www.eicindia.gov.in/WebApp1/pages/menuInfo/approvedCommoditiesList.xhtml?CT=FFP","EIC Approved Units - Fish & Fishery Products (FFP)","regulator","2026-02-09","EIC approved units list (FFP)","HIGH"
"1199","plant_name","AMAR STERILISED FISH MEAL","https://www.eicindia.gov.in/WebApp1/pages/menuInfo/approvedCommoditiesList.xhtml?CT=FFP","EIC Approved Units - Fish & Fishery Products (FFP)","regulator","2026-02-09","EIC approved units list (FFP)","HIGH"
"1199","address","Jawar Naka, Porbandar-360579, Gujarat, India","https://www.eicindia.gov.in/WebApp1/pages/menuInfo/approvedCommoditiesList.xhtml?CT=FFP","EIC Approved Units - Fish & Fishery Products (FFP)","regulator","2026-02-09","EIC approved units list (FFP)","HIGH"
"1199","scope","Processing and Packing of Steam Sterilized Dried Fish Meal Powder and fish oil (Unfit for Human Consumption)","https://www.eicindia.gov.in/WebApp1/pages/menuInfo/approvedCommoditiesList.xhtml?CT=FFP","EIC Approved Units - Fish & Fishery Products (FFP)","regulator","2026-02-09","EIC approved units list (FFP)","HIGH"
"1199","expiry_date","19/08/2027","https://www.eicindia.gov.in/WebApp1/pages/menuInfo/approvedCommoditiesList.xhtml?CT=FFP","EIC Approved Units - Fish & Fishery Products (FFP)","regulator","2026-02-09","EIC approved units list (FFP)","HIGH"
"1201","plant_name","Keval Exports","https://www.eicindia.gov.in/WebApp1/pages/menuInfo/approvedCommoditiesList.xhtml?CT=FFP","EIC Approved Units - Fish & Fishery Products (FFP)","regulator","2026-02-09","EIC approved units list (FFP)","HIGH"
"1201","address","GMB Plot No. 24/26, In B Port Area, Veraval â?? 362267, Gujarat, India","https://www.eicindia.gov.in/WebApp1/pages/menuInfo/approvedCommoditiesList.xhtml?CT=FFP","EIC Approved Units - Fish & Fishery Products (FFP)","regulator","2026-02-09","EIC approved units list (FFP)","HIGH"
"1201","scope","FREEZING OF RAW FISH & FISHERY PRODUCTS (BLAST-IF) (EXCLUDING AQUACULTURE)","https://www.eicindia.gov.in/WebApp1/pages/menuInfo/approvedCommoditiesList.xhtml?CT=FFP","EIC Approved Units - Fish & Fishery Products (FFP)","regulator","2026-02-09","EIC approved units list (FFP)","HIGH"
"1201","expiry_date","15/09/2027","https://www.eicindia.gov.in/WebApp1/pages/menuInfo/approvedCommoditiesList.xhtml?CT=FFP","EIC Approved Units - Fish & Fishery Products (FFP)","regulator","2026-02-09","EIC approved units list (FFP)","HIGH"
"1202","plant_name","Forstar Frozen Foods Pvt. Ltd. Unit-2,","https://www.eicindia.gov.in/WebApp1/pages/menuInfo/approvedCommoditiesList.xhtml?CT=FFP","EIC Approved Units - Fish & Fishery Products (FFP)","regulator","2026-02-09","EIC approved units list (FFP)","HIGH"
"1202","address","Plot No.M-53 / 1, MIDC, INDUSTRIAL AREA, TALOJA,   DIST - RAIGAD -   410 208, MAHARASHTRA, INDIA","https://www.eicindia.gov.in/WebApp1/pages/menuInfo/approvedCommoditiesList.xhtml?CT=FFP","EIC Approved Units - Fish & Fishery Products (FFP)","regulator","2026-02-09","EIC approved units list (FFP)","HIGH"
"1202","scope","PACKING OF FRESH / CHILLED FISH & FISHERY PRODUCTS, FREEZING OF RAW / BLANCHED / COOKED FISH & FISHERY PRODUCTS ( BLOCK/IF/IQF) ( INCLUDING AQUACULTURE ) PROCESSING AND PACKING OF VALUE ADDED FISH & FISHERY PRODUCTS IN READY TO EAT IN RETORT POUCHES, FROZEN COOKED MEALS, FROZEN RAW MARINATED, FROZEN RAW/FLASH FRIED/FRIED, BATTERED AND BREADED AND BREADED PRODUCTS AND SEA FOOD PICKLES","https://www.eicindia.gov.in/WebApp1/pages/menuInfo/approvedCommoditiesList.xhtml?CT=FFP","EIC Approved Units - Fish & Fishery Products (FFP)","regulator","2026-02-09","EIC approved units list (FFP)","HIGH"
"1202","expiry_date","06/10/2027","https://www.eicindia.gov.in/WebApp1/pages/menuInfo/approvedCommoditiesList.xhtml?CT=FFP","EIC Approved Units - Fish & Fishery Products (FFP)","regulator","2026-02-09","EIC approved units list (FFP)","HIGH"
"1205","plant_name","Nanak Nutritions Food (Taloja) Pvt. Ltd.","https://www.eicindia.gov.in/WebApp1/pages/menuInfo/approvedCommoditiesList.xhtml?CT=FFP","EIC Approved Units - Fish & Fishery Products (FFP)","regulator","2026-02-09","EIC approved units list (FFP)","HIGH"
"1205","address","Plot No. M-57,MIDC,Taloja,Dist.- Raigad,Maharashtra-410208,India","https://www.eicindia.gov.in/WebApp1/pages/menuInfo/approvedCommoditiesList.xhtml?CT=FFP","EIC Approved Units - Fish & Fishery Products (FFP)","regulator","2026-02-09","EIC approved units list (FFP)","HIGH"
"1205","scope","Packing of Fresh /Chilled Fish & Fishery Products,Freezing of Raw Fish & Fishery Products (Block/Blast-IF/IQF)","https://www.eicindia.gov.in/WebApp1/pages/menuInfo/approvedCommoditiesList.xhtml?CT=FFP","EIC Approved Units - Fish & Fishery Products (FFP)","regulator","2026-02-09","EIC approved units list (FFP)","HIGH"
"1205","expiry_date","21/10/2027","https://www.eicindia.gov.in/WebApp1/pages/menuInfo/approvedCommoditiesList.xhtml?CT=FFP","EIC Approved Units - Fish & Fishery Products (FFP)","regulator","2026-02-09","EIC approved units list (FFP)","HIGH"
"1206","plant_name","Rich Marine Export","https://www.eicindia.gov.in/WebApp1/pages/menuInfo/approvedCommoditiesList.xhtml?CT=FFP","EIC Approved Units - Fish & Fishery Products (FFP)","regulator","2026-02-09","EIC approved units list (FFP)","HIGH"
"1206","address","Plot No. 904, G.I.D.C. Estate, Veraval-362269, Gujarat, India","https://www.eicindia.gov.in/WebApp1/pages/menuInfo/approvedCommoditiesList.xhtml?CT=FFP","EIC Approved Units - Fish & Fishery Products (FFP)","regulator","2026-02-09","EIC approved units list (FFP)","HIGH"
"1206","scope","Freezing of Blanched/Raw Fish & Fishery Products (Block/Blast-IF/IQF)  ( Excluding Aquaculture.","https://www.eicindia.gov.in/WebApp1/pages/menuInfo/approvedCommoditiesList.xhtml?CT=FFP","EIC Approved Units - Fish & Fishery Products (FFP)","regulator","2026-02-09","EIC approved units list (FFP)","HIGH"
"1206","expiry_date","19/10/2027","https://www.eicindia.gov.in/WebApp1/pages/menuInfo/approvedCommoditiesList.xhtml?CT=FFP","EIC Approved Units - Fish & Fishery Products (FFP)","regulator","2026-02-09","EIC approved units list (FFP)","HIGH"
"1207","plant_name","AKSHA FISH MEAL & OIL","https://www.eicindia.gov.in/WebApp1/pages/menuInfo/approvedCommoditiesList.xhtml?CT=FFP","EIC Approved Units - Fish & Fishery Products (FFP)","regulator","2026-02-09","EIC approved units list (FFP)","HIGH"
"1207","address","Survey No- 63, N.H 8E, Village- Gosa, Porbandar, Gujarart,India","https://www.eicindia.gov.in/WebApp1/pages/menuInfo/approvedCommoditiesList.xhtml?CT=FFP","EIC Approved Units - Fish & Fishery Products (FFP)","regulator","2026-02-09","EIC approved units list (FFP)","HIGH"
"1207","scope","Processing and Packing Of Steam Dried Fish Meal (Unfit For Human Consumption)","https://www.eicindia.gov.in/WebApp1/pages/menuInfo/approvedCommoditiesList.xhtml?CT=FFP","EIC Approved Units - Fish & Fishery Products (FFP)","regulator","2026-02-09","EIC approved units list (FFP)","HIGH"
"1207","expiry_date","05/11/2027","https://www.eicindia.gov.in/WebApp1/pages/menuInfo/approvedCommoditiesList.xhtml?CT=FFP","EIC Approved Units - Fish & Fishery Products (FFP)","regulator","2026-02-09","EIC approved units list (FFP)","HIGH"
"1208","plant_name","Kalpana Impex.","https://www.eicindia.gov.in/WebApp1/pages/menuInfo/approvedCommoditiesList.xhtml?CT=FFP","EIC Approved Units - Fish & Fishery Products (FFP)","regulator","2026-02-09","EIC approved units list (FFP)","HIGH"
"1208","address","Plot No 403, G I D C Estate, Veraval","https://www.eicindia.gov.in/WebApp1/pages/menuInfo/approvedCommoditiesList.xhtml?CT=FFP","EIC Approved Units - Fish & Fishery Products (FFP)","regulator","2026-02-09","EIC approved units list (FFP)","HIGH"
"1208","scope","PACKING OF FRESH/ CHILLED FISH & FISHERY PRODUCTS, FREEZING OF RAW FISH & FISHERY PRODUCTS(BLAST-IF) (EXCLUDING AQUACULTURE)","https://www.eicindia.gov.in/WebApp1/pages/menuInfo/approvedCommoditiesList.xhtml?CT=FFP","EIC Approved Units - Fish & Fishery Products (FFP)","regulator","2026-02-09","EIC approved units list (FFP)","HIGH"
"1208","expiry_date","21/12/2027","https://www.eicindia.gov.in/WebApp1/pages/menuInfo/approvedCommoditiesList.xhtml?CT=FFP","EIC Approved Units - Fish & Fishery Products (FFP)","regulator","2026-02-09","EIC approved units list (FFP)","HIGH"
"1209","plant_name","Winsor World Export .,","https://www.eicindia.gov.in/WebApp1/pages/menuInfo/approvedCommoditiesList.xhtml?CT=FFP","EIC Approved Units - Fish & Fishery Products (FFP)","regulator","2026-02-09","EIC approved units list (FFP)","HIGH"
"1209","address","Plot No. 801, 802/1/2, GIDC Estate, Veraval-362269, Gujarat, India","https://www.eicindia.gov.in/WebApp1/pages/menuInfo/approvedCommoditiesList.xhtml?CT=FFP","EIC Approved Units - Fish & Fishery Products (FFP)","regulator","2026-02-09","EIC approved units list (FFP)","HIGH"
"1209","scope","PROCESSING AND PACKING OF FRESH/CHILLED FISH & FISHERY PRODUCTS, FROZEN (BLOCK/IF-BLAST/IQF) RAW/ BLANCHED FISH & FISHERY PRODUCTS (EXCLUDING AQUACULTURE)","https://www.eicindia.gov.in/WebApp1/pages/menuInfo/approvedCommoditiesList.xhtml?CT=FFP","EIC Approved Units - Fish & Fishery Products (FFP)","regulator","2026-02-09","EIC approved units list (FFP)","HIGH"
"1209","expiry_date","19/01/2028","https://www.eicindia.gov.in/WebApp1/pages/menuInfo/approvedCommoditiesList.xhtml?CT=FFP","EIC Approved Units - Fish & Fishery Products (FFP)","regulator","2026-02-09","EIC approved units list (FFP)","HIGH"
"1211","plant_name","Star Marine Products","https://www.eicindia.gov.in/WebApp1/pages/menuInfo/approvedCommoditiesList.xhtml?CT=FFP","EIC Approved Units - Fish & Fishery Products (FFP)","regulator","2026-02-09","EIC approved units list (FFP)","HIGH"
"1211","address","Plot No.803/1, G.I.D.C.,Estate, Veraval-362269, Gujarat, India,","https://www.eicindia.gov.in/WebApp1/pages/menuInfo/approvedCommoditiesList.xhtml?CT=FFP","EIC Approved Units - Fish & Fishery Products (FFP)","regulator","2026-02-09","EIC approved units list (FFP)","HIGH"
"1211","scope","FREEZING OF RAW FISH & FISHERY PRODUCTS (BLAST-IF) (EXCLUDING AQUACULTURE)","https://www.eicindia.gov.in/WebApp1/pages/menuInfo/approvedCommoditiesList.xhtml?CT=FFP","EIC Approved Units - Fish & Fishery Products (FFP)","regulator","2026-02-09","EIC approved units list (FFP)","HIGH"
"1211","expiry_date","16/02/2028","https://www.eicindia.gov.in/WebApp1/pages/menuInfo/approvedCommoditiesList.xhtml?CT=FFP","EIC Approved Units - Fish & Fishery Products (FFP)","regulator","2026-02-09","EIC approved units list (FFP)","HIGH"
"1214","plant_name","PREMIER MARINE PRODUCTS","https://www.eicindia.gov.in/WebApp1/pages/menuInfo/approvedCommoditiesList.xhtml?CT=FFP","EIC Approved Units - Fish & Fishery Products (FFP)","regulator","2026-02-09","EIC approved units list (FFP)","HIGH"
"1214","address","PLOT NO. 1309, G.I.D.C., VERAVAL-362269, GUJARAT, INDIA","https://www.eicindia.gov.in/WebApp1/pages/menuInfo/approvedCommoditiesList.xhtml?CT=FFP","EIC Approved Units - Fish & Fishery Products (FFP)","regulator","2026-02-09","EIC approved units list (FFP)","HIGH"
"1214","scope","MANUFACTURING OF STERILIZED FISH MEAL POWDER, PROCESSING & PACKING OF STEAM DRIED SHRIMP MEAL (UNFIT FOR HUMAN CONSUMPTION)","https://www.eicindia.gov.in/WebApp1/pages/menuInfo/approvedCommoditiesList.xhtml?CT=FFP","EIC Approved Units - Fish & Fishery Products (FFP)","regulator","2026-02-09","EIC approved units list (FFP)","HIGH"
"1214","expiry_date","07/05/2028","https://www.eicindia.gov.in/WebApp1/pages/menuInfo/approvedCommoditiesList.xhtml?CT=FFP","EIC Approved Units - Fish & Fishery Products (FFP)","regulator","2026-02-09","EIC approved units list (FFP)","HIGH"
"1223","plant_name","M/S RAJAN SEA FOODS","https://www.eicindia.gov.in/WebApp1/pages/menuInfo/approvedCommoditiesList.xhtml?CT=FFP","EIC Approved Units - Fish & Fishery Products (FFP)","regulator","2026-02-09","EIC approved units list (FFP)","HIGH"
"1223","address","Plot No. 609,G.I.D.C, VERAVAL-362269","https://www.eicindia.gov.in/WebApp1/pages/menuInfo/approvedCommoditiesList.xhtml?CT=FFP","EIC Approved Units - Fish & Fishery Products (FFP)","regulator","2026-02-09","EIC approved units list (FFP)","HIGH"
"1223","scope","Frozen (IF-Blast) Fish and Fishery products (Excluding Aquaculture)","https://www.eicindia.gov.in/WebApp1/pages/menuInfo/approvedCommoditiesList.xhtml?CT=FFP","EIC Approved Units - Fish & Fishery Products (FFP)","regulator","2026-02-09","EIC approved units list (FFP)","HIGH"
"1223","expiry_date","12/03/2026","https://www.eicindia.gov.in/WebApp1/pages/menuInfo/approvedCommoditiesList.xhtml?CT=FFP","EIC Approved Units - Fish & Fishery Products (FFP)","regulator","2026-02-09","EIC approved units list (FFP)","HIGH"
"1225","plant_name","Sagar Marine Impex","https://www.eicindia.gov.in/WebApp1/pages/menuInfo/approvedCommoditiesList.xhtml?CT=FFP","EIC Approved Units - Fish & Fishery Products (FFP)","regulator","2026-02-09","EIC approved units list (FFP)","HIGH"
"1225","address","Behind Trivedi Weigh Bridge, Near Keval Export, Bhalka Patan Road, Veraval-362269, Gujarat, India,","https://www.eicindia.gov.in/WebApp1/pages/menuInfo/approvedCommoditiesList.xhtml?CT=FFP","EIC Approved Units - Fish & Fishery Products (FFP)","regulator","2026-02-09","EIC approved units list (FFP)","HIGH"
"1225","scope","FROZEN (BLOCK/IF-BLAST/IQF) RAW/BLANCHED FISH AND FISHERY PRODUCTS (INCLUDING AQUACULTURE)","https://www.eicindia.gov.in/WebApp1/pages/menuInfo/approvedCommoditiesList.xhtml?CT=FFP","EIC Approved Units - Fish & Fishery Products (FFP)","regulator","2026-02-09","EIC approved units list (FFP)","HIGH"
"1225","expiry_date","24/03/2026","https://www.eicindia.gov.in/WebApp1/pages/menuInfo/approvedCommoditiesList.xhtml?CT=FFP","EIC Approved Units - Fish & Fishery Products (FFP)","regulator","2026-02-09","EIC approved units list (FFP)","HIGH"
"1227","plant_name","Lalchand Enterprises","https://www.eicindia.gov.in/WebApp1/pages/menuInfo/approvedCommoditiesList.xhtml?CT=FFP","EIC Approved Units - Fish & Fishery Products (FFP)","regulator","2026-02-09","EIC approved units list (FFP)","HIGH"
"1227","address","SHREE DATTA NIWAS H.NO. 506,SHOP NO 1 , SECTOR- 31 NEAR DATTA MANDIR,VASHI VILLAGE, NAVI MUMBAI-400 703 MAHARASHTRA, INDIA","https://www.eicindia.gov.in/WebApp1/pages/menuInfo/approvedCommoditiesList.xhtml?CT=FFP","EIC Approved Units - Fish & Fishery Products (FFP)","regulator","2026-02-09","EIC approved units list (FFP)","HIGH"
"1227","scope","FRESH/ CHILLED RAW FISH AND FISHERY PRODUCTS(EXCLUDING AQUCULTURE)","https://www.eicindia.gov.in/WebApp1/pages/menuInfo/approvedCommoditiesList.xhtml?CT=FFP","EIC Approved Units - Fish & Fishery Products (FFP)","regulator","2026-02-09","EIC approved units list (FFP)","HIGH"
"1227","expiry_date","15/05/2027","https://www.eicindia.gov.in/WebApp1/pages/menuInfo/approvedCommoditiesList.xhtml?CT=FFP","EIC Approved Units - Fish & Fishery Products (FFP)","regulator","2026-02-09","EIC approved units list (FFP)","HIGH"
"1228","plant_name","Deepmala Fisheries","https://www.eicindia.gov.in/WebApp1/pages/menuInfo/approvedCommoditiesList.xhtml?CT=FFP","EIC Approved Units - Fish & Fishery Products (FFP)","regulator","2026-02-09","EIC approved units list (FFP)","HIGH"
"1228","address","Plot No. 805, GIDC Estate, Veraval - 362269, Gujarat, India,","https://www.eicindia.gov.in/WebApp1/pages/menuInfo/approvedCommoditiesList.xhtml?CT=FFP","EIC Approved Units - Fish & Fishery Products (FFP)","regulator","2026-02-09","EIC approved units list (FFP)","HIGH"
"1228","scope","FREEZING OF RAW FISH & FISHERY PRODUCTS (BLOCK/IQF/IF-BLAST) (EXCLUDING AQUACULTURE)","https://www.eicindia.gov.in/WebApp1/pages/menuInfo/approvedCommoditiesList.xhtml?CT=FFP","EIC Approved Units - Fish & Fishery Products (FFP)","regulator","2026-02-09","EIC approved units list (FFP)","HIGH"
"1228","expiry_date","29/07/2027","https://www.eicindia.gov.in/WebApp1/pages/menuInfo/approvedCommoditiesList.xhtml?CT=FFP","EIC Approved Units - Fish & Fishery Products (FFP)","regulator","2026-02-09","EIC approved units list (FFP)","HIGH"
"1229","plant_name","Ambar Exports","https://www.eicindia.gov.in/WebApp1/pages/menuInfo/approvedCommoditiesList.xhtml?CT=FFP","EIC Approved Units - Fish & Fishery Products (FFP)","regulator","2026-02-09","EIC approved units list (FFP)","HIGH"
"1229","address","Plot No. 610/2, G.I.D.C., Veraval - 362269, Gujarat, India,","https://www.eicindia.gov.in/WebApp1/pages/menuInfo/approvedCommoditiesList.xhtml?CT=FFP","EIC Approved Units - Fish & Fishery Products (FFP)","regulator","2026-02-09","EIC approved units list (FFP)","HIGH"
"1229","scope","FROZEN (BLOCK/IF-BLAST) RAW FISH AND FISHERY PRODUCTS (EXCLUDING AQUACULTURE)","https://www.eicindia.gov.in/WebApp1/pages/menuInfo/approvedCommoditiesList.xhtml?CT=FFP","EIC Approved Units - Fish & Fishery Products (FFP)","regulator","2026-02-09","EIC approved units list (FFP)","HIGH"
"1229","expiry_date","19/03/2026","https://www.eicindia.gov.in/WebApp1/pages/menuInfo/approvedCommoditiesList.xhtml?CT=FFP","EIC Approved Units - Fish & Fishery Products (FFP)","regulator","2026-02-09","EIC approved units list (FFP)","HIGH"
"1232","plant_name","Star Marine Products (Unit-II)","https://www.eicindia.gov.in/WebApp1/pages/menuInfo/approvedCommoditiesList.xhtml?CT=FFP","EIC Approved Units - Fish & Fishery Products (FFP)","regulator","2026-02-09","EIC approved units list (FFP)","HIGH"
"1232","address","Plot No.613/2,G.I.D.C.
Estate,Veraval-362269, Gujarat, India","https://www.eicindia.gov.in/WebApp1/pages/menuInfo/approvedCommoditiesList.xhtml?CT=FFP","EIC Approved Units - Fish & Fishery Products (FFP)","regulator","2026-02-09","EIC approved units list (FFP)","HIGH"
"1232","scope","FREEZING OF RAW FISH & FISHERY PRODUCTS (BLAST-IF) (EXCLUDING AQUACULTURE)","https://www.eicindia.gov.in/WebApp1/pages/menuInfo/approvedCommoditiesList.xhtml?CT=FFP","EIC Approved Units - Fish & Fishery Products (FFP)","regulator","2026-02-09","EIC approved units list (FFP)","HIGH"
"1232","expiry_date","31/05/2027","https://www.eicindia.gov.in/WebApp1/pages/menuInfo/approvedCommoditiesList.xhtml?CT=FFP","EIC Approved Units - Fish & Fishery Products (FFP)","regulator","2026-02-09","EIC approved units list (FFP)","HIGH"
"1234","plant_name","Gausia Cold Storage Pvt. Ltd.","https://www.eicindia.gov.in/WebApp1/pages/menuInfo/approvedCommoditiesList.xhtml?CT=FFP","EIC Approved Units - Fish & Fishery Products (FFP)","regulator","2026-02-09","EIC approved units list (FFP)","HIGH"
"1234","address","M-7, MIDC TALOJA, DIST. RAIGAD, MAHARASHTRA-410208, INDIA","https://www.eicindia.gov.in/WebApp1/pages/menuInfo/approvedCommoditiesList.xhtml?CT=FFP","EIC Approved Units - Fish & Fishery Products (FFP)","regulator","2026-02-09","EIC approved units list (FFP)","HIGH"
"1234","scope","Packing of Fresh/ Chilled Fish and Fishery Products, Freezing of Raw Fish & Fishery Products (Block / IF) Including Aquaculture","https://www.eicindia.gov.in/WebApp1/pages/menuInfo/approvedCommoditiesList.xhtml?CT=FFP","EIC Approved Units - Fish & Fishery Products (FFP)","regulator","2026-02-09","EIC approved units list (FFP)","HIGH"
"1234","expiry_date","19/09/2027","https://www.eicindia.gov.in/WebApp1/pages/menuInfo/approvedCommoditiesList.xhtml?CT=FFP","EIC Approved Units - Fish & Fishery Products (FFP)","regulator","2026-02-09","EIC approved units list (FFP)","HIGH"
"1238","plant_name","NAVRANG SEA FOOD","https://www.eicindia.gov.in/WebApp1/pages/menuInfo/approvedCommoditiesList.xhtml?CT=FFP","EIC Approved Units - Fish & Fishery Products (FFP)","regulator","2026-02-09","EIC approved units list (FFP)","HIGH"
"1238","address","Plot No.206-207,Vanana G.I.D.C,Tal-Ranavav, Porbandar-360575, Gujarat,India","https://www.eicindia.gov.in/WebApp1/pages/menuInfo/approvedCommoditiesList.xhtml?CT=FFP","EIC Approved Units - Fish & Fishery Products (FFP)","regulator","2026-02-09","EIC approved units list (FFP)","HIGH"
"1238","scope","Freezing Of Raw Fish & Fishery Products (Block/IF/IQF)","https://www.eicindia.gov.in/WebApp1/pages/menuInfo/approvedCommoditiesList.xhtml?CT=FFP","EIC Approved Units - Fish & Fishery Products (FFP)","regulator","2026-02-09","EIC approved units list (FFP)","HIGH"
"1238","expiry_date","01/11/2027","https://www.eicindia.gov.in/WebApp1/pages/menuInfo/approvedCommoditiesList.xhtml?CT=FFP","EIC Approved Units - Fish & Fishery Products (FFP)","regulator","2026-02-09","EIC approved units list (FFP)","HIGH"
"1239","plant_name","S.C.S. IMPEX INTERNATIONAL","https://www.eicindia.gov.in/WebApp1/pages/menuInfo/approvedCommoditiesList.xhtml?CT=FFP","EIC Approved Units - Fish & Fishery Products (FFP)","regulator","2026-02-09","EIC approved units list (FFP)","HIGH"
"1239","address","PLOT NO. 200, 201/1, 201/2 & 212 G.I.D.C. ESTATE, VANANA, TA- RANAVAV, DIST: PORBANDAR â?? 360 575, GUJARAT, INDIA","https://www.eicindia.gov.in/WebApp1/pages/menuInfo/approvedCommoditiesList.xhtml?CT=FFP","EIC Approved Units - Fish & Fishery Products (FFP)","regulator","2026-02-09","EIC approved units list (FFP)","HIGH"
"1239","scope","FREEZING OF RAW FISH & FISHERY PRODUCTS (BLOCK/IF) (EXCLUDING AQUACULTURE)","https://www.eicindia.gov.in/WebApp1/pages/menuInfo/approvedCommoditiesList.xhtml?CT=FFP","EIC Approved Units - Fish & Fishery Products (FFP)","regulator","2026-02-09","EIC approved units list (FFP)","HIGH"
"1239","expiry_date","26/11/2027","https://www.eicindia.gov.in/WebApp1/pages/menuInfo/approvedCommoditiesList.xhtml?CT=FFP","EIC Approved Units - Fish & Fishery Products (FFP)","regulator","2026-02-09","EIC approved units list (FFP)","HIGH"
"1240","plant_name","Jalaram Kalidas Exports.","https://www.eicindia.gov.in/WebApp1/pages/menuInfo/approvedCommoditiesList.xhtml?CT=FFP","EIC Approved Units - Fish & Fishery Products (FFP)","regulator","2026-02-09","EIC approved units list (FFP)","HIGH"
"1240","address","Plot No. 1841/1, Nr. Bhidiya Bridge, Somnath Road, Veraval-362267, Gujarat, India","https://www.eicindia.gov.in/WebApp1/pages/menuInfo/approvedCommoditiesList.xhtml?CT=FFP","EIC Approved Units - Fish & Fishery Products (FFP)","regulator","2026-02-09","EIC approved units list (FFP)","HIGH"
"1240","scope","FREEZING OF RAW FISH & FISHERY PRODUCTS (BLOCK & BLAST-IF) (EXCLUDING AQUACULTURE)","https://www.eicindia.gov.in/WebApp1/pages/menuInfo/approvedCommoditiesList.xhtml?CT=FFP","EIC Approved Units - Fish & Fishery Products (FFP)","regulator","2026-02-09","EIC approved units list (FFP)","HIGH"
"1240","expiry_date","11/02/2028","https://www.eicindia.gov.in/WebApp1/pages/menuInfo/approvedCommoditiesList.xhtml?CT=FFP","EIC Approved Units - Fish & Fishery Products (FFP)","regulator","2026-02-09","EIC approved units list (FFP)","HIGH"
"1241","plant_name","Vinta Cold Storage.","https://www.eicindia.gov.in/WebApp1/pages/menuInfo/approvedCommoditiesList.xhtml?CT=FFP","EIC Approved Units - Fish & Fishery Products (FFP)","regulator","2026-02-09","EIC approved units list (FFP)","HIGH"
"1241","address","Survey No.706, Near Octroi Naka, Mangrol- Veraval Highway, Mangrol - 362225, Gujarat- India.,","https://www.eicindia.gov.in/WebApp1/pages/menuInfo/approvedCommoditiesList.xhtml?CT=FFP","EIC Approved Units - Fish & Fishery Products (FFP)","regulator","2026-02-09","EIC approved units list (FFP)","HIGH"
"1241","scope","FREEZING OF RAW FISH & FISHERY PRODUCTS (BLOCK/BLAST FREEZING)","https://www.eicindia.gov.in/WebApp1/pages/menuInfo/approvedCommoditiesList.xhtml?CT=FFP","EIC Approved Units - Fish & Fishery Products (FFP)","regulator","2026-02-09","EIC approved units list (FFP)","HIGH"
"1241","expiry_date","15/12/2027","https://www.eicindia.gov.in/WebApp1/pages/menuInfo/approvedCommoditiesList.xhtml?CT=FFP","EIC Approved Units - Fish & Fishery Products (FFP)","regulator","2026-02-09","EIC approved units list (FFP)","HIGH"
"1242","plant_name","Deepak Foods.","https://www.eicindia.gov.in/WebApp1/pages/menuInfo/approvedCommoditiesList.xhtml?CT=FFP","EIC Approved Units - Fish & Fishery Products (FFP)","regulator","2026-02-09","EIC approved units list (FFP)","HIGH"
"1242","address","Plot No. 3 To 8, Somnath Road, Veraval, Gir-Somnath-362269, Gujarat, India","https://www.eicindia.gov.in/WebApp1/pages/menuInfo/approvedCommoditiesList.xhtml?CT=FFP","EIC Approved Units - Fish & Fishery Products (FFP)","regulator","2026-02-09","EIC approved units list (FFP)","HIGH"
"1242","scope","PROCESSING AND PACKING OF FROZEN SURIMI (FISH PASTE) FROM NON - HISTAMINE FORMING FISHES","https://www.eicindia.gov.in/WebApp1/pages/menuInfo/approvedCommoditiesList.xhtml?CT=FFP","EIC Approved Units - Fish & Fishery Products (FFP)","regulator","2026-02-09","EIC approved units list (FFP)","HIGH"
"1242","expiry_date","14/12/2027","https://www.eicindia.gov.in/WebApp1/pages/menuInfo/approvedCommoditiesList.xhtml?CT=FFP","EIC Approved Units - Fish & Fishery Products (FFP)","regulator","2026-02-09","EIC approved units list (FFP)","HIGH"
"1243","plant_name","J.M.SEA FOODS","https://www.eicindia.gov.in/WebApp1/pages/menuInfo/approvedCommoditiesList.xhtml?CT=FFP","EIC Approved Units - Fish & Fishery Products (FFP)","regulator","2026-02-09","EIC approved units list (FFP)","HIGH"
"1243","address","SURVEY NO.17983-4  NEAR GIDC UDHYOG NAGAR   PATAN ROAD VERAVAL 362269 GUJARAT  INDIA","https://www.eicindia.gov.in/WebApp1/pages/menuInfo/approvedCommoditiesList.xhtml?CT=FFP","EIC Approved Units - Fish & Fishery Products (FFP)","regulator","2026-02-09","EIC approved units list (FFP)","HIGH"
"1243","scope","PROCESSING AND PACKING OF STEAM DRIED FISH  MEAL , FISH OIL & SQUID MEAL (UNFIT FOR HUMAN  CONSUMPTION )","https://www.eicindia.gov.in/WebApp1/pages/menuInfo/approvedCommoditiesList.xhtml?CT=FFP","EIC Approved Units - Fish & Fishery Products (FFP)","regulator","2026-02-09","EIC approved units list (FFP)","HIGH"
"1243","expiry_date","17/01/2028","https://www.eicindia.gov.in/WebApp1/pages/menuInfo/approvedCommoditiesList.xhtml?CT=FFP","EIC Approved Units - Fish & Fishery Products (FFP)","regulator","2026-02-09","EIC approved units list (FFP)","HIGH"
"1244","plant_name","VKM FOODS PRIVATE LIMITED","https://www.eicindia.gov.in/WebApp1/pages/menuInfo/approvedCommoditiesList.xhtml?CT=FFP","EIC Approved Units - Fish & Fishery Products (FFP)","regulator","2026-02-09","EIC approved units list (FFP)","HIGH"
"1244","address","Plot No.           M-82, MIDC, Taloja Industrial area ,                                            Dist. Raigad-410208,","https://www.eicindia.gov.in/WebApp1/pages/menuInfo/approvedCommoditiesList.xhtml?CT=FFP","EIC Approved Units - Fish & Fishery Products (FFP)","regulator","2026-02-09","EIC approved units list (FFP)","HIGH"
"1244","scope","Packing of Fresh/Chilled Fish & Fishery Products and Frozen Raw        (IF-Blast) Fish & Fishery Products, Packing of Vacuum Packed Fish & Fishery Products.","https://www.eicindia.gov.in/WebApp1/pages/menuInfo/approvedCommoditiesList.xhtml?CT=FFP","EIC Approved Units - Fish & Fishery Products (FFP)","regulator","2026-02-09","EIC approved units list (FFP)","HIGH"
"1244","expiry_date","11/01/2028","https://www.eicindia.gov.in/WebApp1/pages/menuInfo/approvedCommoditiesList.xhtml?CT=FFP","EIC Approved Units - Fish & Fishery Products (FFP)","regulator","2026-02-09","EIC approved units list (FFP)","HIGH"
"1245","plant_name","Win Marine Products","https://www.eicindia.gov.in/WebApp1/pages/menuInfo/approvedCommoditiesList.xhtml?CT=FFP","EIC Approved Units - Fish & Fishery Products (FFP)","regulator","2026-02-09","EIC approved units list (FFP)","HIGH"
"1245","address","Plot No:1787/1-6, Near GIDC, Somnath Road, Veraval-362269, Gujarat","https://www.eicindia.gov.in/WebApp1/pages/menuInfo/approvedCommoditiesList.xhtml?CT=FFP","EIC Approved Units - Fish & Fishery Products (FFP)","regulator","2026-02-09","EIC approved units list (FFP)","HIGH"
"1245","scope","FREEZING OF RAW FISH & FISHERY PRODUCTS (BLAST-IF) (EXCLUDING AQUACULTURE)","https://www.eicindia.gov.in/WebApp1/pages/menuInfo/approvedCommoditiesList.xhtml?CT=FFP","EIC Approved Units - Fish & Fishery Products (FFP)","regulator","2026-02-09","EIC approved units list (FFP)","HIGH"
"1245","expiry_date","03/03/2028","https://www.eicindia.gov.in/WebApp1/pages/menuInfo/approvedCommoditiesList.xhtml?CT=FFP","EIC Approved Units - Fish & Fishery Products (FFP)","regulator","2026-02-09","EIC approved units list (FFP)","HIGH"
"1252","plant_name","Packwell Craft Pvt. Ltd.","https://www.eicindia.gov.in/WebApp1/pages/menuInfo/approvedCommoditiesList.xhtml?CT=FFP","EIC Approved Units - Fish & Fishery Products (FFP)","regulator","2026-02-09","EIC approved units list (FFP)","HIGH"
"1252","address","PLOT NO. R-902,MIDC RABALE, TTC INDUSTRIAL AREA, THANE-BELAPUR ROAD, NAVI MUMBAI - 400701, MAHARASHTRA, INDIA","https://www.eicindia.gov.in/WebApp1/pages/menuInfo/approvedCommoditiesList.xhtml?CT=FFP","EIC Approved Units - Fish & Fishery Products (FFP)","regulator","2026-02-09","EIC approved units list (FFP)","HIGH"
"1252","scope","FRESH/CHILLED RAW AND FROZEN (BLOCK/IF-BLAST) RAW FISH AND FISHERY PRODUCTS (INCLUDING AQUACULTURE)","https://www.eicindia.gov.in/WebApp1/pages/menuInfo/approvedCommoditiesList.xhtml?CT=FFP","EIC Approved Units - Fish & Fishery Products (FFP)","regulator","2026-02-09","EIC approved units list (FFP)","HIGH"
"1252","expiry_date","17/02/2026","https://www.eicindia.gov.in/WebApp1/pages/menuInfo/approvedCommoditiesList.xhtml?CT=FFP","EIC Approved Units - Fish & Fishery Products (FFP)","regulator","2026-02-09","EIC approved units list (FFP)","HIGH"
"1254","plant_name","Albys Agro Pvt. Ltd","https://www.eicindia.gov.in/WebApp1/pages/menuInfo/approvedCommoditiesList.xhtml?CT=FFP","EIC Approved Units - Fish & Fishery Products (FFP)","regulator","2026-02-09","EIC approved units list (FFP)","HIGH"
"1254","address","Plot. No.2/1 to 2/6 , Sanguem Industrial Estate, Sanguem- Xelpem, Goa- 403704, India","https://www.eicindia.gov.in/WebApp1/pages/menuInfo/approvedCommoditiesList.xhtml?CT=FFP","EIC Approved Units - Fish & Fishery Products (FFP)","regulator","2026-02-09","EIC approved units list (FFP)","HIGH"
"1254","scope","Fresh/Chilled Raw, Frozen (Block/IF-Blast/IQF) Raw/Blanched/Cooked Fish & Fishery Products (Including Aquaculture)","https://www.eicindia.gov.in/WebApp1/pages/menuInfo/approvedCommoditiesList.xhtml?CT=FFP","EIC Approved Units - Fish & Fishery Products (FFP)","regulator","2026-02-09","EIC approved units list (FFP)","HIGH"
"1254","expiry_date","25/04/2029","https://www.eicindia.gov.in/WebApp1/pages/menuInfo/approvedCommoditiesList.xhtml?CT=FFP","EIC Approved Units - Fish & Fishery Products (FFP)","regulator","2026-02-09","EIC approved units list (FFP)","HIGH"
"1256","plant_name","Vitality Aquaculture Pvt.Ltd.","https://www.eicindia.gov.in/WebApp1/pages/menuInfo/approvedCommoditiesList.xhtml?CT=FFP","EIC Approved Units - Fish & Fishery Products (FFP)","regulator","2026-02-09","EIC approved units list (FFP)","HIGH"
"1256","address","Plot No.20/21, Sr.No.120,  Zakhar, B/H Maruti Showroom,  Jamnagar Khambhaliya Highway, Padana patiya, Jamnagar-361010, Gujarat, India","https://www.eicindia.gov.in/WebApp1/pages/menuInfo/approvedCommoditiesList.xhtml?CT=FFP","EIC Approved Units - Fish & Fishery Products (FFP)","regulator","2026-02-09","EIC approved units list (FFP)","HIGH"
"1256","scope","Pasteurized chilled Crab meat","https://www.eicindia.gov.in/WebApp1/pages/menuInfo/approvedCommoditiesList.xhtml?CT=FFP","EIC Approved Units - Fish & Fishery Products (FFP)","regulator","2026-02-09","EIC approved units list (FFP)","HIGH"
"1256","expiry_date","13/10/2027","https://www.eicindia.gov.in/WebApp1/pages/menuInfo/approvedCommoditiesList.xhtml?CT=FFP","EIC Approved Units - Fish & Fishery Products (FFP)","regulator","2026-02-09","EIC approved units list (FFP)","HIGH"
"1257","plant_name","TJ MARINE PRODUCTS PVT. LTD.","https://www.eicindia.gov.in/WebApp1/pages/menuInfo/approvedCommoditiesList.xhtml?CT=FFP","EIC Approved Units - Fish & Fishery Products (FFP)","regulator","2026-02-09","EIC approved units list (FFP)","HIGH"
"1257","address","B-27/28, MIDC, Mirjole, Ratnagiri-415639, Maharashtra, India","https://www.eicindia.gov.in/WebApp1/pages/menuInfo/approvedCommoditiesList.xhtml?CT=FFP","EIC Approved Units - Fish & Fishery Products (FFP)","regulator","2026-02-09","EIC approved units list (FFP)","HIGH"
"1257","scope","Processing of Steam Dried Fish Meal, Fish oil and Fish Soluble Paste (Unfit For Human Consumption)","https://www.eicindia.gov.in/WebApp1/pages/menuInfo/approvedCommoditiesList.xhtml?CT=FFP","EIC Approved Units - Fish & Fishery Products (FFP)","regulator","2026-02-09","EIC approved units list (FFP)","HIGH"
"1257","expiry_date","11/10/2027","https://www.eicindia.gov.in/WebApp1/pages/menuInfo/approvedCommoditiesList.xhtml?CT=FFP","EIC Approved Units - Fish & Fishery Products (FFP)","regulator","2026-02-09","EIC approved units list (FFP)","HIGH"
"1261","plant_name","Seasaga Enterprises Private Limited - Unit II","https://www.eicindia.gov.in/WebApp1/pages/menuInfo/approvedCommoditiesList.xhtml?CT=FFP","EIC Approved Units - Fish & Fishery Products (FFP)","regulator","2026-02-09","EIC approved units list (FFP)","HIGH"
"1261","address","Plot No E-27,Taloja Industrial Area, Taluka Panvel, Raigad District,Maharashtra-410208,India","https://www.eicindia.gov.in/WebApp1/pages/menuInfo/approvedCommoditiesList.xhtml?CT=FFP","EIC Approved Units - Fish & Fishery Products (FFP)","regulator","2026-02-09","EIC approved units list (FFP)","HIGH"
"1261","scope","Packing of  Fresh/ Chilled Fish & Fishery Products , Freezing of Raw/Blanched/Cooked Fish & Fishery Products(Bock/IQF/IF)","https://www.eicindia.gov.in/WebApp1/pages/menuInfo/approvedCommoditiesList.xhtml?CT=FFP","EIC Approved Units - Fish & Fishery Products (FFP)","regulator","2026-02-09","EIC approved units list (FFP)","HIGH"
"1261","expiry_date","20/12/2027","https://www.eicindia.gov.in/WebApp1/pages/menuInfo/approvedCommoditiesList.xhtml?CT=FFP","EIC Approved Units - Fish & Fishery Products (FFP)","regulator","2026-02-09","EIC approved units list (FFP)","HIGH"
"1274","plant_name","S.I.A. Impex","https://www.eicindia.gov.in/WebApp1/pages/menuInfo/approvedCommoditiesList.xhtml?CT=FFP","EIC Approved Units - Fish & Fishery Products (FFP)","regulator","2026-02-09","EIC approved units list (FFP)","HIGH"
"1274","address","Plot No.811, Opp. Hanswati Exports,G.I.D.C. estate, Verval, 362269, Gujarat, India,","https://www.eicindia.gov.in/WebApp1/pages/menuInfo/approvedCommoditiesList.xhtml?CT=FFP","EIC Approved Units - Fish & Fishery Products (FFP)","regulator","2026-02-09","EIC approved units list (FFP)","HIGH"
"1274","scope","FROZEN (IF-BLAST ) RAW  FISH & FISHERY PRODUCTS (Excluding Aquaculture)","https://www.eicindia.gov.in/WebApp1/pages/menuInfo/approvedCommoditiesList.xhtml?CT=FFP","EIC Approved Units - Fish & Fishery Products (FFP)","regulator","2026-02-09","EIC approved units list (FFP)","HIGH"
"1274","expiry_date","08/03/2029","https://www.eicindia.gov.in/WebApp1/pages/menuInfo/approvedCommoditiesList.xhtml?CT=FFP","EIC Approved Units - Fish & Fishery Products (FFP)","regulator","2026-02-09","EIC approved units list (FFP)","HIGH"
"1280","plant_name","Zenith Exports","https://www.eicindia.gov.in/WebApp1/pages/menuInfo/approvedCommoditiesList.xhtml?CT=FFP","EIC Approved Units - Fish & Fishery Products (FFP)","regulator","2026-02-09","EIC approved units list (FFP)","HIGH"
"1280","address","Plot No.317,G.I.D.C., Estate Veraval-362269, Gujarat, India,","https://www.eicindia.gov.in/WebApp1/pages/menuInfo/approvedCommoditiesList.xhtml?CT=FFP","EIC Approved Units - Fish & Fishery Products (FFP)","regulator","2026-02-09","EIC approved units list (FFP)","HIGH"
"1280","scope","FREEZING OF RAW FISH & FISHERY PRODUCTS (BLOCK/IF) (EXCLUDING AQUACULTURE)","https://www.eicindia.gov.in/WebApp1/pages/menuInfo/approvedCommoditiesList.xhtml?CT=FFP","EIC Approved Units - Fish & Fishery Products (FFP)","regulator","2026-02-09","EIC approved units list (FFP)","HIGH"
"1280","expiry_date","20/07/2027","https://www.eicindia.gov.in/WebApp1/pages/menuInfo/approvedCommoditiesList.xhtml?CT=FFP","EIC Approved Units - Fish & Fishery Products (FFP)","regulator","2026-02-09","EIC approved units list (FFP)","HIGH"
"1281","plant_name","PROGRESS FROZEN & FISH STERILIZATION","https://www.eicindia.gov.in/WebApp1/pages/menuInfo/approvedCommoditiesList.xhtml?CT=FFP","EIC Approved Units - Fish & Fishery Products (FFP)","regulator","2026-02-09","EIC approved units list (FFP)","HIGH"
"1281","address","Zavar Naka, Porbandar-360575,Gujarat,India.","https://www.eicindia.gov.in/WebApp1/pages/menuInfo/approvedCommoditiesList.xhtml?CT=FFP","EIC Approved Units - Fish & Fishery Products (FFP)","regulator","2026-02-09","EIC approved units list (FFP)","HIGH"
"1281","scope","Steam Sterilized Fish Meal Powder (Unfit for human consumption).","https://www.eicindia.gov.in/WebApp1/pages/menuInfo/approvedCommoditiesList.xhtml?CT=FFP","EIC Approved Units - Fish & Fishery Products (FFP)","regulator","2026-02-09","EIC approved units list (FFP)","HIGH"
"1281","expiry_date","10/04/2026","https://www.eicindia.gov.in/WebApp1/pages/menuInfo/approvedCommoditiesList.xhtml?CT=FFP","EIC Approved Units - Fish & Fishery Products (FFP)","regulator","2026-02-09","EIC approved units list (FFP)","HIGH"
"1282","plant_name","PRIME BIO PROTEINS","https://www.eicindia.gov.in/WebApp1/pages/menuInfo/approvedCommoditiesList.xhtml?CT=FFP","EIC Approved Units - Fish & Fishery Products (FFP)","regulator","2026-02-09","EIC approved units list (FFP)","HIGH"
"1282","address","PLOT NO. 610/1, G.I.D.C. ESTATE, VERAVAL-362269, GUJARAT, INDIA","https://www.eicindia.gov.in/WebApp1/pages/menuInfo/approvedCommoditiesList.xhtml?CT=FFP","EIC Approved Units - Fish & Fishery Products (FFP)","regulator","2026-02-09","EIC approved units list (FFP)","HIGH"
"1282","scope","PROCESSING OF STEAM DRIED FISH & SHRIMP MEAL POWDER (Unfit for Human Consumption)","https://www.eicindia.gov.in/WebApp1/pages/menuInfo/approvedCommoditiesList.xhtml?CT=FFP","EIC Approved Units - Fish & Fishery Products (FFP)","regulator","2026-02-09","EIC approved units list (FFP)","HIGH"
"1282","expiry_date","11/04/2026","https://www.eicindia.gov.in/WebApp1/pages/menuInfo/approvedCommoditiesList.xhtml?CT=FFP","EIC Approved Units - Fish & Fishery Products (FFP)","regulator","2026-02-09","EIC approved units list (FFP)","HIGH"
"1283","plant_name","Amar Food Products","https://www.eicindia.gov.in/WebApp1/pages/menuInfo/approvedCommoditiesList.xhtml?CT=FFP","EIC Approved Units - Fish & Fishery Products (FFP)","regulator","2026-02-09","EIC approved units list (FFP)","HIGH"
"1283","address","Jawar Naka, Porbandar-360575, Gujarat, India.","https://www.eicindia.gov.in/WebApp1/pages/menuInfo/approvedCommoditiesList.xhtml?CT=FFP","EIC Approved Units - Fish & Fishery Products (FFP)","regulator","2026-02-09","EIC approved units list (FFP)","HIGH"
"1283","scope","Processing and Packing of Raw Frozen Surimi ( Fish Minced Paste)","https://www.eicindia.gov.in/WebApp1/pages/menuInfo/approvedCommoditiesList.xhtml?CT=FFP","EIC Approved Units - Fish & Fishery Products (FFP)","regulator","2026-02-09","EIC approved units list (FFP)","HIGH"
"1283","expiry_date","20/03/2026","https://www.eicindia.gov.in/WebApp1/pages/menuInfo/approvedCommoditiesList.xhtml?CT=FFP","EIC Approved Units - Fish & Fishery Products (FFP)","regulator","2026-02-09","EIC approved units list (FFP)","HIGH"
"1286","plant_name","Mindhola Foods LLP","https://www.eicindia.gov.in/WebApp1/pages/menuInfo/approvedCommoditiesList.xhtml?CT=FFP","EIC Approved Units - Fish & Fishery Products (FFP)","regulator","2026-02-09","EIC approved units list (FFP)","HIGH"
"1286","address","BLOCK NO. 187/A, MOJE MAKHINGA, TALUKA PALSANA, DISTRICT-SURAT-394315, STATE- GUJARAT, INDIA","https://www.eicindia.gov.in/WebApp1/pages/menuInfo/approvedCommoditiesList.xhtml?CT=FFP","EIC Approved Units - Fish & Fishery Products (FFP)","regulator","2026-02-09","EIC approved units list (FFP)","HIGH"
"1286","scope","Packing of Fresh / Chilled Fish & Fishery Products and Frozen (Block / IF-Blast and IQF- Brine Freezing) Raw / Marinated Fish & Fishery Products (Including Aquaculture)","https://www.eicindia.gov.in/WebApp1/pages/menuInfo/approvedCommoditiesList.xhtml?CT=FFP","EIC Approved Units - Fish & Fishery Products (FFP)","regulator","2026-02-09","EIC approved units list (FFP)","HIGH"
"1286","expiry_date","29/04/2026","https://www.eicindia.gov.in/WebApp1/pages/menuInfo/approvedCommoditiesList.xhtml?CT=FFP","EIC Approved Units - Fish & Fishery Products (FFP)","regulator","2026-02-09","EIC approved units list (FFP)","HIGH"
"1287","plant_name","Shivganga Marine Products Unit-II","https://www.eicindia.gov.in/WebApp1/pages/menuInfo/approvedCommoditiesList.xhtml?CT=FFP","EIC Approved Units - Fish & Fishery Products (FFP)","regulator","2026-02-09","EIC approved units list (FFP)","HIGH"
"1287","address","Plot No.1314, G.I.D.C Estate, Veraval- 362269, Gujarat â?? India,","https://www.eicindia.gov.in/WebApp1/pages/menuInfo/approvedCommoditiesList.xhtml?CT=FFP","EIC Approved Units - Fish & Fishery Products (FFP)","regulator","2026-02-09","EIC approved units list (FFP)","HIGH"
"1287","scope","FREEZING OF RAW FISH & FISHERY PRODUCTS (BLOCK/ BLAST-IF) (EXCLUDING AQUACULTURE)","https://www.eicindia.gov.in/WebApp1/pages/menuInfo/approvedCommoditiesList.xhtml?CT=FFP","EIC Approved Units - Fish & Fishery Products (FFP)","regulator","2026-02-09","EIC approved units list (FFP)","HIGH"
"1287","expiry_date","16/06/2027","https://www.eicindia.gov.in/WebApp1/pages/menuInfo/approvedCommoditiesList.xhtml?CT=FFP","EIC Approved Units - Fish & Fishery Products (FFP)","regulator","2026-02-09","EIC approved units list (FFP)","HIGH"
"1289","plant_name","Real Frozen Foods","https://www.eicindia.gov.in/WebApp1/pages/menuInfo/approvedCommoditiesList.xhtml?CT=FFP","EIC Approved Units - Fish & Fishery Products (FFP)","regulator","2026-02-09","EIC approved units list (FFP)","HIGH"
"1289","address","Plot No.105/2,G.I.D.C.,Estate, Veraval-362269,Gujarat,India,","https://www.eicindia.gov.in/WebApp1/pages/menuInfo/approvedCommoditiesList.xhtml?CT=FFP","EIC Approved Units - Fish & Fishery Products (FFP)","regulator","2026-02-09","EIC approved units list (FFP)","HIGH"
"1289","scope","FREEZING OF RAW FISH & FISHERY PRODUCTS (BLOCK/IF) (EXCLUDING AQUACULTURE)","https://www.eicindia.gov.in/WebApp1/pages/menuInfo/approvedCommoditiesList.xhtml?CT=FFP","EIC Approved Units - Fish & Fishery Products (FFP)","regulator","2026-02-09","EIC approved units list (FFP)","HIGH"
"1289","expiry_date","25/08/2027","https://www.eicindia.gov.in/WebApp1/pages/menuInfo/approvedCommoditiesList.xhtml?CT=FFP","EIC Approved Units - Fish & Fishery Products (FFP)","regulator","2026-02-09","EIC approved units list (FFP)","HIGH"
"1290","plant_name","Sun Marine Export","https://www.eicindia.gov.in/WebApp1/pages/menuInfo/approvedCommoditiesList.xhtml?CT=FFP","EIC Approved Units - Fish & Fishery Products (FFP)","regulator","2026-02-09","EIC approved units list (FFP)","HIGH"
"1290","address","Plot No. 1312, G.I.D.C Estate, Veraval-362269, Gujarat, India","https://www.eicindia.gov.in/WebApp1/pages/menuInfo/approvedCommoditiesList.xhtml?CT=FFP","EIC Approved Units - Fish & Fishery Products (FFP)","regulator","2026-02-09","EIC approved units list (FFP)","HIGH"
"1290","scope","FREEZING OF RAW./BLANCHED/COOKED FISH & FISHERY PRODUCTS (BLOCK/IQF/IF-BLAST)(INCLUDING AQUACULTURE)","https://www.eicindia.gov.in/WebApp1/pages/menuInfo/approvedCommoditiesList.xhtml?CT=FFP","EIC Approved Units - Fish & Fishery Products (FFP)","regulator","2026-02-09","EIC approved units list (FFP)","HIGH"
"1290","expiry_date","21/08/2027","https://www.eicindia.gov.in/WebApp1/pages/menuInfo/approvedCommoditiesList.xhtml?CT=FFP","EIC Approved Units - Fish & Fishery Products (FFP)","regulator","2026-02-09","EIC approved units list (FFP)","HIGH"
"1302","plant_name","S.A.EXPORTS","https://www.eicindia.gov.in/WebApp1/pages/menuInfo/approvedCommoditiesList.xhtml?CT=FFP","EIC Approved Units - Fish & Fishery Products (FFP)","regulator","2026-02-09","EIC approved units list (FFP)","HIGH"
"1302","address","Kamduni More, P.O. Kamduni Khoribari, P.S. Barasat,District- 24 Parganas(North), Kolkata-700135","https://www.eicindia.gov.in/WebApp1/pages/menuInfo/approvedCommoditiesList.xhtml?CT=FFP","EIC Approved Units - Fish & Fishery Products (FFP)","regulator","2026-02-09","EIC approved units list (FFP)","HIGH"
"1302","scope","Packing of Raw Fresh Chilled, Freezing of Raw / Blanched / Cooked Fish and Fishery Products (Block Frozen & IQF)","https://www.eicindia.gov.in/WebApp1/pages/menuInfo/approvedCommoditiesList.xhtml?CT=FFP","EIC Approved Units - Fish & Fishery Products (FFP)","regulator","2026-02-09","EIC approved units list (FFP)","HIGH"
"1302","expiry_date","15/04/2026","https://www.eicindia.gov.in/WebApp1/pages/menuInfo/approvedCommoditiesList.xhtml?CT=FFP","EIC Approved Units - Fish & Fishery Products (FFP)","regulator","2026-02-09","EIC approved units list (FFP)","HIGH"
"1303","plant_name","DIGHA SEAFOOD EXPORTS PVT. LTD.","https://www.eicindia.gov.in/WebApp1/pages/menuInfo/approvedCommoditiesList.xhtml?CT=FFP","EIC Approved Units - Fish & Fishery Products (FFP)","regulator","2026-02-09","EIC approved units list (FFP)","HIGH"
"1303","address","Unit No. 7, International Seafood Processing Centre, Benfish Complex, Chakgaria, Budher Hat, 24 Parganas (South), Kolkata-700094, West Bengal","https://www.eicindia.gov.in/WebApp1/pages/menuInfo/approvedCommoditiesList.xhtml?CT=FFP","EIC Approved Units - Fish & Fishery Products (FFP)","regulator","2026-02-09","EIC approved units list (FFP)","HIGH"
"1303","scope","Freezing of Raw Fish & Fishery Products (Block/IQF), Freezing of Cooked Fish and Fishery Products (IQF) - Shrimps (Aquaculture/Sea caught/Wild caught) & Cephalopods","https://www.eicindia.gov.in/WebApp1/pages/menuInfo/approvedCommoditiesList.xhtml?CT=FFP","EIC Approved Units - Fish & Fishery Products (FFP)","regulator","2026-02-09","EIC approved units list (FFP)","HIGH"
"1303","expiry_date","23/07/2027","https://www.eicindia.gov.in/WebApp1/pages/menuInfo/approvedCommoditiesList.xhtml?CT=FFP","EIC Approved Units - Fish & Fishery Products (FFP)","regulator","2026-02-09","EIC approved units list (FFP)","HIGH"
"1304","plant_name","K.N.C. AGRO LIMITED","https://www.eicindia.gov.in/WebApp1/pages/menuInfo/approvedCommoditiesList.xhtml?CT=FFP","EIC Approved Units - Fish & Fishery Products (FFP)","regulator","2026-02-09","EIC approved units list (FFP)","HIGH"
"1304","address","UTTARSITALA, PO- PICHABONI, PS- RAMNAGAR, DIST PURBA MEDINIPUR, WEST BENGAL, 721455","https://www.eicindia.gov.in/WebApp1/pages/menuInfo/approvedCommoditiesList.xhtml?CT=FFP","EIC Approved Units - Fish & Fishery Products (FFP)","regulator","2026-02-09","EIC approved units list (FFP)","HIGH"
"1304","scope","Freezing of Raw / Blanched / Cooked Fish & Fishery Products (Block Frozen & IQF)","https://www.eicindia.gov.in/WebApp1/pages/menuInfo/approvedCommoditiesList.xhtml?CT=FFP","EIC Approved Units - Fish & Fishery Products (FFP)","regulator","2026-02-09","EIC approved units list (FFP)","HIGH"
"1304","expiry_date","03/03/2028","https://www.eicindia.gov.in/WebApp1/pages/menuInfo/approvedCommoditiesList.xhtml?CT=FFP","EIC Approved Units - Fish & Fishery Products (FFP)","regulator","2026-02-09","EIC approved units list (FFP)","HIGH"
"1305","plant_name","BASU INTERNATIONAL (UNIT III)","https://www.eicindia.gov.in/WebApp1/pages/menuInfo/approvedCommoditiesList.xhtml?CT=FFP","EIC Approved Units - Fish & Fishery Products (FFP)","regulator","2026-02-09","EIC approved units list (FFP)","HIGH"
"1305","address","34, CHAULPATTI ROAD, KOLKATA-700010, WEST BENGAL","https://www.eicindia.gov.in/WebApp1/pages/menuInfo/approvedCommoditiesList.xhtml?CT=FFP","EIC Approved Units - Fish & Fishery Products (FFP)","regulator","2026-02-09","EIC approved units list (FFP)","HIGH"
"1305","scope","Packing of Fresh/Chilled Fish & Fishery Products","https://www.eicindia.gov.in/WebApp1/pages/menuInfo/approvedCommoditiesList.xhtml?CT=FFP","EIC Approved Units - Fish & Fishery Products (FFP)","regulator","2026-02-09","EIC approved units list (FFP)","HIGH"
"1305","expiry_date","27/03/2028","https://www.eicindia.gov.in/WebApp1/pages/menuInfo/approvedCommoditiesList.xhtml?CT=FFP","EIC Approved Units - Fish & Fishery Products (FFP)","regulator","2026-02-09","EIC approved units list (FFP)","HIGH"
"1311","plant_name","SWARNALI EXPORTS","https://www.eicindia.gov.in/WebApp1/pages/menuInfo/approvedCommoditiesList.xhtml?CT=FFP","EIC Approved Units - Fish & Fishery Products (FFP)","regulator","2026-02-09","EIC approved units list (FFP)","HIGH"
"1311","address","DIGHRA, P.O.DUTTAPUKUR, P.S. ASHOKENAGAR, NORTH 24 PGS WEST BENGAL- 743248, INDIA","https://www.eicindia.gov.in/WebApp1/pages/menuInfo/approvedCommoditiesList.xhtml?CT=FFP","EIC Approved Units - Fish & Fishery Products (FFP)","regulator","2026-02-09","EIC approved units list (FFP)","HIGH"
"1311","scope","PROCESSING OF FRESH AND CHILLED FISH/FISHERY PRODUCT","https://www.eicindia.gov.in/WebApp1/pages/menuInfo/approvedCommoditiesList.xhtml?CT=FFP","EIC Approved Units - Fish & Fishery Products (FFP)","regulator","2026-02-09","EIC approved units list (FFP)","HIGH"
"1311","expiry_date","12/06/2027","https://www.eicindia.gov.in/WebApp1/pages/menuInfo/approvedCommoditiesList.xhtml?CT=FFP","EIC Approved Units - Fish & Fishery Products (FFP)","regulator","2026-02-09","EIC approved units list (FFP)","HIGH"
"1312","plant_name","ALASHORE MARINE EXPORTS PVT. LTD.","https://www.eicindia.gov.in/WebApp1/pages/menuInfo/approvedCommoditiesList.xhtml?CT=FFP","EIC Approved Units - Fish & Fishery Products (FFP)","regulator","2026-02-09","EIC approved units list (FFP)","HIGH"
"1312","address","Plot No.D1/18(P), D1/19,D1/20, D1/37, D1/38, D1/39 (P), Somnathapur Industrial Area, Balasore, Odisha, Pin-756019","https://www.eicindia.gov.in/WebApp1/pages/menuInfo/approvedCommoditiesList.xhtml?CT=FFP","EIC Approved Units - Fish & Fishery Products (FFP)","regulator","2026-02-09","EIC approved units list (FFP)","HIGH"
"1312","scope","Freezing of Raw Fish & Fishery Products (IQF) -Shrimps (Aquaculture/Sea caught/Wild caught)","https://www.eicindia.gov.in/WebApp1/pages/menuInfo/approvedCommoditiesList.xhtml?CT=FFP","EIC Approved Units - Fish & Fishery Products (FFP)","regulator","2026-02-09","EIC approved units list (FFP)","HIGH"
"1312","expiry_date","01/08/2027","https://www.eicindia.gov.in/WebApp1/pages/menuInfo/approvedCommoditiesList.xhtml?CT=FFP","EIC Approved Units - Fish & Fishery Products (FFP)","regulator","2026-02-09","EIC approved units list (FFP)","HIGH"
"1314","plant_name","S.S.SEA FOOD PVT. LTD.","https://www.eicindia.gov.in/WebApp1/pages/menuInfo/approvedCommoditiesList.xhtml?CT=FFP","EIC Approved Units - Fish & Fishery Products (FFP)","regulator","2026-02-09","EIC approved units list (FFP)","HIGH"
"1314","address","RUIYA, PO-PATULIA, PS-KHARDHA, DIST-24 PARGANAS (NORTH), KOLKATA-700119, WEST BENGAL","https://www.eicindia.gov.in/WebApp1/pages/menuInfo/approvedCommoditiesList.xhtml?CT=FFP","EIC Approved Units - Fish & Fishery Products (FFP)","regulator","2026-02-09","EIC approved units list (FFP)","HIGH"
"1314","scope","Packing of raw fresh chilled , Freezing of Raw fish & Fishery products(Block Frozen/IQF & IF-Blast Frozen)-Fishes (Non-Histamine & Histamine forming), Shrimps (Aquaculture/Sea Caught/Wild caught) Crab (Sea Caught) & Cephalopods","https://www.eicindia.gov.in/WebApp1/pages/menuInfo/approvedCommoditiesList.xhtml?CT=FFP","EIC Approved Units - Fish & Fishery Products (FFP)","regulator","2026-02-09","EIC approved units list (FFP)","HIGH"
"1314","expiry_date","18/06/2027","https://www.eicindia.gov.in/WebApp1/pages/menuInfo/approvedCommoditiesList.xhtml?CT=FFP","EIC Approved Units - Fish & Fishery Products (FFP)","regulator","2026-02-09","EIC approved units list (FFP)","HIGH"
"1315","plant_name","ESSEX MARINE PRIVATE LIMITED","https://www.eicindia.gov.in/WebApp1/pages/menuInfo/approvedCommoditiesList.xhtml?CT=FFP","EIC Approved Units - Fish & Fishery Products (FFP)","regulator","2026-02-09","EIC approved units list (FFP)","HIGH"
"1315","address","Village - Kuliatta, PO & PS : Ramnagar, Dist.: Purba Midnapur, Pin - 721441, West Bengal","https://www.eicindia.gov.in/WebApp1/pages/menuInfo/approvedCommoditiesList.xhtml?CT=FFP","EIC Approved Units - Fish & Fishery Products (FFP)","regulator","2026-02-09","EIC approved units list (FFP)","HIGH"
"1315","scope","Packing of Fresh/Chilled Fish & Fishery Products and Raw Frozen Fish & Fishery Products (Block Frozen & Individually Frozen & IQF)","https://www.eicindia.gov.in/WebApp1/pages/menuInfo/approvedCommoditiesList.xhtml?CT=FFP","EIC Approved Units - Fish & Fishery Products (FFP)","regulator","2026-02-09","EIC approved units list (FFP)","HIGH"
"1315","expiry_date","28/06/2027","https://www.eicindia.gov.in/WebApp1/pages/menuInfo/approvedCommoditiesList.xhtml?CT=FFP","EIC Approved Units - Fish & Fishery Products (FFP)","regulator","2026-02-09","EIC approved units list (FFP)","HIGH"
"1318","plant_name","Padmashree Export","https://www.eicindia.gov.in/WebApp1/pages/menuInfo/approvedCommoditiesList.xhtml?CT=FFP","EIC Approved Units - Fish & Fishery Products (FFP)","regulator","2026-02-09","EIC approved units list (FFP)","HIGH"
"1318","address","Plot No 274, Champajhara, P.O.Malpada-752018, Dist::Khordha, Odisha","https://www.eicindia.gov.in/WebApp1/pages/menuInfo/approvedCommoditiesList.xhtml?CT=FFP","EIC Approved Units - Fish & Fishery Products (FFP)","regulator","2026-02-09","EIC approved units list (FFP)","HIGH"
"1318","scope","Freezing of Raw Fish & Fishery products(Block Frozen/IQF) -Aquaculture/Sea caught/Wild Caught- Crustaceans only.","https://www.eicindia.gov.in/WebApp1/pages/menuInfo/approvedCommoditiesList.xhtml?CT=FFP","EIC Approved Units - Fish & Fishery Products (FFP)","regulator","2026-02-09","EIC approved units list (FFP)","HIGH"
"1318","expiry_date","21/06/2028","https://www.eicindia.gov.in/WebApp1/pages/menuInfo/approvedCommoditiesList.xhtml?CT=FFP","EIC Approved Units - Fish & Fishery Products (FFP)","regulator","2026-02-09","EIC approved units list (FFP)","HIGH"
"1319","plant_name","RUPSHA FISH PRIVATE LIMITED","https://www.eicindia.gov.in/WebApp1/pages/menuInfo/approvedCommoditiesList.xhtml?CT=FFP","EIC Approved Units - Fish & Fishery Products (FFP)","regulator","2026-02-09","EIC approved units list (FFP)","HIGH"
"1319","address","RUIYA, P.O.: PATULIA, P.S.: KHARDAH, DIST: 24 PARGANAS(N), KOLKATA, WEST BENGAL-700119","https://www.eicindia.gov.in/WebApp1/pages/menuInfo/approvedCommoditiesList.xhtml?CT=FFP","EIC Approved Units - Fish & Fishery Products (FFP)","regulator","2026-02-09","EIC approved units list (FFP)","HIGH"
"1319","scope","FREEZING OF RAW/BLANCHED/COOKED FISH & FISHERY PRODUCTS (BLOCK FROZEN, IF & IQF)","https://www.eicindia.gov.in/WebApp1/pages/menuInfo/approvedCommoditiesList.xhtml?CT=FFP","EIC Approved Units - Fish & Fishery Products (FFP)","regulator","2026-02-09","EIC approved units list (FFP)","HIGH"
"1319","expiry_date","06/04/2028","https://www.eicindia.gov.in/WebApp1/pages/menuInfo/approvedCommoditiesList.xhtml?CT=FFP","EIC Approved Units - Fish & Fishery Products (FFP)","regulator","2026-02-09","EIC approved units list (FFP)","HIGH"
"1325","plant_name","Chilikarani Fish Trading Pvt. Ltd.","https://www.eicindia.gov.in/WebApp1/pages/menuInfo/approvedCommoditiesList.xhtml?CT=FFP","EIC Approved Units - Fish & Fishery Products (FFP)","regulator","2026-02-09","EIC approved units list (FFP)","HIGH"
"1325","address","Atharanala patna, Gopinathpur, Puri-752002,","https://www.eicindia.gov.in/WebApp1/pages/menuInfo/approvedCommoditiesList.xhtml?CT=FFP","EIC Approved Units - Fish & Fishery Products (FFP)","regulator","2026-02-09","EIC approved units list (FFP)","HIGH"
"1325","scope","Freezing of Raw Fish & Fishery Products(Block ) - Crustaceans .","https://www.eicindia.gov.in/WebApp1/pages/menuInfo/approvedCommoditiesList.xhtml?CT=FFP","EIC Approved Units - Fish & Fishery Products (FFP)","regulator","2026-02-09","EIC approved units list (FFP)","HIGH"
"1325","expiry_date","17/04/2026","https://www.eicindia.gov.in/WebApp1/pages/menuInfo/approvedCommoditiesList.xhtml?CT=FFP","EIC Approved Units - Fish & Fishery Products (FFP)","regulator","2026-02-09","EIC approved units list (FFP)","HIGH"
"1326","plant_name","TRADE IMPEX","https://www.eicindia.gov.in/WebApp1/pages/menuInfo/approvedCommoditiesList.xhtml?CT=FFP","EIC Approved Units - Fish & Fishery Products (FFP)","regulator","2026-02-09","EIC approved units list (FFP)","HIGH"
"1326","address","Vill & PO - Newsha, PS - Diamond Harbour, South 24 Parganas, West Bengal- 743368","https://www.eicindia.gov.in/WebApp1/pages/menuInfo/approvedCommoditiesList.xhtml?CT=FFP","EIC Approved Units - Fish & Fishery Products (FFP)","regulator","2026-02-09","EIC approved units list (FFP)","HIGH"
"1326","scope","Packing of Fresh/ Chilled Fish & Fishery Products - Fishes(Non-histamine forming), Shrimps(Sea caught/Wild caught) & Cephalopods","https://www.eicindia.gov.in/WebApp1/pages/menuInfo/approvedCommoditiesList.xhtml?CT=FFP","EIC Approved Units - Fish & Fishery Products (FFP)","regulator","2026-02-09","EIC approved units list (FFP)","HIGH"
"1326","expiry_date","13/07/2027","https://www.eicindia.gov.in/WebApp1/pages/menuInfo/approvedCommoditiesList.xhtml?CT=FFP","EIC Approved Units - Fish & Fishery Products (FFP)","regulator","2026-02-09","EIC approved units list (FFP)","HIGH"
"1327","plant_name","Falcon Marine Exports Ltd.","https://www.eicindia.gov.in/WebApp1/pages/menuInfo/approvedCommoditiesList.xhtml?CT=FFP","EIC Approved Units - Fish & Fishery Products (FFP)","regulator","2026-02-09","EIC approved units list (FFP)","HIGH"
"1327","address","NH5, Khantapada, Kasbajaypur, Dist- Balasore, Odisha, Pin-756043","https://www.eicindia.gov.in/WebApp1/pages/menuInfo/approvedCommoditiesList.xhtml?CT=FFP","EIC Approved Units - Fish & Fishery Products (FFP)","regulator","2026-02-09","EIC approved units list (FFP)","HIGH"
"1327","scope","Freezing of Raw Fish & Fishery Products-(Block/IQF), Freezing of Blanched/ Cooked  Fish & Fishery Products(IQF)- Crustaceans only.","https://www.eicindia.gov.in/WebApp1/pages/menuInfo/approvedCommoditiesList.xhtml?CT=FFP","EIC Approved Units - Fish & Fishery Products (FFP)","regulator","2026-02-09","EIC approved units list (FFP)","HIGH"
"1327","expiry_date","29/07/2027","https://www.eicindia.gov.in/WebApp1/pages/menuInfo/approvedCommoditiesList.xhtml?CT=FFP","EIC Approved Units - Fish & Fishery Products (FFP)","regulator","2026-02-09","EIC approved units list (FFP)","HIGH"
"1328","plant_name","MEGAA MODA PVT. LTD.","https://www.eicindia.gov.in/WebApp1/pages/menuInfo/approvedCommoditiesList.xhtml?CT=FFP","EIC Approved Units - Fish & Fishery Products (FFP)","regulator","2026-02-09","EIC approved units list (FFP)","HIGH"
"1328","address","Sri Ram Hanuman Gate, Ranihati, Amta Road, Village-Islampur, PO-Nayachak, PS-Jagatballavpur, Howrah- 711322, West Bengal","https://www.eicindia.gov.in/WebApp1/pages/menuInfo/approvedCommoditiesList.xhtml?CT=FFP","EIC Approved Units - Fish & Fishery Products (FFP)","regulator","2026-02-09","EIC approved units list (FFP)","HIGH"
"1328","scope","Freezing of Raw Fish & Fishery Products(Block/IF/IQF), Freezing of Blanched Fish & FIshery Products(IQF)-Fishes(Histamine & Non-Histamine forming), Shrimps(Aquaculture/Sea caught/Wild caught) & Cephalapods","https://www.eicindia.gov.in/WebApp1/pages/menuInfo/approvedCommoditiesList.xhtml?CT=FFP","EIC Approved Units - Fish & Fishery Products (FFP)","regulator","2026-02-09","EIC approved units list (FFP)","HIGH"
"1328","expiry_date","06/08/2027","https://www.eicindia.gov.in/WebApp1/pages/menuInfo/approvedCommoditiesList.xhtml?CT=FFP","EIC Approved Units - Fish & Fishery Products (FFP)","regulator","2026-02-09","EIC approved units list (FFP)","HIGH"
"1330","plant_name","Hari Marine Pvt. Ltd.","https://www.eicindia.gov.in/WebApp1/pages/menuInfo/approvedCommoditiesList.xhtml?CT=FFP","EIC Approved Units - Fish & Fishery Products (FFP)","regulator","2026-02-09","EIC approved units list (FFP)","HIGH"
"1330","address","At-Biruan, P.O.Seragarh, Dist-Balasore-756060,Odisha, India","https://www.eicindia.gov.in/WebApp1/pages/menuInfo/approvedCommoditiesList.xhtml?CT=FFP","EIC Approved Units - Fish & Fishery Products (FFP)","regulator","2026-02-09","EIC approved units list (FFP)","HIGH"
"1330","scope","Freezing of Raw Fish & Fishery Products(Block/IQF) Crustaceans","https://www.eicindia.gov.in/WebApp1/pages/menuInfo/approvedCommoditiesList.xhtml?CT=FFP","EIC Approved Units - Fish & Fishery Products (FFP)","regulator","2026-02-09","EIC approved units list (FFP)","HIGH"
"1330","expiry_date","14/08/2027","https://www.eicindia.gov.in/WebApp1/pages/menuInfo/approvedCommoditiesList.xhtml?CT=FFP","EIC Approved Units - Fish & Fishery Products (FFP)","regulator","2026-02-09","EIC approved units list (FFP)","HIGH"
"1335","plant_name","Royal Enterprise","https://www.eicindia.gov.in/WebApp1/pages/menuInfo/approvedCommoditiesList.xhtml?CT=FFP","EIC Approved Units - Fish & Fishery Products (FFP)","regulator","2026-02-09","EIC approved units list (FFP)","HIGH"
"1335","address","44, Hasanpur Road, P.O. Joynagar Mojilpur, P.S. Joynagar, Dist.: South 24 Parganas, West Bengal-743337, India","https://www.eicindia.gov.in/WebApp1/pages/menuInfo/approvedCommoditiesList.xhtml?CT=FFP","EIC Approved Units - Fish & Fishery Products (FFP)","regulator","2026-02-09","EIC approved units list (FFP)","HIGH"
"1335","scope","Packing of Fresh / Chilled Fish & Fishery Products","https://www.eicindia.gov.in/WebApp1/pages/menuInfo/approvedCommoditiesList.xhtml?CT=FFP","EIC Approved Units - Fish & Fishery Products (FFP)","regulator","2026-02-09","EIC approved units list (FFP)","HIGH"
"1335","expiry_date","11/11/2027","https://www.eicindia.gov.in/WebApp1/pages/menuInfo/approvedCommoditiesList.xhtml?CT=FFP","EIC Approved Units - Fish & Fishery Products (FFP)","regulator","2026-02-09","EIC approved units list (FFP)","HIGH"
"1340","plant_name","MATARA AQUACULTURE WEST BENGAL PRIVATE LIMITED","https://www.eicindia.gov.in/WebApp1/pages/menuInfo/approvedCommoditiesList.xhtml?CT=FFP","EIC Approved Units - Fish & Fishery Products (FFP)","regulator","2026-02-09","EIC approved units list (FFP)","HIGH"
"1340","address","VILL-GIRIRCHAK,PO-NARGHAT,PS-NANDAKUMAR,PURBA MEDINIPUR,PIN -721669,WEST BENGAL, INDIA","https://www.eicindia.gov.in/WebApp1/pages/menuInfo/approvedCommoditiesList.xhtml?CT=FFP","EIC Approved Units - Fish & Fishery Products (FFP)","regulator","2026-02-09","EIC approved units list (FFP)","HIGH"
"1340","scope","Freezing of Raw Frozen Fish & Fishery Products (Block, IF & IQF","https://www.eicindia.gov.in/WebApp1/pages/menuInfo/approvedCommoditiesList.xhtml?CT=FFP","EIC Approved Units - Fish & Fishery Products (FFP)","regulator","2026-02-09","EIC approved units list (FFP)","HIGH"
"1340","expiry_date","21/05/2028","https://www.eicindia.gov.in/WebApp1/pages/menuInfo/approvedCommoditiesList.xhtml?CT=FFP","EIC Approved Units - Fish & Fishery Products (FFP)","regulator","2026-02-09","EIC approved units list (FFP)","HIGH"
"1342","plant_name","B-ONE BUSINESS HOUSE PVT. LTD","https://www.eicindia.gov.in/WebApp1/pages/menuInfo/approvedCommoditiesList.xhtml?CT=FFP","EIC Approved Units - Fish & Fishery Products (FFP)","regulator","2026-02-09","EIC approved units list (FFP)","HIGH"
"1342","address","PLOT NO-27, SEA FOOD PARK,
AT-HARIDAMADA,BHUBANESWAR,
DIST-KHORDA-752054,ODISHA,INDIA","https://www.eicindia.gov.in/WebApp1/pages/menuInfo/approvedCommoditiesList.xhtml?CT=FFP","EIC Approved Units - Fish & Fishery Products (FFP)","regulator","2026-02-09","EIC approved units list (FFP)","HIGH"
"1342","scope","Freezing of Raw Fish & Fishery Products(Block/IF/IQF) Crustaceans","https://www.eicindia.gov.in/WebApp1/pages/menuInfo/approvedCommoditiesList.xhtml?CT=FFP","EIC Approved Units - Fish & Fishery Products (FFP)","regulator","2026-02-09","EIC approved units list (FFP)","HIGH"
"1342","expiry_date","22/08/2028","https://www.eicindia.gov.in/WebApp1/pages/menuInfo/approvedCommoditiesList.xhtml?CT=FFP","EIC Approved Units - Fish & Fishery Products (FFP)","regulator","2026-02-09","EIC approved units list (FFP)","HIGH"
"1350","plant_name","B-ONE BUSINESS HOUSE PVT. LTD","https://www.eicindia.gov.in/WebApp1/pages/menuInfo/approvedCommoditiesList.xhtml?CT=FFP","EIC Approved Units - Fish & Fishery Products (FFP)","regulator","2026-02-09","EIC approved units list (FFP)","HIGH"
"1350","address","PLOT NO-3891/ 6236  , SRIKONCHANDIPUR   , 
BALASORE -756025 , ODISHA ,INDIA","https://www.eicindia.gov.in/WebApp1/pages/menuInfo/approvedCommoditiesList.xhtml?CT=FFP","EIC Approved Units - Fish & Fishery Products (FFP)","regulator","2026-02-09","EIC approved units list (FFP)","HIGH"
"1350","scope","Freezing of Raw Fish & Fishery Products(Block/IQF) Crustaceans","https://www.eicindia.gov.in/WebApp1/pages/menuInfo/approvedCommoditiesList.xhtml?CT=FFP","EIC Approved Units - Fish & Fishery Products (FFP)","regulator","2026-02-09","EIC approved units list (FFP)","HIGH"
"1350","expiry_date","14/04/2026","https://www.eicindia.gov.in/WebApp1/pages/menuInfo/approvedCommoditiesList.xhtml?CT=FFP","EIC Approved Units - Fish & Fishery Products (FFP)","regulator","2026-02-09","EIC approved units list (FFP)","HIGH"
"1357","plant_name","SREERAGAM EXPORTS PRIVATE LIMITED","https://www.eicindia.gov.in/WebApp1/pages/menuInfo/approvedCommoditiesList.xhtml?CT=FFP","EIC Approved Units - Fish & Fishery Products (FFP)","regulator","2026-02-09","EIC approved units list (FFP)","HIGH"
"1357","address","BENT,CHAMPAGARH,CHANDPUR,DIST-NAYAGARH,ODISHA, PIN-752024,INDIA","https://www.eicindia.gov.in/WebApp1/pages/menuInfo/approvedCommoditiesList.xhtml?CT=FFP","EIC Approved Units - Fish & Fishery Products (FFP)","regulator","2026-02-09","EIC approved units list (FFP)","HIGH"
"1357","scope","Freezing of raw Fish and Fishery Products (Block/IF/IQF)-Crustaceans,Cephalopods, Scrombroid & non-scrombroid Fishes","https://www.eicindia.gov.in/WebApp1/pages/menuInfo/approvedCommoditiesList.xhtml?CT=FFP","EIC Approved Units - Fish & Fishery Products (FFP)","regulator","2026-02-09","EIC approved units list (FFP)","HIGH"
"1357","expiry_date","29/07/2027","https://www.eicindia.gov.in/WebApp1/pages/menuInfo/approvedCommoditiesList.xhtml?CT=FFP","EIC Approved Units - Fish & Fishery Products (FFP)","regulator","2026-02-09","EIC approved units list (FFP)","HIGH"
"1359","plant_name","BASU INTERNATIONAL (UNIT V)","https://www.eicindia.gov.in/WebApp1/pages/menuInfo/approvedCommoditiesList.xhtml?CT=FFP","EIC Approved Units - Fish & Fishery Products (FFP)","regulator","2026-02-09","EIC approved units list (FFP)","HIGH"
"1359","address","JAGAIBASAN, P.O- DIGHA, DIST- PURBA MEDINIPUR, PIN-721428, WEST BENGAL","https://www.eicindia.gov.in/WebApp1/pages/menuInfo/approvedCommoditiesList.xhtml?CT=FFP","EIC Approved Units - Fish & Fishery Products (FFP)","regulator","2026-02-09","EIC approved units list (FFP)","HIGH"
"1359","scope","Packing of Fresh / Chilled Fish & Fishery Products & Freezing of Raw Fish & Fishery Products (Block Frozen / IF/ IQF) PPa","https://www.eicindia.gov.in/WebApp1/pages/menuInfo/approvedCommoditiesList.xhtml?CT=FFP","EIC Approved Units - Fish & Fishery Products (FFP)","regulator","2026-02-09","EIC approved units list (FFP)","HIGH"
"1359","expiry_date","06/01/2028","https://www.eicindia.gov.in/WebApp1/pages/menuInfo/approvedCommoditiesList.xhtml?CT=FFP","EIC Approved Units - Fish & Fishery Products (FFP)","regulator","2026-02-09","EIC approved units list (FFP)","HIGH"
"1362","plant_name","Aqua Fauna Exports","https://www.eicindia.gov.in/WebApp1/pages/menuInfo/approvedCommoditiesList.xhtml?CT=FFP","EIC Approved Units - Fish & Fishery Products (FFP)","regulator","2026-02-09","EIC approved units list (FFP)","HIGH"
"1362","address","Ward no. 5, 1112/1, Talikhola, Barasat, Barrackpore Road,West Bengal-700126","https://www.eicindia.gov.in/WebApp1/pages/menuInfo/approvedCommoditiesList.xhtml?CT=FFP","EIC Approved Units - Fish & Fishery Products (FFP)","regulator","2026-02-09","EIC approved units list (FFP)","HIGH"
"1362","scope","Packing of Fresh/Chilled Fish & Fishery Product","https://www.eicindia.gov.in/WebApp1/pages/menuInfo/approvedCommoditiesList.xhtml?CT=FFP","EIC Approved Units - Fish & Fishery Products (FFP)","regulator","2026-02-09","EIC approved units list (FFP)","HIGH"
"1362","expiry_date","15/02/2026","https://www.eicindia.gov.in/WebApp1/pages/menuInfo/approvedCommoditiesList.xhtml?CT=FFP","EIC Approved Units - Fish & Fishery Products (FFP)","regulator","2026-02-09","EIC approved units list (FFP)","HIGH"
"1363","plant_name","NDM SEAFOOD PROCESSORS AND EXPORTERS PRIVATE LIMITED","https://www.eicindia.gov.in/WebApp1/pages/menuInfo/approvedCommoditiesList.xhtml?CT=FFP","EIC Approved Units - Fish & Fishery Products (FFP)","regulator","2026-02-09","EIC approved units list (FFP)","HIGH"
"1363","address","Hosennabad Village, Mogra, Hooghly - 712148, West Bengal","https://www.eicindia.gov.in/WebApp1/pages/menuInfo/approvedCommoditiesList.xhtml?CT=FFP","EIC Approved Units - Fish & Fishery Products (FFP)","regulator","2026-02-09","EIC approved units list (FFP)","HIGH"
"1363","scope","Freezing of Raw Fish & Fishery Products (Block/IQF), Freezing of Blanched/Cooked Fish and Fishery Products(IQF) -Fishes (Histamine & Non- Histamine forming), Shrimps (Aquaculture/Sea caught/Wild caught)","https://www.eicindia.gov.in/WebApp1/pages/menuInfo/approvedCommoditiesList.xhtml?CT=FFP","EIC Approved Units - Fish & Fishery Products (FFP)","regulator","2026-02-09","EIC approved units list (FFP)","HIGH"
"1363","expiry_date","11/07/2027","https://www.eicindia.gov.in/WebApp1/pages/menuInfo/approvedCommoditiesList.xhtml?CT=FFP","EIC Approved Units - Fish & Fishery Products (FFP)","regulator","2026-02-09","EIC approved units list (FFP)","HIGH"
"1365","plant_name","Highland Agro Food Private Limited","https://www.eicindia.gov.in/WebApp1/pages/menuInfo/approvedCommoditiesList.xhtml?CT=FFP","EIC Approved Units - Fish & Fishery Products (FFP)","regulator","2026-02-09","EIC approved units list (FFP)","HIGH"
"1365","address","PLOT-NO.347-358,GADABHANGA,KHANTAPADA,BALASORE-756043,ODISHA","https://www.eicindia.gov.in/WebApp1/pages/menuInfo/approvedCommoditiesList.xhtml?CT=FFP","EIC Approved Units - Fish & Fishery Products (FFP)","regulator","2026-02-09","EIC approved units list (FFP)","HIGH"
"1365","scope","PACKING OF FRESH & CHILLED FISHERY PRODUCTS.","https://www.eicindia.gov.in/WebApp1/pages/menuInfo/approvedCommoditiesList.xhtml?CT=FFP","EIC Approved Units - Fish & Fishery Products (FFP)","regulator","2026-02-09","EIC approved units list (FFP)","HIGH"
"1365","expiry_date","14/08/2027","https://www.eicindia.gov.in/WebApp1/pages/menuInfo/approvedCommoditiesList.xhtml?CT=FFP","EIC Approved Units - Fish & Fishery Products (FFP)","regulator","2026-02-09","EIC approved units list (FFP)","HIGH"
"1366","plant_name","Orchid Marine Export pvt. Ltd,","https://www.eicindia.gov.in/WebApp1/pages/menuInfo/approvedCommoditiesList.xhtml?CT=FFP","EIC Approved Units - Fish & Fishery Products (FFP)","regulator","2026-02-09","EIC approved units list (FFP)","HIGH"
"1366","address","KHALADIHA,NO.1,BADASIMULIA,BALIAPAL,BALASORE-756026,ODISHA","https://www.eicindia.gov.in/WebApp1/pages/menuInfo/approvedCommoditiesList.xhtml?CT=FFP","EIC Approved Units - Fish & Fishery Products (FFP)","regulator","2026-02-09","EIC approved units list (FFP)","HIGH"
"1366","scope","Freezing of Raw Fish & Fishery Products(Block & IQF) Crustaceans only","https://www.eicindia.gov.in/WebApp1/pages/menuInfo/approvedCommoditiesList.xhtml?CT=FFP","EIC Approved Units - Fish & Fishery Products (FFP)","regulator","2026-02-09","EIC approved units list (FFP)","HIGH"
"1366","expiry_date","26/09/2027","https://www.eicindia.gov.in/WebApp1/pages/menuInfo/approvedCommoditiesList.xhtml?CT=FFP","EIC Approved Units - Fish & Fishery Products (FFP)","regulator","2026-02-09","EIC approved units list (FFP)","HIGH"
"1367","plant_name","Pasupati Aquatics Private Limited","https://www.eicindia.gov.in/WebApp1/pages/menuInfo/approvedCommoditiesList.xhtml?CT=FFP","EIC Approved Units - Fish & Fishery Products (FFP)","regulator","2026-02-09","EIC approved units list (FFP)","HIGH"
"1367","address","Haria, Atmaramchak, J.L. No. 131, P.O., Haria, P.S., Khejuri, Dist.-Purba Medinipur, West Bengal, Pin-721430, India","https://www.eicindia.gov.in/WebApp1/pages/menuInfo/approvedCommoditiesList.xhtml?CT=FFP","EIC Approved Units - Fish & Fishery Products (FFP)","regulator","2026-02-09","EIC approved units list (FFP)","HIGH"
"1367","scope","Freezing of Raw Frozen Fish & Fishery Products Ã?Â¢?? Block / IQF), Freezing of Blanched / Cooked Fish & Fishery Products Ã?Â¢?? (IQF)","https://www.eicindia.gov.in/WebApp1/pages/menuInfo/approvedCommoditiesList.xhtml?CT=FFP","EIC Approved Units - Fish & Fishery Products (FFP)","regulator","2026-02-09","EIC approved units list (FFP)","HIGH"
"1367","expiry_date","15/12/2027","https://www.eicindia.gov.in/WebApp1/pages/menuInfo/approvedCommoditiesList.xhtml?CT=FFP","EIC Approved Units - Fish & Fishery Products (FFP)","regulator","2026-02-09","EIC approved units list (FFP)","HIGH"
"1370","plant_name","Bhimraj Export","https://www.eicindia.gov.in/WebApp1/pages/menuInfo/approvedCommoditiesList.xhtml?CT=FFP","EIC Approved Units - Fish & Fishery Products (FFP)","regulator","2026-02-09","EIC approved units list (FFP)","HIGH"
"1370","address","BADAPOKHARIA,PO-NILAGIRI-PATANA,PS-NIRAKARPUR,KHURDA,ODISHA-752019","https://www.eicindia.gov.in/WebApp1/pages/menuInfo/approvedCommoditiesList.xhtml?CT=FFP","EIC Approved Units - Fish & Fishery Products (FFP)","regulator","2026-02-09","EIC approved units list (FFP)","HIGH"
"1370","scope","Freezing of raw Fish and Fishery Products (Block/IF/IQF)-Crustaceans,Cephalopods, Scrombroid & non-scrombroid Fin Fishes","https://www.eicindia.gov.in/WebApp1/pages/menuInfo/approvedCommoditiesList.xhtml?CT=FFP","EIC Approved Units - Fish & Fishery Products (FFP)","regulator","2026-02-09","EIC approved units list (FFP)","HIGH"
"1370","expiry_date","14/03/2028","https://www.eicindia.gov.in/WebApp1/pages/menuInfo/approvedCommoditiesList.xhtml?CT=FFP","EIC Approved Units - Fish & Fishery Products (FFP)","regulator","2026-02-09","EIC approved units list (FFP)","HIGH"
"1371","plant_name","AQUATECH FEED & SEAFOODS PRIVATE LIMITED","https://www.eicindia.gov.in/WebApp1/pages/menuInfo/approvedCommoditiesList.xhtml?CT=FFP","EIC Approved Units - Fish & Fishery Products (FFP)","regulator","2026-02-09","EIC approved units list (FFP)","HIGH"
"1371","address","HANUMAN COMPLEX, VILLAGE-ISLAMPUR, P.O-ISLAMPUR,DIST.-HOWRAH, WEST BENGAL-711401.","https://www.eicindia.gov.in/WebApp1/pages/menuInfo/approvedCommoditiesList.xhtml?CT=FFP","EIC Approved Units - Fish & Fishery Products (FFP)","regulator","2026-02-09","EIC approved units list (FFP)","HIGH"
"1371","scope","Freezing of Raw Fish & Fishery Products(Block, IF & IQF(Cooking/Blanching) )","https://www.eicindia.gov.in/WebApp1/pages/menuInfo/approvedCommoditiesList.xhtml?CT=FFP","EIC Approved Units - Fish & Fishery Products (FFP)","regulator","2026-02-09","EIC approved units list (FFP)","HIGH"
"1371","expiry_date","05/04/2028","https://www.eicindia.gov.in/WebApp1/pages/menuInfo/approvedCommoditiesList.xhtml?CT=FFP","EIC Approved Units - Fish & Fishery Products (FFP)","regulator","2026-02-09","EIC approved units list (FFP)","HIGH"
"1373","plant_name","SHNAKHA DEEP EXPORTS PRIVATE LIMITED(UNIT_II)","https://www.eicindia.gov.in/WebApp1/pages/menuInfo/approvedCommoditiesList.xhtml?CT=FFP","EIC Approved Units - Fish & Fishery Products (FFP)","regulator","2026-02-09","EIC approved units list (FFP)","HIGH"
"1373","address","CHONDIGORI, BADU, NORTH 24 PARGANAS, KOLKATA-700128, WEST BENGAL","https://www.eicindia.gov.in/WebApp1/pages/menuInfo/approvedCommoditiesList.xhtml?CT=FFP","EIC Approved Units - Fish & Fishery Products (FFP)","regulator","2026-02-09","EIC approved units list (FFP)","HIGH"
"1373","scope","FREEZENG OF RAW / COOKED FISH & FISHERY PRODUCTS (BLOCK, IF & IQF)","https://www.eicindia.gov.in/WebApp1/pages/menuInfo/approvedCommoditiesList.xhtml?CT=FFP","EIC Approved Units - Fish & Fishery Products (FFP)","regulator","2026-02-09","EIC approved units list (FFP)","HIGH"
"1373","expiry_date","18/05/2028","https://www.eicindia.gov.in/WebApp1/pages/menuInfo/approvedCommoditiesList.xhtml?CT=FFP","EIC Approved Units - Fish & Fishery Products (FFP)","regulator","2026-02-09","EIC approved units list (FFP)","HIGH"
"1378","plant_name","Ashadeep Aquaculture Pvt. Ltd","https://www.eicindia.gov.in/WebApp1/pages/menuInfo/approvedCommoditiesList.xhtml?CT=FFP","EIC Approved Units - Fish & Fishery Products (FFP)","regulator","2026-02-09","EIC approved units list (FFP)","HIGH"
"1378","address","Plot No. -768, 751, 764 / 842, 443, 766, 767, 448, 441, Tinipada, Jugal Kishorepur, Mankhani, PS:Khantapada, Dist: Balasore, Odisha, Pin-756043","https://www.eicindia.gov.in/WebApp1/pages/menuInfo/approvedCommoditiesList.xhtml?CT=FFP","EIC Approved Units - Fish & Fishery Products (FFP)","regulator","2026-02-09","EIC approved units list (FFP)","HIGH"
"1378","scope","Freezing of Raw Fish & Fishery Products (Block/Blast)-Crustaceans, Cephalopods Scrombroid & Non-Scrombroid Fin Fishes","https://www.eicindia.gov.in/WebApp1/pages/menuInfo/approvedCommoditiesList.xhtml?CT=FFP","EIC Approved Units - Fish & Fishery Products (FFP)","regulator","2026-02-09","EIC approved units list (FFP)","HIGH"
"1378","expiry_date","04/04/2026","https://www.eicindia.gov.in/WebApp1/pages/menuInfo/approvedCommoditiesList.xhtml?CT=FFP","EIC Approved Units - Fish & Fishery Products (FFP)","regulator","2026-02-09","EIC approved units list (FFP)","HIGH"
"1381","plant_name","Snow World Marine Exports Private Limited","https://www.eicindia.gov.in/WebApp1/pages/menuInfo/approvedCommoditiesList.xhtml?CT=FFP","EIC Approved Units - Fish & Fishery Products (FFP)","regulator","2026-02-09","EIC approved units list (FFP)","HIGH"
"1381","address","BAHAL, REMUNA, BALASORE,
ODISHA -756060, INDIA","https://www.eicindia.gov.in/WebApp1/pages/menuInfo/approvedCommoditiesList.xhtml?CT=FFP","EIC Approved Units - Fish & Fishery Products (FFP)","regulator","2026-02-09","EIC approved units list (FFP)","HIGH"
"1381","scope","All countries excluding uncooked prawns to Australia","https://www.eicindia.gov.in/WebApp1/pages/menuInfo/approvedCommoditiesList.xhtml?CT=FFP","EIC Approved Units - Fish & Fishery Products (FFP)","regulator","2026-02-09","EIC approved units list (FFP)","HIGH"
"1381","expiry_date","28/08/2026","https://www.eicindia.gov.in/WebApp1/pages/menuInfo/approvedCommoditiesList.xhtml?CT=FFP","EIC Approved Units - Fish & Fishery Products (FFP)","regulator","2026-02-09","EIC approved units list (FFP)","HIGH"
"1382","plant_name","BRC MARINE PRODUCTS","https://www.eicindia.gov.in/WebApp1/pages/menuInfo/approvedCommoditiesList.xhtml?CT=FFP","EIC Approved Units - Fish & Fishery Products (FFP)","regulator","2026-02-09","EIC approved units list (FFP)","HIGH"
"1382","address","Plot No. 288/1123, 288/1124, Narasingh prasad, P.O: Dosinga, Via- Dhamara, Dist: Bhadrak, Odisha, PIN: 756171 
Call: 9678071393
Email: brc.marine@outlook.com","https://www.eicindia.gov.in/WebApp1/pages/menuInfo/approvedCommoditiesList.xhtml?CT=FFP","EIC Approved Units - Fish & Fishery Products (FFP)","regulator","2026-02-09","EIC approved units list (FFP)","HIGH"
"1382","scope","No Change in scope but country need to be corrected as "All countries other than uncooked prawns to Australia".","https://www.eicindia.gov.in/WebApp1/pages/menuInfo/approvedCommoditiesList.xhtml?CT=FFP","EIC Approved Units - Fish & Fishery Products (FFP)","regulator","2026-02-09","EIC approved units list (FFP)","HIGH"
"1382","expiry_date","02/11/2026","https://www.eicindia.gov.in/WebApp1/pages/menuInfo/approvedCommoditiesList.xhtml?CT=FFP","EIC Approved Units - Fish & Fishery Products (FFP)","regulator","2026-02-09","EIC approved units list (FFP)","HIGH"
"1383","plant_name","GADRE MARINE EXPORT PRIVATE LIMITED","https://www.eicindia.gov.in/WebApp1/pages/menuInfo/approvedCommoditiesList.xhtml?CT=FFP","EIC Approved Units - Fish & Fishery Products (FFP)","regulator","2026-02-09","EIC approved units list (FFP)","HIGH"
"1383","address","Surimi Unit, Salt Road, Tundara, PO Inchudi, Remuna Block, Balasore 756021, Odisha.","https://www.eicindia.gov.in/WebApp1/pages/menuInfo/approvedCommoditiesList.xhtml?CT=FFP","EIC Approved Units - Fish & Fishery Products (FFP)","regulator","2026-02-09","EIC approved units list (FFP)","HIGH"
"1383","scope","Raw Frozen F & FP (Block frozen)","https://www.eicindia.gov.in/WebApp1/pages/menuInfo/approvedCommoditiesList.xhtml?CT=FFP","EIC Approved Units - Fish & Fishery Products (FFP)","regulator","2026-02-09","EIC approved units list (FFP)","HIGH"
"1383","expiry_date","31/12/2026","https://www.eicindia.gov.in/WebApp1/pages/menuInfo/approvedCommoditiesList.xhtml?CT=FFP","EIC Approved Units - Fish & Fishery Products (FFP)","regulator","2026-02-09","EIC approved units list (FFP)","HIGH"
"1385","plant_name","ABBA KABA OVERSEAS PRIVATE LIMITED","https://www.eicindia.gov.in/WebApp1/pages/menuInfo/approvedCommoditiesList.xhtml?CT=FFP","EIC Approved Units - Fish & Fishery Products (FFP)","regulator","2026-02-09","EIC approved units list (FFP)","HIGH"
"1385","address","At- Mulijhara, Po- Kusumi, P.S- Tangi, Dist-Khurdha, State- Odisha, Pin- 752021","https://www.eicindia.gov.in/WebApp1/pages/menuInfo/approvedCommoditiesList.xhtml?CT=FFP","EIC Approved Units - Fish & Fishery Products (FFP)","regulator","2026-02-09","EIC approved units list (FFP)","HIGH"
"1385","scope","Raw Frozen Fish and Fishery Products (Block & IQF)","https://www.eicindia.gov.in/WebApp1/pages/menuInfo/approvedCommoditiesList.xhtml?CT=FFP","EIC Approved Units - Fish & Fishery Products (FFP)","regulator","2026-02-09","EIC approved units list (FFP)","HIGH"
"1385","expiry_date","20/03/2027","https://www.eicindia.gov.in/WebApp1/pages/menuInfo/approvedCommoditiesList.xhtml?CT=FFP","EIC Approved Units - Fish & Fishery Products (FFP)","regulator","2026-02-09","EIC approved units list (FFP)","HIGH"
"1387","plant_name","SEA DORIS MARINE EXPORTS","https://www.eicindia.gov.in/WebApp1/pages/menuInfo/approvedCommoditiesList.xhtml?CT=FFP","EIC Approved Units - Fish & Fishery Products (FFP)","regulator","2026-02-09","EIC approved units list (FFP)","HIGH"
"1387","address","Dag No.-756,J.L. No.-96,
Mouza-Chandipur,
P.O.-B. Gobindapur,
P.S.-Bhangar, Dist.-South 24 Parganas, West Bengal,
PIN-743502, India","https://www.eicindia.gov.in/WebApp1/pages/menuInfo/approvedCommoditiesList.xhtml?CT=FFP","EIC Approved Units - Fish & Fishery Products (FFP)","regulator","2026-02-09","EIC approved units list (FFP)","HIGH"
"1387","scope","a) To process F & FP for export to all countries
     excluding CU & uncooked prawns to Australia.","https://www.eicindia.gov.in/WebApp1/pages/menuInfo/approvedCommoditiesList.xhtml?CT=FFP","EIC Approved Units - Fish & Fishery Products (FFP)","regulator","2026-02-09","EIC approved units list (FFP)","HIGH"
"1387","expiry_date","20/03/2027","https://www.eicindia.gov.in/WebApp1/pages/menuInfo/approvedCommoditiesList.xhtml?CT=FFP","EIC Approved Units - Fish & Fishery Products (FFP)","regulator","2026-02-09","EIC approved units list (FFP)","HIGH"
"146","plant_name","Rahul Foods (Goa)","https://www.eicindia.gov.in/WebApp1/pages/menuInfo/approvedCommoditiesList.xhtml?CT=FFP","EIC Approved Units - Fish & Fishery Products (FFP)","regulator","2026-02-09","EIC approved units list (FFP)","HIGH"
"146","address","Next to Government Fish Farm, Dauji, Ela, Old-Goa, Goa-403402, India","https://www.eicindia.gov.in/WebApp1/pages/menuInfo/approvedCommoditiesList.xhtml?CT=FFP","EIC Approved Units - Fish & Fishery Products (FFP)","regulator","2026-02-09","EIC approved units list (FFP)","HIGH"
"146","scope","Frozen (Block/IF-Blast) Raw Fish and Fishery Products (Excluding Aquaculture)","https://www.eicindia.gov.in/WebApp1/pages/menuInfo/approvedCommoditiesList.xhtml?CT=FFP","EIC Approved Units - Fish & Fishery Products (FFP)","regulator","2026-02-09","EIC approved units list (FFP)","HIGH"
"146","expiry_date","12/02/2026","https://www.eicindia.gov.in/WebApp1/pages/menuInfo/approvedCommoditiesList.xhtml?CT=FFP","EIC Approved Units - Fish & Fishery Products (FFP)","regulator","2026-02-09","EIC approved units list (FFP)","HIGH"
"1501","plant_name","A M FISHERIES","https://www.eicindia.gov.in/WebApp1/pages/menuInfo/approvedCommoditiesList.xhtml?CT=FFP","EIC Approved Units - Fish & Fishery Products (FFP)","regulator","2026-02-09","EIC approved units list (FFP)","HIGH"
"1501","address","XIII/378,Kakkazhom Vandanam P.O.,Ambalapuzha Alappuzha-688005, Kerala","https://www.eicindia.gov.in/WebApp1/pages/menuInfo/approvedCommoditiesList.xhtml?CT=FFP","EIC Approved Units - Fish & Fishery Products (FFP)","regulator","2026-02-09","EIC approved units list (FFP)","HIGH"
"1501","scope","Packing of Fresh/Chilled F & FP Freezing of Raw/ Blanched F & FP (Block /Blast/IQF): Fishes (Histamine and Non-Histamine) Shrimps  (Sea caught /Aquaculture)  & Cephalopods. IQF of cooked Shrimps (Sea caught & Aquaculture).","https://www.eicindia.gov.in/WebApp1/pages/menuInfo/approvedCommoditiesList.xhtml?CT=FFP","EIC Approved Units - Fish & Fishery Products (FFP)","regulator","2026-02-09","EIC approved units list (FFP)","HIGH"
"1501","expiry_date","12/12/2027","https://www.eicindia.gov.in/WebApp1/pages/menuInfo/approvedCommoditiesList.xhtml?CT=FFP","EIC Approved Units - Fish & Fishery Products (FFP)","regulator","2026-02-09","EIC approved units list (FFP)","HIGH"
"1503","plant_name","FEBIN MARINE FOODS","https://www.eicindia.gov.in/WebApp1/pages/menuInfo/approvedCommoditiesList.xhtml?CT=FFP","EIC Approved Units - Fish & Fishery Products (FFP)","regulator","2026-02-09","EIC approved units list (FFP)","HIGH"
"1503","address","ERAMALLOOR , ALAPPUZHA-688537,KERALA,INDIA.","https://www.eicindia.gov.in/WebApp1/pages/menuInfo/approvedCommoditiesList.xhtml?CT=FFP","EIC Approved Units - Fish & Fishery Products (FFP)","regulator","2026-02-09","EIC approved units list (FFP)","HIGH"
"1503","scope","Freezing of Raw/Blanched /Cooked/Frozen Breaded Fish & Fishery products IQF, Freezing of  Raw Marinated Shrimps ,Frozen Cooked & Peeled Shrimps , Frozen Crab meat- Fishes (Histamine & Non Histamine forming), Crustaceans- Shrimps (Aquaculture /Sea Caught/Wide Caught), Crabs (Sea Caught/Wide Caught) & Cephalopods.","https://www.eicindia.gov.in/WebApp1/pages/menuInfo/approvedCommoditiesList.xhtml?CT=FFP","EIC Approved Units - Fish & Fishery Products (FFP)","regulator","2026-02-09","EIC approved units list (FFP)","HIGH"
"1503","expiry_date","23/01/2028","https://www.eicindia.gov.in/WebApp1/pages/menuInfo/approvedCommoditiesList.xhtml?CT=FFP","EIC Approved Units - Fish & Fishery Products (FFP)","regulator","2026-02-09","EIC approved units list (FFP)","HIGH"
"1504","plant_name","GRAND MARINE FOODS","https://www.eicindia.gov.in/WebApp1/pages/menuInfo/approvedCommoditiesList.xhtml?CT=FFP","EIC Approved Units - Fish & Fishery Products (FFP)","regulator","2026-02-09","EIC approved units list (FFP)","HIGH"
"1504","address","11/750A, Industrial Development Area, Aroor P.O., Pin-688534, Alappuzha District, Kerala","https://www.eicindia.gov.in/WebApp1/pages/menuInfo/approvedCommoditiesList.xhtml?CT=FFP","EIC Approved Units - Fish & Fishery Products (FFP)","regulator","2026-02-09","EIC approved units list (FFP)","HIGH"
"1504","scope","Packing of Fresh Chilled Fish & Fishery Products and Freezing of Raw Blanched Fish & Fishery Products (Block/Blast/IF/IQF), Freezing of Blanched Fish & Fishery Products (IQF) â?? Fishes (Histamine & Non- Histamine forming), Crustaceans-Shrimps (Aquaculture/Sea caught), Lobsters & Cephalopods, Freezing of (cooked Shrimps & Cephalopods)","https://www.eicindia.gov.in/WebApp1/pages/menuInfo/approvedCommoditiesList.xhtml?CT=FFP","EIC Approved Units - Fish & Fishery Products (FFP)","regulator","2026-02-09","EIC approved units list (FFP)","HIGH"
"1504","expiry_date","26/03/2028","https://www.eicindia.gov.in/WebApp1/pages/menuInfo/approvedCommoditiesList.xhtml?CT=FFP","EIC Approved Units - Fish & Fishery Products (FFP)","regulator","2026-02-09","EIC approved units list (FFP)","HIGH"
"1511","plant_name","Mukka Proteins Limited","https://www.eicindia.gov.in/WebApp1/pages/menuInfo/approvedCommoditiesList.xhtml?CT=FFP","EIC Approved Units - Fish & Fishery Products (FFP)","regulator","2026-02-09","EIC approved units list (FFP)","HIGH"
"1511","address","D.NO.14-161 to 164, Sasihithlu road, Mukka,Mangalore-575021,Karnataka.","https://www.eicindia.gov.in/WebApp1/pages/menuInfo/approvedCommoditiesList.xhtml?CT=FFP","EIC Approved Units - Fish & Fishery Products (FFP)","regulator","2026-02-09","EIC approved units list (FFP)","HIGH"
"1511","scope","Processing of Steam Dried Fish Meal, Fish Oil and Fish Soluble Paste (Not fit for Human Consumption)","https://www.eicindia.gov.in/WebApp1/pages/menuInfo/approvedCommoditiesList.xhtml?CT=FFP","EIC Approved Units - Fish & Fishery Products (FFP)","regulator","2026-02-09","EIC approved units list (FFP)","HIGH"
"1511","expiry_date","17/04/2028","https://www.eicindia.gov.in/WebApp1/pages/menuInfo/approvedCommoditiesList.xhtml?CT=FFP","EIC Approved Units - Fish & Fishery Products (FFP)","regulator","2026-02-09","EIC approved units list (FFP)","HIGH"
"1512","plant_name","Janatha Fish Meal & Oil Products","https://www.eicindia.gov.in/WebApp1/pages/menuInfo/approvedCommoditiesList.xhtml?CT=FFP","EIC Approved Units - Fish & Fishery Products (FFP)","regulator","2026-02-09","EIC approved units list (FFP)","HIGH"
"1512","address","Manoor Fisheries Road,Kota-576221, UdupiDist,Karnataka","https://www.eicindia.gov.in/WebApp1/pages/menuInfo/approvedCommoditiesList.xhtml?CT=FFP","EIC Approved Units - Fish & Fishery Products (FFP)","regulator","2026-02-09","EIC approved units list (FFP)","HIGH"
"1512","scope","Processing & Packing of Steam Dried Fish Meal, Fish oil, Fish Soluble & Fish Soluble Powder (Not fit for Human Consumption)","https://www.eicindia.gov.in/WebApp1/pages/menuInfo/approvedCommoditiesList.xhtml?CT=FFP","EIC Approved Units - Fish & Fishery Products (FFP)","regulator","2026-02-09","EIC approved units list (FFP)","HIGH"
"1512","expiry_date","25/06/2028","https://www.eicindia.gov.in/WebApp1/pages/menuInfo/approvedCommoditiesList.xhtml?CT=FFP","EIC Approved Units - Fish & Fishery Products (FFP)","regulator","2026-02-09","EIC approved units list (FFP)","HIGH"
"1517","plant_name","Bawa FishMeal & Oil Co","https://www.eicindia.gov.in/WebApp1/pages/menuInfo/approvedCommoditiesList.xhtml?CT=FFP","EIC Approved Units - Fish & Fishery Products (FFP)","regulator","2026-02-09","EIC approved units list (FFP)","HIGH"
"1517","address","D. No. 15-3 & 15-4, Sasihithlu Road, Mukka, Surathkal,Mangalore-575021,Karnataka","https://www.eicindia.gov.in/WebApp1/pages/menuInfo/approvedCommoditiesList.xhtml?CT=FFP","EIC Approved Units - Fish & Fishery Products (FFP)","regulator","2026-02-09","EIC approved units list (FFP)","HIGH"
"1517","scope","Processing and Packing of Steam Dried Fish Meal, Fish Soluble Paste and Fish Oil (Not Fit for Human Consumption)","https://www.eicindia.gov.in/WebApp1/pages/menuInfo/approvedCommoditiesList.xhtml?CT=FFP","EIC Approved Units - Fish & Fishery Products (FFP)","regulator","2026-02-09","EIC approved units list (FFP)","HIGH"
"1517","expiry_date","13/02/2026","https://www.eicindia.gov.in/WebApp1/pages/menuInfo/approvedCommoditiesList.xhtml?CT=FFP","EIC Approved Units - Fish & Fishery Products (FFP)","regulator","2026-02-09","EIC approved units list (FFP)","HIGH"
"1521","plant_name","M/s Seafood Innovations","https://www.eicindia.gov.in/WebApp1/pages/menuInfo/approvedCommoditiesList.xhtml?CT=FFP","EIC Approved Units - Fish & Fishery Products (FFP)","regulator","2026-02-09","EIC approved units list (FFP)","HIGH"
"1521","address","Kodamthuruthu, Kuthiathode P.O., Cherthala, Alappuzha Dist., 688538, Kerala","https://www.eicindia.gov.in/WebApp1/pages/menuInfo/approvedCommoditiesList.xhtml?CT=FFP","EIC Approved Units - Fish & Fishery Products (FFP)","regulator","2026-02-09","EIC approved units list (FFP)","HIGH"
"1521","scope","Freezing of Raw Fish & Fishery Products (Block/Blast/IF/IQF), Freezing of Blanched & Cooked Fishery Products (IQF) Shrimps (Sea-caught & Aquaculture) & Cephalopods and Histamine & Non-Histamine forming fishes","https://www.eicindia.gov.in/WebApp1/pages/menuInfo/approvedCommoditiesList.xhtml?CT=FFP","EIC Approved Units - Fish & Fishery Products (FFP)","regulator","2026-02-09","EIC approved units list (FFP)","HIGH"
"1521","expiry_date","08/07/2027","https://www.eicindia.gov.in/WebApp1/pages/menuInfo/approvedCommoditiesList.xhtml?CT=FFP","EIC Approved Units - Fish & Fishery Products (FFP)","regulator","2026-02-09","EIC approved units list (FFP)","HIGH"
"1523","plant_name","DOLPHIN WIRES PRIVATE LIMITED","https://www.eicindia.gov.in/WebApp1/pages/menuInfo/approvedCommoditiesList.xhtml?CT=FFP","EIC Approved Units - Fish & Fishery Products (FFP)","regulator","2026-02-09","EIC approved units list (FFP)","HIGH"
"1523","address","AP II/722, INDUSTRIAL ESTATEAROOR, ALAPPUZHA-688534KERALA, INDIA","https://www.eicindia.gov.in/WebApp1/pages/menuInfo/approvedCommoditiesList.xhtml?CT=FFP","EIC Approved Units - Fish & Fishery Products (FFP)","regulator","2026-02-09","EIC approved units list (FFP)","HIGH"
"1523","scope","Freezing of Raw  Fish & Fishery Products(Block/IF) Fishes(Histamine & Non Histamine forming) Shrimps - (Sea Caught/Wild Caught/Aquaculture) & Cephalopods","https://www.eicindia.gov.in/WebApp1/pages/menuInfo/approvedCommoditiesList.xhtml?CT=FFP","EIC Approved Units - Fish & Fishery Products (FFP)","regulator","2026-02-09","EIC approved units list (FFP)","HIGH"
"1523","expiry_date","08/10/2027","https://www.eicindia.gov.in/WebApp1/pages/menuInfo/approvedCommoditiesList.xhtml?CT=FFP","EIC Approved Units - Fish & Fishery Products (FFP)","regulator","2026-02-09","EIC approved units list (FFP)","HIGH"
"1524","plant_name","Arbee Biomarine Extracts Private Limited","https://www.eicindia.gov.in/WebApp1/pages/menuInfo/approvedCommoditiesList.xhtml?CT=FFP","EIC Approved Units - Fish & Fishery Products (FFP)","regulator","2026-02-09","EIC approved units list (FFP)","HIGH"
"1524","address","Plot No.13/P2, Thandya Industrial Area, Nanjangudi Dist., Mysore-570302, Karnataka","https://www.eicindia.gov.in/WebApp1/pages/menuInfo/approvedCommoditiesList.xhtml?CT=FFP","EIC Approved Units - Fish & Fishery Products (FFP)","regulator","2026-02-09","EIC approved units list (FFP)","HIGH"
"1524","scope","Processing and packing of Fish Oil-Ester, Purified Fish Oil-Ester (Enzymatic), Semi-Refined Fish Oil - Fit for Human Consumption)","https://www.eicindia.gov.in/WebApp1/pages/menuInfo/approvedCommoditiesList.xhtml?CT=FFP","EIC Approved Units - Fish & Fishery Products (FFP)","regulator","2026-02-09","EIC approved units list (FFP)","HIGH"
"1524","expiry_date","03/11/2027","https://www.eicindia.gov.in/WebApp1/pages/menuInfo/approvedCommoditiesList.xhtml?CT=FFP","EIC Approved Units - Fish & Fishery Products (FFP)","regulator","2026-02-09","EIC approved units list (FFP)","HIGH"
"1525","plant_name","International Freezfish Exports (Unit 1)","https://www.eicindia.gov.in/WebApp1/pages/menuInfo/approvedCommoditiesList.xhtml?CT=FFP","EIC Approved Units - Fish & Fishery Products (FFP)","regulator","2026-02-09","EIC approved units list (FFP)","HIGH"
"1525","address","A P II/ 810, Industrial Estate, Aroor- 688534, Alleppey Dist. Kerala","https://www.eicindia.gov.in/WebApp1/pages/menuInfo/approvedCommoditiesList.xhtml?CT=FFP","EIC Approved Units - Fish & Fishery Products (FFP)","regulator","2026-02-09","EIC approved units list (FFP)","HIGH"
"1525","scope","Freezing of Raw Fish& fishery products((Block/IF/IQF),Fishes Histamine and Non-Histamine Forming) ,Shrimps(Seacaught & Aquaculture)&Cephalopodes Category-PPa","https://www.eicindia.gov.in/WebApp1/pages/menuInfo/approvedCommoditiesList.xhtml?CT=FFP","EIC Approved Units - Fish & Fishery Products (FFP)","regulator","2026-02-09","EIC approved units list (FFP)","HIGH"
"1525","expiry_date","04/03/2028","https://www.eicindia.gov.in/WebApp1/pages/menuInfo/approvedCommoditiesList.xhtml?CT=FFP","EIC Approved Units - Fish & Fishery Products (FFP)","regulator","2026-02-09","EIC approved units list (FFP)","HIGH"
"1526","plant_name","United Marine Products","https://www.eicindia.gov.in/WebApp1/pages/menuInfo/approvedCommoditiesList.xhtml?CT=FFP","EIC Approved Units - Fish & Fishery Products (FFP)","regulator","2026-02-09","EIC approved units list (FFP)","HIGH"
"1526","address","Door No.1-1/20, Sea Road, Kotepura, Mangalore, Ullal-575020,","https://www.eicindia.gov.in/WebApp1/pages/menuInfo/approvedCommoditiesList.xhtml?CT=FFP","EIC Approved Units - Fish & Fishery Products (FFP)","regulator","2026-02-09","EIC approved units list (FFP)","HIGH"
"1526","scope","Processing and Packing of Steam Dried Fish Meal, Fish Oil & Fish Soluble Paste (Not fit for Human Consumption).","https://www.eicindia.gov.in/WebApp1/pages/menuInfo/approvedCommoditiesList.xhtml?CT=FFP","EIC Approved Units - Fish & Fishery Products (FFP)","regulator","2026-02-09","EIC approved units list (FFP)","HIGH"
"1526","expiry_date","10/03/2028","https://www.eicindia.gov.in/WebApp1/pages/menuInfo/approvedCommoditiesList.xhtml?CT=FFP","EIC Approved Units - Fish & Fishery Products (FFP)","regulator","2026-02-09","EIC approved units list (FFP)","HIGH"
"1539","plant_name","Foodco Delicacies India (P) Ltd.","https://www.eicindia.gov.in/WebApp1/pages/menuInfo/approvedCommoditiesList.xhtml?CT=FFP","EIC Approved Units - Fish & Fishery Products (FFP)","regulator","2026-02-09","EIC approved units list (FFP)","HIGH"
"1539","address","XI/46R, Trichattukulam P.O, Cherthala, Alappuzha-688526,Kerala","https://www.eicindia.gov.in/WebApp1/pages/menuInfo/approvedCommoditiesList.xhtml?CT=FFP","EIC Approved Units - Fish & Fishery Products (FFP)","regulator","2026-02-09","EIC approved units list (FFP)","HIGH"
"1539","scope","Packing of Fresh/Chilled Fish & Fishery Products, Freezing of Raw Fish & Fishery Products(Block/Blast/IF),
 Fishes(Histamine & Non-Histamine forming) Shrimps(Sea-Caught and Aqaculture) & Cephalapods","https://www.eicindia.gov.in/WebApp1/pages/menuInfo/approvedCommoditiesList.xhtml?CT=FFP","EIC Approved Units - Fish & Fishery Products (FFP)","regulator","2026-02-09","EIC approved units list (FFP)","HIGH"
"1539","expiry_date","19/04/2026","https://www.eicindia.gov.in/WebApp1/pages/menuInfo/approvedCommoditiesList.xhtml?CT=FFP","EIC Approved Units - Fish & Fishery Products (FFP)","regulator","2026-02-09","EIC approved units list (FFP)","HIGH"
"1543","plant_name","ARBEE AQUATIC PROTEINS PVT. LTD.","https://www.eicindia.gov.in/WebApp1/pages/menuInfo/approvedCommoditiesList.xhtml?CT=FFP","EIC Approved Units - Fish & Fishery Products (FFP)","regulator","2026-02-09","EIC approved units list (FFP)","HIGH"
"1543","address","AP-II/723, Aroor Industrial Area, Aroor-688534, Alleppey Dist., Kerala","https://www.eicindia.gov.in/WebApp1/pages/menuInfo/approvedCommoditiesList.xhtml?CT=FFP","EIC Approved Units - Fish & Fishery Products (FFP)","regulator","2026-02-09","EIC approved units list (FFP)","HIGH"
"1543","scope","Processing and Packing of Steam Dried Fish Meal and Fish oil (Not fit for Human Consumption)","https://www.eicindia.gov.in/WebApp1/pages/menuInfo/approvedCommoditiesList.xhtml?CT=FFP","EIC Approved Units - Fish & Fishery Products (FFP)","regulator","2026-02-09","EIC approved units list (FFP)","HIGH"
"1543","expiry_date","01/09/2027","https://www.eicindia.gov.in/WebApp1/pages/menuInfo/approvedCommoditiesList.xhtml?CT=FFP","EIC Approved Units - Fish & Fishery Products (FFP)","regulator","2026-02-09","EIC approved units list (FFP)","HIGH"
"1544","plant_name","BATHSHA MARINE EXPORTS PVT LTD","https://www.eicindia.gov.in/WebApp1/pages/menuInfo/approvedCommoditiesList.xhtml?CT=FFP","EIC Approved Units - Fish & Fishery Products (FFP)","regulator","2026-02-09","EIC approved units list (FFP)","HIGH"
"1544","address","BUILDING NO.II/732, INDUSTRIAL ESTATE, AROOR,ALAPPUZHA, KERALA-688534  INDIA","https://www.eicindia.gov.in/WebApp1/pages/menuInfo/approvedCommoditiesList.xhtml?CT=FFP","EIC Approved Units - Fish & Fishery Products (FFP)","regulator","2026-02-09","EIC approved units list (FFP)","HIGH"
"1544","scope","PACKING OF FRESH/ CHILLED FISH & FISHERY PRODUCTS, RAW FROZEN FISH & FISHERY PRODUCTS ( BLOCK/ BLAST FROZEN, INDIVIDUALY FROZEN) - FISHES (HISTAMINE & NON-HISTAMINE FORMING), SHRIMPS (SEA-CAUGHT/ WILD CAUGHT & AQUACULTURE) & CEPHALOPODS","https://www.eicindia.gov.in/WebApp1/pages/menuInfo/approvedCommoditiesList.xhtml?CT=FFP","EIC Approved Units - Fish & Fishery Products (FFP)","regulator","2026-02-09","EIC approved units list (FFP)","HIGH"
"1544","expiry_date","28/09/2027","https://www.eicindia.gov.in/WebApp1/pages/menuInfo/approvedCommoditiesList.xhtml?CT=FFP","EIC Approved Units - Fish & Fishery Products (FFP)","regulator","2026-02-09","EIC approved units list (FFP)","HIGH"
"1546","plant_name","Ullal Fish Meal & Oil Company","https://www.eicindia.gov.in/WebApp1/pages/menuInfo/approvedCommoditiesList.xhtml?CT=FFP","EIC Approved Units - Fish & Fishery Products (FFP)","regulator","2026-02-09","EIC approved units list (FFP)","HIGH"
"1546","address","D.No.1-19/ISeaRoad,Kotepura,Ullal, Mangalore-575020","https://www.eicindia.gov.in/WebApp1/pages/menuInfo/approvedCommoditiesList.xhtml?CT=FFP","EIC Approved Units - Fish & Fishery Products (FFP)","regulator","2026-02-09","EIC approved units list (FFP)","HIGH"
"1546","scope","ProcessingSteamDriedFishMeal&FishOil(NotfitforHumanConsumption)","https://www.eicindia.gov.in/WebApp1/pages/menuInfo/approvedCommoditiesList.xhtml?CT=FFP","EIC Approved Units - Fish & Fishery Products (FFP)","regulator","2026-02-09","EIC approved units list (FFP)","HIGH"
"1546","expiry_date","25/11/2027","https://www.eicindia.gov.in/WebApp1/pages/menuInfo/approvedCommoditiesList.xhtml?CT=FFP","EIC Approved Units - Fish & Fishery Products (FFP)","regulator","2026-02-09","EIC approved units list (FFP)","HIGH"
"1549","plant_name","EMINENT SEAFOODS PVT LTD","https://www.eicindia.gov.in/WebApp1/pages/menuInfo/approvedCommoditiesList.xhtml?CT=FFP","EIC Approved Units - Fish & Fishery Products (FFP)","regulator","2026-02-09","EIC approved units list (FFP)","HIGH"
"1549","address","16/1127A, PLOT NO.9, COCHIN FISHERIES HARBOUR , THOPPUMPADY ,COCHIN -682005","https://www.eicindia.gov.in/WebApp1/pages/menuInfo/approvedCommoditiesList.xhtml?CT=FFP","EIC Approved Units - Fish & Fishery Products (FFP)","regulator","2026-02-09","EIC approved units list (FFP)","HIGH"
"1549","scope","Packing of Raw Fish  & fishery products(Block /Blast, Individually Frozen ) Shrimps ( Sea Caught & Aquaculture ) & Cephalopods /Histamine & Non -Histamine Forming  Fishes( SeaCaught)","https://www.eicindia.gov.in/WebApp1/pages/menuInfo/approvedCommoditiesList.xhtml?CT=FFP","EIC Approved Units - Fish & Fishery Products (FFP)","regulator","2026-02-09","EIC approved units list (FFP)","HIGH"
"1549","expiry_date","17/04/2028","https://www.eicindia.gov.in/WebApp1/pages/menuInfo/approvedCommoditiesList.xhtml?CT=FFP","EIC Approved Units - Fish & Fishery Products (FFP)","regulator","2026-02-09","EIC approved units list (FFP)","HIGH"
"1556","plant_name","AUTHENTIC OCEAN TREASURE","https://www.eicindia.gov.in/WebApp1/pages/menuInfo/approvedCommoditiesList.xhtml?CT=FFP","EIC Approved Units - Fish & Fishery Products (FFP)","regulator","2026-02-09","EIC approved units list (FFP)","HIGH"
"1556","address","Plot No. 1P-63A, M.S.E.Z., Mangalore Karnataka, Pin- 574142","https://www.eicindia.gov.in/WebApp1/pages/menuInfo/approvedCommoditiesList.xhtml?CT=FFP","EIC Approved Units - Fish & Fishery Products (FFP)","regulator","2026-02-09","EIC approved units list (FFP)","HIGH"
"1556","scope","Manufacturing of Frozen Surimi (Block)","https://www.eicindia.gov.in/WebApp1/pages/menuInfo/approvedCommoditiesList.xhtml?CT=FFP","EIC Approved Units - Fish & Fishery Products (FFP)","regulator","2026-02-09","EIC approved units list (FFP)","HIGH"
"1556","expiry_date","31/07/2027","https://www.eicindia.gov.in/WebApp1/pages/menuInfo/approvedCommoditiesList.xhtml?CT=FFP","EIC Approved Units - Fish & Fishery Products (FFP)","regulator","2026-02-09","EIC approved units list (FFP)","HIGH"
"1557","plant_name","Malpefresh Marine Export Private Limited","https://www.eicindia.gov.in/WebApp1/pages/menuInfo/approvedCommoditiesList.xhtml?CT=FFP","EIC Approved Units - Fish & Fishery Products (FFP)","regulator","2026-02-09","EIC approved units list (FFP)","HIGH"
"1557","address","D.NO. D-II, 19A-5, Devalkunda, Vishnumurthy Temple Rd, Kundapur Taluk, Udupi, Karnataka-576230","https://www.eicindia.gov.in/WebApp1/pages/menuInfo/approvedCommoditiesList.xhtml?CT=FFP","EIC Approved Units - Fish & Fishery Products (FFP)","regulator","2026-02-09","EIC approved units list (FFP)","HIGH"
"1557","scope","nan","https://www.eicindia.gov.in/WebApp1/pages/menuInfo/approvedCommoditiesList.xhtml?CT=FFP","EIC Approved Units - Fish & Fishery Products (FFP)","regulator","2026-02-09","EIC approved units list (FFP)","HIGH"
"1557","expiry_date","23/07/2027","https://www.eicindia.gov.in/WebApp1/pages/menuInfo/approvedCommoditiesList.xhtml?CT=FFP","EIC Approved Units - Fish & Fishery Products (FFP)","regulator","2026-02-09","EIC approved units list (FFP)","HIGH"
"1559","plant_name","BarakaOverseasTraders","https://www.eicindia.gov.in/WebApp1/pages/menuInfo/approvedCommoditiesList.xhtml?CT=FFP","EIC Approved Units - Fish & Fishery Products (FFP)","regulator","2026-02-09","EIC approved units list (FFP)","HIGH"
"1559","address","P.B.No.1204,BeachRoad,UllalDakshina, Kannada, Mangalore, Karnataka-575020.","https://www.eicindia.gov.in/WebApp1/pages/menuInfo/approvedCommoditiesList.xhtml?CT=FFP","EIC Approved Units - Fish & Fishery Products (FFP)","regulator","2026-02-09","EIC approved units list (FFP)","HIGH"
"1559","scope","Freezing of Raw Fish & Fishery Products Shrimps (Sea Caught), Cephalopods , Fishes (Histamine & Non- Histamine Forming) Block & Individual Freezing for exports to all countries excluding European Union (EU), Customs Union (CU) and Uncooked prawn to Australia.","https://www.eicindia.gov.in/WebApp1/pages/menuInfo/approvedCommoditiesList.xhtml?CT=FFP","EIC Approved Units - Fish & Fishery Products (FFP)","regulator","2026-02-09","EIC approved units list (FFP)","HIGH"
"1559","expiry_date","01/10/2027","https://www.eicindia.gov.in/WebApp1/pages/menuInfo/approvedCommoditiesList.xhtml?CT=FFP","EIC Approved Units - Fish & Fishery Products (FFP)","regulator","2026-02-09","EIC approved units list (FFP)","HIGH"
"1561","plant_name","AL BADR SEAFOODS PVT. LTD. (UNIT-II)","https://www.eicindia.gov.in/WebApp1/pages/menuInfo/approvedCommoditiesList.xhtml?CT=FFP","EIC Approved Units - Fish & Fishery Products (FFP)","regulator","2026-02-09","EIC approved units list (FFP)","HIGH"
"1561","address","PLOT NO. 33 B, CSEZ,KAKKANAD, COCHIN-682037, KERALA","https://www.eicindia.gov.in/WebApp1/pages/menuInfo/approvedCommoditiesList.xhtml?CT=FFP","EIC Approved Units - Fish & Fishery Products (FFP)","regulator","2026-02-09","EIC approved units list (FFP)","HIGH"
"1561","scope","Freezing of Raw Fish & Fishery Products,Frozen Pre-Cooked Tuna Loins(Blast/IF),Shrimps(Sea-Caught),Cephalopods, Fishes (Histamine and Non-Histamine Forming) for  all  counties  excluding  EU and  Russia","https://www.eicindia.gov.in/WebApp1/pages/menuInfo/approvedCommoditiesList.xhtml?CT=FFP","EIC Approved Units - Fish & Fishery Products (FFP)","regulator","2026-02-09","EIC approved units list (FFP)","HIGH"
"1561","expiry_date","13/01/2028","https://www.eicindia.gov.in/WebApp1/pages/menuInfo/approvedCommoditiesList.xhtml?CT=FFP","EIC Approved Units - Fish & Fishery Products (FFP)","regulator","2026-02-09","EIC approved units list (FFP)","HIGH"
"1563","plant_name","Raj Fishmeal and Oil Company – Unit-II,","https://www.eicindia.gov.in/WebApp1/pages/menuInfo/approvedCommoditiesList.xhtml?CT=FFP","EIC Approved Units - Fish & Fishery Products (FFP)","regulator","2026-02-09","EIC approved units list (FFP)","HIGH"
"1563","address","D.No 1-23B, 3rdCross Malpe, Madhwaraj Road Malpe, Udupi District, Karnataka -576108.","https://www.eicindia.gov.in/WebApp1/pages/menuInfo/approvedCommoditiesList.xhtml?CT=FFP","EIC Approved Units - Fish & Fishery Products (FFP)","regulator","2026-02-09","EIC approved units list (FFP)","HIGH"
"1563","scope","Processing of Steam Dried Fish Meal and Fish Oil (Not fit for Human Consumption)","https://www.eicindia.gov.in/WebApp1/pages/menuInfo/approvedCommoditiesList.xhtml?CT=FFP","EIC Approved Units - Fish & Fishery Products (FFP)","regulator","2026-02-09","EIC approved units list (FFP)","HIGH"
"1563","expiry_date","04/06/2028","https://www.eicindia.gov.in/WebApp1/pages/menuInfo/approvedCommoditiesList.xhtml?CT=FFP","EIC Approved Units - Fish & Fishery Products (FFP)","regulator","2026-02-09","EIC approved units list (FFP)","HIGH"
"1580","plant_name","QFROZ TRADES  PRIVATE LIMITED","https://www.eicindia.gov.in/WebApp1/pages/menuInfo/approvedCommoditiesList.xhtml?CT=FFP","EIC Approved Units - Fish & Fishery Products (FFP)","regulator","2026-02-09","EIC approved units list (FFP)","HIGH"
"1580","address","XXII/623,(AP II/857A),
INDUSTRIAL AREA ,AROOR,
ALAPPUZHA -688534,
KERALA,INDIA","https://www.eicindia.gov.in/WebApp1/pages/menuInfo/approvedCommoditiesList.xhtml?CT=FFP","EIC Approved Units - Fish & Fishery Products (FFP)","regulator","2026-02-09","EIC approved units list (FFP)","HIGH"
"1580","scope","Packing of Fresh/ Chilled fish 
and fishery products, Freezing of Raw Fish and Fishery products (Block/IF/Blast), Fishes- (Histamine and Non-Histamine forming), Shrimps (Sea caught/ Aquaculture) & Cephalopods.","https://www.eicindia.gov.in/WebApp1/pages/menuInfo/approvedCommoditiesList.xhtml?CT=FFP","EIC Approved Units - Fish & Fishery Products (FFP)","regulator","2026-02-09","EIC approved units list (FFP)","HIGH"
"1580","expiry_date","06/03/2026","https://www.eicindia.gov.in/WebApp1/pages/menuInfo/approvedCommoditiesList.xhtml?CT=FFP","EIC Approved Units - Fish & Fishery Products (FFP)","regulator","2026-02-09","EIC approved units list (FFP)","HIGH"
"1581","plant_name","NAS FISHERIES PRIVATE LIMITED","https://www.eicindia.gov.in/WebApp1/pages/menuInfo/approvedCommoditiesList.xhtml?CT=FFP","EIC Approved Units - Fish & Fishery Products (FFP)","regulator","2026-02-09","EIC approved units list (FFP)","HIGH"
"1581","address","16/1712, Old No.22/1173-A  NH.47,EDAKOCHI,KOCHI-682010,KERALA,INDIA","https://www.eicindia.gov.in/WebApp1/pages/menuInfo/approvedCommoditiesList.xhtml?CT=FFP","EIC Approved Units - Fish & Fishery Products (FFP)","regulator","2026-02-09","EIC approved units list (FFP)","HIGH"
"1581","scope","Freezing of Raw / Blanched Fish & Fishery Products (Block/ Blast-IF/ IQF), Freezing of Cooked Shrimps & Squid Rings (IQF), Fishes (Histamine and Non -Histamine Forming), Shrimps (Sea caught / Aquaculture), Cephalopods, Crabs and Lobsters.","https://www.eicindia.gov.in/WebApp1/pages/menuInfo/approvedCommoditiesList.xhtml?CT=FFP","EIC Approved Units - Fish & Fishery Products (FFP)","regulator","2026-02-09","EIC approved units list (FFP)","HIGH"
"1581","expiry_date","06/03/2026","https://www.eicindia.gov.in/WebApp1/pages/menuInfo/approvedCommoditiesList.xhtml?CT=FFP","EIC Approved Units - Fish & Fishery Products (FFP)","regulator","2026-02-09","EIC approved units list (FFP)","HIGH"
"1583","plant_name","Yashaswi Fish Meal and Oil Company- Branch 1","https://www.eicindia.gov.in/WebApp1/pages/menuInfo/approvedCommoditiesList.xhtml?CT=FFP","EIC Approved Units - Fish & Fishery Products (FFP)","regulator","2026-02-09","EIC approved units list (FFP)","HIGH"
"1583","address","Plot No IP-25A, Mangalore SEZ Permude Village, Mangalore Dakshina Kannada Karnataka-574509","https://www.eicindia.gov.in/WebApp1/pages/menuInfo/approvedCommoditiesList.xhtml?CT=FFP","EIC Approved Units - Fish & Fishery Products (FFP)","regulator","2026-02-09","EIC approved units list (FFP)","HIGH"
"1583","scope","Manufacturing of Frozen Surimi (Fish Paste) - Block Frozen","https://www.eicindia.gov.in/WebApp1/pages/menuInfo/approvedCommoditiesList.xhtml?CT=FFP","EIC Approved Units - Fish & Fishery Products (FFP)","regulator","2026-02-09","EIC approved units list (FFP)","HIGH"
"1583","expiry_date","07/07/2027","https://www.eicindia.gov.in/WebApp1/pages/menuInfo/approvedCommoditiesList.xhtml?CT=FFP","EIC Approved Units - Fish & Fishery Products (FFP)","regulator","2026-02-09","EIC approved units list (FFP)","HIGH"
"1584","plant_name","SHREE ULKA LLP","https://www.eicindia.gov.in/WebApp1/pages/menuInfo/approvedCommoditiesList.xhtml?CT=FFP","EIC Approved Units - Fish & Fishery Products (FFP)","regulator","2026-02-09","EIC approved units list (FFP)","HIGH"
"1584","address","IP-48 A & B, MSEZ Mangalore Dakshina Kannad, Karnataka-574509","https://www.eicindia.gov.in/WebApp1/pages/menuInfo/approvedCommoditiesList.xhtml?CT=FFP","EIC Approved Units - Fish & Fishery Products (FFP)","regulator","2026-02-09","EIC approved units list (FFP)","HIGH"
"1584","scope","Packing of Fresh/Chilled Fish & Fishery Products, Freezing of Raw Fish & Fishery Products (Block Frozen), Freezing of Raw/ Blanched Fish & Fishery Products (IQF), Freezing of Cooked Sea caught Shrimps and Squid Rings (IQF) & Manufacturing of Frozen Surimi (Fish Paste)- Fishes (Histamine & Non-Histamine Forming), Crustaceans -Shrimps(Aquaculture/Sea caught/Wild caught) & Lobsters(Sea caught/Wild caught) & Cephalopods","https://www.eicindia.gov.in/WebApp1/pages/menuInfo/approvedCommoditiesList.xhtml?CT=FFP","EIC Approved Units - Fish & Fishery Products (FFP)","regulator","2026-02-09","EIC approved units list (FFP)","HIGH"
"1584","expiry_date","08/07/2027","https://www.eicindia.gov.in/WebApp1/pages/menuInfo/approvedCommoditiesList.xhtml?CT=FFP","EIC Approved Units - Fish & Fishery Products (FFP)","regulator","2026-02-09","EIC approved units list (FFP)","HIGH"
"1585","plant_name","Sterling Foods Unit-2","https://www.eicindia.gov.in/WebApp1/pages/menuInfo/approvedCommoditiesList.xhtml?CT=FFP","EIC Approved Units - Fish & Fishery Products (FFP)","regulator","2026-02-09","EIC approved units list (FFP)","HIGH"
"1585","address","Door No:2-157-1-A&B, Sasihithlu,Dakshina Kannada, Mangalore,Karnataka-574146","https://www.eicindia.gov.in/WebApp1/pages/menuInfo/approvedCommoditiesList.xhtml?CT=FFP","EIC Approved Units - Fish & Fishery Products (FFP)","regulator","2026-02-09","EIC approved units list (FFP)","HIGH"
"1585","scope","Freezing of Raw Fish & Fishery Products -Block Frozen 
Shrimps( Sea caught/Wild caught and Aquaculture), Fishes(Histamine and Non- histamine forming) & Cephalopods","https://www.eicindia.gov.in/WebApp1/pages/menuInfo/approvedCommoditiesList.xhtml?CT=FFP","EIC Approved Units - Fish & Fishery Products (FFP)","regulator","2026-02-09","EIC approved units list (FFP)","HIGH"
"1585","expiry_date","18/06/2027","https://www.eicindia.gov.in/WebApp1/pages/menuInfo/approvedCommoditiesList.xhtml?CT=FFP","EIC Approved Units - Fish & Fishery Products (FFP)","regulator","2026-02-09","EIC approved units list (FFP)","HIGH"
"1587","plant_name","Mangalore Fish Meal & Oil Company","https://www.eicindia.gov.in/WebApp1/pages/menuInfo/approvedCommoditiesList.xhtml?CT=FFP","EIC Approved Units - Fish & Fishery Products (FFP)","regulator","2026-02-09","EIC approved units list (FFP)","HIGH"
"1587","address","Door No. 1-1-22 & 22 (1), Sea Road,Kotepura,Ullal,Mangalore-575020, Karnataka.","https://www.eicindia.gov.in/WebApp1/pages/menuInfo/approvedCommoditiesList.xhtml?CT=FFP","EIC Approved Units - Fish & Fishery Products (FFP)","regulator","2026-02-09","EIC approved units list (FFP)","HIGH"
"1587","scope","Processing of Steam Dried Fish Meal, Fish Oil and Fish Soluble Paste (Not Fit for Human Consumption)","https://www.eicindia.gov.in/WebApp1/pages/menuInfo/approvedCommoditiesList.xhtml?CT=FFP","EIC Approved Units - Fish & Fishery Products (FFP)","regulator","2026-02-09","EIC approved units list (FFP)","HIGH"
"1587","expiry_date","22/02/2028","https://www.eicindia.gov.in/WebApp1/pages/menuInfo/approvedCommoditiesList.xhtml?CT=FFP","EIC Approved Units - Fish & Fishery Products (FFP)","regulator","2026-02-09","EIC approved units list (FFP)","HIGH"
"1590","plant_name","Span Aquatic Products","https://www.eicindia.gov.in/WebApp1/pages/menuInfo/approvedCommoditiesList.xhtml?CT=FFP","EIC Approved Units - Fish & Fishery Products (FFP)","regulator","2026-02-09","EIC approved units list (FFP)","HIGH"
"1590","address","Door No. 1-15/1 and 1-15/2, Kotepura,Ullal, Mangalore Taluk,Karnataka- 575020","https://www.eicindia.gov.in/WebApp1/pages/menuInfo/approvedCommoditiesList.xhtml?CT=FFP","EIC Approved Units - Fish & Fishery Products (FFP)","regulator","2026-02-09","EIC approved units list (FFP)","HIGH"
"1590","scope","Processing of Steam Dried Fish Meal, Fish Oil and Fish Soluble Paste (Not Fit for Human Consumption)","https://www.eicindia.gov.in/WebApp1/pages/menuInfo/approvedCommoditiesList.xhtml?CT=FFP","EIC Approved Units - Fish & Fishery Products (FFP)","regulator","2026-02-09","EIC approved units list (FFP)","HIGH"
"1590","expiry_date","12/05/2028","https://www.eicindia.gov.in/WebApp1/pages/menuInfo/approvedCommoditiesList.xhtml?CT=FFP","EIC Approved Units - Fish & Fishery Products (FFP)","regulator","2026-02-09","EIC approved units list (FFP)","HIGH"
"1594","plant_name","YASHASWI FISH MEAL AND FISH OIL COMPANY BRANCH: 3","https://www.eicindia.gov.in/WebApp1/pages/menuInfo/approvedCommoditiesList.xhtml?CT=FFP","EIC Approved Units - Fish & Fishery Products (FFP)","regulator","2026-02-09","EIC approved units list (FFP)","HIGH"
"1594","address","D No 16-150 20, S.No.433/1, Plot No.20,  Shivalli Industrial Area, Manipal, Udupi, Karnataka-576104","https://www.eicindia.gov.in/WebApp1/pages/menuInfo/approvedCommoditiesList.xhtml?CT=FFP","EIC Approved Units - Fish & Fishery Products (FFP)","regulator","2026-02-09","EIC approved units list (FFP)","HIGH"
"1594","scope","Storing of Steam Dried Fish Meal of approved units - Unfit for Human Consumption","https://www.eicindia.gov.in/WebApp1/pages/menuInfo/approvedCommoditiesList.xhtml?CT=FFP","EIC Approved Units - Fish & Fishery Products (FFP)","regulator","2026-02-09","EIC approved units list (FFP)","HIGH"
"1594","expiry_date","09/09/2026","https://www.eicindia.gov.in/WebApp1/pages/menuInfo/approvedCommoditiesList.xhtml?CT=FFP","EIC Approved Units - Fish & Fishery Products (FFP)","regulator","2026-02-09","EIC approved units list (FFP)","HIGH"
"1597","plant_name","ARABIAN MARINE EXPORTS","https://www.eicindia.gov.in/WebApp1/pages/menuInfo/approvedCommoditiesList.xhtml?CT=FFP","EIC Approved Units - Fish & Fishery Products (FFP)","regulator","2026-02-09","EIC approved units list (FFP)","HIGH"
"1597","address","Marine Export Unit, Door No-146, Survey No. 1681-D Tadri, Kumta, Uttar Kannad Karnataka - 581326","https://www.eicindia.gov.in/WebApp1/pages/menuInfo/approvedCommoditiesList.xhtml?CT=FFP","EIC Approved Units - Fish & Fishery Products (FFP)","regulator","2026-02-09","EIC approved units list (FFP)","HIGH"
"1597","scope","Freezing of Raw Fish & Fishery products (IF), Sea Caught/ Wild Caught)- Fishes (Histamine & Non-Histamine forming) Cephalopods and Crustaceans (Shrimps)","https://www.eicindia.gov.in/WebApp1/pages/menuInfo/approvedCommoditiesList.xhtml?CT=FFP","EIC Approved Units - Fish & Fishery Products (FFP)","regulator","2026-02-09","EIC approved units list (FFP)","HIGH"
"1597","expiry_date","26/05/2027","https://www.eicindia.gov.in/WebApp1/pages/menuInfo/approvedCommoditiesList.xhtml?CT=FFP","EIC Approved Units - Fish & Fishery Products (FFP)","regulator","2026-02-09","EIC approved units list (FFP)","HIGH"
"1599","plant_name","ASIAN MARINE FOODS","https://www.eicindia.gov.in/WebApp1/pages/menuInfo/approvedCommoditiesList.xhtml?CT=FFP","EIC Approved Units - Fish & Fishery Products (FFP)","regulator","2026-02-09","EIC approved units list (FFP)","HIGH"
"1599","address","VI/1330(Old No:VII 464)KOCHANGADIKOCHI- 682 002, KERALA, INDIA","https://www.eicindia.gov.in/WebApp1/pages/menuInfo/approvedCommoditiesList.xhtml?CT=FFP","EIC Approved Units - Fish & Fishery Products (FFP)","regulator","2026-02-09","EIC approved units list (FFP)","HIGH"
"1599","scope","Freezing of Raw Frozen Fish & Fishery Products(IF & Block) - Fish ( Histamine & Non Histamine Forming) Shrimps( Sea Caught/Wild caught & Aquaculture) and Cephalopods
Category - PPa , Product - U, Activity - F","https://www.eicindia.gov.in/WebApp1/pages/menuInfo/approvedCommoditiesList.xhtml?CT=FFP","EIC Approved Units - Fish & Fishery Products (FFP)","regulator","2026-02-09","EIC approved units list (FFP)","HIGH"
"1599","expiry_date","08/08/2027","https://www.eicindia.gov.in/WebApp1/pages/menuInfo/approvedCommoditiesList.xhtml?CT=FFP","EIC Approved Units - Fish & Fishery Products (FFP)","regulator","2026-02-09","EIC approved units list (FFP)","HIGH"
"1600","plant_name","Byrd Foods International LLP","https://www.eicindia.gov.in/WebApp1/pages/menuInfo/approvedCommoditiesList.xhtml?CT=FFP","EIC Approved Units - Fish & Fishery Products (FFP)","regulator","2026-02-09","EIC approved units list (FFP)","HIGH"
"1600","address","Hall No.02&03,SDF building,KSIDC Mega Food Park,KSIDC IGC,Pallipuram P O.,Cherthala,Alappuzha,Kerala,India Pin-688541","https://www.eicindia.gov.in/WebApp1/pages/menuInfo/approvedCommoditiesList.xhtml?CT=FFP","EIC Approved Units - Fish & Fishery Products (FFP)","regulator","2026-02-09","EIC approved units list (FFP)","HIGH"
"1600","scope","Processing and Packing of Chilled Pasteurized Crab MeatRetort Canned Fish & Fishery Products in Hermetically sealed Metal cans, Plastic cans and Multilayer pouches.","https://www.eicindia.gov.in/WebApp1/pages/menuInfo/approvedCommoditiesList.xhtml?CT=FFP","EIC Approved Units - Fish & Fishery Products (FFP)","regulator","2026-02-09","EIC approved units list (FFP)","HIGH"
"1600","expiry_date","03/01/2028","https://www.eicindia.gov.in/WebApp1/pages/menuInfo/approvedCommoditiesList.xhtml?CT=FFP","EIC Approved Units - Fish & Fishery Products (FFP)","regulator","2026-02-09","EIC approved units list (FFP)","HIGH"
"1601","plant_name","ACCELERATED FREEZE DRYING  COMPANY LIMITED,(UNIT-2)","https://www.eicindia.gov.in/WebApp1/pages/menuInfo/approvedCommoditiesList.xhtml?CT=FFP","EIC Approved Units - Fish & Fishery Products (FFP)","regulator","2026-02-09","EIC approved units list (FFP)","HIGH"
"1601","address","FROZEN FOODS PLANT,14/418,THURAVOOR-KUMBALANGI ROAD,EZHUPUNNA ,CHERTHALA, ALAPPUZHA-688537","https://www.eicindia.gov.in/WebApp1/pages/menuInfo/approvedCommoditiesList.xhtml?CT=FFP","EIC Approved Units - Fish & Fishery Products (FFP)","regulator","2026-02-09","EIC approved units list (FFP)","HIGH"
"1601","scope","Packing of Fresh/Chilled Fish & Fishery Products, Freezing of Raw Fish & Fishery Products (IQF/IF/Block), Freezing of Blanched/ Cooked Fish & Fishery Products (IQF) - Fishes (Histamine & Non-Histamine forming), Shrimps (Aquaculture/ Sea-Caught/ Wild caught) & Cephalopods, Freezing of Breaded and marinated Shrimps, Squid and Fishes (Non-Histamine forming)-IQF/IF","https://www.eicindia.gov.in/WebApp1/pages/menuInfo/approvedCommoditiesList.xhtml?CT=FFP","EIC Approved Units - Fish & Fishery Products (FFP)","regulator","2026-02-09","EIC approved units list (FFP)","HIGH"
"1601","expiry_date","25/01/2028","https://www.eicindia.gov.in/WebApp1/pages/menuInfo/approvedCommoditiesList.xhtml?CT=FFP","EIC Approved Units - Fish & Fishery Products (FFP)","regulator","2026-02-09","EIC approved units list (FFP)","HIGH"
"1602","plant_name","EVERGREEN EXPORTS","https://www.eicindia.gov.in/WebApp1/pages/menuInfo/approvedCommoditiesList.xhtml?CT=FFP","EIC Approved Units - Fish & Fishery Products (FFP)","regulator","2026-02-09","EIC approved units list (FFP)","HIGH"
"1602","address","BEHIND PORT TRUST HOSPITAL,WILLINGDON ISLAND,KOCHI - Pin â?? 682003","https://www.eicindia.gov.in/WebApp1/pages/menuInfo/approvedCommoditiesList.xhtml?CT=FFP","EIC Approved Units - Fish & Fishery Products (FFP)","regulator","2026-02-09","EIC approved units list (FFP)","HIGH"
"1602","scope","Freezing of Raw Fish & Fishery Products (IQF, IF & Block) Shrimps ( Sea Caught & Aquaculture ) & Cephalopods /Histamine & Non -Histamine  Forming  Fishes ( Sea Caught)","https://www.eicindia.gov.in/WebApp1/pages/menuInfo/approvedCommoditiesList.xhtml?CT=FFP","EIC Approved Units - Fish & Fishery Products (FFP)","regulator","2026-02-09","EIC approved units list (FFP)","HIGH"
"1602","expiry_date","29/03/2028","https://www.eicindia.gov.in/WebApp1/pages/menuInfo/approvedCommoditiesList.xhtml?CT=FFP","EIC Approved Units - Fish & Fishery Products (FFP)","regulator","2026-02-09","EIC approved units list (FFP)","HIGH"
"1609","plant_name","OCEAN PROTEINS PRIVATE LIMITED","https://www.eicindia.gov.in/WebApp1/pages/menuInfo/approvedCommoditiesList.xhtml?CT=FFP","EIC Approved Units - Fish & Fishery Products (FFP)","regulator","2026-02-09","EIC approved units list (FFP)","HIGH"
"1609","address","PLOT NO.281 AND 282,BAIKAMPADY INDUSTRIAL AREA, MANGALORE, DAKSHIN KANNAD, KARNATAKA-575011","https://www.eicindia.gov.in/WebApp1/pages/menuInfo/approvedCommoditiesList.xhtml?CT=FFP","EIC Approved Units - Fish & Fishery Products (FFP)","regulator","2026-02-09","EIC approved units list (FFP)","HIGH"
"1609","scope","Freezing of Raw FFP (Block/Blast/IQF), Crustaceans (Shrimps-Sea caught & Aquaculture & Crab-Sea caught), Cephalopods, Fishes (Histamine & Non histamine forming), Processing & Freezing of Surimi (Block","https://www.eicindia.gov.in/WebApp1/pages/menuInfo/approvedCommoditiesList.xhtml?CT=FFP","EIC Approved Units - Fish & Fishery Products (FFP)","regulator","2026-02-09","EIC approved units list (FFP)","HIGH"
"1609","expiry_date","20/06/2026","https://www.eicindia.gov.in/WebApp1/pages/menuInfo/approvedCommoditiesList.xhtml?CT=FFP","EIC Approved Units - Fish & Fishery Products (FFP)","regulator","2026-02-09","EIC approved units list (FFP)","HIGH"
"1610","plant_name","GHAN MARINE EXIM","https://www.eicindia.gov.in/WebApp1/pages/menuInfo/approvedCommoditiesList.xhtml?CT=FFP","EIC Approved Units - Fish & Fishery Products (FFP)","regulator","2026-02-09","EIC approved units list (FFP)","HIGH"
"1610","address","PLOT NO.17/C, KSIDC FOOD PARK, PALLIPPURAM, CHERTHALA, ALAPPUZHA-688541","https://www.eicindia.gov.in/WebApp1/pages/menuInfo/approvedCommoditiesList.xhtml?CT=FFP","EIC Approved Units - Fish & Fishery Products (FFP)","regulator","2026-02-09","EIC approved units list (FFP)","HIGH"
"1610","scope","FREEZING & PACKING OF RAW FROZEN FISH & FISHERY PRODUCTS (BLOCK FROZEN AND IF) FISHES (HISTAMINE AND NON-HISTAMINE FORMING), CEPHALOPODS, SHRIMPS (SEA CAUGHT, WILD CAUGHT & AQUACULTURE)","https://www.eicindia.gov.in/WebApp1/pages/menuInfo/approvedCommoditiesList.xhtml?CT=FFP","EIC Approved Units - Fish & Fishery Products (FFP)","regulator","2026-02-09","EIC approved units list (FFP)","HIGH"
"1610","expiry_date","07/08/2026","https://www.eicindia.gov.in/WebApp1/pages/menuInfo/approvedCommoditiesList.xhtml?CT=FFP","EIC Approved Units - Fish & Fishery Products (FFP)","regulator","2026-02-09","EIC approved units list (FFP)","HIGH"
"1611","plant_name","Karthik Marine Industries","https://www.eicindia.gov.in/WebApp1/pages/menuInfo/approvedCommoditiesList.xhtml?CT=FFP","EIC Approved Units - Fish & Fishery Products (FFP)","regulator","2026-02-09","EIC approved units list (FFP)","HIGH"
"1611","address","S NO 187/7,PITHRODY,
UDYAVARA,UDUPI, KARNATAKA, 574118","https://www.eicindia.gov.in/WebApp1/pages/menuInfo/approvedCommoditiesList.xhtml?CT=FFP","EIC Approved Units - Fish & Fishery Products (FFP)","regulator","2026-02-09","EIC approved units list (FFP)","HIGH"
"1611","scope","Manufacturing & Export of Frozen Surimi (Fish Paste) from Non-Histamine & Histamine Forming Fishes","https://www.eicindia.gov.in/WebApp1/pages/menuInfo/approvedCommoditiesList.xhtml?CT=FFP","EIC Approved Units - Fish & Fishery Products (FFP)","regulator","2026-02-09","EIC approved units list (FFP)","HIGH"
"1611","expiry_date","07/11/2026","https://www.eicindia.gov.in/WebApp1/pages/menuInfo/approvedCommoditiesList.xhtml?CT=FFP","EIC Approved Units - Fish & Fishery Products (FFP)","regulator","2026-02-09","EIC approved units list (FFP)","HIGH"
"1612","plant_name","GOLDMARINE EXPORTS PVT.LTD","https://www.eicindia.gov.in/WebApp1/pages/menuInfo/approvedCommoditiesList.xhtml?CT=FFP","EIC Approved Units - Fish & Fishery Products (FFP)","regulator","2026-02-09","EIC approved units list (FFP)","HIGH"
"1612","address","SNDP JUNCTION
THURAVOOR P.O, KUTHIYATHODE
ALAPPUZHA DIST.688532
KERALA","https://www.eicindia.gov.in/WebApp1/pages/menuInfo/approvedCommoditiesList.xhtml?CT=FFP","EIC Approved Units - Fish & Fishery Products (FFP)","regulator","2026-02-09","EIC approved units list (FFP)","HIGH"
"1612","scope","Processing of Chilled Fish & Fishery Products","https://www.eicindia.gov.in/WebApp1/pages/menuInfo/approvedCommoditiesList.xhtml?CT=FFP","EIC Approved Units - Fish & Fishery Products (FFP)","regulator","2026-02-09","EIC approved units list (FFP)","HIGH"
"1612","expiry_date","19/10/2026","https://www.eicindia.gov.in/WebApp1/pages/menuInfo/approvedCommoditiesList.xhtml?CT=FFP","EIC Approved Units - Fish & Fishery Products (FFP)","regulator","2026-02-09","EIC approved units list (FFP)","HIGH"
"1613","plant_name","FRONTLINE EXPORTS PVT.LTD.,UNIT-2","https://www.eicindia.gov.in/WebApp1/pages/menuInfo/approvedCommoditiesList.xhtml?CT=FFP","EIC Approved Units - Fish & Fishery Products (FFP)","regulator","2026-02-09","EIC approved units list (FFP)","HIGH"
"1613","address","INDUSTRIAL ESTATE , AROOR, ALAPPUZHA , KERALA -688 534","https://www.eicindia.gov.in/WebApp1/pages/menuInfo/approvedCommoditiesList.xhtml?CT=FFP","EIC Approved Units - Fish & Fishery Products (FFP)","regulator","2026-02-09","EIC approved units list (FFP)","HIGH"
"1613","scope","Packing of Fresh/Chilled Fish and fishery products, Crustaceans (sea caught and aquaculture) & Cephalopodes) Freezing of Raw, Blanched and Cooked Fish & fishery products.","https://www.eicindia.gov.in/WebApp1/pages/menuInfo/approvedCommoditiesList.xhtml?CT=FFP","EIC Approved Units - Fish & Fishery Products (FFP)","regulator","2026-02-09","EIC approved units list (FFP)","HIGH"
"1613","expiry_date","31/12/2026","https://www.eicindia.gov.in/WebApp1/pages/menuInfo/approvedCommoditiesList.xhtml?CT=FFP","EIC Approved Units - Fish & Fishery Products (FFP)","regulator","2026-02-09","EIC approved units list (FFP)","HIGH"
"1614","plant_name","AVANTNATURE FOODS PRIVATE LIMITED","https://www.eicindia.gov.in/WebApp1/pages/menuInfo/approvedCommoditiesList.xhtml?CT=FFP","EIC Approved Units - Fish & Fishery Products (FFP)","regulator","2026-02-09","EIC approved units list (FFP)","HIGH"
"1614","address","VASANTHANARASAPURA INDUSTRIAL AREA, INDIA  FOOD PARK PHASE 3 KORA HOBLI  TUMKUR, TUMAKURU, KARNATAKA, 572138","https://www.eicindia.gov.in/WebApp1/pages/menuInfo/approvedCommoditiesList.xhtml?CT=FFP","EIC Approved Units - Fish & Fishery Products (FFP)","regulator","2026-02-09","EIC approved units list (FFP)","HIGH"
"1614","scope","Freeze dried Shrimps","https://www.eicindia.gov.in/WebApp1/pages/menuInfo/approvedCommoditiesList.xhtml?CT=FFP","EIC Approved Units - Fish & Fishery Products (FFP)","regulator","2026-02-09","EIC approved units list (FFP)","HIGH"
"1614","expiry_date","02/08/2027","https://www.eicindia.gov.in/WebApp1/pages/menuInfo/approvedCommoditiesList.xhtml?CT=FFP","EIC Approved Units - Fish & Fishery Products (FFP)","regulator","2026-02-09","EIC approved units list (FFP)","HIGH"
"1800","plant_name","APEX FROZEN FOODS LIMITED","https://www.eicindia.gov.in/WebApp1/pages/menuInfo/approvedCommoditiesList.xhtml?CT=FFP","EIC Approved Units - Fish & Fishery Products (FFP)","regulator","2026-02-09","EIC approved units list (FFP)","HIGH"
"1800","address","3-160,Panasapadu,Kakinada-533005,Andhra Pradesh","https://www.eicindia.gov.in/WebApp1/pages/menuInfo/approvedCommoditiesList.xhtml?CT=FFP","EIC Approved Units - Fish & Fishery Products (FFP)","regulator","2026-02-09","EIC approved units list (FFP)","HIGH"
"1800","scope","Freezing of Raw Fish &Fishery Products            (Block & IQF)","https://www.eicindia.gov.in/WebApp1/pages/menuInfo/approvedCommoditiesList.xhtml?CT=FFP","EIC Approved Units - Fish & Fishery Products (FFP)","regulator","2026-02-09","EIC approved units list (FFP)","HIGH"
"1800","expiry_date","27/08/2028","https://www.eicindia.gov.in/WebApp1/pages/menuInfo/approvedCommoditiesList.xhtml?CT=FFP","EIC Approved Units - Fish & Fishery Products (FFP)","regulator","2026-02-09","EIC approved units list (FFP)","HIGH"
"1819","plant_name","SURYAMITRA EXIM PVT. LTD.","https://www.eicindia.gov.in/WebApp1/pages/menuInfo/approvedCommoditiesList.xhtml?CT=FFP","EIC Approved Units - Fish & Fishery Products (FFP)","regulator","2026-02-09","EIC approved units list (FFP)","HIGH"
"1819","address","R.S No. 130, Yanamadurru Village, Bhimavaram Mandal, West Godavari District-534239, Andhra Pradesh","https://www.eicindia.gov.in/WebApp1/pages/menuInfo/approvedCommoditiesList.xhtml?CT=FFP","EIC Approved Units - Fish & Fishery Products (FFP)","regulator","2026-02-09","EIC approved units list (FFP)","HIGH"
"1819","scope","Packing of Fresh/Chilled Fish and Fishery Products, Freezing of Raw Fish & Fishery Products (IQF/Block), Blanched/Cooked Frozen Fishery Products(IQF) - Aquaculture Shrimps only","https://www.eicindia.gov.in/WebApp1/pages/menuInfo/approvedCommoditiesList.xhtml?CT=FFP","EIC Approved Units - Fish & Fishery Products (FFP)","regulator","2026-02-09","EIC approved units list (FFP)","HIGH"
"1819","expiry_date","28/08/2027","https://www.eicindia.gov.in/WebApp1/pages/menuInfo/approvedCommoditiesList.xhtml?CT=FFP","EIC Approved Units - Fish & Fishery Products (FFP)","regulator","2026-02-09","EIC approved units list (FFP)","HIGH"
"182","plant_name","Castlerock Fisheries Pvt. Ltd.,","https://www.eicindia.gov.in/WebApp1/pages/menuInfo/approvedCommoditiesList.xhtml?CT=FFP","EIC Approved Units - Fish & Fishery Products (FFP)","regulator","2026-02-09","EIC approved units list (FFP)","HIGH"
"182","address","Plot No. 101, G.I.D.C.
Estate, Veraval-362269, Gujarat, India","https://www.eicindia.gov.in/WebApp1/pages/menuInfo/approvedCommoditiesList.xhtml?CT=FFP","EIC Approved Units - Fish & Fishery Products (FFP)","regulator","2026-02-09","EIC approved units list (FFP)","HIGH"
"182","scope","FREEZING OF RAW/BLANCHED/COOKED FISH & FISHERY PRODUCTS (BLOCK,BLAST FROZEN (IF/IQF)","https://www.eicindia.gov.in/WebApp1/pages/menuInfo/approvedCommoditiesList.xhtml?CT=FFP","EIC Approved Units - Fish & Fishery Products (FFP)","regulator","2026-02-09","EIC approved units list (FFP)","HIGH"
"182","expiry_date","19/02/2028","https://www.eicindia.gov.in/WebApp1/pages/menuInfo/approvedCommoditiesList.xhtml?CT=FFP","EIC Approved Units - Fish & Fishery Products (FFP)","regulator","2026-02-09","EIC approved units list (FFP)","HIGH"
"1829","plant_name","Britto Seafoods Exports PVT.,LTD.","https://www.eicindia.gov.in/WebApp1/pages/menuInfo/approvedCommoditiesList.xhtml?CT=FFP","EIC Approved Units - Fish & Fishery Products (FFP)","regulator","2026-02-09","EIC approved units list (FFP)","HIGH"
"1829","address","NO. 4/1 Balakrishnan street, Tondiarpet, Chennai - 600 081","https://www.eicindia.gov.in/WebApp1/pages/menuInfo/approvedCommoditiesList.xhtml?CT=FFP","EIC Approved Units - Fish & Fishery Products (FFP)","regulator","2026-02-09","EIC approved units list (FFP)","HIGH"
"1829","scope","Packing of Fresh/Chillled Fish & Fishery Products","https://www.eicindia.gov.in/WebApp1/pages/menuInfo/approvedCommoditiesList.xhtml?CT=FFP","EIC Approved Units - Fish & Fishery Products (FFP)","regulator","2026-02-09","EIC approved units list (FFP)","HIGH"
"1829","expiry_date","05/03/2028","https://www.eicindia.gov.in/WebApp1/pages/menuInfo/approvedCommoditiesList.xhtml?CT=FFP","EIC Approved Units - Fish & Fishery Products (FFP)","regulator","2026-02-09","EIC approved units list (FFP)","HIGH"
"1836","plant_name","MUNNANGI SEA FOODS PVT. LTD.","https://www.eicindia.gov.in/WebApp1/pages/menuInfo/approvedCommoditiesList.xhtml?CT=FFP","EIC Approved Units - Fish & Fishery Products (FFP)","regulator","2026-02-09","EIC approved units list (FFP)","HIGH"
"1836","address","Sy. No. 475, Jarugumalli (Post & Mandal), Prakasam District-523276, Andhra Pradesh","https://www.eicindia.gov.in/WebApp1/pages/menuInfo/approvedCommoditiesList.xhtml?CT=FFP","EIC Approved Units - Fish & Fishery Products (FFP)","regulator","2026-02-09","EIC approved units list (FFP)","HIGH"
"1836","scope","Packing of Fresh/Chilled Fish & Fishery Products, Freezing of Raw Fish & Fishery Products (Block & IQF) and Freezing of Blanched/Cooked Fish & Fishery Products (IQF)- Shrimps (Aquaculture)","https://www.eicindia.gov.in/WebApp1/pages/menuInfo/approvedCommoditiesList.xhtml?CT=FFP","EIC Approved Units - Fish & Fishery Products (FFP)","regulator","2026-02-09","EIC approved units list (FFP)","HIGH"
"1836","expiry_date","16/09/2027","https://www.eicindia.gov.in/WebApp1/pages/menuInfo/approvedCommoditiesList.xhtml?CT=FFP","EIC Approved Units - Fish & Fishery Products (FFP)","regulator","2026-02-09","EIC approved units list (FFP)","HIGH"
"1839","plant_name","CRYSTAL SEA FOODS PRIVATE  LIMITED","https://www.eicindia.gov.in/WebApp1/pages/menuInfo/approvedCommoditiesList.xhtml?CT=FFP","EIC Approved Units - Fish & Fishery Products (FFP)","regulator","2026-02-09","EIC approved units list (FFP)","HIGH"
"1839","address","Sy.No : 233/3B, 234/2, 261/3A,  Challareddy palem (P), Nayuni Palli(Rev V), Near Potti Subbaiah Palem (V), Vetapalem(M), Prakasam (D), Andhra Pradesh-523187","https://www.eicindia.gov.in/WebApp1/pages/menuInfo/approvedCommoditiesList.xhtml?CT=FFP","EIC Approved Units - Fish & Fishery Products (FFP)","regulator","2026-02-09","EIC approved units list (FFP)","HIGH"
"1839","scope","Freezing of Raw  Fish & Fishery Products              (IQF/BLOCK) (Aquaculture Shrimps only)","https://www.eicindia.gov.in/WebApp1/pages/menuInfo/approvedCommoditiesList.xhtml?CT=FFP","EIC Approved Units - Fish & Fishery Products (FFP)","regulator","2026-02-09","EIC approved units list (FFP)","HIGH"
"1839","expiry_date","25/02/2026","https://www.eicindia.gov.in/WebApp1/pages/menuInfo/approvedCommoditiesList.xhtml?CT=FFP","EIC Approved Units - Fish & Fishery Products (FFP)","regulator","2026-02-09","EIC approved units list (FFP)","HIGH"
"1840","plant_name","BABY MARINE (EASTERN) EXPORTS (UNIT II)","https://www.eicindia.gov.in/WebApp1/pages/menuInfo/approvedCommoditiesList.xhtml?CT=FFP","EIC Approved Units - Fish & Fishery Products (FFP)","regulator","2026-02-09","EIC approved units list (FFP)","HIGH"
"1840","address","DOOR NO. 341, SURVEY NO. 85/2A1, 85/2AC1, MANDAPAM, RAMANATHAPURAM DISTRICT-623518, TAMILNADU, INDIA.","https://www.eicindia.gov.in/WebApp1/pages/menuInfo/approvedCommoditiesList.xhtml?CT=FFP","EIC Approved Units - Fish & Fishery Products (FFP)","regulator","2026-02-09","EIC approved units list (FFP)","HIGH"
"1840","scope","Freezing of Raw Fish & Fishery Products (IF/IQF) and Brine Freezing of Shrimps","https://www.eicindia.gov.in/WebApp1/pages/menuInfo/approvedCommoditiesList.xhtml?CT=FFP","EIC Approved Units - Fish & Fishery Products (FFP)","regulator","2026-02-09","EIC approved units list (FFP)","HIGH"
"1840","expiry_date","05/04/2026","https://www.eicindia.gov.in/WebApp1/pages/menuInfo/approvedCommoditiesList.xhtml?CT=FFP","EIC Approved Units - Fish & Fishery Products (FFP)","regulator","2026-02-09","EIC approved units list (FFP)","HIGH"
"1841","plant_name","SMSEA MARINES PRIVATE LIMITED","https://www.eicindia.gov.in/WebApp1/pages/menuInfo/approvedCommoditiesList.xhtml?CT=FFP","EIC Approved Units - Fish & Fishery Products (FFP)","regulator","2026-02-09","EIC approved units list (FFP)","HIGH"
"1841","address","SURVEY # 63 PART, DUKKAVANIPALEM VILLAGE, GAMBHEERAM PANCHAYAT, ANANDAPURAM MANDAL,VISAKHAPATNAM-531163, ANDHRA PRADESH","https://www.eicindia.gov.in/WebApp1/pages/menuInfo/approvedCommoditiesList.xhtml?CT=FFP","EIC Approved Units - Fish & Fishery Products (FFP)","regulator","2026-02-09","EIC approved units list (FFP)","HIGH"
"1841","scope","PACKING OF FRESH/CHILLED FISH & FISHERY PRODUCTS AND FREEZING OF RAW FISH AND FISHERY PRODUCTS","https://www.eicindia.gov.in/WebApp1/pages/menuInfo/approvedCommoditiesList.xhtml?CT=FFP","EIC Approved Units - Fish & Fishery Products (FFP)","regulator","2026-02-09","EIC approved units list (FFP)","HIGH"
"1841","expiry_date","05/04/2026","https://www.eicindia.gov.in/WebApp1/pages/menuInfo/approvedCommoditiesList.xhtml?CT=FFP","EIC Approved Units - Fish & Fishery Products (FFP)","regulator","2026-02-09","EIC approved units list (FFP)","HIGH"
"1842","plant_name","KIEFER SEA FOODS","https://www.eicindia.gov.in/WebApp1/pages/menuInfo/approvedCommoditiesList.xhtml?CT=FFP","EIC Approved Units - Fish & Fishery Products (FFP)","regulator","2026-02-09","EIC approved units list (FFP)","HIGH"
"1842","address","1/36/4, Main Road, Vagaikulam, Mudivaithanendal, Tuticorin-628102, Tamil Nadu","https://www.eicindia.gov.in/WebApp1/pages/menuInfo/approvedCommoditiesList.xhtml?CT=FFP","EIC Approved Units - Fish & Fishery Products (FFP)","regulator","2026-02-09","EIC approved units list (FFP)","HIGH"
"1842","scope","Processing & Packing of Chilled/Frozen Fish & Fishery Products - Fishes (Histamine & Non- Histamine forming), Crustaceans- Shrimps (Sea caught/Wild caught), Crabs & Lobster (Sea caught/Wild caught) & Cephalopods for export to all countries excluding CU & uncooked prawns to Australia. Freezing of Depurated Gastropods/ Molluscs  (Sea caught/Wild caught) for export to Non EU countries excluding CU","https://www.eicindia.gov.in/WebApp1/pages/menuInfo/approvedCommoditiesList.xhtml?CT=FFP","EIC Approved Units - Fish & Fishery Products (FFP)","regulator","2026-02-09","EIC approved units list (FFP)","HIGH"
"1842","expiry_date","06/05/2027","https://www.eicindia.gov.in/WebApp1/pages/menuInfo/approvedCommoditiesList.xhtml?CT=FFP","EIC Approved Units - Fish & Fishery Products (FFP)","regulator","2026-02-09","EIC approved units list (FFP)","HIGH"
"1844","plant_name","ABAD OVERSEAS PVT.LTD.","https://www.eicindia.gov.in/WebApp1/pages/menuInfo/approvedCommoditiesList.xhtml?CT=FFP","EIC Approved Units - Fish & Fishery Products (FFP)","regulator","2026-02-09","EIC approved units list (FFP)","HIGH"
"1844","address","SY.No.157/1, Amudalapalli Village, Nizampatnam (Mandal), Guntur District, Andhra Pradesh-522314, India.","https://www.eicindia.gov.in/WebApp1/pages/menuInfo/approvedCommoditiesList.xhtml?CT=FFP","EIC Approved Units - Fish & Fishery Products (FFP)","regulator","2026-02-09","EIC approved units list (FFP)","HIGH"
"1844","scope","Freezing of Raw Fish and Fishery Products (IQF Brine Frozen/Block Frozen/IF Blast Frozen)","https://www.eicindia.gov.in/WebApp1/pages/menuInfo/approvedCommoditiesList.xhtml?CT=FFP","EIC Approved Units - Fish & Fishery Products (FFP)","regulator","2026-02-09","EIC approved units list (FFP)","HIGH"
"1844","expiry_date","09/06/2027","https://www.eicindia.gov.in/WebApp1/pages/menuInfo/approvedCommoditiesList.xhtml?CT=FFP","EIC Approved Units - Fish & Fishery Products (FFP)","regulator","2026-02-09","EIC approved units list (FFP)","HIGH"
"1847","plant_name","VEERABHADRA EXPORTS PRIVATE LIMITED","https://www.eicindia.gov.in/WebApp1/pages/menuInfo/approvedCommoditiesList.xhtml?CT=FFP","EIC Approved Units - Fish & Fishery Products (FFP)","regulator","2026-02-09","EIC approved units list (FFP)","HIGH"
"1847","address","Survey No.116, Gurajanapalli, Karapa (Mandal), Kakinada, East Godavari District - 533016, Andhra Pradesh","https://www.eicindia.gov.in/WebApp1/pages/menuInfo/approvedCommoditiesList.xhtml?CT=FFP","EIC Approved Units - Fish & Fishery Products (FFP)","regulator","2026-02-09","EIC approved units list (FFP)","HIGH"
"1847","scope","Freezing of Raw Fish & Fishery Products (Block/IQF) and Freezing of Cooked Fish & Fishery Products (IQF) - Shrimps (Aquaculture)","https://www.eicindia.gov.in/WebApp1/pages/menuInfo/approvedCommoditiesList.xhtml?CT=FFP","EIC Approved Units - Fish & Fishery Products (FFP)","regulator","2026-02-09","EIC approved units list (FFP)","HIGH"
"1847","expiry_date","29/06/2027","https://www.eicindia.gov.in/WebApp1/pages/menuInfo/approvedCommoditiesList.xhtml?CT=FFP","EIC Approved Units - Fish & Fishery Products (FFP)","regulator","2026-02-09","EIC approved units list (FFP)","HIGH"
"1848","plant_name","Arjuna Natural Private Limited","https://www.eicindia.gov.in/WebApp1/pages/menuInfo/approvedCommoditiesList.xhtml?CT=FFP","EIC Approved Units - Fish & Fishery Products (FFP)","regulator","2026-02-09","EIC approved units list (FFP)","HIGH"
"1848","address","15/4B, Sirambarayampalayam Road, Sennappachetty Pudur Post, Karumatham patty (Via), Coimbatore-641059","https://www.eicindia.gov.in/WebApp1/pages/menuInfo/approvedCommoditiesList.xhtml?CT=FFP","EIC Approved Units - Fish & Fishery Products (FFP)","regulator","2026-02-09","EIC approved units list (FFP)","HIGH"
"1848","scope","Processing and Packing of Omega 3 Fatty Acids from Fish Oil","https://www.eicindia.gov.in/WebApp1/pages/menuInfo/approvedCommoditiesList.xhtml?CT=FFP","EIC Approved Units - Fish & Fishery Products (FFP)","regulator","2026-02-09","EIC approved units list (FFP)","HIGH"
"1848","expiry_date","25/06/2027","https://www.eicindia.gov.in/WebApp1/pages/menuInfo/approvedCommoditiesList.xhtml?CT=FFP","EIC Approved Units - Fish & Fishery Products (FFP)","regulator","2026-02-09","EIC approved units list (FFP)","HIGH"
"1849","plant_name","JRJ SEA FOODS INDIA PVT. LTD","https://www.eicindia.gov.in/WebApp1/pages/menuInfo/approvedCommoditiesList.xhtml?CT=FFP","EIC Approved Units - Fish & Fishery Products (FFP)","regulator","2026-02-09","EIC approved units list (FFP)","HIGH"
"1849","address","No.155 JRJ Building, Avudaiyarkovil Road, Manjakuddi Village, Kottaipattinam Post, Manamelkudi Taluk, Pudukottai District, Tamil Nadu 614 619 India.","https://www.eicindia.gov.in/WebApp1/pages/menuInfo/approvedCommoditiesList.xhtml?CT=FFP","EIC Approved Units - Fish & Fishery Products (FFP)","regulator","2026-02-09","EIC approved units list (FFP)","HIGH"
"1849","scope","Packing of Fresh /Chilled Fishery product and Freezing  of Raw Fish & Fishery Products (Block/Individually Frozen)","https://www.eicindia.gov.in/WebApp1/pages/menuInfo/approvedCommoditiesList.xhtml?CT=FFP","EIC Approved Units - Fish & Fishery Products (FFP)","regulator","2026-02-09","EIC approved units list (FFP)","HIGH"
"1849","expiry_date","23/07/2027","https://www.eicindia.gov.in/WebApp1/pages/menuInfo/approvedCommoditiesList.xhtml?CT=FFP","EIC Approved Units - Fish & Fishery Products (FFP)","regulator","2026-02-09","EIC approved units list (FFP)","HIGH"
"1854","plant_name","GROWEL PROCESSORS PVT. LTD.","https://www.eicindia.gov.in/WebApp1/pages/menuInfo/approvedCommoditiesList.xhtml?CT=FFP","EIC Approved Units - Fish & Fishery Products (FFP)","regulator","2026-02-09","EIC approved units list (FFP)","HIGH"
"1854","address","S.No. 8/6, Singarayapalem Village Post, Mudinepalli Manadal, Krishna District-521329, Andhra Pradesh","https://www.eicindia.gov.in/WebApp1/pages/menuInfo/approvedCommoditiesList.xhtml?CT=FFP","EIC Approved Units - Fish & Fishery Products (FFP)","regulator","2026-02-09","EIC approved units list (FFP)","HIGH"
"1854","scope","Packing Of Fresh/Chilled Fish & Fishery Products and Freezing Of Raw Fish & Fishery Products (IQF/Block)- Shrimps(Aquaculture)","https://www.eicindia.gov.in/WebApp1/pages/menuInfo/approvedCommoditiesList.xhtml?CT=FFP","EIC Approved Units - Fish & Fishery Products (FFP)","regulator","2026-02-09","EIC approved units list (FFP)","HIGH"
"1854","expiry_date","18/07/2027","https://www.eicindia.gov.in/WebApp1/pages/menuInfo/approvedCommoditiesList.xhtml?CT=FFP","EIC Approved Units - Fish & Fishery Products (FFP)","regulator","2026-02-09","EIC approved units list (FFP)","HIGH"
"1855","plant_name","NEELI AQUA PRIVATE LIMITED","https://www.eicindia.gov.in/WebApp1/pages/menuInfo/approvedCommoditiesList.xhtml?CT=FFP","EIC Approved Units - Fish & Fishery Products (FFP)","regulator","2026-02-09","EIC approved units list (FFP)","HIGH"
"1855","address","Vipparlavaripalem Village, Near Korisapadu NH-5, Addanki Mandal,Prakasam District,Andhra Pradesh -523 212","https://www.eicindia.gov.in/WebApp1/pages/menuInfo/approvedCommoditiesList.xhtml?CT=FFP","EIC Approved Units - Fish & Fishery Products (FFP)","regulator","2026-02-09","EIC approved units list (FFP)","HIGH"
"1855","scope","Freezing of Raw Fish & Fishery Products (IQF & Block Frozen ),Freezing of Blanched and cooked Fish & Fishery Products (IQF)            (Aquaculture shrimps only)","https://www.eicindia.gov.in/WebApp1/pages/menuInfo/approvedCommoditiesList.xhtml?CT=FFP","EIC Approved Units - Fish & Fishery Products (FFP)","regulator","2026-02-09","EIC approved units list (FFP)","HIGH"
"1855","expiry_date","17/05/2027","https://www.eicindia.gov.in/WebApp1/pages/menuInfo/approvedCommoditiesList.xhtml?CT=FFP","EIC Approved Units - Fish & Fishery Products (FFP)","regulator","2026-02-09","EIC approved units list (FFP)","HIGH"
"1856","plant_name","Naga Hanuman Fish Packers Unit-1","https://www.eicindia.gov.in/WebApp1/pages/menuInfo/approvedCommoditiesList.xhtml?CT=FFP","EIC Approved Units - Fish & Fishery Products (FFP)","regulator","2026-02-09","EIC approved units list (FFP)","HIGH"
"1856","address","Survey No.71p & 73p Palavalasa Village,Anandapuram Mandal,Visakhapatnam-530052,Andhrapradesh","https://www.eicindia.gov.in/WebApp1/pages/menuInfo/approvedCommoditiesList.xhtml?CT=FFP","EIC Approved Units - Fish & Fishery Products (FFP)","regulator","2026-02-09","EIC approved units list (FFP)","HIGH"
"1856","scope","Packing of Fresh/Chilled Fish & Fishery products and freezing of raw fish&fishery products(Block&IQF) Sea caught & Aquaculture shrimps, Freezing of Cooked/Blanched Aquaculture shimps (IQF)","https://www.eicindia.gov.in/WebApp1/pages/menuInfo/approvedCommoditiesList.xhtml?CT=FFP","EIC Approved Units - Fish & Fishery Products (FFP)","regulator","2026-02-09","EIC approved units list (FFP)","HIGH"
"1856","expiry_date","05/10/2027","https://www.eicindia.gov.in/WebApp1/pages/menuInfo/approvedCommoditiesList.xhtml?CT=FFP","EIC Approved Units - Fish & Fishery Products (FFP)","regulator","2026-02-09","EIC approved units list (FFP)","HIGH"
"1857","plant_name","Penver Products Limited","https://www.eicindia.gov.in/WebApp1/pages/menuInfo/approvedCommoditiesList.xhtml?CT=FFP","EIC Approved Units - Fish & Fishery Products (FFP)","regulator","2026-02-09","EIC approved units list (FFP)","HIGH"
"1857","address","Door No.285, Voduru Post, Punnaparivaripalem Road, Chillakur Mandal, Nellore Dist, Andhra Pradesh-524410","https://www.eicindia.gov.in/WebApp1/pages/menuInfo/approvedCommoditiesList.xhtml?CT=FFP","EIC Approved Units - Fish & Fishery Products (FFP)","regulator","2026-02-09","EIC approved units list (FFP)","HIGH"
"1857","scope","Not applicable. No change in the nature of activities already approved.","https://www.eicindia.gov.in/WebApp1/pages/menuInfo/approvedCommoditiesList.xhtml?CT=FFP","EIC Approved Units - Fish & Fishery Products (FFP)","regulator","2026-02-09","EIC approved units list (FFP)","HIGH"
"1857","expiry_date","07/10/2027","https://www.eicindia.gov.in/WebApp1/pages/menuInfo/approvedCommoditiesList.xhtml?CT=FFP","EIC Approved Units - Fish & Fishery Products (FFP)","regulator","2026-02-09","EIC approved units list (FFP)","HIGH"
"1858","plant_name","ARYA SEA FOODS PRIVATE LIMITED","https://www.eicindia.gov.in/WebApp1/pages/menuInfo/approvedCommoditiesList.xhtml?CT=FFP","EIC Approved Units - Fish & Fishery Products (FFP)","regulator","2026-02-09","EIC approved units list (FFP)","HIGH"
"1858","address","RS NO:417/3,4, BUDHARAYUDU CHERUVU VILLAGE, KONITHIWADA PANCHAYAT, VEERAVASARAM MANDAL, WEST GODAVARI DISTRICT,ANDHRA PRADESH-534247","https://www.eicindia.gov.in/WebApp1/pages/menuInfo/approvedCommoditiesList.xhtml?CT=FFP","EIC Approved Units - Fish & Fishery Products (FFP)","regulator","2026-02-09","EIC approved units list (FFP)","HIGH"
"1858","scope","FREEZING OF RAW FISH AND FISHERY PRODUCTS(IQF AND BLOCK)","https://www.eicindia.gov.in/WebApp1/pages/menuInfo/approvedCommoditiesList.xhtml?CT=FFP","EIC Approved Units - Fish & Fishery Products (FFP)","regulator","2026-02-09","EIC approved units list (FFP)","HIGH"
"1858","expiry_date","14/11/2027","https://www.eicindia.gov.in/WebApp1/pages/menuInfo/approvedCommoditiesList.xhtml?CT=FFP","EIC Approved Units - Fish & Fishery Products (FFP)","regulator","2026-02-09","EIC approved units list (FFP)","HIGH"
"1861","plant_name","SOUTHERN TROPICAL FOODS PVT. LTD.","https://www.eicindia.gov.in/WebApp1/pages/menuInfo/approvedCommoditiesList.xhtml?CT=FFP","EIC Approved Units - Fish & Fishery Products (FFP)","regulator","2026-02-09","EIC approved units list (FFP)","HIGH"
"1861","address","Sy. No. 11, K.Bitragunta Village,
Jarugumalli Mandal, Prakasam District
Andhra Pradesh - 523 101.","https://www.eicindia.gov.in/WebApp1/pages/menuInfo/approvedCommoditiesList.xhtml?CT=FFP","EIC Approved Units - Fish & Fishery Products (FFP)","regulator","2026-02-09","EIC approved units list (FFP)","HIGH"
"1861","scope","Freezing of Raw Fish & Fishery products (IQF & Block Frozen), Freezing of Blanched & Cooked Fish & Fishery Products (IQF) (Aquaculture Shrimps only)","https://www.eicindia.gov.in/WebApp1/pages/menuInfo/approvedCommoditiesList.xhtml?CT=FFP","EIC Approved Units - Fish & Fishery Products (FFP)","regulator","2026-02-09","EIC approved units list (FFP)","HIGH"
"1861","expiry_date","17/02/2028","https://www.eicindia.gov.in/WebApp1/pages/menuInfo/approvedCommoditiesList.xhtml?CT=FFP","EIC Approved Units - Fish & Fishery Products (FFP)","regulator","2026-02-09","EIC approved units list (FFP)","HIGH"
"1862","plant_name","MILESH MARINE EXPORTS PVT.LTD.","https://www.eicindia.gov.in/WebApp1/pages/menuInfo/approvedCommoditiesList.xhtml?CT=FFP","EIC Approved Units - Fish & Fishery Products (FFP)","regulator","2026-02-09","EIC approved units list (FFP)","HIGH"
"1862","address","Sy. No. 83, Munipeda Village, Kruthivennu Mandal, Krishna Distrcit, Andhra Pradesh 521324","https://www.eicindia.gov.in/WebApp1/pages/menuInfo/approvedCommoditiesList.xhtml?CT=FFP","EIC Approved Units - Fish & Fishery Products (FFP)","regulator","2026-02-09","EIC approved units list (FFP)","HIGH"
"1862","scope","Packing of Fresh/Chilled Fish & Fishery Products, Freezing of Raw/Cooked Fish & Fishery Products(Block & IQF- Aquaculture Shrimps)","https://www.eicindia.gov.in/WebApp1/pages/menuInfo/approvedCommoditiesList.xhtml?CT=FFP","EIC Approved Units - Fish & Fishery Products (FFP)","regulator","2026-02-09","EIC approved units list (FFP)","HIGH"
"1862","expiry_date","03/01/2028","https://www.eicindia.gov.in/WebApp1/pages/menuInfo/approvedCommoditiesList.xhtml?CT=FFP","EIC Approved Units - Fish & Fishery Products (FFP)","regulator","2026-02-09","EIC approved units list (FFP)","HIGH"
"1863","plant_name","AQUATICA FROZEN FOODS GLOBAL PVT. LTD.","https://www.eicindia.gov.in/WebApp1/pages/menuInfo/approvedCommoditiesList.xhtml?CT=FFP","EIC Approved Units - Fish & Fishery Products (FFP)","regulator","2026-02-09","EIC approved units list (FFP)","HIGH"
"1863","address","Sy No. 235/3 & 4, 236/1, 237/1, Nayunipalli village, Challareddypalem Panchayat, Vetapalem Post-523187, Prakasam District, Andhra Pradesh.","https://www.eicindia.gov.in/WebApp1/pages/menuInfo/approvedCommoditiesList.xhtml?CT=FFP","EIC Approved Units - Fish & Fishery Products (FFP)","regulator","2026-02-09","EIC approved units list (FFP)","HIGH"
"1863","scope","Freezing of Raw Fish & Fishery Products (IQF), Blanched and Cooked Fish & Fishery Products (IQF) (Aquaculture shrimps only)","https://www.eicindia.gov.in/WebApp1/pages/menuInfo/approvedCommoditiesList.xhtml?CT=FFP","EIC Approved Units - Fish & Fishery Products (FFP)","regulator","2026-02-09","EIC approved units list (FFP)","HIGH"
"1863","expiry_date","05/03/2028","https://www.eicindia.gov.in/WebApp1/pages/menuInfo/approvedCommoditiesList.xhtml?CT=FFP","EIC Approved Units - Fish & Fishery Products (FFP)","regulator","2026-02-09","EIC approved units list (FFP)","HIGH"
"1865","plant_name","JACK-VIN SEAFOODS","https://www.eicindia.gov.in/WebApp1/pages/menuInfo/approvedCommoditiesList.xhtml?CT=FFP","EIC Approved Units - Fish & Fishery Products (FFP)","regulator","2026-02-09","EIC approved units list (FFP)","HIGH"
"1865","address","S.F.No.S.No.91 Park, (Plot No.100, 101 and 102), Old S.No. 46, Pachayankuppam Village, Cuddalore District-607003,Tamil Nadu","https://www.eicindia.gov.in/WebApp1/pages/menuInfo/approvedCommoditiesList.xhtml?CT=FFP","EIC Approved Units - Fish & Fishery Products (FFP)","regulator","2026-02-09","EIC approved units list (FFP)","HIGH"
"1865","scope","Packing of Fresh/Chilled Fish & Fishery Products","https://www.eicindia.gov.in/WebApp1/pages/menuInfo/approvedCommoditiesList.xhtml?CT=FFP","EIC Approved Units - Fish & Fishery Products (FFP)","regulator","2026-02-09","EIC approved units list (FFP)","HIGH"
"1865","expiry_date","16/04/2028","https://www.eicindia.gov.in/WebApp1/pages/menuInfo/approvedCommoditiesList.xhtml?CT=FFP","EIC Approved Units - Fish & Fishery Products (FFP)","regulator","2026-02-09","EIC approved units list (FFP)","HIGH"
"1869","plant_name","ALPHA MARINE","https://www.eicindia.gov.in/WebApp1/pages/menuInfo/approvedCommoditiesList.xhtml?CT=FFP","EIC Approved Units - Fish & Fishery Products (FFP)","regulator","2026-02-09","EIC approved units list (FFP)","HIGH"
"1869","address","SURVEY NO.587 & 589, GANDAVARAM TO PEYYALAPALEM ROAD, KAMMAVARIPALEM POST - 524316, KODAVALUR MANDAL, S.P.S.R NELLORE DISTRICT, ANDHRA PRADESH, INDIA","https://www.eicindia.gov.in/WebApp1/pages/menuInfo/approvedCommoditiesList.xhtml?CT=FFP","EIC Approved Units - Fish & Fishery Products (FFP)","regulator","2026-02-09","EIC approved units list (FFP)","HIGH"
"1869","scope","Packing of Fresh/ Chilled Fish & Fishery Products and Freezing of Raw Fish & Fisheryducts (IQF/ Block)","https://www.eicindia.gov.in/WebApp1/pages/menuInfo/approvedCommoditiesList.xhtml?CT=FFP","EIC Approved Units - Fish & Fishery Products (FFP)","regulator","2026-02-09","EIC approved units list (FFP)","HIGH"
"1869","expiry_date","18/07/2028","https://www.eicindia.gov.in/WebApp1/pages/menuInfo/approvedCommoditiesList.xhtml?CT=FFP","EIC Approved Units - Fish & Fishery Products (FFP)","regulator","2026-02-09","EIC approved units list (FFP)","HIGH"
"1878","plant_name","Altair Exports","https://www.eicindia.gov.in/WebApp1/pages/menuInfo/approvedCommoditiesList.xhtml?CT=FFP","EIC Approved Units - Fish & Fishery Products (FFP)","regulator","2026-02-09","EIC approved units list (FFP)","HIGH"
"1878","address","113/8/9/10,Pallabacherry,Thathanendal,Thirupullani Village/Union, Ramanathapuram Taluk,Tamil Nadu - 623 532.","https://www.eicindia.gov.in/WebApp1/pages/menuInfo/approvedCommoditiesList.xhtml?CT=FFP","EIC Approved Units - Fish & Fishery Products (FFP)","regulator","2026-02-09","EIC approved units list (FFP)","HIGH"
"1878","scope","Packing ofnFresh/Chilled Fish and Fishery Products","https://www.eicindia.gov.in/WebApp1/pages/menuInfo/approvedCommoditiesList.xhtml?CT=FFP","EIC Approved Units - Fish & Fishery Products (FFP)","regulator","2026-02-09","EIC approved units list (FFP)","HIGH"
"1878","expiry_date","13/03/2026","https://www.eicindia.gov.in/WebApp1/pages/menuInfo/approvedCommoditiesList.xhtml?CT=FFP","EIC Approved Units - Fish & Fishery Products (FFP)","regulator","2026-02-09","EIC approved units list (FFP)","HIGH"
"1879","plant_name","Avanti Frozen Foods Private limited","https://www.eicindia.gov.in/WebApp1/pages/menuInfo/approvedCommoditiesList.xhtml?CT=FFP","EIC Approved Units - Fish & Fishery Products (FFP)","regulator","2026-02-09","EIC approved units list (FFP)","HIGH"
"1879","address","Sy. No.342, 360,362,Yerravaram - 533345, Yeleswaram Mandal,Kakinada District,  Andhra Pradesh","https://www.eicindia.gov.in/WebApp1/pages/menuInfo/approvedCommoditiesList.xhtml?CT=FFP","EIC Approved Units - Fish & Fishery Products (FFP)","regulator","2026-02-09","EIC approved units list (FFP)","HIGH"
"1879","scope","Freezing of Raw /Marinated/Blanched/ Cooked Fish & Fishery Products(IQF/Block), IQF battered and breaded shrimp products
(Aquaculture Shrimps), Cooked Shrimps with cocktail sauce (IQF) & Raw Shrimps- Skewers (IQF) & FROZEN  PREFRIED BREADED, BATTERED & TEMPURA   SHRIMPS IQF WITH FROZEN PREFRIED POTATO FRIES","https://www.eicindia.gov.in/WebApp1/pages/menuInfo/approvedCommoditiesList.xhtml?CT=FFP","EIC Approved Units - Fish & Fishery Products (FFP)","regulator","2026-02-09","EIC approved units list (FFP)","HIGH"
"1879","expiry_date","25/04/2026","https://www.eicindia.gov.in/WebApp1/pages/menuInfo/approvedCommoditiesList.xhtml?CT=FFP","EIC Approved Units - Fish & Fishery Products (FFP)","regulator","2026-02-09","EIC approved units list (FFP)","HIGH"
"1880","plant_name","ANI EXPORTS","https://www.eicindia.gov.in/WebApp1/pages/menuInfo/approvedCommoditiesList.xhtml?CT=FFP","EIC Approved Units - Fish & Fishery Products (FFP)","regulator","2026-02-09","EIC approved units list (FFP)","HIGH"
"1880","address","R.S No. 28/2 Cuddalore, Tollgate, Ariyankuppam, Pondicherry-605007","https://www.eicindia.gov.in/WebApp1/pages/menuInfo/approvedCommoditiesList.xhtml?CT=FFP","EIC Approved Units - Fish & Fishery Products (FFP)","regulator","2026-02-09","EIC approved units list (FFP)","HIGH"
"1880","scope","Packing Of Fresh/Chilled Fish & Fishery Products -Fishes (Histamine & Non- Histamine forming), Crustaceans- Shrimps (Sea saught/Wild caught), Crabs (Sea caught), Lobster (Sea Caught) & Cephalopods","https://www.eicindia.gov.in/WebApp1/pages/menuInfo/approvedCommoditiesList.xhtml?CT=FFP","EIC Approved Units - Fish & Fishery Products (FFP)","regulator","2026-02-09","EIC approved units list (FFP)","HIGH"
"1880","expiry_date","02/07/2027","https://www.eicindia.gov.in/WebApp1/pages/menuInfo/approvedCommoditiesList.xhtml?CT=FFP","EIC Approved Units - Fish & Fishery Products (FFP)","regulator","2026-02-09","EIC approved units list (FFP)","HIGH"
"1884","plant_name","IFAA WIN MARINE EXPORT INDIA PRIVATE LIMITED","https://www.eicindia.gov.in/WebApp1/pages/menuInfo/approvedCommoditiesList.xhtml?CT=FFP","EIC Approved Units - Fish & Fishery Products (FFP)","regulator","2026-02-09","EIC approved units list (FFP)","HIGH"
"1884","address","No.30/1, 30/A, Kottakuppam Village, Ellapuram Block, Uthukottai Taluk, Thiruvallur District 601102, Tamil Nadu","https://www.eicindia.gov.in/WebApp1/pages/menuInfo/approvedCommoditiesList.xhtml?CT=FFP","EIC Approved Units - Fish & Fishery Products (FFP)","regulator","2026-02-09","EIC approved units list (FFP)","HIGH"
"1884","scope","Packing of Fresh / Chilled Fish & Fishery Product","https://www.eicindia.gov.in/WebApp1/pages/menuInfo/approvedCommoditiesList.xhtml?CT=FFP","EIC Approved Units - Fish & Fishery Products (FFP)","regulator","2026-02-09","EIC approved units list (FFP)","HIGH"
"1884","expiry_date","08/10/2027","https://www.eicindia.gov.in/WebApp1/pages/menuInfo/approvedCommoditiesList.xhtml?CT=FFP","EIC Approved Units - Fish & Fishery Products (FFP)","regulator","2026-02-09","EIC approved units list (FFP)","HIGH"
"1885","plant_name","SURYA SEA FOOD EXPORTS UNIT-I","https://www.eicindia.gov.in/WebApp1/pages/menuInfo/approvedCommoditiesList.xhtml?CT=FFP","EIC Approved Units - Fish & Fishery Products (FFP)","regulator","2026-02-09","EIC approved units list (FFP)","HIGH"
"1885","address","6/33 A5, Annai Theresa Nagar, Tharuvaikulam Village, Tuticorin - 628105","https://www.eicindia.gov.in/WebApp1/pages/menuInfo/approvedCommoditiesList.xhtml?CT=FFP","EIC Approved Units - Fish & Fishery Products (FFP)","regulator","2026-02-09","EIC approved units list (FFP)","HIGH"
"1885","scope","PACKING OF FRESH/CHILLED FISH AND FISHERY PRODUCTS","https://www.eicindia.gov.in/WebApp1/pages/menuInfo/approvedCommoditiesList.xhtml?CT=FFP","EIC Approved Units - Fish & Fishery Products (FFP)","regulator","2026-02-09","EIC approved units list (FFP)","HIGH"
"1885","expiry_date","14/10/2027","https://www.eicindia.gov.in/WebApp1/pages/menuInfo/approvedCommoditiesList.xhtml?CT=FFP","EIC Approved Units - Fish & Fishery Products (FFP)","regulator","2026-02-09","EIC approved units list (FFP)","HIGH"
"1887","plant_name","AKSHAY FOOD IMPEX PVT LTD","https://www.eicindia.gov.in/WebApp1/pages/menuInfo/approvedCommoditiesList.xhtml?CT=FFP","EIC Approved Units - Fish & Fishery Products (FFP)","regulator","2026-02-09","EIC approved units list (FFP)","HIGH"
"1887","address","R S NO 490/1&2 PAMARRU(V) PAMARRU(M) KRISHNA DISTRICT-521157 ANDHRA PARADESH, INDIA","https://www.eicindia.gov.in/WebApp1/pages/menuInfo/approvedCommoditiesList.xhtml?CT=FFP","EIC Approved Units - Fish & Fishery Products (FFP)","regulator","2026-02-09","EIC approved units list (FFP)","HIGH"
"1887","scope","FREEZING OF RAW FISH & FISHERY PRODUCTS (BLOCK & IQF) AQUACULTURE SHRIMPS","https://www.eicindia.gov.in/WebApp1/pages/menuInfo/approvedCommoditiesList.xhtml?CT=FFP","EIC Approved Units - Fish & Fishery Products (FFP)","regulator","2026-02-09","EIC approved units list (FFP)","HIGH"
"1887","expiry_date","23/01/2028","https://www.eicindia.gov.in/WebApp1/pages/menuInfo/approvedCommoditiesList.xhtml?CT=FFP","EIC Approved Units - Fish & Fishery Products (FFP)","regulator","2026-02-09","EIC approved units list (FFP)","HIGH"
"1888","plant_name","Devi Fisheries Limited, Unit-5","https://www.eicindia.gov.in/WebApp1/pages/menuInfo/approvedCommoditiesList.xhtml?CT=FFP","EIC Approved Units - Fish & Fishery Products (FFP)","regulator","2026-02-09","EIC approved units list (FFP)","HIGH"
"1888","address","12-274, Seethanagaram  Village, Jaggampeta Mandal, Kakinada, Andhra Pradesh-533435","https://www.eicindia.gov.in/WebApp1/pages/menuInfo/approvedCommoditiesList.xhtml?CT=FFP","EIC Approved Units - Fish & Fishery Products (FFP)","regulator","2026-02-09","EIC approved units list (FFP)","HIGH"
"1888","scope","Freezing Of Raw Fish  & Fishery  Products (Block/IQF/IF),Freezing Of  Blanched /Cooked Fish &   Fishery  Products (IQF), Raw Brine Frozen   Fish  & Fishery  Products (IQF)  Aquaculture  Shrimps  only","https://www.eicindia.gov.in/WebApp1/pages/menuInfo/approvedCommoditiesList.xhtml?CT=FFP","EIC Approved Units - Fish & Fishery Products (FFP)","regulator","2026-02-09","EIC approved units list (FFP)","HIGH"
"1888","expiry_date","04/02/2028","https://www.eicindia.gov.in/WebApp1/pages/menuInfo/approvedCommoditiesList.xhtml?CT=FFP","EIC Approved Units - Fish & Fishery Products (FFP)","regulator","2026-02-09","EIC approved units list (FFP)","HIGH"
"1890","plant_name","ROYAL IMPORTS AND EXPORTS","https://www.eicindia.gov.in/WebApp1/pages/menuInfo/approvedCommoditiesList.xhtml?CT=FFP","EIC Approved Units - Fish & Fishery Products (FFP)","regulator","2026-02-09","EIC approved units list (FFP)","HIGH"
"1890","address","Survey No.329/1,2,330/1,2,3,   332/1, 413/2,3,5 Bendapudi Village, Thondangi Mandal, East Godavari District, Andhra pradesh, India, PIN CODE : 533406","https://www.eicindia.gov.in/WebApp1/pages/menuInfo/approvedCommoditiesList.xhtml?CT=FFP","EIC Approved Units - Fish & Fishery Products (FFP)","regulator","2026-02-09","EIC approved units list (FFP)","HIGH"
"1890","scope","Packing of Fresh /Chilled Fish & Fishery Products ,Freezing of Raw Fish & Fishery Products (IQF/Block/Blast)","https://www.eicindia.gov.in/WebApp1/pages/menuInfo/approvedCommoditiesList.xhtml?CT=FFP","EIC Approved Units - Fish & Fishery Products (FFP)","regulator","2026-02-09","EIC approved units list (FFP)","HIGH"
"1890","expiry_date","30/05/2028","https://www.eicindia.gov.in/WebApp1/pages/menuInfo/approvedCommoditiesList.xhtml?CT=FFP","EIC Approved Units - Fish & Fishery Products (FFP)","regulator","2026-02-09","EIC approved units list (FFP)","HIGH"
"1892","plant_name","GLADSON EXPORTERS UNIT-II","https://www.eicindia.gov.in/WebApp1/pages/menuInfo/approvedCommoditiesList.xhtml?CT=FFP","EIC Approved Units - Fish & Fishery Products (FFP)","regulator","2026-02-09","EIC approved units list (FFP)","HIGH"
"1892","address","5/218 JAMES NAGAR, 
MUTTOM-629202, KANYAKUMARI DISTRICT, 
TAMIL NADU.","https://www.eicindia.gov.in/WebApp1/pages/menuInfo/approvedCommoditiesList.xhtml?CT=FFP","EIC Approved Units - Fish & Fishery Products (FFP)","regulator","2026-02-09","EIC approved units list (FFP)","HIGH"
"1892","scope","PACKING OF FRESH/ 
CHILLED FISH & FISHERY PRODUCTS 
AND FREEZING OF 
RAW FISH & FISHERY PRODUCTS
 (TUNNEL/BLAST FREEZING)","https://www.eicindia.gov.in/WebApp1/pages/menuInfo/approvedCommoditiesList.xhtml?CT=FFP","EIC Approved Units - Fish & Fishery Products (FFP)","regulator","2026-02-09","EIC approved units list (FFP)","HIGH"
"1892","expiry_date","31/05/2028","https://www.eicindia.gov.in/WebApp1/pages/menuInfo/approvedCommoditiesList.xhtml?CT=FFP","EIC Approved Units - Fish & Fishery Products (FFP)","regulator","2026-02-09","EIC approved units list (FFP)","HIGH"
"1894","plant_name","AISHWARYA IMPEX","https://www.eicindia.gov.in/WebApp1/pages/menuInfo/approvedCommoditiesList.xhtml?CT=FFP","EIC Approved Units - Fish & Fishery Products (FFP)","regulator","2026-02-09","EIC approved units list (FFP)","HIGH"
"1894","address","NO:136, SOMESWARAM VILLAGE ALAPADU POST,KAIKALURU MANDAL KRISHNA DISTRICT-521340 ANDHRA PRADESH","https://www.eicindia.gov.in/WebApp1/pages/menuInfo/approvedCommoditiesList.xhtml?CT=FFP","EIC Approved Units - Fish & Fishery Products (FFP)","regulator","2026-02-09","EIC approved units list (FFP)","HIGH"
"1894","scope","Freezing of Raw Fish &Fishery produsts(IQF&block)","https://www.eicindia.gov.in/WebApp1/pages/menuInfo/approvedCommoditiesList.xhtml?CT=FFP","EIC Approved Units - Fish & Fishery Products (FFP)","regulator","2026-02-09","EIC approved units list (FFP)","HIGH"
"1894","expiry_date","23/05/2028","https://www.eicindia.gov.in/WebApp1/pages/menuInfo/approvedCommoditiesList.xhtml?CT=FFP","EIC Approved Units - Fish & Fishery Products (FFP)","regulator","2026-02-09","EIC approved units list (FFP)","HIGH"
"1895","plant_name","Sree Sreenivasa Cold Storage","https://www.eicindia.gov.in/WebApp1/pages/menuInfo/approvedCommoditiesList.xhtml?CT=FFP","EIC Approved Units - Fish & Fishery Products (FFP)","regulator","2026-02-09","EIC approved units list (FFP)","HIGH"
"1895","address","Sy No:157 & 165, Thulekurdhu Village & Post Â 501,509 Yacharam Mandal, RR District, Telengana","https://www.eicindia.gov.in/WebApp1/pages/menuInfo/approvedCommoditiesList.xhtml?CT=FFP","EIC Approved Units - Fish & Fishery Products (FFP)","regulator","2026-02-09","EIC approved units list (FFP)","HIGH"
"1895","scope","Freezing of RawFish &Fishery Products","https://www.eicindia.gov.in/WebApp1/pages/menuInfo/approvedCommoditiesList.xhtml?CT=FFP","EIC Approved Units - Fish & Fishery Products (FFP)","regulator","2026-02-09","EIC approved units list (FFP)","HIGH"
"1895","expiry_date","30/05/2028","https://www.eicindia.gov.in/WebApp1/pages/menuInfo/approvedCommoditiesList.xhtml?CT=FFP","EIC Approved Units - Fish & Fishery Products (FFP)","regulator","2026-02-09","EIC approved units list (FFP)","HIGH"
"1904","plant_name","THARANGINI  SEA FOODS","https://www.eicindia.gov.in/WebApp1/pages/menuInfo/approvedCommoditiesList.xhtml?CT=FFP","EIC Approved Units - Fish & Fishery Products (FFP)","regulator","2026-02-09","EIC approved units list (FFP)","HIGH"
"1904","address","4/210,MGR ROAD,PALAVAKKAM,CHENNAI","https://www.eicindia.gov.in/WebApp1/pages/menuInfo/approvedCommoditiesList.xhtml?CT=FFP","EIC Approved Units - Fish & Fishery Products (FFP)","regulator","2026-02-09","EIC approved units list (FFP)","HIGH"
"1904","scope","Packing of Fresh /Chillcd Fish & Fishery Products and Frcezing of Raw Fish& Fishery products (Block / IF)","https://www.eicindia.gov.in/WebApp1/pages/menuInfo/approvedCommoditiesList.xhtml?CT=FFP","EIC Approved Units - Fish & Fishery Products (FFP)","regulator","2026-02-09","EIC approved units list (FFP)","HIGH"
"1904","expiry_date","13/03/2026","https://www.eicindia.gov.in/WebApp1/pages/menuInfo/approvedCommoditiesList.xhtml?CT=FFP","EIC Approved Units - Fish & Fishery Products (FFP)","regulator","2026-02-09","EIC approved units list (FFP)","HIGH"
"1905","plant_name","COFOODS PROCESSORS PRIVATE LIMITED","https://www.eicindia.gov.in/WebApp1/pages/menuInfo/approvedCommoditiesList.xhtml?CT=FFP","EIC Approved Units - Fish & Fishery Products (FFP)","regulator","2026-02-09","EIC approved units list (FFP)","HIGH"
"1905","address","RS NO. 456/2, 456/3, 456/4, 458/1, 458/2, 458/3, 458/5, 461/3, AARUGOLANU ROAD, AARUGOLANU VILLAGE, BAPULAPADU MANDAL, KRISHNA DISTRICT, ANDHRA PRADESH- 521106","https://www.eicindia.gov.in/WebApp1/pages/menuInfo/approvedCommoditiesList.xhtml?CT=FFP","EIC Approved Units - Fish & Fishery Products (FFP)","regulator","2026-02-09","EIC approved units list (FFP)","HIGH"
"1905","scope","FREEZING OF RAW FISH & FISHERY PRODUCTS (ONLY AQUA CULTURE SHRIMPS)
BLOCK & IQF","https://www.eicindia.gov.in/WebApp1/pages/menuInfo/approvedCommoditiesList.xhtml?CT=FFP","EIC Approved Units - Fish & Fishery Products (FFP)","regulator","2026-02-09","EIC approved units list (FFP)","HIGH"
"1905","expiry_date","27/03/2026","https://www.eicindia.gov.in/WebApp1/pages/menuInfo/approvedCommoditiesList.xhtml?CT=FFP","EIC Approved Units - Fish & Fishery Products (FFP)","regulator","2026-02-09","EIC approved units list (FFP)","HIGH"
"1906","plant_name","AVR MARINE PRIVATE LIMITED","https://www.eicindia.gov.in/WebApp1/pages/menuInfo/approvedCommoditiesList.xhtml?CT=FFP","EIC Approved Units - Fish & Fishery Products (FFP)","regulator","2026-02-09","EIC approved units list (FFP)","HIGH"
"1906","address","R.S.NO.60/3B, Thirupathipuram Attili Mandal,West Godavari District ,Andhra Pradesh -534134 ,India","https://www.eicindia.gov.in/WebApp1/pages/menuInfo/approvedCommoditiesList.xhtml?CT=FFP","EIC Approved Units - Fish & Fishery Products (FFP)","regulator","2026-02-09","EIC approved units list (FFP)","HIGH"
"1906","scope","Packing of Fresh/Chilled Fish & Fishery  Products Freezing of Raw Fish&Fishery Products(  IQF ,Block & IF)","https://www.eicindia.gov.in/WebApp1/pages/menuInfo/approvedCommoditiesList.xhtml?CT=FFP","EIC Approved Units - Fish & Fishery Products (FFP)","regulator","2026-02-09","EIC approved units list (FFP)","HIGH"
"1906","expiry_date","04/03/2026","https://www.eicindia.gov.in/WebApp1/pages/menuInfo/approvedCommoditiesList.xhtml?CT=FFP","EIC Approved Units - Fish & Fishery Products (FFP)","regulator","2026-02-09","EIC approved units list (FFP)","HIGH"
"1907","plant_name","KANANU EMIPRE PRIVATE LIMITED","https://www.eicindia.gov.in/WebApp1/pages/menuInfo/approvedCommoditiesList.xhtml?CT=FFP","EIC Approved Units - Fish & Fishery Products (FFP)","regulator","2026-02-09","EIC approved units list (FFP)","HIGH"
"1907","address","Door no:15-222/19/4, Balapur ward,nearRCI road,Hyderabad-500005 Telangana","https://www.eicindia.gov.in/WebApp1/pages/menuInfo/approvedCommoditiesList.xhtml?CT=FFP","EIC Approved Units - Fish & Fishery Products (FFP)","regulator","2026-02-09","EIC approved units list (FFP)","HIGH"
"1907","scope","Packing of Fresh /Chilled fish & Fishery Products","https://www.eicindia.gov.in/WebApp1/pages/menuInfo/approvedCommoditiesList.xhtml?CT=FFP","EIC Approved Units - Fish & Fishery Products (FFP)","regulator","2026-02-09","EIC approved units list (FFP)","HIGH"
"1907","expiry_date","27/03/2026","https://www.eicindia.gov.in/WebApp1/pages/menuInfo/approvedCommoditiesList.xhtml?CT=FFP","EIC Approved Units - Fish & Fishery Products (FFP)","regulator","2026-02-09","EIC approved units list (FFP)","HIGH"
"1908","plant_name","Nector Exports Private Limited","https://www.eicindia.gov.in/WebApp1/pages/menuInfo/approvedCommoditiesList.xhtml?CT=FFP","EIC Approved Units - Fish & Fishery Products (FFP)","regulator","2026-02-09","EIC approved units list (FFP)","HIGH"
"1908","address","Plot No: A 38,39,40,41, 9th Cross, Sedarapet Industrial Estate, Puducherry-605111.","https://www.eicindia.gov.in/WebApp1/pages/menuInfo/approvedCommoditiesList.xhtml?CT=FFP","EIC Approved Units - Fish & Fishery Products (FFP)","regulator","2026-02-09","EIC approved units list (FFP)","HIGH"
"1908","scope","Processing and Packing of Pasteurised Chilled Crab Meat in Hermatically Sealed Cans","https://www.eicindia.gov.in/WebApp1/pages/menuInfo/approvedCommoditiesList.xhtml?CT=FFP","EIC Approved Units - Fish & Fishery Products (FFP)","regulator","2026-02-09","EIC approved units list (FFP)","HIGH"
"1908","expiry_date","09/04/2026","https://www.eicindia.gov.in/WebApp1/pages/menuInfo/approvedCommoditiesList.xhtml?CT=FFP","EIC Approved Units - Fish & Fishery Products (FFP)","regulator","2026-02-09","EIC approved units list (FFP)","HIGH"
"1936","plant_name","Devi Fisheries Limited","https://www.eicindia.gov.in/WebApp1/pages/menuInfo/approvedCommoditiesList.xhtml?CT=FFP","EIC Approved Units - Fish & Fishery Products (FFP)","regulator","2026-02-09","EIC approved units list (FFP)","HIGH"
"1936","address","Plot No : D4, Sy.Nos : 208, Ponnada, U.Kothapalli Mandal, East Godavari District, Pin Code :- 533448,Andhra pradesh","https://www.eicindia.gov.in/WebApp1/pages/menuInfo/approvedCommoditiesList.xhtml?CT=FFP","EIC Approved Units - Fish & Fishery Products (FFP)","regulator","2026-02-09","EIC approved units list (FFP)","HIGH"
"1936","scope","Raw Frozen Fish & Fishery Products (IQF/Block Frozen/IF) (Sea Caught & Aquaculture Shrimps) and Freezing of Cooked Frozen Fish & Fishery Products (IQF)(Sea Caught and Aquaculture Shrimps)","https://www.eicindia.gov.in/WebApp1/pages/menuInfo/approvedCommoditiesList.xhtml?CT=FFP","EIC Approved Units - Fish & Fishery Products (FFP)","regulator","2026-02-09","EIC approved units list (FFP)","HIGH"
"1936","expiry_date","01/03/2026","https://www.eicindia.gov.in/WebApp1/pages/menuInfo/approvedCommoditiesList.xhtml?CT=FFP","EIC Approved Units - Fish & Fishery Products (FFP)","regulator","2026-02-09","EIC approved units list (FFP)","HIGH"
"1938","plant_name","DEVA SEA FOOD","https://www.eicindia.gov.in/WebApp1/pages/menuInfo/approvedCommoditiesList.xhtml?CT=FFP","EIC Approved Units - Fish & Fishery Products (FFP)","regulator","2026-02-09","EIC approved units list (FFP)","HIGH"
"1938","address","3/13, Bye Pass Road, Madathur, Tuticorin - 628101, Tamil Nadu","https://www.eicindia.gov.in/WebApp1/pages/menuInfo/approvedCommoditiesList.xhtml?CT=FFP","EIC Approved Units - Fish & Fishery Products (FFP)","regulator","2026-02-09","EIC approved units list (FFP)","HIGH"
"1938","scope","Processing and Packing of Chilled Pasteurized crab Meat in Hermetically Sealed Cans (Sea Caught Only)","https://www.eicindia.gov.in/WebApp1/pages/menuInfo/approvedCommoditiesList.xhtml?CT=FFP","EIC Approved Units - Fish & Fishery Products (FFP)","regulator","2026-02-09","EIC approved units list (FFP)","HIGH"
"1938","expiry_date","03/06/2027","https://www.eicindia.gov.in/WebApp1/pages/menuInfo/approvedCommoditiesList.xhtml?CT=FFP","EIC Approved Units - Fish & Fishery Products (FFP)","regulator","2026-02-09","EIC approved units list (FFP)","HIGH"
"1940","plant_name","AGS MARINE EXPORTS","https://www.eicindia.gov.in/WebApp1/pages/menuInfo/approvedCommoditiesList.xhtml?CT=FFP","EIC Approved Units - Fish & Fishery Products (FFP)","regulator","2026-02-09","EIC approved units list (FFP)","HIGH"
"1940","address","No,107,PALUR MAIN ROAD, SINGAPERUMAL KOIL,CHENGALPATTU, CHENGALPATTU DISTRICT -603 204","https://www.eicindia.gov.in/WebApp1/pages/menuInfo/approvedCommoditiesList.xhtml?CT=FFP","EIC Approved Units - Fish & Fishery Products (FFP)","regulator","2026-02-09","EIC approved units list (FFP)","HIGH"
"1940","scope","PACKING OF FRESH/ CHILLED FISH AND FISHERY PRODUCTS
FOR EXPORT TO ALL COUNTRIES EXCLUDING EU,CU AND UNCOOKED PRAWNS TO AUSTRALIA","https://www.eicindia.gov.in/WebApp1/pages/menuInfo/approvedCommoditiesList.xhtml?CT=FFP","EIC Approved Units - Fish & Fishery Products (FFP)","regulator","2026-02-09","EIC approved units list (FFP)","HIGH"
"1940","expiry_date","25/10/2027","https://www.eicindia.gov.in/WebApp1/pages/menuInfo/approvedCommoditiesList.xhtml?CT=FFP","EIC Approved Units - Fish & Fishery Products (FFP)","regulator","2026-02-09","EIC approved units list (FFP)","HIGH"
"1941","plant_name","VARMA MARINE PRIVATE LIMITED","https://www.eicindia.gov.in/WebApp1/pages/menuInfo/approvedCommoditiesList.xhtml?CT=FFP","EIC Approved Units - Fish & Fishery Products (FFP)","regulator","2026-02-09","EIC approved units list (FFP)","HIGH"
"1941","address","R.S.No:361/1, Vempa Road, MogalTaru Village & Mandal, West Godavari District, Andhra Pradesh-534281","https://www.eicindia.gov.in/WebApp1/pages/menuInfo/approvedCommoditiesList.xhtml?CT=FFP","EIC Approved Units - Fish & Fishery Products (FFP)","regulator","2026-02-09","EIC approved units list (FFP)","HIGH"
"1941","scope","FREEZING OF RAW FISH AND FISHERY PRODUCTS(IQF AND BLOCK)","https://www.eicindia.gov.in/WebApp1/pages/menuInfo/approvedCommoditiesList.xhtml?CT=FFP","EIC Approved Units - Fish & Fishery Products (FFP)","regulator","2026-02-09","EIC approved units list (FFP)","HIGH"
"1941","expiry_date","25/10/2027","https://www.eicindia.gov.in/WebApp1/pages/menuInfo/approvedCommoditiesList.xhtml?CT=FFP","EIC Approved Units - Fish & Fishery Products (FFP)","regulator","2026-02-09","EIC approved units list (FFP)","HIGH"
"1942","plant_name","V B Medicare Pvt. Ltd","https://www.eicindia.gov.in/WebApp1/pages/menuInfo/approvedCommoditiesList.xhtml?CT=FFP","EIC Approved Units - Fish & Fishery Products (FFP)","regulator","2026-02-09","EIC approved units list (FFP)","HIGH"
"1942","address","Plot  No 59, 61, 62, 63, 66A & 67,SIPCOT Ind Area Phase â??II
Krishnagiri  Main Road, Hosur 635 109     (T N)","https://www.eicindia.gov.in/WebApp1/pages/menuInfo/approvedCommoditiesList.xhtml?CT=FFP","EIC Approved Units - Fish & Fishery Products (FFP)","regulator","2026-02-09","EIC approved units list (FFP)","HIGH"
"1942","scope","Processing,  Packing and storage  of fish & fishery products","https://www.eicindia.gov.in/WebApp1/pages/menuInfo/approvedCommoditiesList.xhtml?CT=FFP","EIC Approved Units - Fish & Fishery Products (FFP)","regulator","2026-02-09","EIC approved units list (FFP)","HIGH"
"1942","expiry_date","22/12/2027","https://www.eicindia.gov.in/WebApp1/pages/menuInfo/approvedCommoditiesList.xhtml?CT=FFP","EIC Approved Units - Fish & Fishery Products (FFP)","regulator","2026-02-09","EIC approved units list (FFP)","HIGH"
"1943","plant_name","FEDORA SEA FOODS PRIVATE LIMITED","https://www.eicindia.gov.in/WebApp1/pages/menuInfo/approvedCommoditiesList.xhtml?CT=FFP","EIC Approved Units - Fish & Fishery Products (FFP)","regulator","2026-02-09","EIC approved units list (FFP)","HIGH"
"1943","address","NH-16/AH-45, NORTH RAJUPALEM VILLAGE, KODAVALUR MANDALAM, NELLORE-524366","https://www.eicindia.gov.in/WebApp1/pages/menuInfo/approvedCommoditiesList.xhtml?CT=FFP","EIC Approved Units - Fish & Fishery Products (FFP)","regulator","2026-02-09","EIC approved units list (FFP)","HIGH"
"1943","scope","PROCESSING OF RAW FROZEN FISH AND FISHERY PRODUCTS (BLOCK FROZEN & IQF) AQUACULTURE SHRIMPS ONLY","https://www.eicindia.gov.in/WebApp1/pages/menuInfo/approvedCommoditiesList.xhtml?CT=FFP","EIC Approved Units - Fish & Fishery Products (FFP)","regulator","2026-02-09","EIC approved units list (FFP)","HIGH"
"1943","expiry_date","15/01/2028","https://www.eicindia.gov.in/WebApp1/pages/menuInfo/approvedCommoditiesList.xhtml?CT=FFP","EIC Approved Units - Fish & Fishery Products (FFP)","regulator","2026-02-09","EIC approved units list (FFP)","HIGH"
"1946","plant_name","SANDHYA AQUA EXPORTS PRIVATE LIMITED","https://www.eicindia.gov.in/WebApp1/pages/menuInfo/approvedCommoditiesList.xhtml?CT=FFP","EIC Approved Units - Fish & Fishery Products (FFP)","regulator","2026-02-09","EIC approved units list (FFP)","HIGH"
"1946","address","KSEZ,R.Sy No.208,Plot No,D5-D6,Ponnada Village,U.Kothapalli Mandal,Kakinada,East Godavari District,Andhra Pradesh-533448","https://www.eicindia.gov.in/WebApp1/pages/menuInfo/approvedCommoditiesList.xhtml?CT=FFP","EIC Approved Units - Fish & Fishery Products (FFP)","regulator","2026-02-09","EIC approved units list (FFP)","HIGH"
"1946","scope","Freezing of Raw Fish & Fishery Products(Block Frozen/IQF)Shrimps only(Sea Caught and Aquaculture),Blanched/Cooked Frozen Fish & Fishery Products (Sea caught & Aquaculture Shrimps only)","https://www.eicindia.gov.in/WebApp1/pages/menuInfo/approvedCommoditiesList.xhtml?CT=FFP","EIC Approved Units - Fish & Fishery Products (FFP)","regulator","2026-02-09","EIC approved units list (FFP)","HIGH"
"1946","expiry_date","14/03/2028","https://www.eicindia.gov.in/WebApp1/pages/menuInfo/approvedCommoditiesList.xhtml?CT=FFP","EIC Approved Units - Fish & Fishery Products (FFP)","regulator","2026-02-09","EIC approved units list (FFP)","HIGH"
"1948","plant_name","Aparna Marine Exports","https://www.eicindia.gov.in/WebApp1/pages/menuInfo/approvedCommoditiesList.xhtml?CT=FFP","EIC Approved Units - Fish & Fishery Products (FFP)","regulator","2026-02-09","EIC approved units list (FFP)","HIGH"
"1948","address","Survey No: 387-3A1, 387-4, 389/2, Dammanavaripalem Panchayat, Karlapalem Mandal, Bapatla, Guntur District, Andhra Pradesh-522111","https://www.eicindia.gov.in/WebApp1/pages/menuInfo/approvedCommoditiesList.xhtml?CT=FFP","EIC Approved Units - Fish & Fishery Products (FFP)","regulator","2026-02-09","EIC approved units list (FFP)","HIGH"
"1948","scope","Processing of Raw Frozen Fish & Fishery Products (Block Frozen and IQF)-Aquaculture Shrimps and  Sea Caught Shrimps","https://www.eicindia.gov.in/WebApp1/pages/menuInfo/approvedCommoditiesList.xhtml?CT=FFP","EIC Approved Units - Fish & Fishery Products (FFP)","regulator","2026-02-09","EIC approved units list (FFP)","HIGH"
"1948","expiry_date","16/04/2028","https://www.eicindia.gov.in/WebApp1/pages/menuInfo/approvedCommoditiesList.xhtml?CT=FFP","EIC Approved Units - Fish & Fishery Products (FFP)","regulator","2026-02-09","EIC approved units list (FFP)","HIGH"
"1949","plant_name","Veerabhadra Exports Private Limited","https://www.eicindia.gov.in/WebApp1/pages/menuInfo/approvedCommoditiesList.xhtml?CT=FFP","EIC Approved Units - Fish & Fishery Products (FFP)","regulator","2026-02-09","EIC approved units list (FFP)","HIGH"
"1949","address","Sy. No. 264, Lampakalova, Prathipadu Mandal, Kakinada District, Andhra Pradesh - 533430","https://www.eicindia.gov.in/WebApp1/pages/menuInfo/approvedCommoditiesList.xhtml?CT=FFP","EIC Approved Units - Fish & Fishery Products (FFP)","regulator","2026-02-09","EIC approved units list (FFP)","HIGH"
"1949","scope","Processing of Raw Frozen Fish & Fishery Products(IQF/BLOCK)-Aquaculture Shrimps only","https://www.eicindia.gov.in/WebApp1/pages/menuInfo/approvedCommoditiesList.xhtml?CT=FFP","EIC Approved Units - Fish & Fishery Products (FFP)","regulator","2026-02-09","EIC approved units list (FFP)","HIGH"
"1949","expiry_date","27/04/2028","https://www.eicindia.gov.in/WebApp1/pages/menuInfo/approvedCommoditiesList.xhtml?CT=FFP","EIC Approved Units - Fish & Fishery Products (FFP)","regulator","2026-02-09","EIC approved units list (FFP)","HIGH"
"1951","plant_name","KANNAN MARINE FOODS","https://www.eicindia.gov.in/WebApp1/pages/menuInfo/approvedCommoditiesList.xhtml?CT=FFP","EIC Approved Units - Fish & Fishery Products (FFP)","regulator","2026-02-09","EIC approved units list (FFP)","HIGH"
"1951","address","PLOT NO: 42, T.T.S.NAGAR, THIRUVERKADU,        CHENNAI - 600077.","https://www.eicindia.gov.in/WebApp1/pages/menuInfo/approvedCommoditiesList.xhtml?CT=FFP","EIC Approved Units - Fish & Fishery Products (FFP)","regulator","2026-02-09","EIC approved units list (FFP)","HIGH"
"1951","scope","Packing of Fresh/Chilled Fish & Fishery Products","https://www.eicindia.gov.in/WebApp1/pages/menuInfo/approvedCommoditiesList.xhtml?CT=FFP","EIC Approved Units - Fish & Fishery Products (FFP)","regulator","2026-02-09","EIC approved units list (FFP)","HIGH"
"1951","expiry_date","17/04/2028","https://www.eicindia.gov.in/WebApp1/pages/menuInfo/approvedCommoditiesList.xhtml?CT=FFP","EIC Approved Units - Fish & Fishery Products (FFP)","regulator","2026-02-09","EIC approved units list (FFP)","HIGH"
"1952","plant_name","DEVI SEA FOODS LIMITED (UNIT-II)","https://www.eicindia.gov.in/WebApp1/pages/menuInfo/approvedCommoditiesList.xhtml?CT=FFP","EIC Approved Units - Fish & Fishery Products (FFP)","regulator","2026-02-09","EIC approved units list (FFP)","HIGH"
"1952","address","SY.NO.80/5, 81/1 A, 
MULAGUNTAPADU(V),
SINGARAYAKONDA-523101 PRAKASAM DISTRICT, ANDHRA PRADESH, INDIA","https://www.eicindia.gov.in/WebApp1/pages/menuInfo/approvedCommoditiesList.xhtml?CT=FFP","EIC Approved Units - Fish & Fishery Products (FFP)","regulator","2026-02-09","EIC approved units list (FFP)","HIGH"
"1952","scope","Freezing of Raw Fish & Fishery Products (IQF, Brine IQF) (Aquaculture Shrimps and Sea Caught Shrimps)","https://www.eicindia.gov.in/WebApp1/pages/menuInfo/approvedCommoditiesList.xhtml?CT=FFP","EIC Approved Units - Fish & Fishery Products (FFP)","regulator","2026-02-09","EIC approved units list (FFP)","HIGH"
"1952","expiry_date","02/05/2028","https://www.eicindia.gov.in/WebApp1/pages/menuInfo/approvedCommoditiesList.xhtml?CT=FFP","EIC Approved Units - Fish & Fishery Products (FFP)","regulator","2026-02-09","EIC approved units list (FFP)","HIGH"
"1958","plant_name","Sai Primus Life Biotech Pvt. Ltd","https://www.eicindia.gov.in/WebApp1/pages/menuInfo/approvedCommoditiesList.xhtml?CT=FFP","EIC Approved Units - Fish & Fishery Products (FFP)","regulator","2026-02-09","EIC approved units list (FFP)","HIGH"
"1958","address","R.S.No.4/3, Plot No. 33, Kurumapet Industrial Estate, Villianur Commune, Puducherry- 605009","https://www.eicindia.gov.in/WebApp1/pages/menuInfo/approvedCommoditiesList.xhtml?CT=FFP","EIC Approved Units - Fish & Fishery Products (FFP)","regulator","2026-02-09","EIC approved units list (FFP)","HIGH"
"1958","scope","Production of Nutraceutical Tablets/ Capsules Containing Glucosamine Chondroitin & Collagen of Marine Origin","https://www.eicindia.gov.in/WebApp1/pages/menuInfo/approvedCommoditiesList.xhtml?CT=FFP","EIC Approved Units - Fish & Fishery Products (FFP)","regulator","2026-02-09","EIC approved units list (FFP)","HIGH"
"1958","expiry_date","02/08/2026","https://www.eicindia.gov.in/WebApp1/pages/menuInfo/approvedCommoditiesList.xhtml?CT=FFP","EIC Approved Units - Fish & Fishery Products (FFP)","regulator","2026-02-09","EIC approved units list (FFP)","HIGH"
"1959","plant_name","New Sunrise Exports","https://www.eicindia.gov.in/WebApp1/pages/menuInfo/approvedCommoditiesList.xhtml?CT=FFP","EIC Approved Units - Fish & Fishery Products (FFP)","regulator","2026-02-09","EIC approved units list (FFP)","HIGH"
"1959","address","M/s.New Sunrise Exports. S.F.No.177/2, 180/3A2, Thuthipattu Village, Ambur Taluk, Tirupathur District-635811, India","https://www.eicindia.gov.in/WebApp1/pages/menuInfo/approvedCommoditiesList.xhtml?CT=FFP","EIC Approved Units - Fish & Fishery Products (FFP)","regulator","2026-02-09","EIC approved units list (FFP)","HIGH"
"1959","scope","For Packing of Chilled Fish & Fishery Products","https://www.eicindia.gov.in/WebApp1/pages/menuInfo/approvedCommoditiesList.xhtml?CT=FFP","EIC Approved Units - Fish & Fishery Products (FFP)","regulator","2026-02-09","EIC approved units list (FFP)","HIGH"
"1959","expiry_date","20/02/2026","https://www.eicindia.gov.in/WebApp1/pages/menuInfo/approvedCommoditiesList.xhtml?CT=FFP","EIC Approved Units - Fish & Fishery Products (FFP)","regulator","2026-02-09","EIC approved units list (FFP)","HIGH"
"1960","plant_name","KING MARINE EXPORTS","https://www.eicindia.gov.in/WebApp1/pages/menuInfo/approvedCommoditiesList.xhtml?CT=FFP","EIC Approved Units - Fish & Fishery Products (FFP)","regulator","2026-02-09","EIC approved units list (FFP)","HIGH"
"1960","address","No.8.Shiruvallur High Road,Perambur,chennai-600011","https://www.eicindia.gov.in/WebApp1/pages/menuInfo/approvedCommoditiesList.xhtml?CT=FFP","EIC Approved Units - Fish & Fishery Products (FFP)","regulator","2026-02-09","EIC approved units list (FFP)","HIGH"
"1960","scope","Packing of fresh/Chilled Fish & Fishery Products","https://www.eicindia.gov.in/WebApp1/pages/menuInfo/approvedCommoditiesList.xhtml?CT=FFP","EIC Approved Units - Fish & Fishery Products (FFP)","regulator","2026-02-09","EIC approved units list (FFP)","HIGH"
"1960","expiry_date","25/05/2026","https://www.eicindia.gov.in/WebApp1/pages/menuInfo/approvedCommoditiesList.xhtml?CT=FFP","EIC Approved Units - Fish & Fishery Products (FFP)","regulator","2026-02-09","EIC approved units list (FFP)","HIGH"
"1965","plant_name","GREAT INDIAN SEA FOODS","https://www.eicindia.gov.in/WebApp1/pages/menuInfo/approvedCommoditiesList.xhtml?CT=FFP","EIC Approved Units - Fish & Fishery Products (FFP)","regulator","2026-02-09","EIC approved units list (FFP)","HIGH"
"1965","address","S.NO: 457/2 Part ,PLOT No. 349-352, THANJAI SENGUNDAR NAGAR, VILANGADUPAKKAM","https://www.eicindia.gov.in/WebApp1/pages/menuInfo/approvedCommoditiesList.xhtml?CT=FFP","EIC Approved Units - Fish & Fishery Products (FFP)","regulator","2026-02-09","EIC approved units list (FFP)","HIGH"
"1965","scope","For Packing of Fresh/Chilled Fish & Fishery Products-seacaught","https://www.eicindia.gov.in/WebApp1/pages/menuInfo/approvedCommoditiesList.xhtml?CT=FFP","EIC Approved Units - Fish & Fishery Products (FFP)","regulator","2026-02-09","EIC approved units list (FFP)","HIGH"
"1965","expiry_date","19/10/2026","https://www.eicindia.gov.in/WebApp1/pages/menuInfo/approvedCommoditiesList.xhtml?CT=FFP","EIC Approved Units - Fish & Fishery Products (FFP)","regulator","2026-02-09","EIC approved units list (FFP)","HIGH"
"1970","plant_name","SAM AQUA EXPORTS LLP","https://www.eicindia.gov.in/WebApp1/pages/menuInfo/approvedCommoditiesList.xhtml?CT=FFP","EIC Approved Units - Fish & Fishery Products (FFP)","regulator","2026-02-09","EIC approved units list (FFP)","HIGH"
"1970","address","R.S. No. 127-1, 127-2, 
Kurumaddali Village, Pamarru Mandal, Pamarru, Krishna, Andhra Pradesh, 521157
Phone:  9705097052
Mail: samaquaqc@gmail.com 
samaquaexports@gmail.com","https://www.eicindia.gov.in/WebApp1/pages/menuInfo/approvedCommoditiesList.xhtml?CT=FFP","EIC Approved Units - Fish & Fishery Products (FFP)","regulator","2026-02-09","EIC approved units list (FFP)","HIGH"
"1970","scope","Freezing of raw fish & fishery Products 
(Aquaculture) (IQF & Block Frozen)","https://www.eicindia.gov.in/WebApp1/pages/menuInfo/approvedCommoditiesList.xhtml?CT=FFP","EIC Approved Units - Fish & Fishery Products (FFP)","regulator","2026-02-09","EIC approved units list (FFP)","HIGH"
"1970","expiry_date","18/02/2027","https://www.eicindia.gov.in/WebApp1/pages/menuInfo/approvedCommoditiesList.xhtml?CT=FFP","EIC Approved Units - Fish & Fishery Products (FFP)","regulator","2026-02-09","EIC approved units list (FFP)","HIGH"
"1971","plant_name","Avanti Frozen Foods Private Limited","https://www.eicindia.gov.in/WebApp1/pages/menuInfo/approvedCommoditiesList.xhtml?CT=FFP","EIC Approved Units - Fish & Fishery Products (FFP)","regulator","2026-02-09","EIC approved units list (FFP)","HIGH"
"1971","address","R.Sy.No. 13-6,13-7,13-8,7, Krishnapuram Village, Thondangi Mandal, Kakinada District, Pin-533408 Andhra Pradesh, India","https://www.eicindia.gov.in/WebApp1/pages/menuInfo/approvedCommoditiesList.xhtml?CT=FFP","EIC Approved Units - Fish & Fishery Products (FFP)","regulator","2026-02-09","EIC approved units list (FFP)","HIGH"
"1971","scope","Freezing of raw shrimps (including Skewer and Nobashi) IQF; Freezing of blanched/cooked shrimps (IQF); Freezing of cooked shrimps with cocktail sauce (IQF).
Shrimps (Aquaculture only)","https://www.eicindia.gov.in/WebApp1/pages/menuInfo/approvedCommoditiesList.xhtml?CT=FFP","EIC Approved Units - Fish & Fishery Products (FFP)","regulator","2026-02-09","EIC approved units list (FFP)","HIGH"
"1971","expiry_date","18/03/2027","https://www.eicindia.gov.in/WebApp1/pages/menuInfo/approvedCommoditiesList.xhtml?CT=FFP","EIC Approved Units - Fish & Fishery Products (FFP)","regulator","2026-02-09","EIC approved units list (FFP)","HIGH"
"1972","plant_name","M/S. MEKWORLD MARINES AND EXPORTS PRIVATE LIMITED","https://www.eicindia.gov.in/WebApp1/pages/menuInfo/approvedCommoditiesList.xhtml?CT=FFP","EIC Approved Units - Fish & Fishery Products (FFP)","regulator","2026-02-09","EIC approved units list (FFP)","HIGH"
"1972","address","S. No: 382/1, 2,3, Agarru Road, Agarthipalem Village,
Palakollu Mandal, West Godavari District, 
Andhra Pradesh, India. Pin code: 534260.","https://www.eicindia.gov.in/WebApp1/pages/menuInfo/approvedCommoditiesList.xhtml?CT=FFP","EIC Approved Units - Fish & Fishery Products (FFP)","regulator","2026-02-09","EIC approved units list (FFP)","HIGH"
"1972","scope","Packing of Fresh/Chilled Fish & Fishery products and Freezing raw Fish & Fishery products ( IQF/ Block) (Aquaculture & Sea caught)","https://www.eicindia.gov.in/WebApp1/pages/menuInfo/approvedCommoditiesList.xhtml?CT=FFP","EIC Approved Units - Fish & Fishery Products (FFP)","regulator","2026-02-09","EIC approved units list (FFP)","HIGH"
"1972","expiry_date","08/05/2027","https://www.eicindia.gov.in/WebApp1/pages/menuInfo/approvedCommoditiesList.xhtml?CT=FFP","EIC Approved Units - Fish & Fishery Products (FFP)","regulator","2026-02-09","EIC approved units list (FFP)","HIGH"
"1973","plant_name","Deva Sea Food Unit- 1","https://www.eicindia.gov.in/WebApp1/pages/menuInfo/approvedCommoditiesList.xhtml?CT=FFP","EIC Approved Units - Fish & Fishery Products (FFP)","regulator","2026-02-09","EIC approved units list (FFP)","HIGH"
"1973","address","3/12E Bye Pass Road, Madathur, Tuticorin-628101, Tamil Nadu","https://www.eicindia.gov.in/WebApp1/pages/menuInfo/approvedCommoditiesList.xhtml?CT=FFP","EIC Approved Units - Fish & Fishery Products (FFP)","regulator","2026-02-09","EIC approved units list (FFP)","HIGH"
"1973","scope","Freezing of Raw Fish & Fishery Products (Block/IQF -Fishes (Histamine & Non- Histamine forming), Crustaceans -Shrimps (Aquaculture/Sea caught/Wild caught), Lobsters (Sea caught) & Cephalopods","https://www.eicindia.gov.in/WebApp1/pages/menuInfo/approvedCommoditiesList.xhtml?CT=FFP","EIC Approved Units - Fish & Fishery Products (FFP)","regulator","2026-02-09","EIC approved units list (FFP)","HIGH"
"1973","expiry_date","05/06/2027","https://www.eicindia.gov.in/WebApp1/pages/menuInfo/approvedCommoditiesList.xhtml?CT=FFP","EIC Approved Units - Fish & Fishery Products (FFP)","regulator","2026-02-09","EIC approved units list (FFP)","HIGH"
"1974","plant_name","Devi Sea Foods Limited (Unit-3)","https://www.eicindia.gov.in/WebApp1/pages/menuInfo/approvedCommoditiesList.xhtml?CT=FFP","EIC Approved Units - Fish & Fishery Products (FFP)","regulator","2026-02-09","EIC approved units list (FFP)","HIGH"
"1974","address","R.S.No. 741/2P, 742/3P, 745/6P, 7P&8P,746/3P&4P Peravali Road, Tanuku 534211, West Godavari District, Andhra Pradesh, India","https://www.eicindia.gov.in/WebApp1/pages/menuInfo/approvedCommoditiesList.xhtml?CT=FFP","EIC Approved Units - Fish & Fishery Products (FFP)","regulator","2026-02-09","EIC approved units list (FFP)","HIGH"
"1974","scope","Freezing of Raw /Blanched/Cooked Fish and Fishery products (IQF and Block ) Aquaculture Shrimps","https://www.eicindia.gov.in/WebApp1/pages/menuInfo/approvedCommoditiesList.xhtml?CT=FFP","EIC Approved Units - Fish & Fishery Products (FFP)","regulator","2026-02-09","EIC approved units list (FFP)","HIGH"
"1974","expiry_date","07/05/2027","https://www.eicindia.gov.in/WebApp1/pages/menuInfo/approvedCommoditiesList.xhtml?CT=FFP","EIC Approved Units - Fish & Fishery Products (FFP)","regulator","2026-02-09","EIC approved units list (FFP)","HIGH"
"1975","plant_name","Mulpuri Aqua Processors","https://www.eicindia.gov.in/WebApp1/pages/menuInfo/approvedCommoditiesList.xhtml?CT=FFP","EIC Approved Units - Fish & Fishery Products (FFP)","regulator","2026-02-09","EIC approved units list (FFP)","HIGH"
"1975","address","Survey No.460, 461/1, 461/2, 462, 462/1, Arugolanu (V), Bapulapadu (M), Krishna, Andhra Pradesh-521106","https://www.eicindia.gov.in/WebApp1/pages/menuInfo/approvedCommoditiesList.xhtml?CT=FFP","EIC Approved Units - Fish & Fishery Products (FFP)","regulator","2026-02-09","EIC approved units list (FFP)","HIGH"
"1975","scope","Freezing of Raw Fish and Fishery Products (IQF/Block) - Shrimps (Aquaculture)","https://www.eicindia.gov.in/WebApp1/pages/menuInfo/approvedCommoditiesList.xhtml?CT=FFP","EIC Approved Units - Fish & Fishery Products (FFP)","regulator","2026-02-09","EIC approved units list (FFP)","HIGH"
"1975","expiry_date","08/05/2027","https://www.eicindia.gov.in/WebApp1/pages/menuInfo/approvedCommoditiesList.xhtml?CT=FFP","EIC Approved Units - Fish & Fishery Products (FFP)","regulator","2026-02-09","EIC approved units list (FFP)","HIGH"
"1976","plant_name","CHOICE TRADING CORPORATION PRIVATE LIMITED","https://www.eicindia.gov.in/WebApp1/pages/menuInfo/approvedCommoditiesList.xhtml?CT=FFP","EIC Approved Units - Fish & Fishery Products (FFP)","regulator","2026-02-09","EIC approved units list (FFP)","HIGH"
"1976","address","Survey No:389-3, 389-2H, 389-2C, 389-2D, 387-1A, Yazali Village and Post, Dhammanavaripalem Village and Post, Karlapalem, Bapatla, Guntur District, Andhra Pradesh, 522111","https://www.eicindia.gov.in/WebApp1/pages/menuInfo/approvedCommoditiesList.xhtml?CT=FFP","EIC Approved Units - Fish & Fishery Products (FFP)","regulator","2026-02-09","EIC approved units list (FFP)","HIGH"
"1976","scope","Freezing of Raw Fish & Fishery products, Freezing of Cooked Fish & Fishery Products(IQF), Freezing of Blanched & Cooked Frozen Shrimp Ring with cocktail sauce(IQF), Freezing of Raw Marinated Shrimps -(IQF) -Shrimps(Aquaculture)","https://www.eicindia.gov.in/WebApp1/pages/menuInfo/approvedCommoditiesList.xhtml?CT=FFP","EIC Approved Units - Fish & Fishery Products (FFP)","regulator","2026-02-09","EIC approved units list (FFP)","HIGH"
"1976","expiry_date","28/07/2027","https://www.eicindia.gov.in/WebApp1/pages/menuInfo/approvedCommoditiesList.xhtml?CT=FFP","EIC Approved Units - Fish & Fishery Products (FFP)","regulator","2026-02-09","EIC approved units list (FFP)","HIGH"
"1977","plant_name","ALPHA MARINE LIMITED","https://www.eicindia.gov.in/WebApp1/pages/menuInfo/approvedCommoditiesList.xhtml?CT=FFP","EIC Approved Units - Fish & Fishery Products (FFP)","regulator","2026-02-09","EIC approved units list (FFP)","HIGH"
"1977","address","Sy. No. 587, 589 & 591, Gandavaram to Peyyalapalem Road, Bodduvaripalem (V), Kammavaripalem Post, Kodavalur (M), Nellore - 524316, Andhra Pradesh, India","https://www.eicindia.gov.in/WebApp1/pages/menuInfo/approvedCommoditiesList.xhtml?CT=FFP","EIC Approved Units - Fish & Fishery Products (FFP)","regulator","2026-02-09","EIC approved units list (FFP)","HIGH"
"1977","scope","Freezing of Raw Fish & Fishery Products (Block/IQF), Freezing of Blanched/Cooked Fish and Fishery Products (IQF), Stretched Shrimps(Naboshi) - (IQF),  Freezing of Raw Battered and Breaded Fish & Fishery Products (IQF), -Shrimps (Aquaculture)","https://www.eicindia.gov.in/WebApp1/pages/menuInfo/approvedCommoditiesList.xhtml?CT=FFP","EIC Approved Units - Fish & Fishery Products (FFP)","regulator","2026-02-09","EIC approved units list (FFP)","HIGH"
"1977","expiry_date","24/07/2027","https://www.eicindia.gov.in/WebApp1/pages/menuInfo/approvedCommoditiesList.xhtml?CT=FFP","EIC Approved Units - Fish & Fishery Products (FFP)","regulator","2026-02-09","EIC approved units list (FFP)","HIGH"
"1978","plant_name","DEVI FISHERIES LIMITED, UNIT-6","https://www.eicindia.gov.in/WebApp1/pages/menuInfo/approvedCommoditiesList.xhtml?CT=FFP","EIC Approved Units - Fish & Fishery Products (FFP)","regulator","2026-02-09","EIC approved units list (FFP)","HIGH"
"1978","address","12-275, SEETHANAGARAM VILLAGE, JAGGAMPETA MANDAL,KAKINADA DISTRICT, ANDHRA PRADESH-533435","https://www.eicindia.gov.in/WebApp1/pages/menuInfo/approvedCommoditiesList.xhtml?CT=FFP","EIC Approved Units - Fish & Fishery Products (FFP)","regulator","2026-02-09","EIC approved units list (FFP)","HIGH"
"1978","scope","Freezing of raw shrimps (including Skewer and Nobashi) IQF; Freezing of blanched/cooked shrimps (IQF); Freezing of cooked shrimps with cocktail sauce (IQF).Raw battered and breaded shrimps and Pre-Fried breaded shrimps.
Shrimps (Aquaculture and sea caught)","https://www.eicindia.gov.in/WebApp1/pages/menuInfo/approvedCommoditiesList.xhtml?CT=FFP","EIC Approved Units - Fish & Fishery Products (FFP)","regulator","2026-02-09","EIC approved units list (FFP)","HIGH"
"1978","expiry_date","28/08/2027","https://www.eicindia.gov.in/WebApp1/pages/menuInfo/approvedCommoditiesList.xhtml?CT=FFP","EIC Approved Units - Fish & Fishery Products (FFP)","regulator","2026-02-09","EIC approved units list (FFP)","HIGH"
"1980","plant_name","SV SEA FOODS","https://www.eicindia.gov.in/WebApp1/pages/menuInfo/approvedCommoditiesList.xhtml?CT=FFP","EIC Approved Units - Fish & Fishery Products (FFP)","regulator","2026-02-09","EIC approved units list (FFP)","HIGH"
"1980","address","S.F.NO 197/2A1C, PLOT NO: 14  KEELA ARASADI VILLAGE OTTAPIDARAM TALUK, TUTICORIN - 628 002  TAMILNADU - INDIA","https://www.eicindia.gov.in/WebApp1/pages/menuInfo/approvedCommoditiesList.xhtml?CT=FFP","EIC Approved Units - Fish & Fishery Products (FFP)","regulator","2026-02-09","EIC approved units list (FFP)","HIGH"
"1980","scope","ALL COUNTRIES EXCLUDING CU & UNCOOKED PRAWNS TO AUSTRALIA","https://www.eicindia.gov.in/WebApp1/pages/menuInfo/approvedCommoditiesList.xhtml?CT=FFP","EIC Approved Units - Fish & Fishery Products (FFP)","regulator","2026-02-09","EIC approved units list (FFP)","HIGH"
"1980","expiry_date","26/11/2027","https://www.eicindia.gov.in/WebApp1/pages/menuInfo/approvedCommoditiesList.xhtml?CT=FFP","EIC Approved Units - Fish & Fishery Products (FFP)","regulator","2026-02-09","EIC approved units list (FFP)","HIGH"
"1984","plant_name","SUMMIT MARINE EXPORTS PRIVATE LIMITED","https://www.eicindia.gov.in/WebApp1/pages/menuInfo/approvedCommoditiesList.xhtml?CT=FFP","EIC Approved Units - Fish & Fishery Products (FFP)","regulator","2026-02-09","EIC approved units list (FFP)","HIGH"
"1984","address","RS.No.435/1, Near Electrical Sub-Station, Akividu Road, Elurupadu,Kalla Mandal, West Godavari, 534236, Andhra Pradesh, India","https://www.eicindia.gov.in/WebApp1/pages/menuInfo/approvedCommoditiesList.xhtml?CT=FFP","EIC Approved Units - Fish & Fishery Products (FFP)","regulator","2026-02-09","EIC approved units list (FFP)","HIGH"
"1984","scope","Freezing of Raw Fish & Fishery Products (IQF & Block), Freezing of Cooked Fish & Fishery Products (IQF)","https://www.eicindia.gov.in/WebApp1/pages/menuInfo/approvedCommoditiesList.xhtml?CT=FFP","EIC Approved Units - Fish & Fishery Products (FFP)","regulator","2026-02-09","EIC approved units list (FFP)","HIGH"
"1984","expiry_date","03/02/2028","https://www.eicindia.gov.in/WebApp1/pages/menuInfo/approvedCommoditiesList.xhtml?CT=FFP","EIC Approved Units - Fish & Fishery Products (FFP)","regulator","2026-02-09","EIC approved units list (FFP)","HIGH"
"1987","plant_name","SANDHYA MARINES LIMITED","https://www.eicindia.gov.in/WebApp1/pages/menuInfo/approvedCommoditiesList.xhtml?CT=FFP","EIC Approved Units - Fish & Fishery Products (FFP)","regulator","2026-02-09","EIC approved units list (FFP)","HIGH"
"1987","address","R.S.NO. 117, 118, 119 127 & 130
POOLAPALLI VILLAGE, 
PALAKOLE MANDAL,
WEST GODAVARI DISTRICT - 534 250, ANDHRA PRADESH, INDIA","https://www.eicindia.gov.in/WebApp1/pages/menuInfo/approvedCommoditiesList.xhtml?CT=FFP","EIC Approved Units - Fish & Fishery Products (FFP)","regulator","2026-02-09","EIC approved units list (FFP)","HIGH"
"1987","scope","FREEZING OF RAW FISH & FISHERY PRODUCTS (IQF),
FREEZING OF COOKED/BLANCHED FISH & FISHERY PRODUCTS (IQF),
FREEZING OF RAW MARINATED FISH & FISHERY PRODUCTS (IQF), 
FREEZING OF RAW BATTERED & BREADED FISH & FISHERY PRODUCTS (IQF) - SEA CAUGHT AND AQUACULTURE","https://www.eicindia.gov.in/WebApp1/pages/menuInfo/approvedCommoditiesList.xhtml?CT=FFP","EIC Approved Units - Fish & Fishery Products (FFP)","regulator","2026-02-09","EIC approved units list (FFP)","HIGH"
"1987","expiry_date","26/05/2028","https://www.eicindia.gov.in/WebApp1/pages/menuInfo/approvedCommoditiesList.xhtml?CT=FFP","EIC Approved Units - Fish & Fishery Products (FFP)","regulator","2026-02-09","EIC approved units list (FFP)","HIGH"
"1999","plant_name","SAI MARINE EXPORTS PVT. LTD.","https://www.eicindia.gov.in/WebApp1/pages/menuInfo/approvedCommoditiesList.xhtml?CT=FFP","EIC Approved Units - Fish & Fishery Products (FFP)","regulator","2026-02-09","EIC approved units list (FFP)","HIGH"
"1999","address","S.No.247 & 248, Narayana Reddy Peta, Nellore Rural & Mandal, SPSR Nellore District- 524 314, Andhra Pradesh","https://www.eicindia.gov.in/WebApp1/pages/menuInfo/approvedCommoditiesList.xhtml?CT=FFP","EIC Approved Units - Fish & Fishery Products (FFP)","regulator","2026-02-09","EIC approved units list (FFP)","HIGH"
"1999","scope","Freezing of Raw Fish & Fishery Products (IQF & Block Frozen), Freezing of Cooked and Blanched Fish & Fishery Products (IQF) (Aquaculture Shrimps Only)","https://www.eicindia.gov.in/WebApp1/pages/menuInfo/approvedCommoditiesList.xhtml?CT=FFP","EIC Approved Units - Fish & Fishery Products (FFP)","regulator","2026-02-09","EIC approved units list (FFP)","HIGH"
"1999","expiry_date","08/03/2028","https://www.eicindia.gov.in/WebApp1/pages/menuInfo/approvedCommoditiesList.xhtml?CT=FFP","EIC Approved Units - Fish & Fishery Products (FFP)","regulator","2026-02-09","EIC approved units list (FFP)","HIGH"
"204","plant_name","K. R. Sea Foods Pvt. Ltd.","https://www.eicindia.gov.in/WebApp1/pages/menuInfo/approvedCommoditiesList.xhtml?CT=FFP","EIC Approved Units - Fish & Fishery Products (FFP)","regulator","2026-02-09","EIC approved units list (FFP)","HIGH"
"204","address","Plot No. 1006/1007, GIDC Estate, Veraval-362269, Gujarat, India","https://www.eicindia.gov.in/WebApp1/pages/menuInfo/approvedCommoditiesList.xhtml?CT=FFP","EIC Approved Units - Fish & Fishery Products (FFP)","regulator","2026-02-09","EIC approved units list (FFP)","HIGH"
"204","scope","FROZEN (BLOCK/IQF) RAW FISH & FISHERY PRODUCTS (INCLUDING AQUACULTURE) AND RAW FROZEN SURIMI PASTE","https://www.eicindia.gov.in/WebApp1/pages/menuInfo/approvedCommoditiesList.xhtml?CT=FFP","EIC Approved Units - Fish & Fishery Products (FFP)","regulator","2026-02-09","EIC approved units list (FFP)","HIGH"
"204","expiry_date","23/03/2026","https://www.eicindia.gov.in/WebApp1/pages/menuInfo/approvedCommoditiesList.xhtml?CT=FFP","EIC Approved Units - Fish & Fishery Products (FFP)","regulator","2026-02-09","EIC approved units list (FFP)","HIGH"
"214","plant_name","Indian Exports","https://www.eicindia.gov.in/WebApp1/pages/menuInfo/approvedCommoditiesList.xhtml?CT=FFP","EIC Approved Units - Fish & Fishery Products (FFP)","regulator","2026-02-09","EIC approved units list (FFP)","HIGH"
"214","address","Plot No.1316/1-2, G.I.D.C. Estate, Veraval-362269, Gujarat-India","https://www.eicindia.gov.in/WebApp1/pages/menuInfo/approvedCommoditiesList.xhtml?CT=FFP","EIC Approved Units - Fish & Fishery Products (FFP)","regulator","2026-02-09","EIC approved units list (FFP)","HIGH"
"214","scope","FREEZING OF RAW FISH & FISHERY PRODUCTS (BLOCK/BLAST-IF) (EXCLUDING AQUACULTURE)","https://www.eicindia.gov.in/WebApp1/pages/menuInfo/approvedCommoditiesList.xhtml?CT=FFP","EIC Approved Units - Fish & Fishery Products (FFP)","regulator","2026-02-09","EIC approved units list (FFP)","HIGH"
"214","expiry_date","15/12/2027","https://www.eicindia.gov.in/WebApp1/pages/menuInfo/approvedCommoditiesList.xhtml?CT=FFP","EIC Approved Units - Fish & Fishery Products (FFP)","regulator","2026-02-09","EIC approved units list (FFP)","HIGH"
"222","plant_name","Ulka Seafoods Pvt. Ltd. (Unit- II)","https://www.eicindia.gov.in/WebApp1/pages/menuInfo/approvedCommoditiesList.xhtml?CT=FFP","EIC Approved Units - Fish & Fishery Products (FFP)","regulator","2026-02-09","EIC approved units list (FFP)","HIGH"
"222","address","Orgao Marcela, Goa 403107, India","https://www.eicindia.gov.in/WebApp1/pages/menuInfo/approvedCommoditiesList.xhtml?CT=FFP","EIC Approved Units - Fish & Fishery Products (FFP)","regulator","2026-02-09","EIC approved units list (FFP)","HIGH"
"222","scope","Fresh/Chilled and frozen (Block/IF-Blast) Raw Fish and Fishery Products (Including Aquaculture)","https://www.eicindia.gov.in/WebApp1/pages/menuInfo/approvedCommoditiesList.xhtml?CT=FFP","EIC Approved Units - Fish & Fishery Products (FFP)","regulator","2026-02-09","EIC approved units list (FFP)","HIGH"
"222","expiry_date","12/02/2026","https://www.eicindia.gov.in/WebApp1/pages/menuInfo/approvedCommoditiesList.xhtml?CT=FFP","EIC Approved Units - Fish & Fishery Products (FFP)","regulator","2026-02-09","EIC approved units list (FFP)","HIGH"
"224","plant_name","Corlim Marine Exports Pvt. Ltd","https://www.eicindia.gov.in/WebApp1/pages/menuInfo/approvedCommoditiesList.xhtml?CT=FFP","EIC Approved Units - Fish & Fishery Products (FFP)","regulator","2026-02-09","EIC approved units list (FFP)","HIGH"
"224","address","Plot No. 25-32, Phase III- B, Sancoale Industrial Estate, Zuari Nagar,Goa- 403726, India","https://www.eicindia.gov.in/WebApp1/pages/menuInfo/approvedCommoditiesList.xhtml?CT=FFP","EIC Approved Units - Fish & Fishery Products (FFP)","regulator","2026-02-09","EIC approved units list (FFP)","HIGH"
"224","scope","Frozen (Block/IF-Blast) Raw Fish and Fishery Products (Including Aquaculture)","https://www.eicindia.gov.in/WebApp1/pages/menuInfo/approvedCommoditiesList.xhtml?CT=FFP","EIC Approved Units - Fish & Fishery Products (FFP)","regulator","2026-02-09","EIC approved units list (FFP)","HIGH"
"224","expiry_date","13/02/2026","https://www.eicindia.gov.in/WebApp1/pages/menuInfo/approvedCommoditiesList.xhtml?CT=FFP","EIC Approved Units - Fish & Fishery Products (FFP)","regulator","2026-02-09","EIC approved units list (FFP)","HIGH"
"229","plant_name","Mamta Cold Storage","https://www.eicindia.gov.in/WebApp1/pages/menuInfo/approvedCommoditiesList.xhtml?CT=FFP","EIC Approved Units - Fish & Fishery Products (FFP)","regulator","2026-02-09","EIC approved units list (FFP)","HIGH"
"229","address","Plot No.806,G.I.D.C.Estate,Veraval- 362269,Gujarat,India","https://www.eicindia.gov.in/WebApp1/pages/menuInfo/approvedCommoditiesList.xhtml?CT=FFP","EIC Approved Units - Fish & Fishery Products (FFP)","regulator","2026-02-09","EIC approved units list (FFP)","HIGH"
"229","scope","FROZEN (BLOCK/BLAST-IF) RAW FISH AND FISHERY PRODUCTS (EXCLUDING AQUACULTURE)","https://www.eicindia.gov.in/WebApp1/pages/menuInfo/approvedCommoditiesList.xhtml?CT=FFP","EIC Approved Units - Fish & Fishery Products (FFP)","regulator","2026-02-09","EIC approved units list (FFP)","HIGH"
"229","expiry_date","23/03/2026","https://www.eicindia.gov.in/WebApp1/pages/menuInfo/approvedCommoditiesList.xhtml?CT=FFP","EIC Approved Units - Fish & Fishery Products (FFP)","regulator","2026-02-09","EIC approved units list (FFP)","HIGH"
"234","plant_name","HMG Industries Limited","https://www.eicindia.gov.in/WebApp1/pages/menuInfo/approvedCommoditiesList.xhtml?CT=FFP","EIC Approved Units - Fish & Fishery Products (FFP)","regulator","2026-02-09","EIC approved units list (FFP)","HIGH"
"234","address","C-21/6,TTC Industrial Area, Pawne MIDC,Thane-Belapur Road, Vashi, Navi Mumbai, Maharashtra-400703,India","https://www.eicindia.gov.in/WebApp1/pages/menuInfo/approvedCommoditiesList.xhtml?CT=FFP","EIC Approved Units - Fish & Fishery Products (FFP)","regulator","2026-02-09","EIC approved units list (FFP)","HIGH"
"234","scope","Fresh/Chilled Raw,Frozen (Block/IF-Blast/IQF) 
Raw /Blanched Fish and Fishery Products 
(Including Aquaculture)","https://www.eicindia.gov.in/WebApp1/pages/menuInfo/approvedCommoditiesList.xhtml?CT=FFP","EIC Approved Units - Fish & Fishery Products (FFP)","regulator","2026-02-09","EIC approved units list (FFP)","HIGH"
"234","expiry_date","22/04/2026","https://www.eicindia.gov.in/WebApp1/pages/menuInfo/approvedCommoditiesList.xhtml?CT=FFP","EIC Approved Units - Fish & Fishery Products (FFP)","regulator","2026-02-09","EIC approved units list (FFP)","HIGH"
"238","plant_name","Bhavani Sea Foods","https://www.eicindia.gov.in/WebApp1/pages/menuInfo/approvedCommoditiesList.xhtml?CT=FFP","EIC Approved Units - Fish & Fishery Products (FFP)","regulator","2026-02-09","EIC approved units list (FFP)","HIGH"
"238","address","Plot No.12/13, Fisheries Harbour, Bhidiya Plot, Veraval-362267, Gujarat, India","https://www.eicindia.gov.in/WebApp1/pages/menuInfo/approvedCommoditiesList.xhtml?CT=FFP","EIC Approved Units - Fish & Fishery Products (FFP)","regulator","2026-02-09","EIC approved units list (FFP)","HIGH"
"238","scope","FROZEN (BLOCK/IF-BLAST) RAW FISH AND FISHERY PRODUCTS (EXCLUDING AQUACULTURE)","https://www.eicindia.gov.in/WebApp1/pages/menuInfo/approvedCommoditiesList.xhtml?CT=FFP","EIC Approved Units - Fish & Fishery Products (FFP)","regulator","2026-02-09","EIC approved units list (FFP)","HIGH"
"238","expiry_date","16/03/2026","https://www.eicindia.gov.in/WebApp1/pages/menuInfo/approvedCommoditiesList.xhtml?CT=FFP","EIC Approved Units - Fish & Fishery Products (FFP)","regulator","2026-02-09","EIC approved units list (FFP)","HIGH"
"252","plant_name","Amison  Fisheries Limited","https://www.eicindia.gov.in/WebApp1/pages/menuInfo/approvedCommoditiesList.xhtml?CT=FFP","EIC Approved Units - Fish & Fishery Products (FFP)","regulator","2026-02-09","EIC approved units list (FFP)","HIGH"
"252","address","279/37 A1 & A2, AT & Post Kelethar, Tarkarli Road, Malvan , Dist -Sindhudurg, Maharashtra- 416606","https://www.eicindia.gov.in/WebApp1/pages/menuInfo/approvedCommoditiesList.xhtml?CT=FFP","EIC Approved Units - Fish & Fishery Products (FFP)","regulator","2026-02-09","EIC approved units list (FFP)","HIGH"
"252","scope","Fresh/Chilled Raw, Frozen (Block/IF-Blast) Raw Fish & Fishery Products (Excluding Aquaculture)","https://www.eicindia.gov.in/WebApp1/pages/menuInfo/approvedCommoditiesList.xhtml?CT=FFP","EIC Approved Units - Fish & Fishery Products (FFP)","regulator","2026-02-09","EIC approved units list (FFP)","HIGH"
"252","expiry_date","23/07/2027","https://www.eicindia.gov.in/WebApp1/pages/menuInfo/approvedCommoditiesList.xhtml?CT=FFP","EIC Approved Units - Fish & Fishery Products (FFP)","regulator","2026-02-09","EIC approved units list (FFP)","HIGH"
"2603","plant_name","Al Irfan Exports","https://www.eicindia.gov.in/WebApp1/pages/menuInfo/approvedCommoditiesList.xhtml?CT=FFP","EIC Approved Units - Fish & Fishery Products (FFP)","regulator","2026-02-09","EIC approved units list (FFP)","HIGH"
"2603","address","Poman, Mori Village,Bhendi Pada, Nr. Universal College,Dongri Pada, Kaman Bhiwandi Road, Palghar, Maharashtra-401208","https://www.eicindia.gov.in/WebApp1/pages/menuInfo/approvedCommoditiesList.xhtml?CT=FFP","EIC Approved Units - Fish & Fishery Products (FFP)","regulator","2026-02-09","EIC approved units list (FFP)","HIGH"
"2603","scope","Packing of Fresh/ Chilled Fish and fishery Products (Including  Aquaculture)","https://www.eicindia.gov.in/WebApp1/pages/menuInfo/approvedCommoditiesList.xhtml?CT=FFP","EIC Approved Units - Fish & Fishery Products (FFP)","regulator","2026-02-09","EIC approved units list (FFP)","HIGH"
"2603","expiry_date","01/03/2026","https://www.eicindia.gov.in/WebApp1/pages/menuInfo/approvedCommoditiesList.xhtml?CT=FFP","EIC Approved Units - Fish & Fishery Products (FFP)","regulator","2026-02-09","EIC approved units list (FFP)","HIGH"
"2604","plant_name","JOECONS MARINE EXPORTS PRIVATE LIMITED","https://www.eicindia.gov.in/WebApp1/pages/menuInfo/approvedCommoditiesList.xhtml?CT=FFP","EIC Approved Units - Fish & Fishery Products (FFP)","regulator","2026-02-09","EIC approved units list (FFP)","HIGH"
"2604","address","Plot No. L-4 & M-23, Cuncolim Industrial Estate, Cuncolim, Salcete, South-Goa-403703, India","https://www.eicindia.gov.in/WebApp1/pages/menuInfo/approvedCommoditiesList.xhtml?CT=FFP","EIC Approved Units - Fish & Fishery Products (FFP)","regulator","2026-02-09","EIC approved units list (FFP)","HIGH"
"2604","scope","Packing of Fresh/Chilled Fish & Fishery Products, Freezing of Raw Fish & Fishery Products (Block/IF-Blast/IQF), Freezing of Blanched and Cooked Fish and Fishery Products(IQF) -Fishes (Histamine & Non- Histamine forming), Shrimps (Aquaculture/Sea caught) & Cephalopods","https://www.eicindia.gov.in/WebApp1/pages/menuInfo/approvedCommoditiesList.xhtml?CT=FFP","EIC Approved Units - Fish & Fishery Products (FFP)","regulator","2026-02-09","EIC approved units list (FFP)","HIGH"
"2604","expiry_date","20/06/2027","https://www.eicindia.gov.in/WebApp1/pages/menuInfo/approvedCommoditiesList.xhtml?CT=FFP","EIC Approved Units - Fish & Fishery Products (FFP)","regulator","2026-02-09","EIC approved units list (FFP)","HIGH"
"2605","plant_name","ATHOS COLLAGEN PRIVATE LIMITED","https://www.eicindia.gov.in/WebApp1/pages/menuInfo/approvedCommoditiesList.xhtml?CT=FFP","EIC Approved Units - Fish & Fishery Products (FFP)","regulator","2026-02-09","EIC approved units list (FFP)","HIGH"
"2605","address","Plot No. B-19, Gujarat Agro Infrastructure Mega Food Park, Village-Shah & Vasravi, Taluk Mangrol, District Surat, Gujarat-394410, India","https://www.eicindia.gov.in/WebApp1/pages/menuInfo/approvedCommoditiesList.xhtml?CT=FFP","EIC Approved Units - Fish & Fishery Products (FFP)","regulator","2026-02-09","EIC approved units list (FFP)","HIGH"
"2605","scope","Processing and Packing of Fish Collagen and Fish Gelatin -Fishes (Histamine & Non- Histamine forming)","https://www.eicindia.gov.in/WebApp1/pages/menuInfo/approvedCommoditiesList.xhtml?CT=FFP","EIC Approved Units - Fish & Fishery Products (FFP)","regulator","2026-02-09","EIC approved units list (FFP)","HIGH"
"2605","expiry_date","24/08/2027","https://www.eicindia.gov.in/WebApp1/pages/menuInfo/approvedCommoditiesList.xhtml?CT=FFP","EIC Approved Units - Fish & Fishery Products (FFP)","regulator","2026-02-09","EIC approved units list (FFP)","HIGH"
"2606","plant_name","AKE DRY SEA FOOD","https://www.eicindia.gov.in/WebApp1/pages/menuInfo/approvedCommoditiesList.xhtml?CT=FFP","EIC Approved Units - Fish & Fishery Products (FFP)","regulator","2026-02-09","EIC approved units list (FFP)","HIGH"
"2606","address","PLOT NO. 115/2,116/1, GIDC ESTATE, VANANA, PORBANDAR, GUJARAT-360575,INDIA","https://www.eicindia.gov.in/WebApp1/pages/menuInfo/approvedCommoditiesList.xhtml?CT=FFP","EIC Approved Units - Fish & Fishery Products (FFP)","regulator","2026-02-09","EIC approved units list (FFP)","HIGH"
"2606","scope","Processing and Packing of Salted & Dried Fish & fishery products, Dried Fish & fishery products and Dried Fish Maws","https://www.eicindia.gov.in/WebApp1/pages/menuInfo/approvedCommoditiesList.xhtml?CT=FFP","EIC Approved Units - Fish & Fishery Products (FFP)","regulator","2026-02-09","EIC approved units list (FFP)","HIGH"
"2606","expiry_date","29/08/2027","https://www.eicindia.gov.in/WebApp1/pages/menuInfo/approvedCommoditiesList.xhtml?CT=FFP","EIC Approved Units - Fish & Fishery Products (FFP)","regulator","2026-02-09","EIC approved units list (FFP)","HIGH"
"2607","plant_name","Sun International","https://www.eicindia.gov.in/WebApp1/pages/menuInfo/approvedCommoditiesList.xhtml?CT=FFP","EIC Approved Units - Fish & Fishery Products (FFP)","regulator","2026-02-09","EIC approved units list (FFP)","HIGH"
"2607","address","Plot No. 1403, GIDC Estate, Veraval-362269, Gujarat, India","https://www.eicindia.gov.in/WebApp1/pages/menuInfo/approvedCommoditiesList.xhtml?CT=FFP","EIC Approved Units - Fish & Fishery Products (FFP)","regulator","2026-02-09","EIC approved units list (FFP)","HIGH"
"2607","scope","Processing and Packing of Frozen (Block/IQF) Raw/ Blanched Fish and Fishery Products (Including Aquaculture)","https://www.eicindia.gov.in/WebApp1/pages/menuInfo/approvedCommoditiesList.xhtml?CT=FFP","EIC Approved Units - Fish & Fishery Products (FFP)","regulator","2026-02-09","EIC approved units list (FFP)","HIGH"
"2607","expiry_date","16/11/2027","https://www.eicindia.gov.in/WebApp1/pages/menuInfo/approvedCommoditiesList.xhtml?CT=FFP","EIC Approved Units - Fish & Fishery Products (FFP)","regulator","2026-02-09","EIC approved units list (FFP)","HIGH"
"2608","plant_name","J M Sea Foods","https://www.eicindia.gov.in/WebApp1/pages/menuInfo/approvedCommoditiesList.xhtml?CT=FFP","EIC Approved Units - Fish & Fishery Products (FFP)","regulator","2026-02-09","EIC approved units list (FFP)","HIGH"
"2608","address","Plot No.315 & 316, GIDC Estate, Veraval-362269, Gujarat, India","https://www.eicindia.gov.in/WebApp1/pages/menuInfo/approvedCommoditiesList.xhtml?CT=FFP","EIC Approved Units - Fish & Fishery Products (FFP)","regulator","2026-02-09","EIC approved units list (FFP)","HIGH"
"2608","scope","Processing and Packing of Frozen (Block/IQF/IF-Blast) Raw/ Blanched Fish and Fishery Products (Including Aquaculture)","https://www.eicindia.gov.in/WebApp1/pages/menuInfo/approvedCommoditiesList.xhtml?CT=FFP","EIC Approved Units - Fish & Fishery Products (FFP)","regulator","2026-02-09","EIC approved units list (FFP)","HIGH"
"2608","expiry_date","20/11/2027","https://www.eicindia.gov.in/WebApp1/pages/menuInfo/approvedCommoditiesList.xhtml?CT=FFP","EIC Approved Units - Fish & Fishery Products (FFP)","regulator","2026-02-09","EIC approved units list (FFP)","HIGH"
"2612","plant_name","Salet Seafoods Private Limited -Unit I","https://www.eicindia.gov.in/WebApp1/pages/menuInfo/approvedCommoditiesList.xhtml?CT=FFP","EIC Approved Units - Fish & Fishery Products (FFP)","regulator","2026-02-09","EIC approved units list (FFP)","HIGH"
"2612","address","Plot No 46 to 67, GIDC Industrial Estate, Vanana, Porbandar -360550, Gujarat, India","https://www.eicindia.gov.in/WebApp1/pages/menuInfo/approvedCommoditiesList.xhtml?CT=FFP","EIC Approved Units - Fish & Fishery Products (FFP)","regulator","2026-02-09","EIC approved units list (FFP)","HIGH"
"2612","scope","Processing and Packing of Salted and Dried Fish and Fishery Products, Dried Fish and Fishery products and Dried Maws","https://www.eicindia.gov.in/WebApp1/pages/menuInfo/approvedCommoditiesList.xhtml?CT=FFP","EIC Approved Units - Fish & Fishery Products (FFP)","regulator","2026-02-09","EIC approved units list (FFP)","HIGH"
"2612","expiry_date","15/05/2028","https://www.eicindia.gov.in/WebApp1/pages/menuInfo/approvedCommoditiesList.xhtml?CT=FFP","EIC Approved Units - Fish & Fishery Products (FFP)","regulator","2026-02-09","EIC approved units list (FFP)","HIGH"
"2617","plant_name","JRK Marine Exports","https://www.eicindia.gov.in/WebApp1/pages/menuInfo/approvedCommoditiesList.xhtml?CT=FFP","EIC Approved Units - Fish & Fishery Products (FFP)","regulator","2026-02-09","EIC approved units list (FFP)","HIGH"
"2617","address","Sy No. 1071/2, Maktupur Road, Mangrol Bandar, Mangrol 362225, District Junagadh, Gujarat, India","https://www.eicindia.gov.in/WebApp1/pages/menuInfo/approvedCommoditiesList.xhtml?CT=FFP","EIC Approved Units - Fish & Fishery Products (FFP)","regulator","2026-02-09","EIC approved units list (FFP)","HIGH"
"2617","scope","Processing and Freezing of Raw/Blanched Fish & Fishery Products(Block Frozen/IF/IQF)","https://www.eicindia.gov.in/WebApp1/pages/menuInfo/approvedCommoditiesList.xhtml?CT=FFP","EIC Approved Units - Fish & Fishery Products (FFP)","regulator","2026-02-09","EIC approved units list (FFP)","HIGH"
"2617","expiry_date","25/05/2026","https://www.eicindia.gov.in/WebApp1/pages/menuInfo/approvedCommoditiesList.xhtml?CT=FFP","EIC Approved Units - Fish & Fishery Products (FFP)","regulator","2026-02-09","EIC approved units list (FFP)","HIGH"
"2620","plant_name","AQUA FOODS EXIM","https://www.eicindia.gov.in/WebApp1/pages/menuInfo/approvedCommoditiesList.xhtml?CT=FFP","EIC Approved Units - Fish & Fishery Products (FFP)","regulator","2026-02-09","EIC approved units list (FFP)","HIGH"
"2620","address","PLOT No.: B-4, ADDITIONAL LOTE MIDC, ASGANI VILLAGE, KHED TALUKA, RATNAGIRI DIST. MAHARASHTRA-415708","https://www.eicindia.gov.in/WebApp1/pages/menuInfo/approvedCommoditiesList.xhtml?CT=FFP","EIC Approved Units - Fish & Fishery Products (FFP)","regulator","2026-02-09","EIC approved units list (FFP)","HIGH"
"2620","scope","a. Fresh / Chilled F&FP
b. Raw Frozen F&FP( IQF / Block Frozen / IF )","https://www.eicindia.gov.in/WebApp1/pages/menuInfo/approvedCommoditiesList.xhtml?CT=FFP","EIC Approved Units - Fish & Fishery Products (FFP)","regulator","2026-02-09","EIC approved units list (FFP)","HIGH"
"2620","expiry_date","26/03/2026","https://www.eicindia.gov.in/WebApp1/pages/menuInfo/approvedCommoditiesList.xhtml?CT=FFP","EIC Approved Units - Fish & Fishery Products (FFP)","regulator","2026-02-09","EIC approved units list (FFP)","HIGH"
"2621","plant_name","Vasai Star Foods","https://www.eicindia.gov.in/WebApp1/pages/menuInfo/approvedCommoditiesList.xhtml?CT=FFP","EIC Approved Units - Fish & Fishery Products (FFP)","regulator","2026-02-09","EIC approved units list (FFP)","HIGH"
"2621","address","S/N 18, Poman Village, Vasai Bhiwandi Road, Palghar, Maharashtra, India-401208","https://www.eicindia.gov.in/WebApp1/pages/menuInfo/approvedCommoditiesList.xhtml?CT=FFP","EIC Approved Units - Fish & Fishery Products (FFP)","regulator","2026-02-09","EIC approved units list (FFP)","HIGH"
"2621","scope","Packing of Fresh/chilled Fish and fishery products and Raw Frozen (IQF/ Block Frozen/IF) Fish and fishery products","https://www.eicindia.gov.in/WebApp1/pages/menuInfo/approvedCommoditiesList.xhtml?CT=FFP","EIC Approved Units - Fish & Fishery Products (FFP)","regulator","2026-02-09","EIC approved units list (FFP)","HIGH"
"2621","expiry_date","13/03/2026","https://www.eicindia.gov.in/WebApp1/pages/menuInfo/approvedCommoditiesList.xhtml?CT=FFP","EIC Approved Units - Fish & Fishery Products (FFP)","regulator","2026-02-09","EIC approved units list (FFP)","HIGH"
"2623","plant_name","Elaf Cold Storage Plant -1","https://www.eicindia.gov.in/WebApp1/pages/menuInfo/approvedCommoditiesList.xhtml?CT=FFP","EIC Approved Units - Fish & Fishery Products (FFP)","regulator","2026-02-09","EIC approved units list (FFP)","HIGH"
"2623","address","Plot No. M-63 and M-64, MIDC Taloja,Tal. Panvel, Dist.Raigad, Maharashtra 410208","https://www.eicindia.gov.in/WebApp1/pages/menuInfo/approvedCommoditiesList.xhtml?CT=FFP","EIC Approved Units - Fish & Fishery Products (FFP)","regulator","2026-02-09","EIC approved units list (FFP)","HIGH"
"2623","scope","Packing of Fresh / Chilled Fish & Fishery Products and Frozen (Block / IF-Blast) Raw Fish & Fishery Products (Including Aquaculture)","https://www.eicindia.gov.in/WebApp1/pages/menuInfo/approvedCommoditiesList.xhtml?CT=FFP","EIC Approved Units - Fish & Fishery Products (FFP)","regulator","2026-02-09","EIC approved units list (FFP)","HIGH"
"2623","expiry_date","04/04/2026","https://www.eicindia.gov.in/WebApp1/pages/menuInfo/approvedCommoditiesList.xhtml?CT=FFP","EIC Approved Units - Fish & Fishery Products (FFP)","regulator","2026-02-09","EIC approved units list (FFP)","HIGH"
"2624","plant_name","Elaf Cold Storage Plant - 2","https://www.eicindia.gov.in/WebApp1/pages/menuInfo/approvedCommoditiesList.xhtml?CT=FFP","EIC Approved Units - Fish & Fishery Products (FFP)","regulator","2026-02-09","EIC approved units list (FFP)","HIGH"
"2624","address","Plot No. M-63 and M-64, MIDC Taloja,Tal. Panvel, Dist.Raigad, Maharashtra 410208","https://www.eicindia.gov.in/WebApp1/pages/menuInfo/approvedCommoditiesList.xhtml?CT=FFP","EIC Approved Units - Fish & Fishery Products (FFP)","regulator","2026-02-09","EIC approved units list (FFP)","HIGH"
"2624","scope","Packing of Fresh / Chilled Fish & Fishery Products and Frozen (Block / IF-Blast / IQF) Raw / Blanched / Cooked Fish & Fishery Products (Including Aquaculture)","https://www.eicindia.gov.in/WebApp1/pages/menuInfo/approvedCommoditiesList.xhtml?CT=FFP","EIC Approved Units - Fish & Fishery Products (FFP)","regulator","2026-02-09","EIC approved units list (FFP)","HIGH"
"2624","expiry_date","04/04/2026","https://www.eicindia.gov.in/WebApp1/pages/menuInfo/approvedCommoditiesList.xhtml?CT=FFP","EIC Approved Units - Fish & Fishery Products (FFP)","regulator","2026-02-09","EIC approved units list (FFP)","HIGH"
"2625","plant_name","AMAR FOOD PRODUCTS","https://www.eicindia.gov.in/WebApp1/pages/menuInfo/approvedCommoditiesList.xhtml?CT=FFP","EIC Approved Units - Fish & Fishery Products (FFP)","regulator","2026-02-09","EIC approved units list (FFP)","HIGH"
"2625","address","Survey No.67, Near Vanana, Tall Plaza Highway, Tal-Ranavav, Digvijaygadh, Dist.-Porbandar, Gujarat-360560.","https://www.eicindia.gov.in/WebApp1/pages/menuInfo/approvedCommoditiesList.xhtml?CT=FFP","EIC Approved Units - Fish & Fishery Products (FFP)","regulator","2026-02-09","EIC approved units list (FFP)","HIGH"
"2625","scope","A)     Processing of Cooked & Frozen Surimi Based Products (Surimi Analogue Products )  (Imitation Crab sticks, Imitation Crab chunks, Imitation Crab flakes, Imitation Crab bites, Imitation Crab shreds)

B)     Processing of Frozen Surimi Based Products (Surimi Analogue Products )  (Imitation Breaded Crab Claws, Imitation Breaded Nuggets)","https://www.eicindia.gov.in/WebApp1/pages/menuInfo/approvedCommoditiesList.xhtml?CT=FFP","EIC Approved Units - Fish & Fishery Products (FFP)","regulator","2026-02-09","EIC approved units list (FFP)","HIGH"
"2625","expiry_date","19/10/2026","https://www.eicindia.gov.in/WebApp1/pages/menuInfo/approvedCommoditiesList.xhtml?CT=FFP","EIC Approved Units - Fish & Fishery Products (FFP)","regulator","2026-02-09","EIC approved units list (FFP)","HIGH"
"2626","plant_name","Nishiindo Foods Private Limited","https://www.eicindia.gov.in/WebApp1/pages/menuInfo/approvedCommoditiesList.xhtml?CT=FFP","EIC Approved Units - Fish & Fishery Products (FFP)","regulator","2026-02-09","EIC approved units list (FFP)","HIGH"
"2626","address","U1/5-6 GIDC AREA, B/H SONERI MARINE, Somnath Road, Veraval - 362269, GUJARAT, INDIA","https://www.eicindia.gov.in/WebApp1/pages/menuInfo/approvedCommoditiesList.xhtml?CT=FFP","EIC Approved Units - Fish & Fishery Products (FFP)","regulator","2026-02-09","EIC approved units list (FFP)","HIGH"
"2626","scope","Manufacturing And Export of Frozen surimi (FISH PASTE) from Non Histamine and Histamine forming fishes","https://www.eicindia.gov.in/WebApp1/pages/menuInfo/approvedCommoditiesList.xhtml?CT=FFP","EIC Approved Units - Fish & Fishery Products (FFP)","regulator","2026-02-09","EIC approved units list (FFP)","HIGH"
"2626","expiry_date","19/10/2026","https://www.eicindia.gov.in/WebApp1/pages/menuInfo/approvedCommoditiesList.xhtml?CT=FFP","EIC Approved Units - Fish & Fishery Products (FFP)","regulator","2026-02-09","EIC approved units list (FFP)","HIGH"
"2627","plant_name","OM DARSHAN MARKETING PRIVATE LIMITED","https://www.eicindia.gov.in/WebApp1/pages/menuInfo/approvedCommoditiesList.xhtml?CT=FFP","EIC Approved Units - Fish & Fishery Products (FFP)","regulator","2026-02-09","EIC approved units list (FFP)","HIGH"
"2627","address","Plot.No.232 A, Road No. 21Y, Wagle Industrial Estate, Thane West 400604 Maharashtra","https://www.eicindia.gov.in/WebApp1/pages/menuInfo/approvedCommoditiesList.xhtml?CT=FFP","EIC Approved Units - Fish & Fishery Products (FFP)","regulator","2026-02-09","EIC approved units list (FFP)","HIGH"
"2627","scope","Fresh / Chilled Fish & Fishery Products","https://www.eicindia.gov.in/WebApp1/pages/menuInfo/approvedCommoditiesList.xhtml?CT=FFP","EIC Approved Units - Fish & Fishery Products (FFP)","regulator","2026-02-09","EIC approved units list (FFP)","HIGH"
"2627","expiry_date","02/11/2026","https://www.eicindia.gov.in/WebApp1/pages/menuInfo/approvedCommoditiesList.xhtml?CT=FFP","EIC Approved Units - Fish & Fishery Products (FFP)","regulator","2026-02-09","EIC approved units list (FFP)","HIGH"
"2628","plant_name","OCEAN IMPEX","https://www.eicindia.gov.in/WebApp1/pages/menuInfo/approvedCommoditiesList.xhtml?CT=FFP","EIC Approved Units - Fish & Fishery Products (FFP)","regulator","2026-02-09","EIC approved units list (FFP)","HIGH"
"2628","address","Plot No. 50, Satnam Industrial Area, Nr. Avani Ice Factory, Bypass Area, Veraval 362 265.","https://www.eicindia.gov.in/WebApp1/pages/menuInfo/approvedCommoditiesList.xhtml?CT=FFP","EIC Approved Units - Fish & Fishery Products (FFP)","regulator","2026-02-09","EIC approved units list (FFP)","HIGH"
"2628","scope","Fresh / Chilled F&FP and Dried Fish maws","https://www.eicindia.gov.in/WebApp1/pages/menuInfo/approvedCommoditiesList.xhtml?CT=FFP","EIC Approved Units - Fish & Fishery Products (FFP)","regulator","2026-02-09","EIC approved units list (FFP)","HIGH"
"2628","expiry_date","19/10/2026","https://www.eicindia.gov.in/WebApp1/pages/menuInfo/approvedCommoditiesList.xhtml?CT=FFP","EIC Approved Units - Fish & Fishery Products (FFP)","regulator","2026-02-09","EIC approved units list (FFP)","HIGH"
"2629","plant_name","SEAMA FREEZING AND COLD STORAGE","https://www.eicindia.gov.in/WebApp1/pages/menuInfo/approvedCommoditiesList.xhtml?CT=FFP","EIC Approved Units - Fish & Fishery Products (FFP)","regulator","2026-02-09","EIC approved units list (FFP)","HIGH"
"2629","address","SURVEY NO. 45/3, RAJWADI, NEAR TIWARE PHATA, RAJAPUR,RATNAGIRI, - 416707, MAHARASTRA, INDIA","https://www.eicindia.gov.in/WebApp1/pages/menuInfo/approvedCommoditiesList.xhtml?CT=FFP","EIC Approved Units - Fish & Fishery Products (FFP)","regulator","2026-02-09","EIC approved units list (FFP)","HIGH"
"2629","scope","Processing and Packing of Frozen (IF-Blast/IQF)Raw  Fish and Fishery Products (excluding Aquaculture)for export to all countries excluding Customs Union and Uncooked Prawns to Australia .","https://www.eicindia.gov.in/WebApp1/pages/menuInfo/approvedCommoditiesList.xhtml?CT=FFP","EIC Approved Units - Fish & Fishery Products (FFP)","regulator","2026-02-09","EIC approved units list (FFP)","HIGH"
"2629","expiry_date","19/10/2026","https://www.eicindia.gov.in/WebApp1/pages/menuInfo/approvedCommoditiesList.xhtml?CT=FFP","EIC Approved Units - Fish & Fishery Products (FFP)","regulator","2026-02-09","EIC approved units list (FFP)","HIGH"
"2630","plant_name","SABIR SEA FOODS","https://www.eicindia.gov.in/WebApp1/pages/menuInfo/approvedCommoditiesList.xhtml?CT=FFP","EIC Approved Units - Fish & Fishery Products (FFP)","regulator","2026-02-09","EIC approved units list (FFP)","HIGH"
"2630","address","PLOT NO.1401-02, GIDC ESTATE , VERAVAL","https://www.eicindia.gov.in/WebApp1/pages/menuInfo/approvedCommoditiesList.xhtml?CT=FFP","EIC Approved Units - Fish & Fishery Products (FFP)","regulator","2026-02-09","EIC approved units list (FFP)","HIGH"
"2630","scope","Packing of Fresh/Chill Fish & Fishery Products, Freezing of Raw Fish & Fishery Products ( Blast Frozen /IF)","https://www.eicindia.gov.in/WebApp1/pages/menuInfo/approvedCommoditiesList.xhtml?CT=FFP","EIC Approved Units - Fish & Fishery Products (FFP)","regulator","2026-02-09","EIC approved units list (FFP)","HIGH"
"2630","expiry_date","02/11/2026","https://www.eicindia.gov.in/WebApp1/pages/menuInfo/approvedCommoditiesList.xhtml?CT=FFP","EIC Approved Units - Fish & Fishery Products (FFP)","regulator","2026-02-09","EIC approved units list (FFP)","HIGH"
"2631","plant_name","OCEAN AQUATIC PRODUCTS","https://www.eicindia.gov.in/WebApp1/pages/menuInfo/approvedCommoditiesList.xhtml?CT=FFP","EIC Approved Units - Fish & Fishery Products (FFP)","regulator","2026-02-09","EIC approved units list (FFP)","HIGH"
"2631","address","1104,G.I.D.C.,PLOT, UDHYOGNAGAR , VERAVAL-362269","https://www.eicindia.gov.in/WebApp1/pages/menuInfo/approvedCommoditiesList.xhtml?CT=FFP","EIC Approved Units - Fish & Fishery Products (FFP)","regulator","2026-02-09","EIC approved units list (FFP)","HIGH"
"2631","scope","Processing & Packing of Frozen (IF-Blast Frozen ) Raw Fish & Fishery Products (Excluding Aquaculture","https://www.eicindia.gov.in/WebApp1/pages/menuInfo/approvedCommoditiesList.xhtml?CT=FFP","EIC Approved Units - Fish & Fishery Products (FFP)","regulator","2026-02-09","EIC approved units list (FFP)","HIGH"
"2631","expiry_date","31/12/2026","https://www.eicindia.gov.in/WebApp1/pages/menuInfo/approvedCommoditiesList.xhtml?CT=FFP","EIC Approved Units - Fish & Fishery Products (FFP)","regulator","2026-02-09","EIC approved units list (FFP)","HIGH"
"2632","plant_name","SHREE NIDDHI EXPORTS","https://www.eicindia.gov.in/WebApp1/pages/menuInfo/approvedCommoditiesList.xhtml?CT=FFP","EIC Approved Units - Fish & Fishery Products (FFP)","regulator","2026-02-09","EIC approved units list (FFP)","HIGH"
"2632","address","R. S. NO. 1498, JAVAR ROAD, KUCHHADI, PORBANDAR - 360575 GUJARAT (INDIA)","https://www.eicindia.gov.in/WebApp1/pages/menuInfo/approvedCommoditiesList.xhtml?CT=FFP","EIC Approved Units - Fish & Fishery Products (FFP)","regulator","2026-02-09","EIC approved units list (FFP)","HIGH"
"2632","scope","Frozen (Block/IF-Blast) Raw Fish and Fishery Products","https://www.eicindia.gov.in/WebApp1/pages/menuInfo/approvedCommoditiesList.xhtml?CT=FFP","EIC Approved Units - Fish & Fishery Products (FFP)","regulator","2026-02-09","EIC approved units list (FFP)","HIGH"
"2632","expiry_date","01/09/2027","https://www.eicindia.gov.in/WebApp1/pages/menuInfo/approvedCommoditiesList.xhtml?CT=FFP","EIC Approved Units - Fish & Fishery Products (FFP)","regulator","2026-02-09","EIC approved units list (FFP)","HIGH"
"2633","plant_name","Harbour Arabian Exports","https://www.eicindia.gov.in/WebApp1/pages/menuInfo/approvedCommoditiesList.xhtml?CT=FFP","EIC Approved Units - Fish & Fishery Products (FFP)","regulator","2026-02-09","EIC approved units list (FFP)","HIGH"
"2633","address","Survey No. 281, Hissa No. 3B, At-Nate, Taluka-Rajapur, Dist-Ratnagiri, Nate, Ratnagiri, Maharashtra,415806","https://www.eicindia.gov.in/WebApp1/pages/menuInfo/approvedCommoditiesList.xhtml?CT=FFP","EIC Approved Units - Fish & Fishery Products (FFP)","regulator","2026-02-09","EIC approved units list (FFP)","HIGH"
"2633","scope","RAW FROZEN F&FP ( IF/ Blast Frozen)","https://www.eicindia.gov.in/WebApp1/pages/menuInfo/approvedCommoditiesList.xhtml?CT=FFP","EIC Approved Units - Fish & Fishery Products (FFP)","regulator","2026-02-09","EIC approved units list (FFP)","HIGH"
"2633","expiry_date","01/09/2027","https://www.eicindia.gov.in/WebApp1/pages/menuInfo/approvedCommoditiesList.xhtml?CT=FFP","EIC Approved Units - Fish & Fishery Products (FFP)","regulator","2026-02-09","EIC approved units list (FFP)","HIGH"
"2634","plant_name","NISHIINDO FOODS PRIVATE LIMITED","https://www.eicindia.gov.in/WebApp1/pages/menuInfo/approvedCommoditiesList.xhtml?CT=FFP","EIC Approved Units - Fish & Fishery Products (FFP)","regulator","2026-02-09","EIC approved units list (FFP)","HIGH"
"2634","address","SURVEY NO. 132 PAIKY, KATHIYAWAD INDUSTRIES LTD, Gadu- 362250, Taluka :Maliya Hatina, Dist: Junagadh, Gujarat, India","https://www.eicindia.gov.in/WebApp1/pages/menuInfo/approvedCommoditiesList.xhtml?CT=FFP","EIC Approved Units - Fish & Fishery Products (FFP)","regulator","2026-02-09","EIC approved units list (FFP)","HIGH"
"2634","scope","Processing & Exports of  Dried Fish Chips & Dried And Fried Fish Crackers products","https://www.eicindia.gov.in/WebApp1/pages/menuInfo/approvedCommoditiesList.xhtml?CT=FFP","EIC Approved Units - Fish & Fishery Products (FFP)","regulator","2026-02-09","EIC approved units list (FFP)","HIGH"
"2634","expiry_date","12/11/2027","https://www.eicindia.gov.in/WebApp1/pages/menuInfo/approvedCommoditiesList.xhtml?CT=FFP","EIC Approved Units - Fish & Fishery Products (FFP)","regulator","2026-02-09","EIC approved units list (FFP)","HIGH"
"2635 (proposed)","plant_name","SUMRA EXPORT","https://www.eicindia.gov.in/WebApp1/pages/menuInfo/approvedCommoditiesList.xhtml?CT=FFP","EIC Approved Units - Fish & Fishery Products (FFP)","regulator","2026-02-09","EIC approved units list (FFP)","HIGH"
"2635 (proposed)","address","PLOT NO : 161 - 162, VANANA G I D C ESTATE, VANANA, TAL. RANAVAV, PORBANDAR - 360550, GUJARAT, INDIA","https://www.eicindia.gov.in/WebApp1/pages/menuInfo/approvedCommoditiesList.xhtml?CT=FFP","EIC Approved Units - Fish & Fishery Products (FFP)","regulator","2026-02-09","EIC approved units list (FFP)","HIGH"
"2635 (proposed)","scope","Frozen (Block/IF-Blast) Raw Fish and Fishery Products- Fishes (Wild Caught & Sea Caught) (Histamine forming & Non Histamine forming), Shrimps, Crab (Wild Caught & Sea Caught), Lobsters & Cephalopods","https://www.eicindia.gov.in/WebApp1/pages/menuInfo/approvedCommoditiesList.xhtml?CT=FFP","EIC Approved Units - Fish & Fishery Products (FFP)","regulator","2026-02-09","EIC approved units list (FFP)","HIGH"
"2635 (proposed)","expiry_date","04/10/2027","https://www.eicindia.gov.in/WebApp1/pages/menuInfo/approvedCommoditiesList.xhtml?CT=FFP","EIC Approved Units - Fish & Fishery Products (FFP)","regulator","2026-02-09","EIC approved units list (FFP)","HIGH"
"2636","plant_name","QUALITY MARINE EXPORTS","https://www.eicindia.gov.in/WebApp1/pages/menuInfo/approvedCommoditiesList.xhtml?CT=FFP","EIC Approved Units - Fish & Fishery Products (FFP)","regulator","2026-02-09","EIC approved units list (FFP)","HIGH"
"2636","address","PLOT NO 1406 , G I D C
ESTATE
VERAVAL 362269
GUJARAT","https://www.eicindia.gov.in/WebApp1/pages/menuInfo/approvedCommoditiesList.xhtml?CT=FFP","EIC Approved Units - Fish & Fishery Products (FFP)","regulator","2026-02-09","EIC approved units list (FFP)","HIGH"
"2636","scope","Frozen (IF-Blast) Raw Fish and Fishery Products (Excluding Aquaculture)","https://www.eicindia.gov.in/WebApp1/pages/menuInfo/approvedCommoditiesList.xhtml?CT=FFP","EIC Approved Units - Fish & Fishery Products (FFP)","regulator","2026-02-09","EIC approved units list (FFP)","HIGH"
"2636","expiry_date","20/03/2028","https://www.eicindia.gov.in/WebApp1/pages/menuInfo/approvedCommoditiesList.xhtml?CT=FFP","EIC Approved Units - Fish & Fishery Products (FFP)","regulator","2026-02-09","EIC approved units list (FFP)","HIGH"
"264","plant_name","AmarSagar Seafood Pvt. Ltd.","https://www.eicindia.gov.in/WebApp1/pages/menuInfo/approvedCommoditiesList.xhtml?CT=FFP","EIC Approved Units - Fish & Fishery Products (FFP)","regulator","2026-02-09","EIC approved units list (FFP)","HIGH"
"264","address","Survey No.29, Jawar Naka, Porbandar-360575, Gujarat, India.","https://www.eicindia.gov.in/WebApp1/pages/menuInfo/approvedCommoditiesList.xhtml?CT=FFP","EIC Approved Units - Fish & Fishery Products (FFP)","regulator","2026-02-09","EIC approved units list (FFP)","HIGH"
"264","scope","Freezing of Raw Fish Fish & Fishery Products - (Block/IF-Blast/IQF); Freezing Of Blanched/ Cooked Fish &","https://www.eicindia.gov.in/WebApp1/pages/menuInfo/approvedCommoditiesList.xhtml?CT=FFP","EIC Approved Units - Fish & Fishery Products (FFP)","regulator","2026-02-09","EIC approved units list (FFP)","HIGH"
"264","expiry_date","01/09/2027","https://www.eicindia.gov.in/WebApp1/pages/menuInfo/approvedCommoditiesList.xhtml?CT=FFP","EIC Approved Units - Fish & Fishery Products (FFP)","regulator","2026-02-09","EIC approved units list (FFP)","HIGH"
"270","plant_name","Chand International.","https://www.eicindia.gov.in/WebApp1/pages/menuInfo/approvedCommoditiesList.xhtml?CT=FFP","EIC Approved Units - Fish & Fishery Products (FFP)","regulator","2026-02-09","EIC approved units list (FFP)","HIGH"
"270","address","Plot No.310,Opp Royal Garden Resort,Sasunavghar,Mumbai-Ahmedabad Highway,Tal-Vasai,Dist-Palghar,Pin-401208,Maharashtra,India.","https://www.eicindia.gov.in/WebApp1/pages/menuInfo/approvedCommoditiesList.xhtml?CT=FFP","EIC Approved Units - Fish & Fishery Products (FFP)","regulator","2026-02-09","EIC approved units list (FFP)","HIGH"
"270","scope","Packing of Fresh/Chilled Raw Fish & Fishery Products(Excluding Aquaculture)","https://www.eicindia.gov.in/WebApp1/pages/menuInfo/approvedCommoditiesList.xhtml?CT=FFP","EIC Approved Units - Fish & Fishery Products (FFP)","regulator","2026-02-09","EIC approved units list (FFP)","HIGH"
"270","expiry_date","01/03/2026","https://www.eicindia.gov.in/WebApp1/pages/menuInfo/approvedCommoditiesList.xhtml?CT=FFP","EIC Approved Units - Fish & Fishery Products (FFP)","regulator","2026-02-09","EIC approved units list (FFP)","HIGH"
"276","plant_name","NAIK FROZEN FOODS PVT. LTD.","https://www.eicindia.gov.in/WebApp1/pages/menuInfo/approvedCommoditiesList.xhtml?CT=FFP","EIC Approved Units - Fish & Fishery Products (FFP)","regulator","2026-02-09","EIC approved units list (FFP)","HIGH"
"276","address","Plot No. M- 9/10, MIDC Industrial Area, Taloja, District Raigad - 410208, Maharashtra, India","https://www.eicindia.gov.in/WebApp1/pages/menuInfo/approvedCommoditiesList.xhtml?CT=FFP","EIC Approved Units - Fish & Fishery Products (FFP)","regulator","2026-02-09","EIC approved units list (FFP)","HIGH"
"276","scope","Packing of Fresh/ Chilled Fish & Fishery Products, Freezing of Raw Fish & Fishery Products (Block/IF-Blast/IQF) and Freezing of Blanched/Cooked Fish & Fishery Products (IQF) -Fishes (Histamine & Non- Histamine forming), Crustaceans- Shrimps (Aquaculture/Sea caught/Wild caught), Lobsters, Crabs (Sea caught) & Cephalopods","https://www.eicindia.gov.in/WebApp1/pages/menuInfo/approvedCommoditiesList.xhtml?CT=FFP","EIC Approved Units - Fish & Fishery Products (FFP)","regulator","2026-02-09","EIC approved units list (FFP)","HIGH"
"276","expiry_date","12/08/2027","https://www.eicindia.gov.in/WebApp1/pages/menuInfo/approvedCommoditiesList.xhtml?CT=FFP","EIC Approved Units - Fish & Fishery Products (FFP)","regulator","2026-02-09","EIC approved units list (FFP)","HIGH"
"278","plant_name","Seasaga Enterprises Private Limited","https://www.eicindia.gov.in/WebApp1/pages/menuInfo/approvedCommoditiesList.xhtml?CT=FFP","EIC Approved Units - Fish & Fishery Products (FFP)","regulator","2026-02-09","EIC approved units list (FFP)","HIGH"
"278","address","PLOT NO. R-25 & R-26, TTC INDUSTRIAL AREA, RABALE , NAVI MUMBAI - 400701, MAHARASHTRA, INDIA","https://www.eicindia.gov.in/WebApp1/pages/menuInfo/approvedCommoditiesList.xhtml?CT=FFP","EIC Approved Units - Fish & Fishery Products (FFP)","regulator","2026-02-09","EIC approved units list (FFP)","HIGH"
"278","scope","PACKING OF FRESH / CHILLED FISH & FISHERY PRODUCTS, FREEZING OF RAW / BLANCHED / COOKED FISH & FISHERY PRODUCTS","https://www.eicindia.gov.in/WebApp1/pages/menuInfo/approvedCommoditiesList.xhtml?CT=FFP","EIC Approved Units - Fish & Fishery Products (FFP)","regulator","2026-02-09","EIC approved units list (FFP)","HIGH"
"278","expiry_date","20/10/2027","https://www.eicindia.gov.in/WebApp1/pages/menuInfo/approvedCommoditiesList.xhtml?CT=FFP","EIC Approved Units - Fish & Fishery Products (FFP)","regulator","2026-02-09","EIC approved units list (FFP)","HIGH"
"281","plant_name","Gopal Sea Foods","https://www.eicindia.gov.in/WebApp1/pages/menuInfo/approvedCommoditiesList.xhtml?CT=FFP","EIC Approved Units - Fish & Fishery Products (FFP)","regulator","2026-02-09","EIC approved units list (FFP)","HIGH"
"281","address","Plot No. 2-4, G.I.D.C., Veraval- 362269, Gujarat","https://www.eicindia.gov.in/WebApp1/pages/menuInfo/approvedCommoditiesList.xhtml?CT=FFP","EIC Approved Units - Fish & Fishery Products (FFP)","regulator","2026-02-09","EIC approved units list (FFP)","HIGH"
"281","scope","FREEZING OF RAW FISH & FISHERY PRODUCTS (BLAST FREEZING-IF)","https://www.eicindia.gov.in/WebApp1/pages/menuInfo/approvedCommoditiesList.xhtml?CT=FFP","EIC Approved Units - Fish & Fishery Products (FFP)","regulator","2026-02-09","EIC approved units list (FFP)","HIGH"
"281","expiry_date","05/11/2027","https://www.eicindia.gov.in/WebApp1/pages/menuInfo/approvedCommoditiesList.xhtml?CT=FFP","EIC Approved Units - Fish & Fishery Products (FFP)","regulator","2026-02-09","EIC approved units list (FFP)","HIGH"
"282","plant_name","Amrut Cold Storage Pvt. Ltd.","https://www.eicindia.gov.in/WebApp1/pages/menuInfo/approvedCommoditiesList.xhtml?CT=FFP","EIC Approved Units - Fish & Fishery Products (FFP)","regulator","2026-02-09","EIC approved units list (FFP)","HIGH"
"282","address","Plot No. 1111/12, G.I.D.C. Estate, Veraval - 362269, Gujarat, India","https://www.eicindia.gov.in/WebApp1/pages/menuInfo/approvedCommoditiesList.xhtml?CT=FFP","EIC Approved Units - Fish & Fishery Products (FFP)","regulator","2026-02-09","EIC approved units list (FFP)","HIGH"
"282","scope","FREEZING OF RAW/ BLANCHED/ COOKED FISH & FISHERY PRODUCTS (INCLUDING AQUACULTURE)","https://www.eicindia.gov.in/WebApp1/pages/menuInfo/approvedCommoditiesList.xhtml?CT=FFP","EIC Approved Units - Fish & Fishery Products (FFP)","regulator","2026-02-09","EIC approved units list (FFP)","HIGH"
"282","expiry_date","12/02/2028","https://www.eicindia.gov.in/WebApp1/pages/menuInfo/approvedCommoditiesList.xhtml?CT=FFP","EIC Approved Units - Fish & Fishery Products (FFP)","regulator","2026-02-09","EIC approved units list (FFP)","HIGH"
"283","plant_name","Anjani Marine Traders","https://www.eicindia.gov.in/WebApp1/pages/menuInfo/approvedCommoditiesList.xhtml?CT=FFP","EIC Approved Units - Fish & Fishery Products (FFP)","regulator","2026-02-09","EIC approved units list (FFP)","HIGH"
"283","address","G.I.D.C. Estate Plot No.402/414. Veraval - 362269, Gujarat, India","https://www.eicindia.gov.in/WebApp1/pages/menuInfo/approvedCommoditiesList.xhtml?CT=FFP","EIC Approved Units - Fish & Fishery Products (FFP)","regulator","2026-02-09","EIC approved units list (FFP)","HIGH"
"283","scope","FREEZING OF RAW FISH & FISHERY PRODUCTS (BLOCK-IF) (EXCLUDING AQUACULTURE)","https://www.eicindia.gov.in/WebApp1/pages/menuInfo/approvedCommoditiesList.xhtml?CT=FFP","EIC Approved Units - Fish & Fishery Products (FFP)","regulator","2026-02-09","EIC approved units list (FFP)","HIGH"
"283","expiry_date","25/11/2027","https://www.eicindia.gov.in/WebApp1/pages/menuInfo/approvedCommoditiesList.xhtml?CT=FFP","EIC Approved Units - Fish & Fishery Products (FFP)","regulator","2026-02-09","EIC approved units list (FFP)","HIGH"
"284","plant_name","Satyam Marine Exports","https://www.eicindia.gov.in/WebApp1/pages/menuInfo/approvedCommoditiesList.xhtml?CT=FFP","EIC Approved Units - Fish & Fishery Products (FFP)","regulator","2026-02-09","EIC approved units list (FFP)","HIGH"
"284","address","14, Lati Plot,Near Makli Godown, Bhidiya, Veraval - 362269","https://www.eicindia.gov.in/WebApp1/pages/menuInfo/approvedCommoditiesList.xhtml?CT=FFP","EIC Approved Units - Fish & Fishery Products (FFP)","regulator","2026-02-09","EIC approved units list (FFP)","HIGH"
"284","scope","FREEZING OF RAW FISH & FISHERY PRODUCTS (BLAST/-IF)","https://www.eicindia.gov.in/WebApp1/pages/menuInfo/approvedCommoditiesList.xhtml?CT=FFP","EIC Approved Units - Fish & Fishery Products (FFP)","regulator","2026-02-09","EIC approved units list (FFP)","HIGH"
"284","expiry_date","25/11/2027","https://www.eicindia.gov.in/WebApp1/pages/menuInfo/approvedCommoditiesList.xhtml?CT=FFP","EIC Approved Units - Fish & Fishery Products (FFP)","regulator","2026-02-09","EIC approved units list (FFP)","HIGH"
"287","plant_name","Shivganga Marine Products","https://www.eicindia.gov.in/WebApp1/pages/menuInfo/approvedCommoditiesList.xhtml?CT=FFP","EIC Approved Units - Fish & Fishery Products (FFP)","regulator","2026-02-09","EIC approved units list (FFP)","HIGH"
"287","address","Plot No.1315, G.I.D.C.Estate, Veraval - 362269, Gujarat â?? India,","https://www.eicindia.gov.in/WebApp1/pages/menuInfo/approvedCommoditiesList.xhtml?CT=FFP","EIC Approved Units - Fish & Fishery Products (FFP)","regulator","2026-02-09","EIC approved units list (FFP)","HIGH"
"287","scope","FREEZING OF RAW FISH & FISHERY PRODUCTS (BLOCK/BLAST-IF) (EXCLUDING AQUACULTURE)","https://www.eicindia.gov.in/WebApp1/pages/menuInfo/approvedCommoditiesList.xhtml?CT=FFP","EIC Approved Units - Fish & Fishery Products (FFP)","regulator","2026-02-09","EIC approved units list (FFP)","HIGH"
"287","expiry_date","16/11/2027","https://www.eicindia.gov.in/WebApp1/pages/menuInfo/approvedCommoditiesList.xhtml?CT=FFP","EIC Approved Units - Fish & Fishery Products (FFP)","regulator","2026-02-09","EIC approved units list (FFP)","HIGH"
"288","plant_name","Goan Bounty","https://www.eicindia.gov.in/WebApp1/pages/menuInfo/approvedCommoditiesList.xhtml?CT=FFP","EIC Approved Units - Fish & Fishery Products (FFP)","regulator","2026-02-09","EIC approved units list (FFP)","HIGH"
"288","address","Plot No. 51-B, Dulapi- Corlim, Tiswadi, North Goa, Goa 403110, India","https://www.eicindia.gov.in/WebApp1/pages/menuInfo/approvedCommoditiesList.xhtml?CT=FFP","EIC Approved Units - Fish & Fishery Products (FFP)","regulator","2026-02-09","EIC approved units list (FFP)","HIGH"
"288","scope","Freezing of Raw Fish & Fishery Products (Block/IF-Blast) (Excluding Aquaculture)","https://www.eicindia.gov.in/WebApp1/pages/menuInfo/approvedCommoditiesList.xhtml?CT=FFP","EIC Approved Units - Fish & Fishery Products (FFP)","regulator","2026-02-09","EIC approved units list (FFP)","HIGH"
"288","expiry_date","16/11/2027","https://www.eicindia.gov.in/WebApp1/pages/menuInfo/approvedCommoditiesList.xhtml?CT=FFP","EIC Approved Units - Fish & Fishery Products (FFP)","regulator","2026-02-09","EIC approved units list (FFP)","HIGH"
"291","plant_name","Keshodwala Foods.","https://www.eicindia.gov.in/WebApp1/pages/menuInfo/approvedCommoditiesList.xhtml?CT=FFP","EIC Approved Units - Fish & Fishery Products (FFP)","regulator","2026-02-09","EIC approved units list (FFP)","HIGH"
"291","address","Plot No. 305, G.I.D.C Estate Veraval - 362269, Gujarat India","https://www.eicindia.gov.in/WebApp1/pages/menuInfo/approvedCommoditiesList.xhtml?CT=FFP","EIC Approved Units - Fish & Fishery Products (FFP)","regulator","2026-02-09","EIC approved units list (FFP)","HIGH"
"291","scope","FREEZING OF RAW FISH & FISHERY PRODUCTS (IF-BLAST) (EXCLUDING AQUACULTURE)","https://www.eicindia.gov.in/WebApp1/pages/menuInfo/approvedCommoditiesList.xhtml?CT=FFP","EIC Approved Units - Fish & Fishery Products (FFP)","regulator","2026-02-09","EIC approved units list (FFP)","HIGH"
"291","expiry_date","18/12/2027","https://www.eicindia.gov.in/WebApp1/pages/menuInfo/approvedCommoditiesList.xhtml?CT=FFP","EIC Approved Units - Fish & Fishery Products (FFP)","regulator","2026-02-09","EIC approved units list (FFP)","HIGH"
"292","plant_name","Aftab Exports.","https://www.eicindia.gov.in/WebApp1/pages/menuInfo/approvedCommoditiesList.xhtml?CT=FFP","EIC Approved Units - Fish & Fishery Products (FFP)","regulator","2026-02-09","EIC approved units list (FFP)","HIGH"
"292","address","G.I.D.C.Estate Plot No.1004 Veraval â?? 362269. Gujarat , India","https://www.eicindia.gov.in/WebApp1/pages/menuInfo/approvedCommoditiesList.xhtml?CT=FFP","EIC Approved Units - Fish & Fishery Products (FFP)","regulator","2026-02-09","EIC approved units list (FFP)","HIGH"
"292","scope","FREEZING OF RAW FISH & FISHERY PRODUCTS (IF-BLAST) (EXCLUDING AQUACULTURE)","https://www.eicindia.gov.in/WebApp1/pages/menuInfo/approvedCommoditiesList.xhtml?CT=FFP","EIC Approved Units - Fish & Fishery Products (FFP)","regulator","2026-02-09","EIC approved units list (FFP)","HIGH"
"292","expiry_date","13/01/2028","https://www.eicindia.gov.in/WebApp1/pages/menuInfo/approvedCommoditiesList.xhtml?CT=FFP","EIC Approved Units - Fish & Fishery Products (FFP)","regulator","2026-02-09","EIC approved units list (FFP)","HIGH"
"298","plant_name","Honest Frozen Foods Co.","https://www.eicindia.gov.in/WebApp1/pages/menuInfo/approvedCommoditiesList.xhtml?CT=FFP","EIC Approved Units - Fish & Fishery Products (FFP)","regulator","2026-02-09","EIC approved units list (FFP)","HIGH"
"298","address","Plot no.1405, G.I.D.C. Estate, Veraval-362269,Gujarat- India.","https://www.eicindia.gov.in/WebApp1/pages/menuInfo/approvedCommoditiesList.xhtml?CT=FFP","EIC Approved Units - Fish & Fishery Products (FFP)","regulator","2026-02-09","EIC approved units list (FFP)","HIGH"
"298","scope","FREEZING OF RAW FISH & FISHERY PRODUCTS (BLOCK,IF-BLAST) (EXCLUDING AQUACULTURE)","https://www.eicindia.gov.in/WebApp1/pages/menuInfo/approvedCommoditiesList.xhtml?CT=FFP","EIC Approved Units - Fish & Fishery Products (FFP)","regulator","2026-02-09","EIC approved units list (FFP)","HIGH"
"298","expiry_date","17/09/2027","https://www.eicindia.gov.in/WebApp1/pages/menuInfo/approvedCommoditiesList.xhtml?CT=FFP","EIC Approved Units - Fish & Fishery Products (FFP)","regulator","2026-02-09","EIC approved units list (FFP)","HIGH"
"299","plant_name","New Royal Frozen Foods","https://www.eicindia.gov.in/WebApp1/pages/menuInfo/approvedCommoditiesList.xhtml?CT=FFP","EIC Approved Units - Fish & Fishery Products (FFP)","regulator","2026-02-09","EIC approved units list (FFP)","HIGH"
"299","address","Plot No.304 G.I.D.C. Estate Veraval 362269 Gujarat-India,","https://www.eicindia.gov.in/WebApp1/pages/menuInfo/approvedCommoditiesList.xhtml?CT=FFP","EIC Approved Units - Fish & Fishery Products (FFP)","regulator","2026-02-09","EIC approved units list (FFP)","HIGH"
"299","scope","FREEZING OF RAW FISH & FISHERY PRODUCTS (IF-BLAST) (EXCLUDING AQUACULTURE)","https://www.eicindia.gov.in/WebApp1/pages/menuInfo/approvedCommoditiesList.xhtml?CT=FFP","EIC Approved Units - Fish & Fishery Products (FFP)","regulator","2026-02-09","EIC approved units list (FFP)","HIGH"
"299","expiry_date","25/10/2027","https://www.eicindia.gov.in/WebApp1/pages/menuInfo/approvedCommoditiesList.xhtml?CT=FFP","EIC Approved Units - Fish & Fishery Products (FFP)","regulator","2026-02-09","EIC approved units list (FFP)","HIGH"
"332","plant_name","FALCON MARINE EXPORTS LTD.","https://www.eicindia.gov.in/WebApp1/pages/menuInfo/approvedCommoditiesList.xhtml?CT=FFP","EIC Approved Units - Fish & Fishery Products (FFP)","regulator","2026-02-09","EIC approved units list (FFP)","HIGH"
"332","address","PLOT NO.138,SECTOR-A,ZONE-B,MANCHESWAR INDUSTRIAL ESTATE,BHUBANESWAR-751010,ODISHA","https://www.eicindia.gov.in/WebApp1/pages/menuInfo/approvedCommoditiesList.xhtml?CT=FFP","EIC Approved Units - Fish & Fishery Products (FFP)","regulator","2026-02-09","EIC approved units list (FFP)","HIGH"
"332","scope","FREEZING OF RAW FISH & FISHERY PRODUCTS (BLOCK FROZEN)","https://www.eicindia.gov.in/WebApp1/pages/menuInfo/approvedCommoditiesList.xhtml?CT=FFP","EIC Approved Units - Fish & Fishery Products (FFP)","regulator","2026-02-09","EIC approved units list (FFP)","HIGH"
"332","expiry_date","19/06/2027","https://www.eicindia.gov.in/WebApp1/pages/menuInfo/approvedCommoditiesList.xhtml?CT=FFP","EIC Approved Units - Fish & Fishery Products (FFP)","regulator","2026-02-09","EIC approved units list (FFP)","HIGH"
"343","plant_name","BIJAYA MARINE PRODUCTS","https://www.eicindia.gov.in/WebApp1/pages/menuInfo/approvedCommoditiesList.xhtml?CT=FFP","EIC Approved Units - Fish & Fishery Products (FFP)","regulator","2026-02-09","EIC approved units list (FFP)","HIGH"
"343","address","ATHARANALA,PATNA,GOPINATHPUR,PURI,752002,ODISHA","https://www.eicindia.gov.in/WebApp1/pages/menuInfo/approvedCommoditiesList.xhtml?CT=FFP","EIC Approved Units - Fish & Fishery Products (FFP)","regulator","2026-02-09","EIC approved units list (FFP)","HIGH"
"343","scope","Freezing of raw Fish and Fishery Products (Block/Blast IF)-Crustaceans,Cephalopods, Scrombroid & non-scrombroid) (Crustaceans, Cephalopods,Fish)","https://www.eicindia.gov.in/WebApp1/pages/menuInfo/approvedCommoditiesList.xhtml?CT=FFP","EIC Approved Units - Fish & Fishery Products (FFP)","regulator","2026-02-09","EIC approved units list (FFP)","HIGH"
"343","expiry_date","17/02/2026","https://www.eicindia.gov.in/WebApp1/pages/menuInfo/approvedCommoditiesList.xhtml?CT=FFP","EIC Approved Units - Fish & Fishery Products (FFP)","regulator","2026-02-09","EIC approved units list (FFP)","HIGH"
"364","plant_name","MMC EXPORTS LIMITED","https://www.eicindia.gov.in/WebApp1/pages/menuInfo/approvedCommoditiesList.xhtml?CT=FFP","EIC Approved Units - Fish & Fishery Products (FFP)","regulator","2026-02-09","EIC approved units list (FFP)","HIGH"
"364","address","Choto Paresh Baro Paresh Mahishbathan, Salt Lake  Sector V- 700091, West Bengal, INDIA","https://www.eicindia.gov.in/WebApp1/pages/menuInfo/approvedCommoditiesList.xhtml?CT=FFP","EIC Approved Units - Fish & Fishery Products (FFP)","regulator","2026-02-09","EIC approved units list (FFP)","HIGH"
"364","scope","Freezing of raw fish & fishery products (Block Frozen & IQF)","https://www.eicindia.gov.in/WebApp1/pages/menuInfo/approvedCommoditiesList.xhtml?CT=FFP","EIC Approved Units - Fish & Fishery Products (FFP)","regulator","2026-02-09","EIC approved units list (FFP)","HIGH"
"364","expiry_date","07/08/2027","https://www.eicindia.gov.in/WebApp1/pages/menuInfo/approvedCommoditiesList.xhtml?CT=FFP","EIC Approved Units - Fish & Fishery Products (FFP)","regulator","2026-02-09","EIC approved units list (FFP)","HIGH"
"370","plant_name","RAM’S ASSORTED COLD STORAGE LTD.","https://www.eicindia.gov.in/WebApp1/pages/menuInfo/approvedCommoditiesList.xhtml?CT=FFP","EIC Approved Units - Fish & Fishery Products (FFP)","regulator","2026-02-09","EIC approved units list (FFP)","HIGH"
"370","address","ARAKHAKUDA, AT/PO â?? TELENGAPENTHA, CUTTACK â?? 753051, ODISHA","https://www.eicindia.gov.in/WebApp1/pages/menuInfo/approvedCommoditiesList.xhtml?CT=FFP","EIC Approved Units - Fish & Fishery Products (FFP)","regulator","2026-02-09","EIC approved units list (FFP)","HIGH"
"370","scope","Freezing of raw Fish and Fishery Products (Block & IQF)-Crustaceans","https://www.eicindia.gov.in/WebApp1/pages/menuInfo/approvedCommoditiesList.xhtml?CT=FFP","EIC Approved Units - Fish & Fishery Products (FFP)","regulator","2026-02-09","EIC approved units list (FFP)","HIGH"
"370","expiry_date","18/05/2027","https://www.eicindia.gov.in/WebApp1/pages/menuInfo/approvedCommoditiesList.xhtml?CT=FFP","EIC Approved Units - Fish & Fishery Products (FFP)","regulator","2026-02-09","EIC approved units list (FFP)","HIGH"
"392","plant_name","Calcutta Seafoods Private Limited","https://www.eicindia.gov.in/WebApp1/pages/menuInfo/approvedCommoditiesList.xhtml?CT=FFP","EIC Approved Units - Fish & Fishery Products (FFP)","regulator","2026-02-09","EIC approved units list (FFP)","HIGH"
"392","address","174, Hemanta Basu Sarani, Basunagar, Madyamgram, Kolkata â?? 700129, West Bengal, India","https://www.eicindia.gov.in/WebApp1/pages/menuInfo/approvedCommoditiesList.xhtml?CT=FFP","EIC Approved Units - Fish & Fishery Products (FFP)","regulator","2026-02-09","EIC approved units list (FFP)","HIGH"
"392","scope","Freezing of Raw Fish & Fishery Products (IF & Block)","https://www.eicindia.gov.in/WebApp1/pages/menuInfo/approvedCommoditiesList.xhtml?CT=FFP","EIC Approved Units - Fish & Fishery Products (FFP)","regulator","2026-02-09","EIC approved units list (FFP)","HIGH"
"392","expiry_date","13/09/2027","https://www.eicindia.gov.in/WebApp1/pages/menuInfo/approvedCommoditiesList.xhtml?CT=FFP","EIC Approved Units - Fish & Fishery Products (FFP)","regulator","2026-02-09","EIC approved units list (FFP)","HIGH"
"395","plant_name","Laxminarayan Exports","https://www.eicindia.gov.in/WebApp1/pages/menuInfo/approvedCommoditiesList.xhtml?CT=FFP","EIC Approved Units - Fish & Fishery Products (FFP)","regulator","2026-02-09","EIC approved units list (FFP)","HIGH"
"395","address","34 & 35, Industrial Estate, Paradeepgarh, Paradeep, Jagatsinghpur-754141, Odisha","https://www.eicindia.gov.in/WebApp1/pages/menuInfo/approvedCommoditiesList.xhtml?CT=FFP","EIC Approved Units - Fish & Fishery Products (FFP)","regulator","2026-02-09","EIC approved units list (FFP)","HIGH"
"395","scope","Packing  of Fresh/Chilled fish & fishery products, Freezing of Raw Fish & Fishery products.(Block &IF) Crustaceans, Cephalopods, Scrombroid & Non-scrombroid fin fish.","https://www.eicindia.gov.in/WebApp1/pages/menuInfo/approvedCommoditiesList.xhtml?CT=FFP","EIC Approved Units - Fish & Fishery Products (FFP)","regulator","2026-02-09","EIC approved units list (FFP)","HIGH"
"395","expiry_date","22/02/2028","https://www.eicindia.gov.in/WebApp1/pages/menuInfo/approvedCommoditiesList.xhtml?CT=FFP","EIC Approved Units - Fish & Fishery Products (FFP)","regulator","2026-02-09","EIC approved units list (FFP)","HIGH"
"396","plant_name","SK EXPORTS PRIVATE LIMITED","https://www.eicindia.gov.in/WebApp1/pages/menuInfo/approvedCommoditiesList.xhtml?CT=FFP","EIC Approved Units - Fish & Fishery Products (FFP)","regulator","2026-02-09","EIC approved units list (FFP)","HIGH"
"396","address","21, CHANDAKA INDUSTRIAL COMPLEX, PATIA, KIIT CAMPUS, BHUBANESWAR, 751024, ODISHA","https://www.eicindia.gov.in/WebApp1/pages/menuInfo/approvedCommoditiesList.xhtml?CT=FFP","EIC Approved Units - Fish & Fishery Products (FFP)","regulator","2026-02-09","EIC approved units list (FFP)","HIGH"
"396","scope","Freezing of raw Fish and Fishery Products (Block/IF/IQF)-Crustaceans,Cephalopods, Scrombroid & non-scrombroid Fin Fishes","https://www.eicindia.gov.in/WebApp1/pages/menuInfo/approvedCommoditiesList.xhtml?CT=FFP","EIC Approved Units - Fish & Fishery Products (FFP)","regulator","2026-02-09","EIC approved units list (FFP)","HIGH"
"396","expiry_date","13/09/2027","https://www.eicindia.gov.in/WebApp1/pages/menuInfo/approvedCommoditiesList.xhtml?CT=FFP","EIC Approved Units - Fish & Fishery Products (FFP)","regulator","2026-02-09","EIC approved units list (FFP)","HIGH"
"422","plant_name","Utkal Exports","https://www.eicindia.gov.in/WebApp1/pages/menuInfo/approvedCommoditiesList.xhtml?CT=FFP","EIC Approved Units - Fish & Fishery Products (FFP)","regulator","2026-02-09","EIC approved units list (FFP)","HIGH"
"422","address","S3-94 Sector-A,Zone-B, Mancheswar Industrial Estate, Bhubaneswar, Odisha","https://www.eicindia.gov.in/WebApp1/pages/menuInfo/approvedCommoditiesList.xhtml?CT=FFP","EIC Approved Units - Fish & Fishery Products (FFP)","regulator","2026-02-09","EIC approved units list (FFP)","HIGH"
"422","scope","Freezing of raw Fish and Fishery Products (Block/IF) Crustaceans,Cephalopods, Scrombroid & non-scrombroid Fishes","https://www.eicindia.gov.in/WebApp1/pages/menuInfo/approvedCommoditiesList.xhtml?CT=FFP","EIC Approved Units - Fish & Fishery Products (FFP)","regulator","2026-02-09","EIC approved units list (FFP)","HIGH"
"422","expiry_date","30/06/2027","https://www.eicindia.gov.in/WebApp1/pages/menuInfo/approvedCommoditiesList.xhtml?CT=FFP","EIC Approved Units - Fish & Fishery Products (FFP)","regulator","2026-02-09","EIC approved units list (FFP)","HIGH"
"424","plant_name","SARVESHWARI EXPORTS PVT. LTD.","https://www.eicindia.gov.in/WebApp1/pages/menuInfo/approvedCommoditiesList.xhtml?CT=FFP","EIC Approved Units - Fish & Fishery Products (FFP)","regulator","2026-02-09","EIC approved units list (FFP)","HIGH"
"424","address","548, Jessore Road, Kolkata-700055, West Bengal","https://www.eicindia.gov.in/WebApp1/pages/menuInfo/approvedCommoditiesList.xhtml?CT=FFP","EIC Approved Units - Fish & Fishery Products (FFP)","regulator","2026-02-09","EIC approved units list (FFP)","HIGH"
"424","scope","Freezing of Raw Fish & Fishery Products (Block) -Shrimps (Aquaculture/Sea Caught/Wild Caught)","https://www.eicindia.gov.in/WebApp1/pages/menuInfo/approvedCommoditiesList.xhtml?CT=FFP","EIC Approved Units - Fish & Fishery Products (FFP)","regulator","2026-02-09","EIC approved units list (FFP)","HIGH"
"424","expiry_date","08/08/2027","https://www.eicindia.gov.in/WebApp1/pages/menuInfo/approvedCommoditiesList.xhtml?CT=FFP","EIC Approved Units - Fish & Fishery Products (FFP)","regulator","2026-02-09","EIC approved units list (FFP)","HIGH"
"428","plant_name","RAZBAN SEAFOOD PRIVATE LIMITED","https://www.eicindia.gov.in/WebApp1/pages/menuInfo/approvedCommoditiesList.xhtml?CT=FFP","EIC Approved Units - Fish & Fishery Products (FFP)","regulator","2026-02-09","EIC approved units list (FFP)","HIGH"
"428","address","UNIT-II, 770 KALIKAPORE, KOLKATA-700099, WEST BENGAL, INDIA.","https://www.eicindia.gov.in/WebApp1/pages/menuInfo/approvedCommoditiesList.xhtml?CT=FFP","EIC Approved Units - Fish & Fishery Products (FFP)","regulator","2026-02-09","EIC approved units list (FFP)","HIGH"
"428","scope","Packing of Fresh / Chilled Fishery Products ( Sea caught Fish Non-Histamine Forming fishes) 

Freezing of Raw / Blanched / Cooked Fish and Fishery Products (Block Freezing, IF, IQF & Cooked)
 
Aquaculture/Seacaught Fish/Seacaught Cephalopods","https://www.eicindia.gov.in/WebApp1/pages/menuInfo/approvedCommoditiesList.xhtml?CT=FFP","EIC Approved Units - Fish & Fishery Products (FFP)","regulator","2026-02-09","EIC approved units list (FFP)","HIGH"
"428","expiry_date","05/09/2028","https://www.eicindia.gov.in/WebApp1/pages/menuInfo/approvedCommoditiesList.xhtml?CT=FFP","EIC Approved Units - Fish & Fishery Products (FFP)","regulator","2026-02-09","EIC approved units list (FFP)","HIGH"
"449","plant_name","SADAF SEA FOODS","https://www.eicindia.gov.in/WebApp1/pages/menuInfo/approvedCommoditiesList.xhtml?CT=FFP","EIC Approved Units - Fish & Fishery Products (FFP)","regulator","2026-02-09","EIC approved units list (FFP)","HIGH"
"449","address","UNIT NO. 5, I.S.F.P.C., CHAKGARIA, KOLKATA - 700094, WEST BENGAL","https://www.eicindia.gov.in/WebApp1/pages/menuInfo/approvedCommoditiesList.xhtml?CT=FFP","EIC Approved Units - Fish & Fishery Products (FFP)","regulator","2026-02-09","EIC approved units list (FFP)","HIGH"
"449","scope","FREEZING OF RAW FISH & FISHERY PRODUCT (BLOCK FROZEN & IF)","https://www.eicindia.gov.in/WebApp1/pages/menuInfo/approvedCommoditiesList.xhtml?CT=FFP","EIC Approved Units - Fish & Fishery Products (FFP)","regulator","2026-02-09","EIC approved units list (FFP)","HIGH"
"449","expiry_date","23/09/2028","https://www.eicindia.gov.in/WebApp1/pages/menuInfo/approvedCommoditiesList.xhtml?CT=FFP","EIC Approved Units - Fish & Fishery Products (FFP)","regulator","2026-02-09","EIC approved units list (FFP)","HIGH"
"453","plant_name","CORELINE EXPORTS","https://www.eicindia.gov.in/WebApp1/pages/menuInfo/approvedCommoditiesList.xhtml?CT=FFP","EIC Approved Units - Fish & Fishery Products (FFP)","regulator","2026-02-09","EIC approved units list (FFP)","HIGH"
"453","address","UNIT 4, INTERNATIONAL SEAFOOD PROCESSING CENTRE, BUDERHAT, CHAKGARIA, KOLKATA-700094, WEST BENGAL, INDIA","https://www.eicindia.gov.in/WebApp1/pages/menuInfo/approvedCommoditiesList.xhtml?CT=FFP","EIC Approved Units - Fish & Fishery Products (FFP)","regulator","2026-02-09","EIC approved units list (FFP)","HIGH"
"453","scope","Freezing of Raw Fish & Fishery Products (Block Frozen ).

IF to deleted from the scope as  blast Freezer is removed.","https://www.eicindia.gov.in/WebApp1/pages/menuInfo/approvedCommoditiesList.xhtml?CT=FFP","EIC Approved Units - Fish & Fishery Products (FFP)","regulator","2026-02-09","EIC approved units list (FFP)","HIGH"
"453","expiry_date","22/07/2028","https://www.eicindia.gov.in/WebApp1/pages/menuInfo/approvedCommoditiesList.xhtml?CT=FFP","EIC Approved Units - Fish & Fishery Products (FFP)","regulator","2026-02-09","EIC approved units list (FFP)","HIGH"
"458","plant_name","Shimpo Exports Private Limited","https://www.eicindia.gov.in/WebApp1/pages/menuInfo/approvedCommoditiesList.xhtml?CT=FFP","EIC Approved Units - Fish & Fishery Products (FFP)","regulator","2026-02-09","EIC approved units list (FFP)","HIGH"
"458","address","Unit No. III, ISFPC, Chakgaria, Boodherhat, Kolkata- 700094, West Bengal, India","https://www.eicindia.gov.in/WebApp1/pages/menuInfo/approvedCommoditiesList.xhtml?CT=FFP","EIC Approved Units - Fish & Fishery Products (FFP)","regulator","2026-02-09","EIC approved units list (FFP)","HIGH"
"458","scope","Freezing of Raw Fish & Fishery Products (Block & Individually Frozen)","https://www.eicindia.gov.in/WebApp1/pages/menuInfo/approvedCommoditiesList.xhtml?CT=FFP","EIC Approved Units - Fish & Fishery Products (FFP)","regulator","2026-02-09","EIC approved units list (FFP)","HIGH"
"458","expiry_date","14/07/2027","https://www.eicindia.gov.in/WebApp1/pages/menuInfo/approvedCommoditiesList.xhtml?CT=FFP","EIC Approved Units - Fish & Fishery Products (FFP)","regulator","2026-02-09","EIC approved units list (FFP)","HIGH"
"459","plant_name","TEEKAY MARINE PVT. LTD","https://www.eicindia.gov.in/WebApp1/pages/menuInfo/approvedCommoditiesList.xhtml?CT=FFP","EIC Approved Units - Fish & Fishery Products (FFP)","regulator","2026-02-09","EIC approved units list (FFP)","HIGH"
"459","address","PLOT NO.58, CHANDAKA INDUSTRIAL ESTATE, PO-KIIT, PATIA, BHUBANESWAR-751024, Odisha","https://www.eicindia.gov.in/WebApp1/pages/menuInfo/approvedCommoditiesList.xhtml?CT=FFP","EIC Approved Units - Fish & Fishery Products (FFP)","regulator","2026-02-09","EIC approved units list (FFP)","HIGH"
"459","scope","Freezing of raw Fish and Fishery Products (Block/IF/IQF)-Crustaceans,Cephalopods, Scrombroid & non-scrombroid Fishes","https://www.eicindia.gov.in/WebApp1/pages/menuInfo/approvedCommoditiesList.xhtml?CT=FFP","EIC Approved Units - Fish & Fishery Products (FFP)","regulator","2026-02-09","EIC approved units list (FFP)","HIGH"
"459","expiry_date","16/07/2027","https://www.eicindia.gov.in/WebApp1/pages/menuInfo/approvedCommoditiesList.xhtml?CT=FFP","EIC Approved Units - Fish & Fishery Products (FFP)","regulator","2026-02-09","EIC approved units list (FFP)","HIGH"
"460","plant_name","M/S SAHADA EXPORTS","https://www.eicindia.gov.in/WebApp1/pages/menuInfo/approvedCommoditiesList.xhtml?CT=FFP","EIC Approved Units - Fish & Fishery Products (FFP)","regulator","2026-02-09","EIC approved units list (FFP)","HIGH"
"460","address","UNIT 8,ISFPC,CHAKGARIA,24 PGS(S),KOLKATA-700 094","https://www.eicindia.gov.in/WebApp1/pages/menuInfo/approvedCommoditiesList.xhtml?CT=FFP","EIC Approved Units - Fish & Fishery Products (FFP)","regulator","2026-02-09","EIC approved units list (FFP)","HIGH"
"460","scope","FREEZING OF RAW FISH AND FISHERY PRODUCTS (BLOCK,IF AND IQF)","https://www.eicindia.gov.in/WebApp1/pages/menuInfo/approvedCommoditiesList.xhtml?CT=FFP","EIC Approved Units - Fish & Fishery Products (FFP)","regulator","2026-02-09","EIC approved units list (FFP)","HIGH"
"460","expiry_date","12/09/2027","https://www.eicindia.gov.in/WebApp1/pages/menuInfo/approvedCommoditiesList.xhtml?CT=FFP","EIC Approved Units - Fish & Fishery Products (FFP)","regulator","2026-02-09","EIC approved units list (FFP)","HIGH"
"469","plant_name","MAGNUM SEA FOODS LIMITED","https://www.eicindia.gov.in/WebApp1/pages/menuInfo/approvedCommoditiesList.xhtml?CT=FFP","EIC Approved Units - Fish & Fishery Products (FFP)","regulator","2026-02-09","EIC approved units list (FFP)","HIGH"
"469","address","AT: BOTANDA, P.O./P.S.: JANKIA, DIST: KHURDA, PIN-752019, ODISHA","https://www.eicindia.gov.in/WebApp1/pages/menuInfo/approvedCommoditiesList.xhtml?CT=FFP","EIC Approved Units - Fish & Fishery Products (FFP)","regulator","2026-02-09","EIC approved units list (FFP)","HIGH"
"469","scope","Freezing of raw Fish and Fishery Products (IQF/cooked/block)-Crustaceans,Cephalopods, Scrombroid & non-scrombroid Fishes. Packing of fresh & chilled Fish & Fishery products.","https://www.eicindia.gov.in/WebApp1/pages/menuInfo/approvedCommoditiesList.xhtml?CT=FFP","EIC Approved Units - Fish & Fishery Products (FFP)","regulator","2026-02-09","EIC approved units list (FFP)","HIGH"
"469","expiry_date","15/04/2026","https://www.eicindia.gov.in/WebApp1/pages/menuInfo/approvedCommoditiesList.xhtml?CT=FFP","EIC Approved Units - Fish & Fishery Products (FFP)","regulator","2026-02-09","EIC approved units list (FFP)","HIGH"
"470","plant_name","UNITRIVENI OVERSEAS","https://www.eicindia.gov.in/WebApp1/pages/menuInfo/approvedCommoditiesList.xhtml?CT=FFP","EIC Approved Units - Fish & Fishery Products (FFP)","regulator","2026-02-09","EIC approved units list (FFP)","HIGH"
"470","address","PLOT NO.150,CHAMPAJHAR,P.O.MALIPADA, DT-KHURDA, PIN-752018","https://www.eicindia.gov.in/WebApp1/pages/menuInfo/approvedCommoditiesList.xhtml?CT=FFP","EIC Approved Units - Fish & Fishery Products (FFP)","regulator","2026-02-09","EIC approved units list (FFP)","HIGH"
"470","scope","1)Freezing of raw Fish and Fishery Products (Block/IQF)-Crustaceans,Cephalopods, Scrombroid & non-scrombroid Fishes
2) IQF freezing of blanched shrimps","https://www.eicindia.gov.in/WebApp1/pages/menuInfo/approvedCommoditiesList.xhtml?CT=FFP","EIC Approved Units - Fish & Fishery Products (FFP)","regulator","2026-02-09","EIC approved units list (FFP)","HIGH"
"470","expiry_date","30/04/2026","https://www.eicindia.gov.in/WebApp1/pages/menuInfo/approvedCommoditiesList.xhtml?CT=FFP","EIC Approved Units - Fish & Fishery Products (FFP)","regulator","2026-02-09","EIC approved units list (FFP)","HIGH"
"471","plant_name","MILSHA SEA PRODUCT","https://www.eicindia.gov.in/WebApp1/pages/menuInfo/approvedCommoditiesList.xhtml?CT=FFP","EIC Approved Units - Fish & Fishery Products (FFP)","regulator","2026-02-09","EIC approved units list (FFP)","HIGH"
"471","address","UNIT NO. 2, I.S.F.P.C, BENFISH COMPLEX, CHAKGARIA, 24 PARGANAS (S), KOLKATA â?? 700094, WEST BENGAL, INDIA","https://www.eicindia.gov.in/WebApp1/pages/menuInfo/approvedCommoditiesList.xhtml?CT=FFP","EIC Approved Units - Fish & Fishery Products (FFP)","regulator","2026-02-09","EIC approved units list (FFP)","HIGH"
"471","scope","Freezing of Raw Fish & Fishery Products (Block Frozen)","https://www.eicindia.gov.in/WebApp1/pages/menuInfo/approvedCommoditiesList.xhtml?CT=FFP","EIC Approved Units - Fish & Fishery Products (FFP)","regulator","2026-02-09","EIC approved units list (FFP)","HIGH"
"471","expiry_date","18/05/2027","https://www.eicindia.gov.in/WebApp1/pages/menuInfo/approvedCommoditiesList.xhtml?CT=FFP","EIC Approved Units - Fish & Fishery Products (FFP)","regulator","2026-02-09","EIC approved units list (FFP)","HIGH"
"475","plant_name","BAIDYA FISH TRADERS","https://www.eicindia.gov.in/WebApp1/pages/menuInfo/approvedCommoditiesList.xhtml?CT=FFP","EIC Approved Units - Fish & Fishery Products (FFP)","regulator","2026-02-09","EIC approved units list (FFP)","HIGH"
"475","address","Vill: Bagna, PO & PS-Gaighata, Dist. 24 Parganas (North), Pin-743249, West Bengal","https://www.eicindia.gov.in/WebApp1/pages/menuInfo/approvedCommoditiesList.xhtml?CT=FFP","EIC Approved Units - Fish & Fishery Products (FFP)","regulator","2026-02-09","EIC approved units list (FFP)","HIGH"
"475","scope","Packing of Fresh/Chilled Fish & Fishery Products -Fishes (Histamine & Non- Histamine forming), -Shrimps (Sea caught/Wild caught) & Cephalopods","https://www.eicindia.gov.in/WebApp1/pages/menuInfo/approvedCommoditiesList.xhtml?CT=FFP","EIC Approved Units - Fish & Fishery Products (FFP)","regulator","2026-02-09","EIC approved units list (FFP)","HIGH"
"475","expiry_date","07/08/2027","https://www.eicindia.gov.in/WebApp1/pages/menuInfo/approvedCommoditiesList.xhtml?CT=FFP","EIC Approved Units - Fish & Fishery Products (FFP)","regulator","2026-02-09","EIC approved units list (FFP)","HIGH"
"477","plant_name","IFB AGRO INDUSTRIES LTD.","https://www.eicindia.gov.in/WebApp1/pages/menuInfo/approvedCommoditiesList.xhtml?CT=FFP","EIC Approved Units - Fish & Fishery Products (FFP)","regulator","2026-02-09","EIC approved units list (FFP)","HIGH"
"477","address","Plot No. IND-5, Sector-1, East Kolkata Township, Kolkata-700107, West Bengal, India.","https://www.eicindia.gov.in/WebApp1/pages/menuInfo/approvedCommoditiesList.xhtml?CT=FFP","EIC Approved Units - Fish & Fishery Products (FFP)","regulator","2026-02-09","EIC approved units list (FFP)","HIGH"
"477","scope","Freezing of Raw / Blanched Fish & Fishery products (Block Frozen , IF & IQF)","https://www.eicindia.gov.in/WebApp1/pages/menuInfo/approvedCommoditiesList.xhtml?CT=FFP","EIC Approved Units - Fish & Fishery Products (FFP)","regulator","2026-02-09","EIC approved units list (FFP)","HIGH"
"477","expiry_date","05/01/2028","https://www.eicindia.gov.in/WebApp1/pages/menuInfo/approvedCommoditiesList.xhtml?CT=FFP","EIC Approved Units - Fish & Fishery Products (FFP)","regulator","2026-02-09","EIC approved units list (FFP)","HIGH"
"478","plant_name","Z. A. SEA FOODS PVT. LTD.","https://www.eicindia.gov.in/WebApp1/pages/menuInfo/approvedCommoditiesList.xhtml?CT=FFP","EIC Approved Units - Fish & Fishery Products (FFP)","regulator","2026-02-09","EIC approved units list (FFP)","HIGH"
"478","address","UNIT NO-9, BENFISH COMPLEX I.S.F.P.C, CHAKGARIA, 24 PARGANAS (SOUTH), KOLKATA-700094, WEST BENGAL","https://www.eicindia.gov.in/WebApp1/pages/menuInfo/approvedCommoditiesList.xhtml?CT=FFP","EIC Approved Units - Fish & Fishery Products (FFP)","regulator","2026-02-09","EIC approved units list (FFP)","HIGH"
"478","scope","not applicable","https://www.eicindia.gov.in/WebApp1/pages/menuInfo/approvedCommoditiesList.xhtml?CT=FFP","EIC Approved Units - Fish & Fishery Products (FFP)","regulator","2026-02-09","EIC approved units list (FFP)","HIGH"
"478","expiry_date","27/03/2028","https://www.eicindia.gov.in/WebApp1/pages/menuInfo/approvedCommoditiesList.xhtml?CT=FFP","EIC Approved Units - Fish & Fishery Products (FFP)","regulator","2026-02-09","EIC approved units list (FFP)","HIGH"
"488","plant_name","SHIMPO SEAFOODS","https://www.eicindia.gov.in/WebApp1/pages/menuInfo/approvedCommoditiesList.xhtml?CT=FFP","EIC Approved Units - Fish & Fishery Products (FFP)","regulator","2026-02-09","EIC approved units list (FFP)","HIGH"
"488","address","IDCO PLOT NO 53, CHANDAKA INDUSTRIAL ESTATE,  P.O: KIIT, PATIA, BHUBANESWAR-751024, ODISHA, INDIA","https://www.eicindia.gov.in/WebApp1/pages/menuInfo/approvedCommoditiesList.xhtml?CT=FFP","EIC Approved Units - Fish & Fishery Products (FFP)","regulator","2026-02-09","EIC approved units list (FFP)","HIGH"
"488","scope","Freezing of raw Fish and Fishery Products (Block Frozen & IQF)","https://www.eicindia.gov.in/WebApp1/pages/menuInfo/approvedCommoditiesList.xhtml?CT=FFP","EIC Approved Units - Fish & Fishery Products (FFP)","regulator","2026-02-09","EIC approved units list (FFP)","HIGH"
"488","expiry_date","13/07/2027","https://www.eicindia.gov.in/WebApp1/pages/menuInfo/approvedCommoditiesList.xhtml?CT=FFP","EIC Approved Units - Fish & Fishery Products (FFP)","regulator","2026-02-09","EIC approved units list (FFP)","HIGH"
"492","plant_name","MILSHA AGRO EXPORTS PVT. LTD.","https://www.eicindia.gov.in/WebApp1/pages/menuInfo/approvedCommoditiesList.xhtml?CT=FFP","EIC Approved Units - Fish & Fishery Products (FFP)","regulator","2026-02-09","EIC approved units list (FFP)","HIGH"
"492","address","UNIT NO. 1, I.S.F.P.C., BENFISH COMPLEX, CHAKGARIA, KOLKATA-700094, WEST BENGAL, INDIA","https://www.eicindia.gov.in/WebApp1/pages/menuInfo/approvedCommoditiesList.xhtml?CT=FFP","EIC Approved Units - Fish & Fishery Products (FFP)","regulator","2026-02-09","EIC approved units list (FFP)","HIGH"
"492","scope","Freezing of Raw Fish & Fishery Products, 
(Block Frozen & IQF)","https://www.eicindia.gov.in/WebApp1/pages/menuInfo/approvedCommoditiesList.xhtml?CT=FFP","EIC Approved Units - Fish & Fishery Products (FFP)","regulator","2026-02-09","EIC approved units list (FFP)","HIGH"
"492","expiry_date","12/11/2027","https://www.eicindia.gov.in/WebApp1/pages/menuInfo/approvedCommoditiesList.xhtml?CT=FFP","EIC Approved Units - Fish & Fishery Products (FFP)","regulator","2026-02-09","EIC approved units list (FFP)","HIGH"
"496","plant_name","N.C. DAS & CO.","https://www.eicindia.gov.in/WebApp1/pages/menuInfo/approvedCommoditiesList.xhtml?CT=FFP","EIC Approved Units - Fish & Fishery Products (FFP)","regulator","2026-02-09","EIC approved units list (FFP)","HIGH"
"496","address","VILL & P.O.: ADAMPUR, P.S. : HAROA, DIST. : 24 PGS (N), WEST BENGAL.","https://www.eicindia.gov.in/WebApp1/pages/menuInfo/approvedCommoditiesList.xhtml?CT=FFP","EIC Approved Units - Fish & Fishery Products (FFP)","regulator","2026-02-09","EIC approved units list (FFP)","HIGH"
"496","scope","FREEZING OF RAW FISH & FISHERY PRODUCTS  (BLOCK FROZEN)","https://www.eicindia.gov.in/WebApp1/pages/menuInfo/approvedCommoditiesList.xhtml?CT=FFP","EIC Approved Units - Fish & Fishery Products (FFP)","regulator","2026-02-09","EIC approved units list (FFP)","HIGH"
"496","expiry_date","05/06/2028","https://www.eicindia.gov.in/WebApp1/pages/menuInfo/approvedCommoditiesList.xhtml?CT=FFP","EIC Approved Units - Fish & Fishery Products (FFP)","regulator","2026-02-09","EIC approved units list (FFP)","HIGH"
"510","plant_name","Bharath sea foods","https://www.eicindia.gov.in/WebApp1/pages/menuInfo/approvedCommoditiesList.xhtml?CT=FFP","EIC Approved Units - Fish & Fishery Products (FFP)","regulator","2026-02-09","EIC approved units list (FFP)","HIGH"
"510","address","Chandiroor, Alappuzha Dist â??kerala 688547","https://www.eicindia.gov.in/WebApp1/pages/menuInfo/approvedCommoditiesList.xhtml?CT=FFP","EIC Approved Units - Fish & Fishery Products (FFP)","regulator","2026-02-09","EIC approved units list (FFP)","HIGH"
"510","scope","Freezing of Raw Fish & Fishery Products (Block/Blast/IF), Shrimps (Sea-Caught/ Wild caught & Aquaculture), Cephalopods and Fishes (Histamine & Non-Histamine forming) to All countries excluding EU,CU and uncooked prawns to Australia","https://www.eicindia.gov.in/WebApp1/pages/menuInfo/approvedCommoditiesList.xhtml?CT=FFP","EIC Approved Units - Fish & Fishery Products (FFP)","regulator","2026-02-09","EIC approved units list (FFP)","HIGH"
"510","expiry_date","31/07/2027","https://www.eicindia.gov.in/WebApp1/pages/menuInfo/approvedCommoditiesList.xhtml?CT=FFP","EIC Approved Units - Fish & Fishery Products (FFP)","regulator","2026-02-09","EIC approved units list (FFP)","HIGH"
"512","plant_name","SLS EXPORTS PVT LTD","https://www.eicindia.gov.in/WebApp1/pages/menuInfo/approvedCommoditiesList.xhtml?CT=FFP","EIC Approved Units - Fish & Fishery Products (FFP)","regulator","2026-02-09","EIC approved units list (FFP)","HIGH"
"512","address","XXII/1377, EDAKOCHI P.O, KOCHI-682010, ERNAKULAM DISTRICT, KERALA","https://www.eicindia.gov.in/WebApp1/pages/menuInfo/approvedCommoditiesList.xhtml?CT=FFP","EIC Approved Units - Fish & Fishery Products (FFP)","regulator","2026-02-09","EIC approved units list (FFP)","HIGH"
"512","scope","Cephalopods. Bivalves  & Gastropods  to Non - EU Countries.","https://www.eicindia.gov.in/WebApp1/pages/menuInfo/approvedCommoditiesList.xhtml?CT=FFP","EIC Approved Units - Fish & Fishery Products (FFP)","regulator","2026-02-09","EIC approved units list (FFP)","HIGH"
"512","expiry_date","13/02/2028","https://www.eicindia.gov.in/WebApp1/pages/menuInfo/approvedCommoditiesList.xhtml?CT=FFP","EIC Approved Units - Fish & Fishery Products (FFP)","regulator","2026-02-09","EIC approved units list (FFP)","HIGH"
"514","plant_name","Bell Foods(Marine Division)","https://www.eicindia.gov.in/WebApp1/pages/menuInfo/approvedCommoditiesList.xhtml?CT=FFP","EIC Approved Units - Fish & Fishery Products (FFP)","regulator","2026-02-09","EIC approved units list (FFP)","HIGH"
"514","address","Building No.18/1555Pallichal Road,Thoppumpady P.OKochi-682024","https://www.eicindia.gov.in/WebApp1/pages/menuInfo/approvedCommoditiesList.xhtml?CT=FFP","EIC Approved Units - Fish & Fishery Products (FFP)","regulator","2026-02-09","EIC approved units list (FFP)","HIGH"
"514","scope","Packing of fresh/chilled fish & fishery products and freezing of raw fish & fishery products (Block/IF) Fishes (Histamine and Non-Histamine forming) & shrimps (Sea caught & Aquaculture), Cephalopods.","https://www.eicindia.gov.in/WebApp1/pages/menuInfo/approvedCommoditiesList.xhtml?CT=FFP","EIC Approved Units - Fish & Fishery Products (FFP)","regulator","2026-02-09","EIC approved units list (FFP)","HIGH"
"514","expiry_date","27/03/2028","https://www.eicindia.gov.in/WebApp1/pages/menuInfo/approvedCommoditiesList.xhtml?CT=FFP","EIC Approved Units - Fish & Fishery Products (FFP)","regulator","2026-02-09","EIC approved units list (FFP)","HIGH"
"520","plant_name","Capithan Exporting Company","https://www.eicindia.gov.in/WebApp1/pages/menuInfo/approvedCommoditiesList.xhtml?CT=FFP","EIC Approved Units - Fish & Fishery Products (FFP)","regulator","2026-02-09","EIC approved units list (FFP)","HIGH"
"520","address","Port Road,Sakthikulangara P.O., Kollam-691581,Kerala","https://www.eicindia.gov.in/WebApp1/pages/menuInfo/approvedCommoditiesList.xhtml?CT=FFP","EIC Approved Units - Fish & Fishery Products (FFP)","regulator","2026-02-09","EIC approved units list (FFP)","HIGH"
"520","scope","Packing of Fresh/Chilled Fish & Fishery Products, Freezing of Raw/Cooked Fish & Fishery Products- Fishes (Histamine & Non-Histamine Forming), Crustaceans (Sea caught Shrimps & Aquaculture), Cephalopods. Bivalves & Gastropods to Non-EU Countries","https://www.eicindia.gov.in/WebApp1/pages/menuInfo/approvedCommoditiesList.xhtml?CT=FFP","EIC Approved Units - Fish & Fishery Products (FFP)","regulator","2026-02-09","EIC approved units list (FFP)","HIGH"
"520","expiry_date","19/02/2028","https://www.eicindia.gov.in/WebApp1/pages/menuInfo/approvedCommoditiesList.xhtml?CT=FFP","EIC Approved Units - Fish & Fishery Products (FFP)","regulator","2026-02-09","EIC approved units list (FFP)","HIGH"
"521","plant_name","THE CANNING INDUSTRIES COCHINLTD","https://www.eicindia.gov.in/WebApp1/pages/menuInfo/approvedCommoditiesList.xhtml?CT=FFP","EIC Approved Units - Fish & Fishery Products (FFP)","regulator","2026-02-09","EIC approved units list (FFP)","HIGH"
"521","address","EDACOCHIN P.O.,KOCHI-682010 KERALA, INDIA","https://www.eicindia.gov.in/WebApp1/pages/menuInfo/approvedCommoditiesList.xhtml?CT=FFP","EIC Approved Units - Fish & Fishery Products (FFP)","regulator","2026-02-09","EIC approved units list (FFP)","HIGH"
"521","scope","Packing of Fresh / Chilled Fish & Fishery Products, Freezing of Raw Fish & Fishery Products, Fishes (Histamine & Non-Histamine Forming), Shrimps, Lobster, Crab & Cephalopods (Sea Caught)","https://www.eicindia.gov.in/WebApp1/pages/menuInfo/approvedCommoditiesList.xhtml?CT=FFP","EIC Approved Units - Fish & Fishery Products (FFP)","regulator","2026-02-09","EIC approved units list (FFP)","HIGH"
"521","expiry_date","19/03/2028","https://www.eicindia.gov.in/WebApp1/pages/menuInfo/approvedCommoditiesList.xhtml?CT=FFP","EIC Approved Units - Fish & Fishery Products (FFP)","regulator","2026-02-09","EIC approved units list (FFP)","HIGH"
"594","plant_name","STERLING FOODS","https://www.eicindia.gov.in/WebApp1/pages/menuInfo/approvedCommoditiesList.xhtml?CT=FFP","EIC Approved Units - Fish & Fishery Products (FFP)","regulator","2026-02-09","EIC approved units list (FFP)","HIGH"
"594","address","Sasihithlu, Haleangadi P.O., Mangaloe- 574146,Karnataka","https://www.eicindia.gov.in/WebApp1/pages/menuInfo/approvedCommoditiesList.xhtml?CT=FFP","EIC Approved Units - Fish & Fishery Products (FFP)","regulator","2026-02-09","EIC approved units list (FFP)","HIGH"
"594","scope","Freezing of Raw Fish & Fishery Products (Block & IF) 
Fishes (Histamine & Non-Histamine forming),  Shrimps (Sea caught/Wild caught & Aquaculture) & Cephalopods","https://www.eicindia.gov.in/WebApp1/pages/menuInfo/approvedCommoditiesList.xhtml?CT=FFP","EIC Approved Units - Fish & Fishery Products (FFP)","regulator","2026-02-09","EIC approved units list (FFP)","HIGH"
"594","expiry_date","01/09/2027","https://www.eicindia.gov.in/WebApp1/pages/menuInfo/approvedCommoditiesList.xhtml?CT=FFP","EIC Approved Units - Fish & Fishery Products (FFP)","regulator","2026-02-09","EIC approved units list (FFP)","HIGH"
"626","plant_name","Abad Fisheries Private Limited (Unit-III)","https://www.eicindia.gov.in/WebApp1/pages/menuInfo/approvedCommoditiesList.xhtml?CT=FFP","EIC Approved Units - Fish & Fishery Products (FFP)","regulator","2026-02-09","EIC approved units list (FFP)","HIGH"
"626","address","VII/29-34, Vizhinjam, Thiruvananthapuram-695525, Kerala.","https://www.eicindia.gov.in/WebApp1/pages/menuInfo/approvedCommoditiesList.xhtml?CT=FFP","EIC Approved Units - Fish & Fishery Products (FFP)","regulator","2026-02-09","EIC approved units list (FFP)","HIGH"
"626","scope","Packing of Fresh/Chilled Fish & Fishery Products, Freezing of Raw Fish & Fishery Products, Fishes (Histamine & Non-Histamine forming), Shrimps (Sea Caught), Crabs, Lobsters & Cephalopods for all countries excluding CU and uncooked prawns to Australia. Freezing of Gastropods and Bivalve Molluscs (Clams & Mussels) for Non-EU Countries excluding CU.

Additional Facility recommended - Plate Ice Unit No.3, Capacity: 10MT/Day","https://www.eicindia.gov.in/WebApp1/pages/menuInfo/approvedCommoditiesList.xhtml?CT=FFP","EIC Approved Units - Fish & Fishery Products (FFP)","regulator","2026-02-09","EIC approved units list (FFP)","HIGH"
"626","expiry_date","20/05/2027","https://www.eicindia.gov.in/WebApp1/pages/menuInfo/approvedCommoditiesList.xhtml?CT=FFP","EIC Approved Units - Fish & Fishery Products (FFP)","regulator","2026-02-09","EIC approved units list (FFP)","HIGH"
"635","plant_name","FREEZE EXIM","https://www.eicindia.gov.in/WebApp1/pages/menuInfo/approvedCommoditiesList.xhtml?CT=FFP","EIC Approved Units - Fish & Fishery Products (FFP)","regulator","2026-02-09","EIC approved units list (FFP)","HIGH"
"635","address","AP 1/160, AROOR,ALAPPUZHA DIST.-688534, KERALA, INDIA","https://www.eicindia.gov.in/WebApp1/pages/menuInfo/approvedCommoditiesList.xhtml?CT=FFP","EIC Approved Units - Fish & Fishery Products (FFP)","regulator","2026-02-09","EIC approved units list (FFP)","HIGH"
"635","scope","Packing of Fresh/Chilled Fish & Fishery Products and Freezing of Raw Fish & Fishery Products (Block, Blast Frozen-IF)- Fishes (Histamine and Non-histamine forming), Shrimps (Sea caught / Wild caught & Aquaculture) and Cephalopods","https://www.eicindia.gov.in/WebApp1/pages/menuInfo/approvedCommoditiesList.xhtml?CT=FFP","EIC Approved Units - Fish & Fishery Products (FFP)","regulator","2026-02-09","EIC approved units list (FFP)","HIGH"
"635","expiry_date","29/12/2027","https://www.eicindia.gov.in/WebApp1/pages/menuInfo/approvedCommoditiesList.xhtml?CT=FFP","EIC Approved Units - Fish & Fishery Products (FFP)","regulator","2026-02-09","EIC approved units list (FFP)","HIGH"
"657","plant_name","PREMIER MARINE FOODS","https://www.eicindia.gov.in/WebApp1/pages/menuInfo/approvedCommoditiesList.xhtml?CT=FFP","EIC Approved Units - Fish & Fishery Products (FFP)","regulator","2026-02-09","EIC approved units list (FFP)","HIGH"
"657","address","VII/141, Chandiroor - 688547 Alappuzha District, Kerala","https://www.eicindia.gov.in/WebApp1/pages/menuInfo/approvedCommoditiesList.xhtml?CT=FFP","EIC Approved Units - Fish & Fishery Products (FFP)","regulator","2026-02-09","EIC approved units list (FFP)","HIGH"
"657","scope","Freezing of Raw Fish & Fishery Products ( Fish - Histamine & Non- Histamine Forming), Shrimps( Sea Caught/Wild Caught) and Cephalopods","https://www.eicindia.gov.in/WebApp1/pages/menuInfo/approvedCommoditiesList.xhtml?CT=FFP","EIC Approved Units - Fish & Fishery Products (FFP)","regulator","2026-02-09","EIC approved units list (FFP)","HIGH"
"657","expiry_date","24/12/2027","https://www.eicindia.gov.in/WebApp1/pages/menuInfo/approvedCommoditiesList.xhtml?CT=FFP","EIC Approved Units - Fish & Fishery Products (FFP)","regulator","2026-02-09","EIC approved units list (FFP)","HIGH"
"658","plant_name","COCHIN FROZEN FOOD EXPORTS PVT. LTD.","https://www.eicindia.gov.in/WebApp1/pages/menuInfo/approvedCommoditiesList.xhtml?CT=FFP","EIC Approved Units - Fish & Fishery Products (FFP)","regulator","2026-02-09","EIC approved units list (FFP)","HIGH"
"658","address","Arookutty Ferry Road, Aroor, Pin-688534, Alappuzha, Kerala","https://www.eicindia.gov.in/WebApp1/pages/menuInfo/approvedCommoditiesList.xhtml?CT=FFP","EIC Approved Units - Fish & Fishery Products (FFP)","regulator","2026-02-09","EIC approved units list (FFP)","HIGH"
"658","scope","Packing of Fresh/Chilled Fish & Fishery Products, Freezing of Raw Fish & Fishery Products (Block/Blast Frozen-IF/IQF)- Fishes (Histamine & Non-Histamine Forming), Shrimps (Aquaculture/Sea caught/Wild caught) & Cephalopods","https://www.eicindia.gov.in/WebApp1/pages/menuInfo/approvedCommoditiesList.xhtml?CT=FFP","EIC Approved Units - Fish & Fishery Products (FFP)","regulator","2026-02-09","EIC approved units list (FFP)","HIGH"
"658","expiry_date","23/07/2027","https://www.eicindia.gov.in/WebApp1/pages/menuInfo/approvedCommoditiesList.xhtml?CT=FFP","EIC Approved Units - Fish & Fishery Products (FFP)","regulator","2026-02-09","EIC approved units list (FFP)","HIGH"
"662","plant_name","Silver Star Seafoods Ltd.","https://www.eicindia.gov.in/WebApp1/pages/menuInfo/approvedCommoditiesList.xhtml?CT=FFP","EIC Approved Units - Fish & Fishery Products (FFP)","regulator","2026-02-09","EIC approved units list (FFP)","HIGH"
"662","address","X1/64, Anwar Palace,Chandiroor P.O ,Alappuzha,Kerela,India-688547","https://www.eicindia.gov.in/WebApp1/pages/menuInfo/approvedCommoditiesList.xhtml?CT=FFP","EIC Approved Units - Fish & Fishery Products (FFP)","regulator","2026-02-09","EIC approved units list (FFP)","HIGH"
"662","scope","Packing of Fresh/ Chilled Fish & Fishery Products & Freezing of Raw Fish & Fishery Product (IQF/IF/Block), Fishes (Histamine & Non-Histamine forming), Shrimps (Sea-caught & Aquaculture) & Cephalopods.","https://www.eicindia.gov.in/WebApp1/pages/menuInfo/approvedCommoditiesList.xhtml?CT=FFP","EIC Approved Units - Fish & Fishery Products (FFP)","regulator","2026-02-09","EIC approved units list (FFP)","HIGH"
"662","expiry_date","20/03/2026","https://www.eicindia.gov.in/WebApp1/pages/menuInfo/approvedCommoditiesList.xhtml?CT=FFP","EIC Approved Units - Fish & Fishery Products (FFP)","regulator","2026-02-09","EIC approved units list (FFP)","HIGH"
"664","plant_name","Seaboy Fisheries Pvt. Ltd.","https://www.eicindia.gov.in/WebApp1/pages/menuInfo/approvedCommoditiesList.xhtml?CT=FFP","EIC Approved Units - Fish & Fishery Products (FFP)","regulator","2026-02-09","EIC approved units list (FFP)","HIGH"
"664","address","KP VI-1019, Puthenthope, Trivandrum-695586, Kerala, India","https://www.eicindia.gov.in/WebApp1/pages/menuInfo/approvedCommoditiesList.xhtml?CT=FFP","EIC Approved Units - Fish & Fishery Products (FFP)","regulator","2026-02-09","EIC approved units list (FFP)","HIGH"
"664","scope","Packing of Fresh/Chilled Fish & Fishery Products, Freezing of Fish & Fishery Products (Block)","https://www.eicindia.gov.in/WebApp1/pages/menuInfo/approvedCommoditiesList.xhtml?CT=FFP","EIC Approved Units - Fish & Fishery Products (FFP)","regulator","2026-02-09","EIC approved units list (FFP)","HIGH"
"664","expiry_date","24/07/2027","https://www.eicindia.gov.in/WebApp1/pages/menuInfo/approvedCommoditiesList.xhtml?CT=FFP","EIC Approved Units - Fish & Fishery Products (FFP)","regulator","2026-02-09","EIC approved units list (FFP)","HIGH"
"680","plant_name","HIGH SEAS EXIM","https://www.eicindia.gov.in/WebApp1/pages/menuInfo/approvedCommoditiesList.xhtml?CT=FFP","EIC Approved Units - Fish & Fishery Products (FFP)","regulator","2026-02-09","EIC approved units list (FFP)","HIGH"
"680","address","AP X/102 ,CHANDIROOR -688547 ,ALAPPUZHA DISTRICT KERALA,INDIA","https://www.eicindia.gov.in/WebApp1/pages/menuInfo/approvedCommoditiesList.xhtml?CT=FFP","EIC Approved Units - Fish & Fishery Products (FFP)","regulator","2026-02-09","EIC approved units list (FFP)","HIGH"
"680","scope","Freezing of Raw  Fish and Fishery Products( Block & Blast  Frozen, IF), Fishes (Histamine and Non-Histamine forming), Shrimps (Sea Caught/ Aquaculture) and Cephalopods to all countries excluding "CU & uncooked prawns to Australia"","https://www.eicindia.gov.in/WebApp1/pages/menuInfo/approvedCommoditiesList.xhtml?CT=FFP","EIC Approved Units - Fish & Fishery Products (FFP)","regulator","2026-02-09","EIC approved units list (FFP)","HIGH"
"680","expiry_date","27/07/2027","https://www.eicindia.gov.in/WebApp1/pages/menuInfo/approvedCommoditiesList.xhtml?CT=FFP","EIC Approved Units - Fish & Fishery Products (FFP)","regulator","2026-02-09","EIC approved units list (FFP)","HIGH"
"682","plant_name","GKS BUSINESS ASSOCIATES (P) LIMITED","https://www.eicindia.gov.in/WebApp1/pages/menuInfo/approvedCommoditiesList.xhtml?CT=FFP","EIC Approved Units - Fish & Fishery Products (FFP)","regulator","2026-02-09","EIC approved units list (FFP)","HIGH"
"682","address","GKS COMPLEX, AROOKUTTY FERRY ROAD , AROOR-688534, ALAPPUZHA, KERALA, INDIA","https://www.eicindia.gov.in/WebApp1/pages/menuInfo/approvedCommoditiesList.xhtml?CT=FFP","EIC Approved Units - Fish & Fishery Products (FFP)","regulator","2026-02-09","EIC approved units list (FFP)","HIGH"
"682","scope","Processing and Packing of Fresh/Chilled Fish & Fishery Products and Freezing of Raw Fish & Fishery Products (Block/Blast/IF) Fishes (Histamine and Non-Histamine Forming) Shrimp (Sea Caught/Aquaculture) & Cephalopods. Bivalves & Gastropods to Non-EU Countries Only","https://www.eicindia.gov.in/WebApp1/pages/menuInfo/approvedCommoditiesList.xhtml?CT=FFP","EIC Approved Units - Fish & Fishery Products (FFP)","regulator","2026-02-09","EIC approved units list (FFP)","HIGH"
"682","expiry_date","23/07/2027","https://www.eicindia.gov.in/WebApp1/pages/menuInfo/approvedCommoditiesList.xhtml?CT=FFP","EIC Approved Units - Fish & Fishery Products (FFP)","regulator","2026-02-09","EIC approved units list (FFP)","HIGH"
"683","plant_name","Torry Harris Seafoods Private Ltd.","https://www.eicindia.gov.in/WebApp1/pages/menuInfo/approvedCommoditiesList.xhtml?CT=FFP","EIC Approved Units - Fish & Fishery Products (FFP)","regulator","2026-02-09","EIC approved units list (FFP)","HIGH"
"683","address","V /143A, P.B. NO. 2, Eramalloor P.O.,     Alleppey â?? 688537, Kerala","https://www.eicindia.gov.in/WebApp1/pages/menuInfo/approvedCommoditiesList.xhtml?CT=FFP","EIC Approved Units - Fish & Fishery Products (FFP)","regulator","2026-02-09","EIC approved units list (FFP)","HIGH"
"683","scope","Freezing of Raw Fish & Fishery Products (Block/Blast), Shrimps (Sea-caught/ Wild caught & Aquaculture), Cephalopods, Histamine and Non-Histamine Forming Fishes, Raw Frozen Skewers of Fish/ Cephalopods/ Shrimps without vegetables 
(Category-PPa, Product-U, Activity-F,R)","https://www.eicindia.gov.in/WebApp1/pages/menuInfo/approvedCommoditiesList.xhtml?CT=FFP","EIC Approved Units - Fish & Fishery Products (FFP)","regulator","2026-02-09","EIC approved units list (FFP)","HIGH"
"683","expiry_date","16/02/2028","https://www.eicindia.gov.in/WebApp1/pages/menuInfo/approvedCommoditiesList.xhtml?CT=FFP","EIC Approved Units - Fish & Fishery Products (FFP)","regulator","2026-02-09","EIC approved units list (FFP)","HIGH"
"684","plant_name","Accelerated Freeze Drying Co.Ltd","https://www.eicindia.gov.in/WebApp1/pages/menuInfo/approvedCommoditiesList.xhtml?CT=FFP","EIC Approved Units - Fish & Fishery Products (FFP)","regulator","2026-02-09","EIC approved units list (FFP)","HIGH"
"684","address","Door No. EP/IV/513, Ezhupunna, Alappuzha Dist, Kerala-688548","https://www.eicindia.gov.in/WebApp1/pages/menuInfo/approvedCommoditiesList.xhtml?CT=FFP","EIC Approved Units - Fish & Fishery Products (FFP)","regulator","2026-02-09","EIC approved units list (FFP)","HIGH"
"684","scope","Freeze dried fish & fishery products, Raw block frozen fish &fishery products & Canned shrimp in brine","https://www.eicindia.gov.in/WebApp1/pages/menuInfo/approvedCommoditiesList.xhtml?CT=FFP","EIC Approved Units - Fish & Fishery Products (FFP)","regulator","2026-02-09","EIC approved units list (FFP)","HIGH"
"684","expiry_date","06/04/2026","https://www.eicindia.gov.in/WebApp1/pages/menuInfo/approvedCommoditiesList.xhtml?CT=FFP","EIC Approved Units - Fish & Fishery Products (FFP)","regulator","2026-02-09","EIC approved units list (FFP)","HIGH"
"686","plant_name","CAP Seafoods Private Limited","https://www.eicindia.gov.in/WebApp1/pages/menuInfo/approvedCommoditiesList.xhtml?CT=FFP","EIC Approved Units - Fish & Fishery Products (FFP)","regulator","2026-02-09","EIC approved units list (FFP)","HIGH"
"686","address","1/71, Vypeen Island,Azheekal P.O., ErnakulamDistrict, Kochi , Kerala.Pin Code - 682510.","https://www.eicindia.gov.in/WebApp1/pages/menuInfo/approvedCommoditiesList.xhtml?CT=FFP","EIC Approved Units - Fish & Fishery Products (FFP)","regulator","2026-02-09","EIC approved units list (FFP)","HIGH"
"686","scope","Freezing of Raw Fish & Fishery Products (IF/Blast/IQF), Freezing of Blanched and Cooked Fish & Fishery Products (IQF), Shrimps (Sea Caught & Aquaculture)/ Cephalopods, Histamine & Non Histamine Forming Fishes to All countries excluding uncooked prawns to Australia

Additional Facility: Cold Store-B, capacity 150MT","https://www.eicindia.gov.in/WebApp1/pages/menuInfo/approvedCommoditiesList.xhtml?CT=FFP","EIC Approved Units - Fish & Fishery Products (FFP)","regulator","2026-02-09","EIC approved units list (FFP)","HIGH"
"686","expiry_date","14/02/2028","https://www.eicindia.gov.in/WebApp1/pages/menuInfo/approvedCommoditiesList.xhtml?CT=FFP","EIC Approved Units - Fish & Fishery Products (FFP)","regulator","2026-02-09","EIC approved units list (FFP)","HIGH"
"689","plant_name","THREE STAR MARINE EXPORTS","https://www.eicindia.gov.in/WebApp1/pages/menuInfo/approvedCommoditiesList.xhtml?CT=FFP","EIC Approved Units - Fish & Fishery Products (FFP)","regulator","2026-02-09","EIC approved units list (FFP)","HIGH"
"689","address","AP II/643 A,INDUSTRIAL ESTATE AROOR -688534 ,ALLEPPEY DIST.KERALA,INDIA","https://www.eicindia.gov.in/WebApp1/pages/menuInfo/approvedCommoditiesList.xhtml?CT=FFP","EIC Approved Units - Fish & Fishery Products (FFP)","regulator","2026-02-09","EIC approved units list (FFP)","HIGH"
"689","scope","FREEZING OF RAW FISH & FISHERY PRODUCTS (BLOCK/BLAST/IF)FISHES-(HISTAMINE & NON HISTAMINE FORMING )SHRIMPS-(SEACAUGHT & AQUACULTURE) & CEPHALOPODS","https://www.eicindia.gov.in/WebApp1/pages/menuInfo/approvedCommoditiesList.xhtml?CT=FFP","EIC Approved Units - Fish & Fishery Products (FFP)","regulator","2026-02-09","EIC approved units list (FFP)","HIGH"
"689","expiry_date","22/02/2026","https://www.eicindia.gov.in/WebApp1/pages/menuInfo/approvedCommoditiesList.xhtml?CT=FFP","EIC Approved Units - Fish & Fishery Products (FFP)","regulator","2026-02-09","EIC approved units list (FFP)","HIGH"
"696","plant_name","RF EXPORTS","https://www.eicindia.gov.in/WebApp1/pages/menuInfo/approvedCommoditiesList.xhtml?CT=FFP","EIC Approved Units - Fish & Fishery Products (FFP)","regulator","2026-02-09","EIC approved units list (FFP)","HIGH"
"696","address","ERAMALLOOR, ALAPPUZHA-688537, KERALA","https://www.eicindia.gov.in/WebApp1/pages/menuInfo/approvedCommoditiesList.xhtml?CT=FFP","EIC Approved Units - Fish & Fishery Products (FFP)","regulator","2026-02-09","EIC approved units list (FFP)","HIGH"
"696","scope","Freezing of Raw Fish & Fishery Products, Fishes (Including Histamine forming Fishes), Shrimps (Sea Caught & Aquaculture), Lobster (Sea Caught) & Cephalopods (Block/Blast/IQF), Freezing of Raw Breaded Fish & Fishery Products IQF, Freezing of Par Fried Breaded/coated Shrimps (Sea caught & Aquaculture) IQF, Freezing of Blanched Shrimps/Cephalopods","https://www.eicindia.gov.in/WebApp1/pages/menuInfo/approvedCommoditiesList.xhtml?CT=FFP","EIC Approved Units - Fish & Fishery Products (FFP)","regulator","2026-02-09","EIC approved units list (FFP)","HIGH"
"696","expiry_date","25/03/2028","https://www.eicindia.gov.in/WebApp1/pages/menuInfo/approvedCommoditiesList.xhtml?CT=FFP","EIC Approved Units - Fish & Fishery Products (FFP)","regulator","2026-02-09","EIC approved units list (FFP)","HIGH"
"707","plant_name","A. S. MARINE INDUSTRIES PRIVATE LIMITED","https://www.eicindia.gov.in/WebApp1/pages/menuInfo/approvedCommoditiesList.xhtml?CT=FFP","EIC Approved Units - Fish & Fishery Products (FFP)","regulator","2026-02-09","EIC approved units list (FFP)","HIGH"
"707","address","CC XVIII/263, Nadakadavu Road, Kochi-682006,Kerala","https://www.eicindia.gov.in/WebApp1/pages/menuInfo/approvedCommoditiesList.xhtml?CT=FFP","EIC Approved Units - Fish & Fishery Products (FFP)","regulator","2026-02-09","EIC approved units list (FFP)","HIGH"
"707","scope","Freezing of Raw Fish & Fishery Products (Block,Blast & IF), Fishes(Histamine & Non-Histamine forming) Shrimps (Sea-caught & Aquaculture)Crab & Cephalopods","https://www.eicindia.gov.in/WebApp1/pages/menuInfo/approvedCommoditiesList.xhtml?CT=FFP","EIC Approved Units - Fish & Fishery Products (FFP)","regulator","2026-02-09","EIC approved units list (FFP)","HIGH"
"707","expiry_date","19/04/2026","https://www.eicindia.gov.in/WebApp1/pages/menuInfo/approvedCommoditiesList.xhtml?CT=FFP","EIC Approved Units - Fish & Fishery Products (FFP)","regulator","2026-02-09","EIC approved units list (FFP)","HIGH"
"712","plant_name","INTERSEAS","https://www.eicindia.gov.in/WebApp1/pages/menuInfo/approvedCommoditiesList.xhtml?CT=FFP","EIC Approved Units - Fish & Fishery Products (FFP)","regulator","2026-02-09","EIC approved units list (FFP)","HIGH"
"712","address","X/763-B, CHANDIROOR, P.O.,688547, ALAPPUZHA, KERALAINDIA","https://www.eicindia.gov.in/WebApp1/pages/menuInfo/approvedCommoditiesList.xhtml?CT=FFP","EIC Approved Units - Fish & Fishery Products (FFP)","regulator","2026-02-09","EIC approved units list (FFP)","HIGH"
"712","scope","PACKING OF FRESHCHILLED FISH &FISHERY PRODUCTS &FREEZING OFRAW FISH & FISHERYPRODUCTS (BLOCK/BLAST)SHRIMPS(SEA CAUGHT &AQUACULTURE),CEPHALOPODS,HISTAMINE & NON-HISTAMINE FORMING FISHES","https://www.eicindia.gov.in/WebApp1/pages/menuInfo/approvedCommoditiesList.xhtml?CT=FFP","EIC Approved Units - Fish & Fishery Products (FFP)","regulator","2026-02-09","EIC approved units list (FFP)","HIGH"
"712","expiry_date","11/04/2028","https://www.eicindia.gov.in/WebApp1/pages/menuInfo/approvedCommoditiesList.xhtml?CT=FFP","EIC Approved Units - Fish & Fishery Products (FFP)","regulator","2026-02-09","EIC approved units list (FFP)","HIGH"
"713","plant_name","Indian Aquatic Products","https://www.eicindia.gov.in/WebApp1/pages/menuInfo/approvedCommoditiesList.xhtml?CT=FFP","EIC Approved Units - Fish & Fishery Products (FFP)","regulator","2026-02-09","EIC approved units list (FFP)","HIGH"
"713","address","Sakthikulangara P.O., Kollam-691581, Kerala","https://www.eicindia.gov.in/WebApp1/pages/menuInfo/approvedCommoditiesList.xhtml?CT=FFP","EIC Approved Units - Fish & Fishery Products (FFP)","regulator","2026-02-09","EIC approved units list (FFP)","HIGH"
"713","scope","Freezing of Raw Fish & Fishery Products (Block/IF), Fishes (Histamine and Non-Histamine Forming), Crustacean (Sea-Caught/ Wild-caught), Sea Caught â?? Cephalopods to All countries excluding CU & uncooked prawns to Australia. Bivalves & Gastropods to Non-EU Countries Only. 
(Category-PP, Product-U, Activity-F)","https://www.eicindia.gov.in/WebApp1/pages/menuInfo/approvedCommoditiesList.xhtml?CT=FFP","EIC Approved Units - Fish & Fishery Products (FFP)","regulator","2026-02-09","EIC approved units list (FFP)","HIGH"
"713","expiry_date","18/10/2027","https://www.eicindia.gov.in/WebApp1/pages/menuInfo/approvedCommoditiesList.xhtml?CT=FFP","EIC Approved Units - Fish & Fishery Products (FFP)","regulator","2026-02-09","EIC approved units list (FFP)","HIGH"
"718","plant_name","MANGALA MARINE EXIM INDIA PRIVATE LIMITED","https://www.eicindia.gov.in/WebApp1/pages/menuInfo/approvedCommoditiesList.xhtml?CT=FFP","EIC Approved Units - Fish & Fishery Products (FFP)","regulator","2026-02-09","EIC approved units list (FFP)","HIGH"
"718","address","XXII/1388-A,NATIONAL HIGHWAY ROAD,EDAKOCHI,KOCHI","https://www.eicindia.gov.in/WebApp1/pages/menuInfo/approvedCommoditiesList.xhtml?CT=FFP","EIC Approved Units - Fish & Fishery Products (FFP)","regulator","2026-02-09","EIC approved units list (FFP)","HIGH"
"718","scope","Freezing of Raw /Blanched/Cooked Fish & Fishery Products(IQF), Fishes (Histamine & Non-Histamine forming), Shrimps (Sea caught/Wild Caught & Aquaculture) and  Cephalopods","https://www.eicindia.gov.in/WebApp1/pages/menuInfo/approvedCommoditiesList.xhtml?CT=FFP","EIC Approved Units - Fish & Fishery Products (FFP)","regulator","2026-02-09","EIC approved units list (FFP)","HIGH"
"718","expiry_date","05/06/2028","https://www.eicindia.gov.in/WebApp1/pages/menuInfo/approvedCommoditiesList.xhtml?CT=FFP","EIC Approved Units - Fish & Fishery Products (FFP)","regulator","2026-02-09","EIC approved units list (FFP)","HIGH"
"727","plant_name","PARAGON SEA FOODS PVT LTD","https://www.eicindia.gov.in/WebApp1/pages/menuInfo/approvedCommoditiesList.xhtml?CT=FFP","EIC Approved Units - Fish & Fishery Products (FFP)","regulator","2026-02-09","EIC approved units list (FFP)","HIGH"
"727","address","NEAR RAILWAY OVER BRIDGE , AROOR,   ALAPPUZHA -688534, KERALA , INDIA","https://www.eicindia.gov.in/WebApp1/pages/menuInfo/approvedCommoditiesList.xhtml?CT=FFP","EIC Approved Units - Fish & Fishery Products (FFP)","regulator","2026-02-09","EIC approved units list (FFP)","HIGH"
"727","scope","FREEZING OF RAW FISH & FISHERY PRODUCTS FISHES (HISTAMINE & NON HISTAMINE FORMING) SHRIMPS(SEA CAUGHT & AQUACULTURE ) &  CEPHALOPODS","https://www.eicindia.gov.in/WebApp1/pages/menuInfo/approvedCommoditiesList.xhtml?CT=FFP","EIC Approved Units - Fish & Fishery Products (FFP)","regulator","2026-02-09","EIC approved units list (FFP)","HIGH"
"727","expiry_date","14/02/2026","https://www.eicindia.gov.in/WebApp1/pages/menuInfo/approvedCommoditiesList.xhtml?CT=FFP","EIC Approved Units - Fish & Fishery Products (FFP)","regulator","2026-02-09","EIC approved units list (FFP)","HIGH"
"730","plant_name","ABAD FISHERIES PVT LTD(UNIT VII)","https://www.eicindia.gov.in/WebApp1/pages/menuInfo/approvedCommoditiesList.xhtml?CT=FFP","EIC Approved Units - Fish & Fishery Products (FFP)","regulator","2026-02-09","EIC approved units list (FFP)","HIGH"
"730","address","1/99,PALLIPURAM P.O,MUNAMBAM-683515,KERALA,INDIA","https://www.eicindia.gov.in/WebApp1/pages/menuInfo/approvedCommoditiesList.xhtml?CT=FFP","EIC Approved Units - Fish & Fishery Products (FFP)","regulator","2026-02-09","EIC approved units list (FFP)","HIGH"
"730","scope","Freezing of Raw Fish& Fishery products (Block/Blast/-IF),Shrimps (Sea Caught/Wild Caught),Fishes ( Histamine and Non Histamine forming ) and Cephalopods 

Application No. 54063107 has been submitted for approval of additional activity for Processing of Crabs and Lobsters","https://www.eicindia.gov.in/WebApp1/pages/menuInfo/approvedCommoditiesList.xhtml?CT=FFP","EIC Approved Units - Fish & Fishery Products (FFP)","regulator","2026-02-09","EIC approved units list (FFP)","HIGH"
"730","expiry_date","04/02/2028","https://www.eicindia.gov.in/WebApp1/pages/menuInfo/approvedCommoditiesList.xhtml?CT=FFP","EIC Approved Units - Fish & Fishery Products (FFP)","regulator","2026-02-09","EIC approved units list (FFP)","HIGH"
"732","plant_name","GEO AQUATIC PRODUCTS PVT. LTD.","https://www.eicindia.gov.in/WebApp1/pages/menuInfo/approvedCommoditiesList.xhtml?CT=FFP","EIC Approved Units - Fish & Fishery Products (FFP)","regulator","2026-02-09","EIC approved units list (FFP)","HIGH"
"732","address","VELUTHULLY ROAD, CHANDIROOR,ALAPPUZHA-688547,KERALA","https://www.eicindia.gov.in/WebApp1/pages/menuInfo/approvedCommoditiesList.xhtml?CT=FFP","EIC Approved Units - Fish & Fishery Products (FFP)","regulator","2026-02-09","EIC approved units list (FFP)","HIGH"
"732","scope","Packing of Fresh/Chilled Fishery Products and Freezing of Raw/Blanched /Cooked Fish & Fishery  Products (Block/Blast/IQF)-Shrimps ( Sea Caught & Aquaculture ) Cephalopods/Histamine & Non-Histamine forming fishes.","https://www.eicindia.gov.in/WebApp1/pages/menuInfo/approvedCommoditiesList.xhtml?CT=FFP","EIC Approved Units - Fish & Fishery Products (FFP)","regulator","2026-02-09","EIC approved units list (FFP)","HIGH"
"732","expiry_date","17/05/2028","https://www.eicindia.gov.in/WebApp1/pages/menuInfo/approvedCommoditiesList.xhtml?CT=FFP","EIC Approved Units - Fish & Fishery Products (FFP)","regulator","2026-02-09","EIC approved units list (FFP)","HIGH"
"735","plant_name","INTERNATIONALFREEZFISH EXPORTS (UNIT-II)","https://www.eicindia.gov.in/WebApp1/pages/menuInfo/approvedCommoditiesList.xhtml?CT=FFP","EIC Approved Units - Fish & Fishery Products (FFP)","regulator","2026-02-09","EIC approved units list (FFP)","HIGH"
"735","address","A.P.II/809 A,CHEMICALINDUSTRIAL ESTATEAROOR-688534,ALAPPUZHAAROOR-688534,ALAPPUZHA","https://www.eicindia.gov.in/WebApp1/pages/menuInfo/approvedCommoditiesList.xhtml?CT=FFP","EIC Approved Units - Fish & Fishery Products (FFP)","regulator","2026-02-09","EIC approved units list (FFP)","HIGH"
"735","scope","FREEZING OF RAW FISH & FISHERY PRODUCTS
(BLAST-IF/BLOCK) 
FISHES (HISTAMINE&NON-HISTAMINEFORMING )
SHRIMPS (SEA CAUGHT)&CEPHALOPODES","https://www.eicindia.gov.in/WebApp1/pages/menuInfo/approvedCommoditiesList.xhtml?CT=FFP","EIC Approved Units - Fish & Fishery Products (FFP)","regulator","2026-02-09","EIC approved units list (FFP)","HIGH"
"735","expiry_date","12/03/2026","https://www.eicindia.gov.in/WebApp1/pages/menuInfo/approvedCommoditiesList.xhtml?CT=FFP","EIC Approved Units - Fish & Fishery Products (FFP)","regulator","2026-02-09","EIC approved units list (FFP)","HIGH"
"736","plant_name","BABY MARINE SARASS","https://www.eicindia.gov.in/WebApp1/pages/menuInfo/approvedCommoditiesList.xhtml?CT=FFP","EIC Approved Units - Fish & Fishery Products (FFP)","regulator","2026-02-09","EIC approved units list (FFP)","HIGH"
"736","address","Plot No. 7B, Industrial Area, Baikampady, New Mangalore – 575011, Karnataka","https://www.eicindia.gov.in/WebApp1/pages/menuInfo/approvedCommoditiesList.xhtml?CT=FFP","EIC Approved Units - Fish & Fishery Products (FFP)","regulator","2026-02-09","EIC approved units list (FFP)","HIGH"
"736","scope","Packing of Fresh Chilled Fishery Products and Freezing of Raw Fish & Fishery Products","https://www.eicindia.gov.in/WebApp1/pages/menuInfo/approvedCommoditiesList.xhtml?CT=FFP","EIC Approved Units - Fish & Fishery Products (FFP)","regulator","2026-02-09","EIC approved units list (FFP)","HIGH"
"736","expiry_date","23/03/2026","https://www.eicindia.gov.in/WebApp1/pages/menuInfo/approvedCommoditiesList.xhtml?CT=FFP","EIC Approved Units - Fish & Fishery Products (FFP)","regulator","2026-02-09","EIC approved units list (FFP)","HIGH"
"737","plant_name","Charly Fisheries","https://www.eicindia.gov.in/WebApp1/pages/menuInfo/approvedCommoditiesList.xhtml?CT=FFP","EIC Approved Units - Fish & Fishery Products (FFP)","regulator","2026-02-09","EIC approved units list (FFP)","HIGH"
"737","address","Mamachanthuruth, Building No. 291,Ward No. NGP-5, Neendakara, Kollam, Kerala-691582","https://www.eicindia.gov.in/WebApp1/pages/menuInfo/approvedCommoditiesList.xhtml?CT=FFP","EIC Approved Units - Fish & Fishery Products (FFP)","regulator","2026-02-09","EIC approved units list (FFP)","HIGH"
"737","scope","Freezing of Raw Fish & Fishery Products, Fishes (Histamine & Non- Histamine Forming), Shrimps (Sea caught & Aquaculture) & Cephalopods, (Bivalve & Gastropods for Non-EU Countries only)","https://www.eicindia.gov.in/WebApp1/pages/menuInfo/approvedCommoditiesList.xhtml?CT=FFP","EIC Approved Units - Fish & Fishery Products (FFP)","regulator","2026-02-09","EIC approved units list (FFP)","HIGH"
"737","expiry_date","23/04/2026","https://www.eicindia.gov.in/WebApp1/pages/menuInfo/approvedCommoditiesList.xhtml?CT=FFP","EIC Approved Units - Fish & Fishery Products (FFP)","regulator","2026-02-09","EIC approved units list (FFP)","HIGH"
"738","plant_name","ASWIN ASSOCIATES","https://www.eicindia.gov.in/WebApp1/pages/menuInfo/approvedCommoditiesList.xhtml?CT=FFP","EIC Approved Units - Fish & Fishery Products (FFP)","regulator","2026-02-09","EIC approved units list (FFP)","HIGH"
"738","address","XIII/831,VIAKS ROAD, KARUVELIPADY, COCHIN- 682 005, KERALA, INDIA","https://www.eicindia.gov.in/WebApp1/pages/menuInfo/approvedCommoditiesList.xhtml?CT=FFP","EIC Approved Units - Fish & Fishery Products (FFP)","regulator","2026-02-09","EIC approved units list (FFP)","HIGH"
"738","scope","Freezing of Raw Fish & Fishery Products (Block/Blast/IQF), Freezing of Blanched/Cooked Fish & Fishery Products (IQF)- Fishes (Histamine & Non Histamine forming)- Shrimps (Aquaculture/Sea Caught)  &  Cephalopods.","https://www.eicindia.gov.in/WebApp1/pages/menuInfo/approvedCommoditiesList.xhtml?CT=FFP","EIC Approved Units - Fish & Fishery Products (FFP)","regulator","2026-02-09","EIC approved units list (FFP)","HIGH"
"738","expiry_date","12/03/2028","https://www.eicindia.gov.in/WebApp1/pages/menuInfo/approvedCommoditiesList.xhtml?CT=FFP","EIC Approved Units - Fish & Fishery Products (FFP)","regulator","2026-02-09","EIC approved units list (FFP)","HIGH"
"741","plant_name","CHERUKATTU INDUSTRIES (MARINE DIVISION)","https://www.eicindia.gov.in/WebApp1/pages/menuInfo/approvedCommoditiesList.xhtml?CT=FFP","EIC Approved Units - Fish & Fishery Products (FFP)","regulator","2026-02-09","EIC approved units list (FFP)","HIGH"
"741","address","AP IV/470-B, AROOR-688534, ALAPPUZHA DIST., KERALA, INDIA","https://www.eicindia.gov.in/WebApp1/pages/menuInfo/approvedCommoditiesList.xhtml?CT=FFP","EIC Approved Units - Fish & Fishery Products (FFP)","regulator","2026-02-09","EIC approved units list (FFP)","HIGH"
"741","scope","Freezing of Raw Fish and Fishery Products, Fishes (Histamine & Non-Histamine Forming), Shrimps (Sea Caught & Aquaculture) and Cephalopods.","https://www.eicindia.gov.in/WebApp1/pages/menuInfo/approvedCommoditiesList.xhtml?CT=FFP","EIC Approved Units - Fish & Fishery Products (FFP)","regulator","2026-02-09","EIC approved units list (FFP)","HIGH"
"741","expiry_date","19/03/2026","https://www.eicindia.gov.in/WebApp1/pages/menuInfo/approvedCommoditiesList.xhtml?CT=FFP","EIC Approved Units - Fish & Fishery Products (FFP)","regulator","2026-02-09","EIC approved units list (FFP)","HIGH"
"742","plant_name","HIC-ABF Special Foods Pvt Ltd","https://www.eicindia.gov.in/WebApp1/pages/menuInfo/approvedCommoditiesList.xhtml?CT=FFP","EIC Approved Units - Fish & Fishery Products (FFP)","regulator","2026-02-09","EIC approved units list (FFP)","HIGH"
"742","address","Industrial Development Area Project Colony Road Aroor -688534 Alappuzha Dist.,Kerala","https://www.eicindia.gov.in/WebApp1/pages/menuInfo/approvedCommoditiesList.xhtml?CT=FFP","EIC Approved Units - Fish & Fishery Products (FFP)","regulator","2026-02-09","EIC approved units list (FFP)","HIGH"
"742","scope","Freezing of Raw Fish & Fishery products (Block/IF) (Individually Freezing of Cooked Shrimps), Accelerated Freeze-Drying of Shrimps, Canning/ Retort Pouch Fish & Fishery Products, Packing of Shrimps & Fish Pickles (Sea Caught Fish & Shrimps, Aquaculture Shrimps) Frozen ready to Fry Coated Fishery Products (Cutlets, Nuggets, Croquettes, Fish Kappa Balls, Patties), Frozen Ready to Fry Stuffed Fishery products (Samosa, Spring Rolls), Preparation and Packing of Air Dried Prawns and Fried Masala Prawns, Freezing of Raw Cephalopods (Block/IF); and Processing and Packing of Squid Pickles. Freezing of Raw Cephalopods (Block/IF); and
- Processing and Packing of Squid Pickles;","https://www.eicindia.gov.in/WebApp1/pages/menuInfo/approvedCommoditiesList.xhtml?CT=FFP","EIC Approved Units - Fish & Fishery Products (FFP)","regulator","2026-02-09","EIC approved units list (FFP)","HIGH"
"742","expiry_date","03/03/2026","https://www.eicindia.gov.in/WebApp1/pages/menuInfo/approvedCommoditiesList.xhtml?CT=FFP","EIC Approved Units - Fish & Fishery Products (FFP)","regulator","2026-02-09","EIC approved units list (FFP)","HIGH"
"751","plant_name","Freeze Engineering Industries Private Ltd","https://www.eicindia.gov.in/WebApp1/pages/menuInfo/approvedCommoditiesList.xhtml?CT=FFP","EIC Approved Units - Fish & Fishery Products (FFP)","regulator","2026-02-09","EIC approved units list (FFP)","HIGH"
"751","address","XVI/1109, Cochin Fisheries Harbour, Thoppumpady, Cochin â?? 682 005, Kerala State, India.","https://www.eicindia.gov.in/WebApp1/pages/menuInfo/approvedCommoditiesList.xhtml?CT=FFP","EIC Approved Units - Fish & Fishery Products (FFP)","regulator","2026-02-09","EIC approved units list (FFP)","HIGH"
"751","scope","Packing of Fresh/Chilled Fish & Fishery Products & Freezing of Raw Fishery Products (Block/Blast/Individually Frozen) Shrimps (Both Sea Caught & Aquaculture) Cephalopods/Histamine & Non- Histamine forming Fishes & Crabs","https://www.eicindia.gov.in/WebApp1/pages/menuInfo/approvedCommoditiesList.xhtml?CT=FFP","EIC Approved Units - Fish & Fishery Products (FFP)","regulator","2026-02-09","EIC approved units list (FFP)","HIGH"
"751","expiry_date","13/09/2027","https://www.eicindia.gov.in/WebApp1/pages/menuInfo/approvedCommoditiesList.xhtml?CT=FFP","EIC Approved Units - Fish & Fishery Products (FFP)","regulator","2026-02-09","EIC approved units list (FFP)","HIGH"
"755","plant_name","PREMIER MARINE ENTERPRISES","https://www.eicindia.gov.in/WebApp1/pages/menuInfo/approvedCommoditiesList.xhtml?CT=FFP","EIC Approved Units - Fish & Fishery Products (FFP)","regulator","2026-02-09","EIC approved units list (FFP)","HIGH"
"755","address","EP IX/315, Eramalloor-688537, Alappuzha, Kerala, India","https://www.eicindia.gov.in/WebApp1/pages/menuInfo/approvedCommoditiesList.xhtml?CT=FFP","EIC Approved Units - Fish & Fishery Products (FFP)","regulator","2026-02-09","EIC approved units list (FFP)","HIGH"
"755","scope","Freezing of Raw Fish & Fishery Products (Block/Blast/IF), -Fishes (Histamine & Non- Histamine forming),Shrimps (Aquaculture/Sea caught) & Cephalopods","https://www.eicindia.gov.in/WebApp1/pages/menuInfo/approvedCommoditiesList.xhtml?CT=FFP","EIC Approved Units - Fish & Fishery Products (FFP)","regulator","2026-02-09","EIC approved units list (FFP)","HIGH"
"755","expiry_date","30/03/2026","https://www.eicindia.gov.in/WebApp1/pages/menuInfo/approvedCommoditiesList.xhtml?CT=FFP","EIC Approved Units - Fish & Fishery Products (FFP)","regulator","2026-02-09","EIC approved units list (FFP)","HIGH"
"757","plant_name","KARAVALI OCEAN PRODUCTS PVT. LTD.","https://www.eicindia.gov.in/WebApp1/pages/menuInfo/approvedCommoditiesList.xhtml?CT=FFP","EIC Approved Units - Fish & Fishery Products (FFP)","regulator","2026-02-09","EIC approved units list (FFP)","HIGH"
"757","address","Manur Fisheries Road, Manur Village, Kota Udupi District, Karnataka-576221","https://www.eicindia.gov.in/WebApp1/pages/menuInfo/approvedCommoditiesList.xhtml?CT=FFP","EIC Approved Units - Fish & Fishery Products (FFP)","regulator","2026-02-09","EIC approved units list (FFP)","HIGH"
"757","scope","Packing of Fresh/ Chilled Fish & Fishery Products and Freezing of Raw Fish & Fishery Products (Block/IF) -Fishes (Histamine & Non- Histamine forming), Shrimps (Aquaculture/Sea Caught/Wild Caught) & Cephalopods","https://www.eicindia.gov.in/WebApp1/pages/menuInfo/approvedCommoditiesList.xhtml?CT=FFP","EIC Approved Units - Fish & Fishery Products (FFP)","regulator","2026-02-09","EIC approved units list (FFP)","HIGH"
"757","expiry_date","15/08/2027","https://www.eicindia.gov.in/WebApp1/pages/menuInfo/approvedCommoditiesList.xhtml?CT=FFP","EIC Approved Units - Fish & Fishery Products (FFP)","regulator","2026-02-09","EIC approved units list (FFP)","HIGH"
"759","plant_name","PARAYIL FOOD PRODUCTS PVT LTD","https://www.eicindia.gov.in/WebApp1/pages/menuInfo/approvedCommoditiesList.xhtml?CT=FFP","EIC Approved Units - Fish & Fishery Products (FFP)","regulator","2026-02-09","EIC approved units list (FFP)","HIGH"
"759","address","Building No.778,Development Area,Aroor-688534,Kerala","https://www.eicindia.gov.in/WebApp1/pages/menuInfo/approvedCommoditiesList.xhtml?CT=FFP","EIC Approved Units - Fish & Fishery Products (FFP)","regulator","2026-02-09","EIC approved units list (FFP)","HIGH"
"759","scope","PACKING OF FRESH CHILLED  FISH & FISHERY  PRODUCTS  AND FREEZING OF RAW/MARINATED FISH & FISHERY PRODUCTS; PREPARATION OF FISH/SHRIMP PICKLES;PREPARATION OF DRIED FISH/SHRIMPS; FROZEN SHRIMPS/FISH CURRY/BIRIYANI; DRY  SHRIMP/FISH CHUTNEY WITH OR WITHOUT CHILLY/ONION/COCONUT/TAMARIND ;FROZEN FRIED SHRIMP /FISH;  FROZEN FISH/SHRIMP  CUTLET ;FROZEN TAPIOCA WITH FISH CURRY(READY TO EAT);FROZEN SHRIMP COCKTAIL SAMOSA (READY TO FRY/READY TO EAT);FROZEN SHRIMP/FISH ROTTI WRAP(READY TO EAT);FROZEN  SHRIMP/FISH WRAP (READY TO EAT);FROZEN SHRIMP MOMOS Ã¢?? PREPARATION OF FROZEN FRIED FISH BALL,FROZEN FISH ROAST AND FROZEN CHILLY FISH.SHRIMPS BOTH AQUACULTURE AND SEA CAUGHT /WILD CAUGHT ,CEPHALOPDES, FISHES (HISTAMINEFORMING AND NON- HISTAMINE FORMINGFISHES)- SEA CAUGHT /WILD CAUGHT)","https://www.eicindia.gov.in/WebApp1/pages/menuInfo/approvedCommoditiesList.xhtml?CT=FFP","EIC Approved Units - Fish & Fishery Products (FFP)","regulator","2026-02-09","EIC approved units list (FFP)","HIGH"
"759","expiry_date","06/03/2028","https://www.eicindia.gov.in/WebApp1/pages/menuInfo/approvedCommoditiesList.xhtml?CT=FFP","EIC Approved Units - Fish & Fishery Products (FFP)","regulator","2026-02-09","EIC approved units list (FFP)","HIGH"
"766","plant_name","PREMIER MARINE FOODSUNIT II","https://www.eicindia.gov.in/WebApp1/pages/menuInfo/approvedCommoditiesList.xhtml?CT=FFP","EIC Approved Units - Fish & Fishery Products (FFP)","regulator","2026-02-09","EIC approved units list (FFP)","HIGH"
"766","address","DOOR NO.314,315&316,Suvery No.74/3D,Ward IXChandiroor,Alappuzha688547","https://www.eicindia.gov.in/WebApp1/pages/menuInfo/approvedCommoditiesList.xhtml?CT=FFP","EIC Approved Units - Fish & Fishery Products (FFP)","regulator","2026-02-09","EIC approved units list (FFP)","HIGH"
"766","scope","Packing of Fresh/chilled Fish & Freezing of Raw Fish &Fishery  Products -Fishes (Histamine forming & Non- Histamine forming), Shrimps (Sea caught & aquaculture) and Cephalopods.","https://www.eicindia.gov.in/WebApp1/pages/menuInfo/approvedCommoditiesList.xhtml?CT=FFP","EIC Approved Units - Fish & Fishery Products (FFP)","regulator","2026-02-09","EIC approved units list (FFP)","HIGH"
"766","expiry_date","10/05/2027","https://www.eicindia.gov.in/WebApp1/pages/menuInfo/approvedCommoditiesList.xhtml?CT=FFP","EIC Approved Units - Fish & Fishery Products (FFP)","regulator","2026-02-09","EIC approved units list (FFP)","HIGH"
"767","plant_name","MOON FISHERY INDIA PVT LTD","https://www.eicindia.gov.in/WebApp1/pages/menuInfo/approvedCommoditiesList.xhtml?CT=FFP","EIC Approved Units - Fish & Fishery Products (FFP)","regulator","2026-02-09","EIC approved units list (FFP)","HIGH"
"767","address","Chemical Industrial Estate,Aroor-688534, Alappuzha Dist., Kerala","https://www.eicindia.gov.in/WebApp1/pages/menuInfo/approvedCommoditiesList.xhtml?CT=FFP","EIC Approved Units - Fish & Fishery Products (FFP)","regulator","2026-02-09","EIC approved units list (FFP)","HIGH"
"767","scope","Packing of fresh/chilled fish & fishery products, Freezing of raw fish & Fishery products (Block & Blast-IF), Fishes( Histamine & Non-Histamine Forming) Shrimps (Sea-Caught) & Cephalopods","https://www.eicindia.gov.in/WebApp1/pages/menuInfo/approvedCommoditiesList.xhtml?CT=FFP","EIC Approved Units - Fish & Fishery Products (FFP)","regulator","2026-02-09","EIC approved units list (FFP)","HIGH"
"767","expiry_date","28/05/2027","https://www.eicindia.gov.in/WebApp1/pages/menuInfo/approvedCommoditiesList.xhtml?CT=FFP","EIC Approved Units - Fish & Fishery Products (FFP)","regulator","2026-02-09","EIC approved units list (FFP)","HIGH"
"768","plant_name","TOLAR OCEAN PRODUCTS PVT. LTD.","https://www.eicindia.gov.in/WebApp1/pages/menuInfo/approvedCommoditiesList.xhtml?CT=FFP","EIC Approved Units - Fish & Fishery Products (FFP)","regulator","2026-02-09","EIC approved units list (FFP)","HIGH"
"768","address","Manur Fisheries Road, Kota-576221 Udupi Taluk & District, Karnataka, India","https://www.eicindia.gov.in/WebApp1/pages/menuInfo/approvedCommoditiesList.xhtml?CT=FFP","EIC Approved Units - Fish & Fishery Products (FFP)","regulator","2026-02-09","EIC approved units list (FFP)","HIGH"
"768","scope","Packing of Fresh/Chilled Fish & Fishery Products and Freezing of Raw Fish & Fishery Products (Block/IF) -Fishes (Histamine & Non- Histamine forming), Shrimps (Aquaculture/Sea caught/Wild caught) & Cephalopods","https://www.eicindia.gov.in/WebApp1/pages/menuInfo/approvedCommoditiesList.xhtml?CT=FFP","EIC Approved Units - Fish & Fishery Products (FFP)","regulator","2026-02-09","EIC approved units list (FFP)","HIGH"
"768","expiry_date","19/08/2027","https://www.eicindia.gov.in/WebApp1/pages/menuInfo/approvedCommoditiesList.xhtml?CT=FFP","EIC Approved Units - Fish & Fishery Products (FFP)","regulator","2026-02-09","EIC approved units list (FFP)","HIGH"
"770","plant_name","H.T Foods Pvt Ltd","https://www.eicindia.gov.in/WebApp1/pages/menuInfo/approvedCommoditiesList.xhtml?CT=FFP","EIC Approved Units - Fish & Fishery Products (FFP)","regulator","2026-02-09","EIC approved units list (FFP)","HIGH"
"770","address","Plot No.17/SDF, Ground Floor, Unit 3&4 , CSEZ, Kakkanad, Kochi-682037","https://www.eicindia.gov.in/WebApp1/pages/menuInfo/approvedCommoditiesList.xhtml?CT=FFP","EIC Approved Units - Fish & Fishery Products (FFP)","regulator","2026-02-09","EIC approved units list (FFP)","HIGH"
"770","scope","Processing of Raw/ Flash Fried Coated (Battered, Breaded) Frozen Fish and Fishery Products with Ingredients (IQF) - Shrimps (Sea Caught/ Wild Caught/ Aquaculture)/ Fishes (Histamine and Non-Histamine Forming), Cephalopods, Lobsters and Crabs.","https://www.eicindia.gov.in/WebApp1/pages/menuInfo/approvedCommoditiesList.xhtml?CT=FFP","EIC Approved Units - Fish & Fishery Products (FFP)","regulator","2026-02-09","EIC approved units list (FFP)","HIGH"
"770","expiry_date","30/01/2028","https://www.eicindia.gov.in/WebApp1/pages/menuInfo/approvedCommoditiesList.xhtml?CT=FFP","EIC Approved Units - Fish & Fishery Products (FFP)","regulator","2026-02-09","EIC approved units list (FFP)","HIGH"
"771","plant_name","ROYAL OCEANS","https://www.eicindia.gov.in/WebApp1/pages/menuInfo/approvedCommoditiesList.xhtml?CT=FFP","EIC Approved Units - Fish & Fishery Products (FFP)","regulator","2026-02-09","EIC approved units list (FFP)","HIGH"
"771","address","AP XII/528, OLD NH, CHANDIROOR P O,ALAPPUZHA DISTRICT-688547KERALA, INDIA","https://www.eicindia.gov.in/WebApp1/pages/menuInfo/approvedCommoditiesList.xhtml?CT=FFP","EIC Approved Units - Fish & Fishery Products (FFP)","regulator","2026-02-09","EIC approved units list (FFP)","HIGH"
"771","scope","Packing of Fresh/Chilled  Fish & Fishery Products, Freezing of Cooked Shrimp (IQF),  Freezing of Raw /Blanched Fish & Fishery Products(Block, IF & IQF) Shrimps(Sea Caught/Aquaculture) Fishes( Histamine & Non â??Histamine Forming) and Cephalopods","https://www.eicindia.gov.in/WebApp1/pages/menuInfo/approvedCommoditiesList.xhtml?CT=FFP","EIC Approved Units - Fish & Fishery Products (FFP)","regulator","2026-02-09","EIC approved units list (FFP)","HIGH"
"771","expiry_date","30/12/2027","https://www.eicindia.gov.in/WebApp1/pages/menuInfo/approvedCommoditiesList.xhtml?CT=FFP","EIC Approved Units - Fish & Fishery Products (FFP)","regulator","2026-02-09","EIC approved units list (FFP)","HIGH"
"773","plant_name","Bangera Overseas Private Limited","https://www.eicindia.gov.in/WebApp1/pages/menuInfo/approvedCommoditiesList.xhtml?CT=FFP","EIC Approved Units - Fish & Fishery Products (FFP)","regulator","2026-02-09","EIC approved units list (FFP)","HIGH"
"773","address","Koravadi cross-Kumbhashi Village, Kundapur,Taluk-576257,Udupi District, Karnataka,India","https://www.eicindia.gov.in/WebApp1/pages/menuInfo/approvedCommoditiesList.xhtml?CT=FFP","EIC Approved Units - Fish & Fishery Products (FFP)","regulator","2026-02-09","EIC approved units list (FFP)","HIGH"
"773","scope","Packing of fresh/chilled F&FP 
Freezing of raw F&FP (Block / IF)
Fishes(Histamine & non-histamine forming), Shrimps(sea-caught & aquaculture) & cephalopods","https://www.eicindia.gov.in/WebApp1/pages/menuInfo/approvedCommoditiesList.xhtml?CT=FFP","EIC Approved Units - Fish & Fishery Products (FFP)","regulator","2026-02-09","EIC approved units list (FFP)","HIGH"
"773","expiry_date","30/03/2028","https://www.eicindia.gov.in/WebApp1/pages/menuInfo/approvedCommoditiesList.xhtml?CT=FFP","EIC Approved Units - Fish & Fishery Products (FFP)","regulator","2026-02-09","EIC approved units list (FFP)","HIGH"
"777","plant_name","Insaf Traders And Exports","https://www.eicindia.gov.in/WebApp1/pages/menuInfo/approvedCommoditiesList.xhtml?CT=FFP","EIC Approved Units - Fish & Fishery Products (FFP)","regulator","2026-02-09","EIC approved units list (FFP)","HIGH"
"777","address","4/15, Pulimut Road,Near H.E.D.Office,Beypore P.O.Calicut,Kerala-673015","https://www.eicindia.gov.in/WebApp1/pages/menuInfo/approvedCommoditiesList.xhtml?CT=FFP","EIC Approved Units - Fish & Fishery Products (FFP)","regulator","2026-02-09","EIC approved units list (FFP)","HIGH"
"777","scope","Packing of Fresh/Chilled Fish & Fishery Products,Fishes (Histamine and Non-Histamine Forming), Shrimps(Sea caught only)  & Cephalopods","https://www.eicindia.gov.in/WebApp1/pages/menuInfo/approvedCommoditiesList.xhtml?CT=FFP","EIC Approved Units - Fish & Fishery Products (FFP)","regulator","2026-02-09","EIC approved units list (FFP)","HIGH"
"777","expiry_date","18/01/2029","https://www.eicindia.gov.in/WebApp1/pages/menuInfo/approvedCommoditiesList.xhtml?CT=FFP","EIC Approved Units - Fish & Fishery Products (FFP)","regulator","2026-02-09","EIC approved units list (FFP)","HIGH"
"778","plant_name","INDIAN MARINE INDUSTRIES","https://www.eicindia.gov.in/WebApp1/pages/menuInfo/approvedCommoditiesList.xhtml?CT=FFP","EIC Approved Units - Fish & Fishery Products (FFP)","regulator","2026-02-09","EIC approved units list (FFP)","HIGH"
"778","address","20/550B, NAMBIAPURAM ROAD PALLURUTHY,KOCHI 682006,KERALA","https://www.eicindia.gov.in/WebApp1/pages/menuInfo/approvedCommoditiesList.xhtml?CT=FFP","EIC Approved Units - Fish & Fishery Products (FFP)","regulator","2026-02-09","EIC approved units list (FFP)","HIGH"
"778","scope","PACKING OF FRESH/CHILLED FISH&FISHERY PRODUCTS&FREEZING OF RAW FISH&FISHERYPRODUCTS, FISHES(HISTAMINE&NONHISTAMINE FORMING),SHRIMPS(SEA CAUGHTONLY)&CEPHALOPODS","https://www.eicindia.gov.in/WebApp1/pages/menuInfo/approvedCommoditiesList.xhtml?CT=FFP","EIC Approved Units - Fish & Fishery Products (FFP)","regulator","2026-02-09","EIC approved units list (FFP)","HIGH"
"778","expiry_date","18/03/2026","https://www.eicindia.gov.in/WebApp1/pages/menuInfo/approvedCommoditiesList.xhtml?CT=FFP","EIC Approved Units - Fish & Fishery Products (FFP)","regulator","2026-02-09","EIC approved units list (FFP)","HIGH"
"779","plant_name","Everest Seafoods Pvt Ltd","https://www.eicindia.gov.in/WebApp1/pages/menuInfo/approvedCommoditiesList.xhtml?CT=FFP","EIC Approved Units - Fish & Fishery Products (FFP)","regulator","2026-02-09","EIC approved units list (FFP)","HIGH"
"779","address","Plot No-414 & 413 Part(S.No. 16 Portion) Industrial Area, Baikampady, Mangalore-575011, Karnataka, India","https://www.eicindia.gov.in/WebApp1/pages/menuInfo/approvedCommoditiesList.xhtml?CT=FFP","EIC Approved Units - Fish & Fishery Products (FFP)","regulator","2026-02-09","EIC approved units list (FFP)","HIGH"
"779","scope","Packing of Fresh/Chilled F&FP,
Freezing of raw F&FP (Block & IF) 
Fishes (Histamine & Non Histamine forming),  Cephalopods and Shrimps (Sea caught & Aquaculture)","https://www.eicindia.gov.in/WebApp1/pages/menuInfo/approvedCommoditiesList.xhtml?CT=FFP","EIC Approved Units - Fish & Fishery Products (FFP)","regulator","2026-02-09","EIC approved units list (FFP)","HIGH"
"779","expiry_date","08/10/2027","https://www.eicindia.gov.in/WebApp1/pages/menuInfo/approvedCommoditiesList.xhtml?CT=FFP","EIC Approved Units - Fish & Fishery Products (FFP)","regulator","2026-02-09","EIC approved units list (FFP)","HIGH"
"781","plant_name","SAFERA FOOD INTERNATIONAL","https://www.eicindia.gov.in/WebApp1/pages/menuInfo/approvedCommoditiesList.xhtml?CT=FFP","EIC Approved Units - Fish & Fishery Products (FFP)","regulator","2026-02-09","EIC approved units list (FFP)","HIGH"
"781","address","IX/477, Kannamaly P.O.,Kochi-682008, Kerala","https://www.eicindia.gov.in/WebApp1/pages/menuInfo/approvedCommoditiesList.xhtml?CT=FFP","EIC Approved Units - Fish & Fishery Products (FFP)","regulator","2026-02-09","EIC approved units list (FFP)","HIGH"
"781","scope","Freezing of Raw/Blanched/Cooked Fish & Fishery products (Block/IF/IQF) Shrimps (Both Seacaught & Aquaculture), Cephalopods, Histamine & Non-Histamine Forming Fishes","https://www.eicindia.gov.in/WebApp1/pages/menuInfo/approvedCommoditiesList.xhtml?CT=FFP","EIC Approved Units - Fish & Fishery Products (FFP)","regulator","2026-02-09","EIC approved units list (FFP)","HIGH"
"781","expiry_date","07/07/2027","https://www.eicindia.gov.in/WebApp1/pages/menuInfo/approvedCommoditiesList.xhtml?CT=FFP","EIC Approved Units - Fish & Fishery Products (FFP)","regulator","2026-02-09","EIC approved units list (FFP)","HIGH"
"783","plant_name","San Marine Exports","https://www.eicindia.gov.in/WebApp1/pages/menuInfo/approvedCommoditiesList.xhtml?CT=FFP","EIC Approved Units - Fish & Fishery Products (FFP)","regulator","2026-02-09","EIC approved units list (FFP)","HIGH"
"783","address","Govt Boat Yard Road, Sakthikulangara P.O., Kollam-691581, Kerala.","https://www.eicindia.gov.in/WebApp1/pages/menuInfo/approvedCommoditiesList.xhtml?CT=FFP","EIC Approved Units - Fish & Fishery Products (FFP)","regulator","2026-02-09","EIC approved units list (FFP)","HIGH"
"783","scope","Packing of Fresh/Chilled Fish & Fishery Products and Freezing of Raw Fish & Fishery Products (Individually Frozen & Block Frozen), Fishes (Histamine & Non-Histamine Forming), Shrimps (Sea Caught/Wild Caught & Aquaculture) & Cephalopods","https://www.eicindia.gov.in/WebApp1/pages/menuInfo/approvedCommoditiesList.xhtml?CT=FFP","EIC Approved Units - Fish & Fishery Products (FFP)","regulator","2026-02-09","EIC approved units list (FFP)","HIGH"
"783","expiry_date","07/01/2028","https://www.eicindia.gov.in/WebApp1/pages/menuInfo/approvedCommoditiesList.xhtml?CT=FFP","EIC Approved Units - Fish & Fishery Products (FFP)","regulator","2026-02-09","EIC approved units list (FFP)","HIGH"
"786","plant_name","Ocean Wealth Exports","https://www.eicindia.gov.in/WebApp1/pages/menuInfo/approvedCommoditiesList.xhtml?CT=FFP","EIC Approved Units - Fish & Fishery Products (FFP)","regulator","2026-02-09","EIC approved units list (FFP)","HIGH"
"786","address","EP 9/92,93,Kakkathuruthu Road,Eramalloor P.O,Alappuzha- 688537,India","https://www.eicindia.gov.in/WebApp1/pages/menuInfo/approvedCommoditiesList.xhtml?CT=FFP","EIC Approved Units - Fish & Fishery Products (FFP)","regulator","2026-02-09","EIC approved units list (FFP)","HIGH"
"786","scope","Packing of Fresh/Chilled Fish & Fishery Products, Freezing of Raw /Blanched Fish & Fishery Products (Block&Blast IF/IQF)- Fishes (Histamine & Non Histamine forming) Shrimps ( Seacaught / Aquaculture) and Cephalopods","https://www.eicindia.gov.in/WebApp1/pages/menuInfo/approvedCommoditiesList.xhtml?CT=FFP","EIC Approved Units - Fish & Fishery Products (FFP)","regulator","2026-02-09","EIC approved units list (FFP)","HIGH"
"786","expiry_date","21/07/2027","https://www.eicindia.gov.in/WebApp1/pages/menuInfo/approvedCommoditiesList.xhtml?CT=FFP","EIC Approved Units - Fish & Fishery Products (FFP)","regulator","2026-02-09","EIC approved units list (FFP)","HIGH"
"797","plant_name","Goan Fresh Marine Exports Pvt Ltd","https://www.eicindia.gov.in/WebApp1/pages/menuInfo/approvedCommoditiesList.xhtml?CT=FFP","EIC Approved Units - Fish & Fishery Products (FFP)","regulator","2026-02-09","EIC approved units list (FFP)","HIGH"
"797","address","Manoor,Padukere-Kota,Udupi District- 576221,Karnataka","https://www.eicindia.gov.in/WebApp1/pages/menuInfo/approvedCommoditiesList.xhtml?CT=FFP","EIC Approved Units - Fish & Fishery Products (FFP)","regulator","2026-02-09","EIC approved units list (FFP)","HIGH"
"797","scope","Freezing of Raw Fish & Fishery Products, (Fishes Histamine & Non-Histamine forming Fishes, Cephalopods, & Shrimps- ( Aquaculture & Sea Caught/Wild Caught)","https://www.eicindia.gov.in/WebApp1/pages/menuInfo/approvedCommoditiesList.xhtml?CT=FFP","EIC Approved Units - Fish & Fishery Products (FFP)","regulator","2026-02-09","EIC approved units list (FFP)","HIGH"
"797","expiry_date","23/06/2028","https://www.eicindia.gov.in/WebApp1/pages/menuInfo/approvedCommoditiesList.xhtml?CT=FFP","EIC Approved Units - Fish & Fishery Products (FFP)","regulator","2026-02-09","EIC approved units list (FFP)","HIGH"
"799","plant_name","Avla Nettos Exports","https://www.eicindia.gov.in/WebApp1/pages/menuInfo/approvedCommoditiesList.xhtml?CT=FFP","EIC Approved Units - Fish & Fishery Products (FFP)","regulator","2026-02-09","EIC approved units list (FFP)","HIGH"
"799","address","Sakthikulangara, Kollam District, Pin-691581, Kerala","https://www.eicindia.gov.in/WebApp1/pages/menuInfo/approvedCommoditiesList.xhtml?CT=FFP","EIC Approved Units - Fish & Fishery Products (FFP)","regulator","2026-02-09","EIC approved units list (FFP)","HIGH"
"799","scope","Packing of Fresh Fish & Fishery Products, Freezing of Raw Fish & Fishery Products - Fishes (Histamines & Non histamine forming), Crustaceans ( Sea caught Shrimps & Aquaculture), Cephalopods, Bivalves Molluscs  & Gastropods","https://www.eicindia.gov.in/WebApp1/pages/menuInfo/approvedCommoditiesList.xhtml?CT=FFP","EIC Approved Units - Fish & Fishery Products (FFP)","regulator","2026-02-09","EIC approved units list (FFP)","HIGH"
"799","expiry_date","19/11/2027","https://www.eicindia.gov.in/WebApp1/pages/menuInfo/approvedCommoditiesList.xhtml?CT=FFP","EIC Approved Units - Fish & Fishery Products (FFP)","regulator","2026-02-09","EIC approved units list (FFP)","HIGH"
"806","plant_name","SRIKANTH INTERNATIONAL PRIVATE  LIMITED","https://www.eicindia.gov.in/WebApp1/pages/menuInfo/approvedCommoditiesList.xhtml?CT=FFP","EIC Approved Units - Fish & Fishery Products (FFP)","regulator","2026-02-09","EIC approved units list (FFP)","HIGH"
"806","address","D.NO: 3-143, Someswaram Village, Alapadu Post, Kaikaluru Mandal, Krishna District, Andhra Pradesh-521340, India","https://www.eicindia.gov.in/WebApp1/pages/menuInfo/approvedCommoditiesList.xhtml?CT=FFP","EIC Approved Units - Fish & Fishery Products (FFP)","regulator","2026-02-09","EIC approved units list (FFP)","HIGH"
"806","scope","Packing of Fresh/Chilled Fish & Fishery Products, Freezing of Raw Fish & Fishery Products (IQF/Block) & Freezing of Blanched Fish & Fishery Products (IQF) -Shrimps (Aquaculture)","https://www.eicindia.gov.in/WebApp1/pages/menuInfo/approvedCommoditiesList.xhtml?CT=FFP","EIC Approved Units - Fish & Fishery Products (FFP)","regulator","2026-02-09","EIC approved units list (FFP)","HIGH"
"806","expiry_date","22/07/2027","https://www.eicindia.gov.in/WebApp1/pages/menuInfo/approvedCommoditiesList.xhtml?CT=FFP","EIC Approved Units - Fish & Fishery Products (FFP)","regulator","2026-02-09","EIC approved units list (FFP)","HIGH"
"808","plant_name","BRITTO SEAFOODS EXPORTS PRIVATE LIMITED","https://www.eicindia.gov.in/WebApp1/pages/menuInfo/approvedCommoditiesList.xhtml?CT=FFP","EIC Approved Units - Fish & Fishery Products (FFP)","regulator","2026-02-09","EIC approved units list (FFP)","HIGH"
"808","address","C-1, Part, SIPCOT Industrial Complex, Madathoor Post,Tuticorin -628008,           Tamil Nadu.","https://www.eicindia.gov.in/WebApp1/pages/menuInfo/approvedCommoditiesList.xhtml?CT=FFP","EIC Approved Units - Fish & Fishery Products (FFP)","regulator","2026-02-09","EIC approved units list (FFP)","HIGH"
"808","scope","Packing of Ready to Eat Fishery Products in Hermetically Sealed Pouches/Cans and Processing of Canned Pasteurised Chilled Crab Meats.","https://www.eicindia.gov.in/WebApp1/pages/menuInfo/approvedCommoditiesList.xhtml?CT=FFP","EIC Approved Units - Fish & Fishery Products (FFP)","regulator","2026-02-09","EIC approved units list (FFP)","HIGH"
"808","expiry_date","15/06/2027","https://www.eicindia.gov.in/WebApp1/pages/menuInfo/approvedCommoditiesList.xhtml?CT=FFP","EIC Approved Units - Fish & Fishery Products (FFP)","regulator","2026-02-09","EIC approved units list (FFP)","HIGH"
"809","plant_name","Avanti Frozen Foods Private Limited","https://www.eicindia.gov.in/WebApp1/pages/menuInfo/approvedCommoditiesList.xhtml?CT=FFP","EIC Approved Units - Fish & Fishery Products (FFP)","regulator","2026-02-09","EIC approved units list (FFP)","HIGH"
"809","address","Gopalapuram-533274, Ravulapalem Mandal,East Godavari District,Andhra Pradesh","https://www.eicindia.gov.in/WebApp1/pages/menuInfo/approvedCommoditiesList.xhtml?CT=FFP","EIC Approved Units - Fish & Fishery Products (FFP)","regulator","2026-02-09","EIC approved units list (FFP)","HIGH"
"809","scope","Freezing of Raw fish and Fishery products(IQF/Block)","https://www.eicindia.gov.in/WebApp1/pages/menuInfo/approvedCommoditiesList.xhtml?CT=FFP","EIC Approved Units - Fish & Fishery Products (FFP)","regulator","2026-02-09","EIC approved units list (FFP)","HIGH"
"809","expiry_date","20/05/2027","https://www.eicindia.gov.in/WebApp1/pages/menuInfo/approvedCommoditiesList.xhtml?CT=FFP","EIC Approved Units - Fish & Fishery Products (FFP)","regulator","2026-02-09","EIC approved units list (FFP)","HIGH"
"810","plant_name","DEVI SEAFOODS LIMITED","https://www.eicindia.gov.in/WebApp1/pages/menuInfo/approvedCommoditiesList.xhtml?CT=FFP","EIC Approved Units - Fish & Fishery Products (FFP)","regulator","2026-02-09","EIC approved units list (FFP)","HIGH"
"810","address","3-79/2, MOOLAGUNTAPADU, G.T.ROAD,
SINGARAYAKONDA-523 101,
PRAKASAM DISTRICT, ANDHRA PRADESH","https://www.eicindia.gov.in/WebApp1/pages/menuInfo/approvedCommoditiesList.xhtml?CT=FFP","EIC Approved Units - Fish & Fishery Products (FFP)","regulator","2026-02-09","EIC approved units list (FFP)","HIGH"
"810","scope","Freezing of Raw Fish & Fishery Products (IQF & Block Frozen), Freezing of Cooked & Blanched Fish & Fishery Products (IQF only)(Aquaculture and sea caught shrimps)","https://www.eicindia.gov.in/WebApp1/pages/menuInfo/approvedCommoditiesList.xhtml?CT=FFP","EIC Approved Units - Fish & Fishery Products (FFP)","regulator","2026-02-09","EIC approved units list (FFP)","HIGH"
"810","expiry_date","30/03/2028","https://www.eicindia.gov.in/WebApp1/pages/menuInfo/approvedCommoditiesList.xhtml?CT=FFP","EIC Approved Units - Fish & Fishery Products (FFP)","regulator","2026-02-09","EIC approved units list (FFP)","HIGH"
"812","plant_name","PHILLIPS FOODS INDIA PVT LTD","https://www.eicindia.gov.in/WebApp1/pages/menuInfo/approvedCommoditiesList.xhtml?CT=FFP","EIC Approved Units - Fish & Fishery Products (FFP)","regulator","2026-02-09","EIC approved units list (FFP)","HIGH"
"812","address","C-75/76,Sipcot Industrial Complex,Madathoor P.O.,Tuticorin-628 008 Tamil Nadu","https://www.eicindia.gov.in/WebApp1/pages/menuInfo/approvedCommoditiesList.xhtml?CT=FFP","EIC Approved Units - Fish & Fishery Products (FFP)","regulator","2026-02-09","EIC approved units list (FFP)","HIGH"
"812","scope","Processing & Packing of Blanched, Pasteurized, Frozen crab products & Freezing of Raw Fish & Fishery Products","https://www.eicindia.gov.in/WebApp1/pages/menuInfo/approvedCommoditiesList.xhtml?CT=FFP","EIC Approved Units - Fish & Fishery Products (FFP)","regulator","2026-02-09","EIC approved units list (FFP)","HIGH"
"812","expiry_date","31/05/2027","https://www.eicindia.gov.in/WebApp1/pages/menuInfo/approvedCommoditiesList.xhtml?CT=FFP","EIC Approved Units - Fish & Fishery Products (FFP)","regulator","2026-02-09","EIC approved units list (FFP)","HIGH"
"816","plant_name","NILA SEA FOODS EXPORTS","https://www.eicindia.gov.in/WebApp1/pages/menuInfo/approvedCommoditiesList.xhtml?CT=FFP","EIC Approved Units - Fish & Fishery Products (FFP)","regulator","2026-02-09","EIC approved units list (FFP)","HIGH"
"816","address","646,NAINANKULAM, PANNAVAYAL, PATTUKOTTAI, THANJAVUR, TN- 614 602.","https://www.eicindia.gov.in/WebApp1/pages/menuInfo/approvedCommoditiesList.xhtml?CT=FFP","EIC Approved Units - Fish & Fishery Products (FFP)","regulator","2026-02-09","EIC approved units list (FFP)","HIGH"
"816","scope","PACKING OF FRESH/CHILLED FISH & FREEZING OF RAW FISH & FISHERY PRODUCTS (BLOCK/IF/IQF)","https://www.eicindia.gov.in/WebApp1/pages/menuInfo/approvedCommoditiesList.xhtml?CT=FFP","EIC Approved Units - Fish & Fishery Products (FFP)","regulator","2026-02-09","EIC approved units list (FFP)","HIGH"
"816","expiry_date","22/04/2026","https://www.eicindia.gov.in/WebApp1/pages/menuInfo/approvedCommoditiesList.xhtml?CT=FFP","EIC Approved Units - Fish & Fishery Products (FFP)","regulator","2026-02-09","EIC approved units list (FFP)","HIGH"
"820","plant_name","MARIA AQUACON PVT. LTD.","https://www.eicindia.gov.in/WebApp1/pages/menuInfo/approvedCommoditiesList.xhtml?CT=FFP","EIC Approved Units - Fish & Fishery Products (FFP)","regulator","2026-02-09","EIC approved units list (FFP)","HIGH"
"820","address","#1 Maria Tower, Main Road, Kootapuli-627127, Tamil Nadu","https://www.eicindia.gov.in/WebApp1/pages/menuInfo/approvedCommoditiesList.xhtml?CT=FFP","EIC Approved Units - Fish & Fishery Products (FFP)","regulator","2026-02-09","EIC approved units list (FFP)","HIGH"
"820","scope","Packing of Fresh/Chilled Fish & Fishery Products, Freezing of Raw  Fish & Fishery Products (Sea Caught/ Wild Caught/Aquaculture (Fishes/ Shrimps)/Cephalopods, Processing of Surmi (Fish Paste) Packing of Fresh/Chilled & Freezing of Depurated Univalves & Bivalves  (Molluscs/Gastropods)  for export to Non-EU countries only.","https://www.eicindia.gov.in/WebApp1/pages/menuInfo/approvedCommoditiesList.xhtml?CT=FFP","EIC Approved Units - Fish & Fishery Products (FFP)","regulator","2026-02-09","EIC approved units list (FFP)","HIGH"
"820","expiry_date","07/01/2028","https://www.eicindia.gov.in/WebApp1/pages/menuInfo/approvedCommoditiesList.xhtml?CT=FFP","EIC Approved Units - Fish & Fishery Products (FFP)","regulator","2026-02-09","EIC approved units list (FFP)","HIGH"
"823","plant_name","STAR AGRO MARINE EXPORTS PVT.LTD.","https://www.eicindia.gov.in/WebApp1/pages/menuInfo/approvedCommoditiesList.xhtml?CT=FFP","EIC Approved Units - Fish & Fishery Products (FFP)","regulator","2026-02-09","EIC approved units list (FFP)","HIGH"
"823","address","S.NO. 760-1 & 761 , Devispet, Indukurpet Mandal,Nellore  - 524314  Andhra Pradesh","https://www.eicindia.gov.in/WebApp1/pages/menuInfo/approvedCommoditiesList.xhtml?CT=FFP","EIC Approved Units - Fish & Fishery Products (FFP)","regulator","2026-02-09","EIC approved units list (FFP)","HIGH"
"823","scope","Freezing of Raw Fish & Fishery Products (IQF & Block), Freezing of Blanched & Cooked Fish &Fishery products(IQF) (Aquaculture & Sea Caught Shrimps)","https://www.eicindia.gov.in/WebApp1/pages/menuInfo/approvedCommoditiesList.xhtml?CT=FFP","EIC Approved Units - Fish & Fishery Products (FFP)","regulator","2026-02-09","EIC approved units list (FFP)","HIGH"
"823","expiry_date","01/04/2028","https://www.eicindia.gov.in/WebApp1/pages/menuInfo/approvedCommoditiesList.xhtml?CT=FFP","EIC Approved Units - Fish & Fishery Products (FFP)","regulator","2026-02-09","EIC approved units list (FFP)","HIGH"
"826","plant_name","BABY MARINE (EASTERN) EXPORTS","https://www.eicindia.gov.in/WebApp1/pages/menuInfo/approvedCommoditiesList.xhtml?CT=FFP","EIC Approved Units - Fish & Fishery Products (FFP)","regulator","2026-02-09","EIC approved units list (FFP)","HIGH"
"826","address","FISH MEAL PLANT ROAD, MANDAPAM, 
RAMANATHAPURAM DISTRICT - 623518, TAMIL NADU","https://www.eicindia.gov.in/WebApp1/pages/menuInfo/approvedCommoditiesList.xhtml?CT=FFP","EIC Approved Units - Fish & Fishery Products (FFP)","regulator","2026-02-09","EIC approved units list (FFP)","HIGH"
"826","scope","Freezing of Raw Fish & Fishery Products (Individually Frozen and Block)","https://www.eicindia.gov.in/WebApp1/pages/menuInfo/approvedCommoditiesList.xhtml?CT=FFP","EIC Approved Units - Fish & Fishery Products (FFP)","regulator","2026-02-09","EIC approved units list (FFP)","HIGH"
"826","expiry_date","02/11/2027","https://www.eicindia.gov.in/WebApp1/pages/menuInfo/approvedCommoditiesList.xhtml?CT=FFP","EIC Approved Units - Fish & Fishery Products (FFP)","regulator","2026-02-09","EIC approved units list (FFP)","HIGH"
"827","plant_name","GLADSON EXPORTERS","https://www.eicindia.gov.in/WebApp1/pages/menuInfo/approvedCommoditiesList.xhtml?CT=FFP","EIC Approved Units - Fish & Fishery Products (FFP)","regulator","2026-02-09","EIC approved units list (FFP)","HIGH"
"827","address","5/99 James Nagar, Muttom-629202, Kanyakumari District, Tamil Nadu","https://www.eicindia.gov.in/WebApp1/pages/menuInfo/approvedCommoditiesList.xhtml?CT=FFP","EIC Approved Units - Fish & Fishery Products (FFP)","regulator","2026-02-09","EIC approved units list (FFP)","HIGH"
"827","scope","Packing of Fresh/Chilled Fish & Fishery Products - Fishes (Histamine & Non- Histamine forming), Crustaceans - Shrimps (Sea caught), Crabs (Sea caught) & Cephalopods","https://www.eicindia.gov.in/WebApp1/pages/menuInfo/approvedCommoditiesList.xhtml?CT=FFP","EIC Approved Units - Fish & Fishery Products (FFP)","regulator","2026-02-09","EIC approved units list (FFP)","HIGH"
"827","expiry_date","01/08/2027","https://www.eicindia.gov.in/WebApp1/pages/menuInfo/approvedCommoditiesList.xhtml?CT=FFP","EIC Approved Units - Fish & Fishery Products (FFP)","regulator","2026-02-09","EIC approved units list (FFP)","HIGH"
"833","plant_name","NINANS PRIVATE  LIMITED","https://www.eicindia.gov.in/WebApp1/pages/menuInfo/approvedCommoditiesList.xhtml?CT=FFP","EIC Approved Units - Fish & Fishery Products (FFP)","regulator","2026-02-09","EIC approved units list (FFP)","HIGH"
"833","address","C-76B, SIPCOT Industrial Complex,Madathur, Tuticorin-628008,Tamil Nadu","https://www.eicindia.gov.in/WebApp1/pages/menuInfo/approvedCommoditiesList.xhtml?CT=FFP","EIC Approved Units - Fish & Fishery Products (FFP)","regulator","2026-02-09","EIC approved units list (FFP)","HIGH"
"833","scope","Packing of Fresh/Chilled Fish & Fishery Products and Freezing of Raw  Fish & Fishery Products","https://www.eicindia.gov.in/WebApp1/pages/menuInfo/approvedCommoditiesList.xhtml?CT=FFP","EIC Approved Units - Fish & Fishery Products (FFP)","regulator","2026-02-09","EIC approved units list (FFP)","HIGH"
"833","expiry_date","05/03/2028","https://www.eicindia.gov.in/WebApp1/pages/menuInfo/approvedCommoditiesList.xhtml?CT=FFP","EIC Approved Units - Fish & Fishery Products (FFP)","regulator","2026-02-09","EIC approved units list (FFP)","HIGH"
"834","plant_name","JUDE FOODS INDIA PRIVATE LIMITED","https://www.eicindia.gov.in/WebApp1/pages/menuInfo/approvedCommoditiesList.xhtml?CT=FFP","EIC Approved Units - Fish & Fishery Products (FFP)","regulator","2026-02-09","EIC approved units list (FFP)","HIGH"
"834","address","230/1, NORTH THAMARAIKULAM, AGASTHEESWARAM , KANYAKUMARI DISTRICT , TAMIL NADU-629704.","https://www.eicindia.gov.in/WebApp1/pages/menuInfo/approvedCommoditiesList.xhtml?CT=FFP","EIC Approved Units - Fish & Fishery Products (FFP)","regulator","2026-02-09","EIC approved units list (FFP)","HIGH"
"834","scope","Packing of Fresh/Chilled Fish & Fishery products and Freezing of Raw Fish & Fishery products","https://www.eicindia.gov.in/WebApp1/pages/menuInfo/approvedCommoditiesList.xhtml?CT=FFP","EIC Approved Units - Fish & Fishery Products (FFP)","regulator","2026-02-09","EIC approved units list (FFP)","HIGH"
"834","expiry_date","14/02/2026","https://www.eicindia.gov.in/WebApp1/pages/menuInfo/approvedCommoditiesList.xhtml?CT=FFP","EIC Approved Units - Fish & Fishery Products (FFP)","regulator","2026-02-09","EIC approved units list (FFP)","HIGH"
"839","plant_name","KADER EXPORTS PRIVATE LIMITED UNIT 05","https://www.eicindia.gov.in/WebApp1/pages/menuInfo/approvedCommoditiesList.xhtml?CT=FFP","EIC Approved Units - Fish & Fishery Products (FFP)","regulator","2026-02-09","EIC approved units list (FFP)","HIGH"
"839","address","TNFDC FREEZING COMPLEX, MANDAPAM - 623518, RAMNAD DISTRICT, TAMIL NADU","https://www.eicindia.gov.in/WebApp1/pages/menuInfo/approvedCommoditiesList.xhtml?CT=FFP","EIC Approved Units - Fish & Fishery Products (FFP)","regulator","2026-02-09","EIC approved units list (FFP)","HIGH"
"839","scope","FREEZING OF RAW FISH & FISHERY PRODUCTS (IF & BLOCK)","https://www.eicindia.gov.in/WebApp1/pages/menuInfo/approvedCommoditiesList.xhtml?CT=FFP","EIC Approved Units - Fish & Fishery Products (FFP)","regulator","2026-02-09","EIC approved units list (FFP)","HIGH"
"839","expiry_date","13/10/2027","https://www.eicindia.gov.in/WebApp1/pages/menuInfo/approvedCommoditiesList.xhtml?CT=FFP","EIC Approved Units - Fish & Fishery Products (FFP)","regulator","2026-02-09","EIC approved units list (FFP)","HIGH"
"840","plant_name","ST.PETER & PAUL SEAFOOD EXPORTS PVT.LTD","https://www.eicindia.gov.in/WebApp1/pages/menuInfo/approvedCommoditiesList.xhtml?CT=FFP","EIC Approved Units - Fish & Fishery Products (FFP)","regulator","2026-02-09","EIC approved units list (FFP)","HIGH"
"840","address","ALLED CENTRE, NO.90, KANIGAIPAIR VILLAGE, UTHUKOTTAI TALUK, THIRUVALLUR DISTRICT, TAMIL NADU-601102","https://www.eicindia.gov.in/WebApp1/pages/menuInfo/approvedCommoditiesList.xhtml?CT=FFP","EIC Approved Units - Fish & Fishery Products (FFP)","regulator","2026-02-09","EIC approved units list (FFP)","HIGH"
"840","scope","PACKING OF FRESH/CHILLED FISHERY PRODUCTS AND FREEZING OF RAW FISH & FISHERY PRODUCTS","https://www.eicindia.gov.in/WebApp1/pages/menuInfo/approvedCommoditiesList.xhtml?CT=FFP","EIC Approved Units - Fish & Fishery Products (FFP)","regulator","2026-02-09","EIC approved units list (FFP)","HIGH"
"840","expiry_date","04/06/2027","https://www.eicindia.gov.in/WebApp1/pages/menuInfo/approvedCommoditiesList.xhtml?CT=FFP","EIC Approved Units - Fish & Fishery Products (FFP)","regulator","2026-02-09","EIC approved units list (FFP)","HIGH"
"842","plant_name","SANDHYA MARINES LIMITED UNIT-II","https://www.eicindia.gov.in/WebApp1/pages/menuInfo/approvedCommoditiesList.xhtml?CT=FFP","EIC Approved Units - Fish & Fishery Products (FFP)","regulator","2026-02-09","EIC approved units list (FFP)","HIGH"
"842","address","Door No. 4-300, Poolapalli Village, Palakole Mandal, West Godavari District - 534261, Andhra Pradesh, India","https://www.eicindia.gov.in/WebApp1/pages/menuInfo/approvedCommoditiesList.xhtml?CT=FFP","EIC Approved Units - Fish & Fishery Products (FFP)","regulator","2026-02-09","EIC approved units list (FFP)","HIGH"
"842","scope","Freezing of Raw Fish & Fishery Products (IQF)","https://www.eicindia.gov.in/WebApp1/pages/menuInfo/approvedCommoditiesList.xhtml?CT=FFP","EIC Approved Units - Fish & Fishery Products (FFP)","regulator","2026-02-09","EIC approved units list (FFP)","HIGH"
"842","expiry_date","19/06/2027","https://www.eicindia.gov.in/WebApp1/pages/menuInfo/approvedCommoditiesList.xhtml?CT=FFP","EIC Approved Units - Fish & Fishery Products (FFP)","regulator","2026-02-09","EIC approved units list (FFP)","HIGH"
"844","plant_name","BRITTO SEAFOODS EXPORTS PRIVATE LIMITED, UNIT-II","https://www.eicindia.gov.in/WebApp1/pages/menuInfo/approvedCommoditiesList.xhtml?CT=FFP","EIC Approved Units - Fish & Fishery Products (FFP)","regulator","2026-02-09","EIC approved units list (FFP)","HIGH"
"844","address","C-1, Part Sipcot Industrial Complex, Madathur Post,Tuticorin District,Tamil Nadu-628008.","https://www.eicindia.gov.in/WebApp1/pages/menuInfo/approvedCommoditiesList.xhtml?CT=FFP","EIC Approved Units - Fish & Fishery Products (FFP)","regulator","2026-02-09","EIC approved units list (FFP)","HIGH"
"844","scope","Packing of Fresh/Chillled Fish & Fishery Products(Sea Caught/Wild Caught/ Aquaculture),Freezing of Raw/Blanched/Cooked Fish & Fishery Products(Crustaceans, Cephalopods,Fishes & Molluscs (Univalves & Bivalves)","https://www.eicindia.gov.in/WebApp1/pages/menuInfo/approvedCommoditiesList.xhtml?CT=FFP","EIC Approved Units - Fish & Fishery Products (FFP)","regulator","2026-02-09","EIC approved units list (FFP)","HIGH"
"844","expiry_date","21/07/2028","https://www.eicindia.gov.in/WebApp1/pages/menuInfo/approvedCommoditiesList.xhtml?CT=FFP","EIC Approved Units - Fish & Fishery Products (FFP)","regulator","2026-02-09","EIC approved units list (FFP)","HIGH"
"854","plant_name","KINGS INTERNATIONAL LIMITED","https://www.eicindia.gov.in/WebApp1/pages/menuInfo/approvedCommoditiesList.xhtml?CT=FFP","EIC Approved Units - Fish & Fishery Products (FFP)","regulator","2026-02-09","EIC approved units list (FFP)","HIGH"
"854","address","Unit No. B7, B8 (A) & B10, Tuticorin Co - Operative Industrial Estate Ltd., Korampallam, Tuticorin - 628101, Tamilnadu","https://www.eicindia.gov.in/WebApp1/pages/menuInfo/approvedCommoditiesList.xhtml?CT=FFP","EIC Approved Units - Fish & Fishery Products (FFP)","regulator","2026-02-09","EIC approved units list (FFP)","HIGH"
"854","scope","Packing of Fresh/Chilled Fish & Fishery Products & Freezing of Raw Fish & Fishery Products (Block & IF)","https://www.eicindia.gov.in/WebApp1/pages/menuInfo/approvedCommoditiesList.xhtml?CT=FFP","EIC Approved Units - Fish & Fishery Products (FFP)","regulator","2026-02-09","EIC approved units list (FFP)","HIGH"
"854","expiry_date","31/07/2027","https://www.eicindia.gov.in/WebApp1/pages/menuInfo/approvedCommoditiesList.xhtml?CT=FFP","EIC Approved Units - Fish & Fishery Products (FFP)","regulator","2026-02-09","EIC approved units list (FFP)","HIGH"
"857","plant_name","DEVI FISHERIES LIMITED","https://www.eicindia.gov.in/WebApp1/pages/menuInfo/approvedCommoditiesList.xhtml?CT=FFP","EIC Approved Units - Fish & Fishery Products (FFP)","regulator","2026-02-09","EIC approved units list (FFP)","HIGH"
"857","address","3-510,SARPAVARAM, KAKINADA-533005,Andhra Pradesh,India.","https://www.eicindia.gov.in/WebApp1/pages/menuInfo/approvedCommoditiesList.xhtml?CT=FFP","EIC Approved Units - Fish & Fishery Products (FFP)","regulator","2026-02-09","EIC approved units list (FFP)","HIGH"
"857","scope","Freezing of Raw Fish &Fishery Products (Block/IQF/Semi IQF)Sea Caught and Aquaculture Shrimps only","https://www.eicindia.gov.in/WebApp1/pages/menuInfo/approvedCommoditiesList.xhtml?CT=FFP","EIC Approved Units - Fish & Fishery Products (FFP)","regulator","2026-02-09","EIC approved units list (FFP)","HIGH"
"857","expiry_date","16/02/2026","https://www.eicindia.gov.in/WebApp1/pages/menuInfo/approvedCommoditiesList.xhtml?CT=FFP","EIC Approved Units - Fish & Fishery Products (FFP)","regulator","2026-02-09","EIC approved units list (FFP)","HIGH"
"862","plant_name","VV MARINE PRODUCTS","https://www.eicindia.gov.in/WebApp1/pages/menuInfo/approvedCommoditiesList.xhtml?CT=FFP","EIC Approved Units - Fish & Fishery Products (FFP)","regulator","2026-02-09","EIC approved units list (FFP)","HIGH"
"862","address","1/69,Agaram Village, Palayakayal Post, Srivaikundam Taluk, Tuticorin District-628152,Tamilnadu","https://www.eicindia.gov.in/WebApp1/pages/menuInfo/approvedCommoditiesList.xhtml?CT=FFP","EIC Approved Units - Fish & Fishery Products (FFP)","regulator","2026-02-09","EIC approved units list (FFP)","HIGH"
"862","scope","Freezing of Raw Fish & Fishery Products, Processing of Breaded & Battered Fish & Fishery Products(Aquaculture, Wild Caught/ Sea caught) (IQF & Block)","https://www.eicindia.gov.in/WebApp1/pages/menuInfo/approvedCommoditiesList.xhtml?CT=FFP","EIC Approved Units - Fish & Fishery Products (FFP)","regulator","2026-02-09","EIC approved units list (FFP)","HIGH"
"862","expiry_date","25/05/2027","https://www.eicindia.gov.in/WebApp1/pages/menuInfo/approvedCommoditiesList.xhtml?CT=FFP","EIC Approved Units - Fish & Fishery Products (FFP)","regulator","2026-02-09","EIC approved units list (FFP)","HIGH"
"865","plant_name","LUKE EXPORT","https://www.eicindia.gov.in/WebApp1/pages/menuInfo/approvedCommoditiesList.xhtml?CT=FFP","EIC Approved Units - Fish & Fishery Products (FFP)","regulator","2026-02-09","EIC approved units list (FFP)","HIGH"
"865","address","Padanthalumoodu, Kanyakumari District, Tamilnadu-629194","https://www.eicindia.gov.in/WebApp1/pages/menuInfo/approvedCommoditiesList.xhtml?CT=FFP","EIC Approved Units - Fish & Fishery Products (FFP)","regulator","2026-02-09","EIC approved units list (FFP)","HIGH"
"865","scope","Packing of Fresh/Chilled Fish & Fishery Products, Freezing of Raw Fish & Fishery Products (Block/IQF/IF) -Fishes (Histamine & Non- Histamine forming), Shrimps (Aquaculture/Sea caught/Wild caught), Crabs (Sea caught), Molluscs & Cephalopods","https://www.eicindia.gov.in/WebApp1/pages/menuInfo/approvedCommoditiesList.xhtml?CT=FFP","EIC Approved Units - Fish & Fishery Products (FFP)","regulator","2026-02-09","EIC approved units list (FFP)","HIGH"
"865","expiry_date","09/09/2027","https://www.eicindia.gov.in/WebApp1/pages/menuInfo/approvedCommoditiesList.xhtml?CT=FFP","EIC Approved Units - Fish & Fishery Products (FFP)","regulator","2026-02-09","EIC approved units list (FFP)","HIGH"
"869","plant_name","Sprint Exports Pvt Ltd","https://www.eicindia.gov.in/WebApp1/pages/menuInfo/approvedCommoditiesList.xhtml?CT=FFP","EIC Approved Units - Fish & Fishery Products (FFP)","regulator","2026-02-09","EIC approved units list (FFP)","HIGH"
"869","address","Vellanki village Boddapalem post Anandpuram mandal, Visakhapatnam -531163","https://www.eicindia.gov.in/WebApp1/pages/menuInfo/approvedCommoditiesList.xhtml?CT=FFP","EIC Approved Units - Fish & Fishery Products (FFP)","regulator","2026-02-09","EIC approved units list (FFP)","HIGH"
"869","scope","Freezing of Raw Fish &Fishery Products (IQF/Block) and freezing of cooked & raw marinated fish & fishery product (IQF)shrimps only (sea caught & aqua culture).","https://www.eicindia.gov.in/WebApp1/pages/menuInfo/approvedCommoditiesList.xhtml?CT=FFP","EIC Approved Units - Fish & Fishery Products (FFP)","regulator","2026-02-09","EIC approved units list (FFP)","HIGH"
"869","expiry_date","29/11/2027","https://www.eicindia.gov.in/WebApp1/pages/menuInfo/approvedCommoditiesList.xhtml?CT=FFP","EIC Approved Units - Fish & Fishery Products (FFP)","regulator","2026-02-09","EIC approved units list (FFP)","HIGH"
"871","plant_name","AQUA WORLD EXPORTS (PVT.) LTD.","https://www.eicindia.gov.in/WebApp1/pages/menuInfo/approvedCommoditiesList.xhtml?CT=FFP","EIC Approved Units - Fish & Fishery Products (FFP)","regulator","2026-02-09","EIC approved units list (FFP)","HIGH"
"871","address","Meenanchel, Padanthalumoodu, Kaliakkavilai, Kanyakumari District, Tamil Nadu-629153.","https://www.eicindia.gov.in/WebApp1/pages/menuInfo/approvedCommoditiesList.xhtml?CT=FFP","EIC Approved Units - Fish & Fishery Products (FFP)","regulator","2026-02-09","EIC approved units list (FFP)","HIGH"
"871","scope","Packing of Fresh/ Chilled Fish and Fishery Products and Packing of Fresh/ Chilled Depurated Univalve and Bivalves (Mollusca & Gastropods) for Non EU Countries only","https://www.eicindia.gov.in/WebApp1/pages/menuInfo/approvedCommoditiesList.xhtml?CT=FFP","EIC Approved Units - Fish & Fishery Products (FFP)","regulator","2026-02-09","EIC approved units list (FFP)","HIGH"
"871","expiry_date","10/01/2028","https://www.eicindia.gov.in/WebApp1/pages/menuInfo/approvedCommoditiesList.xhtml?CT=FFP","EIC Approved Units - Fish & Fishery Products (FFP)","regulator","2026-02-09","EIC approved units list (FFP)","HIGH"
"872","plant_name","ANANDA ENTERPRISES (INDIA) PVT .LTD","https://www.eicindia.gov.in/WebApp1/pages/menuInfo/approvedCommoditiesList.xhtml?CT=FFP","EIC Approved Units - Fish & Fishery Products (FFP)","regulator","2026-02-09","EIC approved units list (FFP)","HIGH"
"872","address","R.S.NO: 167,168/1,34/2,D.no:1-31,PALAKODERU VILLAGE MANDALAM,WEST GODVARI DISTRICT ,ANDHRA PRADESH,INDIA-534210","https://www.eicindia.gov.in/WebApp1/pages/menuInfo/approvedCommoditiesList.xhtml?CT=FFP","EIC Approved Units - Fish & Fishery Products (FFP)","regulator","2026-02-09","EIC approved units list (FFP)","HIGH"
"872","scope","PACKING OF FRESH/CHILLED FISH&FISHERY PRODUCTS AND FREEZING  OF RAW &COOKED FISH &FISHERY PRODUCTS (IQF& BLOCK)","https://www.eicindia.gov.in/WebApp1/pages/menuInfo/approvedCommoditiesList.xhtml?CT=FFP","EIC Approved Units - Fish & Fishery Products (FFP)","regulator","2026-02-09","EIC approved units list (FFP)","HIGH"
"872","expiry_date","09/01/2028","https://www.eicindia.gov.in/WebApp1/pages/menuInfo/approvedCommoditiesList.xhtml?CT=FFP","EIC Approved Units - Fish & Fishery Products (FFP)","regulator","2026-02-09","EIC approved units list (FFP)","HIGH"
"876","plant_name","AQUA WORLD EXPORTS PVT. LTD.","https://www.eicindia.gov.in/WebApp1/pages/menuInfo/approvedCommoditiesList.xhtml?CT=FFP","EIC Approved Units - Fish & Fishery Products (FFP)","regulator","2026-02-09","EIC approved units list (FFP)","HIGH"
"876","address","No.6, East Kalmandapam Road, Royapuram, Chennai - 600 013","https://www.eicindia.gov.in/WebApp1/pages/menuInfo/approvedCommoditiesList.xhtml?CT=FFP","EIC Approved Units - Fish & Fishery Products (FFP)","regulator","2026-02-09","EIC approved units list (FFP)","HIGH"
"876","scope","Packing of Fresh/Chilled Fish & Fishery Products","https://www.eicindia.gov.in/WebApp1/pages/menuInfo/approvedCommoditiesList.xhtml?CT=FFP","EIC Approved Units - Fish & Fishery Products (FFP)","regulator","2026-02-09","EIC approved units list (FFP)","HIGH"
"876","expiry_date","11/03/2028","https://www.eicindia.gov.in/WebApp1/pages/menuInfo/approvedCommoditiesList.xhtml?CT=FFP","EIC Approved Units - Fish & Fishery Products (FFP)","regulator","2026-02-09","EIC approved units list (FFP)","HIGH"
"878","plant_name","UNILOIDS BIOSCIENCES PRIVATE LIMITED","https://www.eicindia.gov.in/WebApp1/pages/menuInfo/approvedCommoditiesList.xhtml?CT=FFP","EIC Approved Units - Fish & Fishery Products (FFP)","regulator","2026-02-09","EIC approved units list (FFP)","HIGH"
"878","address","D.NO-5-138,SEESALI VILLAGE,KALLA MANDAL BHIMAVARAM,WEST GODAVARI DISTRICT,ANDHRA PRADESH-534237","https://www.eicindia.gov.in/WebApp1/pages/menuInfo/approvedCommoditiesList.xhtml?CT=FFP","EIC Approved Units - Fish & Fishery Products (FFP)","regulator","2026-02-09","EIC approved units list (FFP)","HIGH"
"878","scope","Freezing of Raw  and Blanched (IQF&BLOCK) Fish & fishery Products","https://www.eicindia.gov.in/WebApp1/pages/menuInfo/approvedCommoditiesList.xhtml?CT=FFP","EIC Approved Units - Fish & Fishery Products (FFP)","regulator","2026-02-09","EIC approved units list (FFP)","HIGH"
"878","expiry_date","31/03/2028","https://www.eicindia.gov.in/WebApp1/pages/menuInfo/approvedCommoditiesList.xhtml?CT=FFP","EIC Approved Units - Fish & Fishery Products (FFP)","regulator","2026-02-09","EIC approved units list (FFP)","HIGH"
"882","plant_name","Nekkanti Sea foods Limited","https://www.eicindia.gov.in/WebApp1/pages/menuInfo/approvedCommoditiesList.xhtml?CT=FFP","EIC Approved Units - Fish & Fishery Products (FFP)","regulator","2026-02-09","EIC approved units list (FFP)","HIGH"
"882","address","Marikavalasa, Paradesipalem Village, Visakhapatnam-531163, Andhra Pradesh","https://www.eicindia.gov.in/WebApp1/pages/menuInfo/approvedCommoditiesList.xhtml?CT=FFP","EIC Approved Units - Fish & Fishery Products (FFP)","regulator","2026-02-09","EIC approved units list (FFP)","HIGH"
"882","scope","Freezing of Raw Fish & Fishery Products            (block/IQF) & Freezing of Blanched cooked Fish & fishery products(IQF) (Sea Caught and Aquaculture Shrimps) & Freezing of Raw  battered and breaded aquaculture shrimps (IQF)","https://www.eicindia.gov.in/WebApp1/pages/menuInfo/approvedCommoditiesList.xhtml?CT=FFP","EIC Approved Units - Fish & Fishery Products (FFP)","regulator","2026-02-09","EIC approved units list (FFP)","HIGH"
"882","expiry_date","29/05/2028","https://www.eicindia.gov.in/WebApp1/pages/menuInfo/approvedCommoditiesList.xhtml?CT=FFP","EIC Approved Units - Fish & Fishery Products (FFP)","regulator","2026-02-09","EIC approved units list (FFP)","HIGH"
"897","plant_name","Kader Exports Private Limited Unit-02","https://www.eicindia.gov.in/WebApp1/pages/menuInfo/approvedCommoditiesList.xhtml?CT=FFP","EIC Approved Units - Fish & Fishery Products (FFP)","regulator","2026-02-09","EIC approved units list (FFP)","HIGH"
"897","address","4-139,Pedamiram,Bhimavaram-534204 West Godavari District,Andhra Pradesh","https://www.eicindia.gov.in/WebApp1/pages/menuInfo/approvedCommoditiesList.xhtml?CT=FFP","EIC Approved Units - Fish & Fishery Products (FFP)","regulator","2026-02-09","EIC approved units list (FFP)","HIGH"
"897","scope","Freezing of Raw Fish & Fishery Products (IQF/Block) Aquaculture Shrimps","https://www.eicindia.gov.in/WebApp1/pages/menuInfo/approvedCommoditiesList.xhtml?CT=FFP","EIC Approved Units - Fish & Fishery Products (FFP)","regulator","2026-02-09","EIC approved units list (FFP)","HIGH"
"897","expiry_date","03/04/2028","https://www.eicindia.gov.in/WebApp1/pages/menuInfo/approvedCommoditiesList.xhtml?CT=FFP","EIC Approved Units - Fish & Fishery Products (FFP)","regulator","2026-02-09","EIC approved units list (FFP)","HIGH"
"911","plant_name","GHAN MARINE PRODUCTS","https://www.eicindia.gov.in/WebApp1/pages/menuInfo/approvedCommoditiesList.xhtml?CT=FFP","EIC Approved Units - Fish & Fishery Products (FFP)","regulator","2026-02-09","EIC approved units list (FFP)","HIGH"
"911","address","Bakurupalem Village, Survey No. 35/17, 35/19, 35/20, 35/21, 35/22, Gidijala Post, Anandapuram Mandal, Visakhapatnam - 531117","https://www.eicindia.gov.in/WebApp1/pages/menuInfo/approvedCommoditiesList.xhtml?CT=FFP","EIC Approved Units - Fish & Fishery Products (FFP)","regulator","2026-02-09","EIC approved units list (FFP)","HIGH"
"911","scope","Packing of Fresh / Chilled Fish & Fishery Products and Freezing of Raw Fish & Fishery Products (Block, Blast - IF & IQF)","https://www.eicindia.gov.in/WebApp1/pages/menuInfo/approvedCommoditiesList.xhtml?CT=FFP","EIC Approved Units - Fish & Fishery Products (FFP)","regulator","2026-02-09","EIC approved units list (FFP)","HIGH"
"911","expiry_date","18/06/2027","https://www.eicindia.gov.in/WebApp1/pages/menuInfo/approvedCommoditiesList.xhtml?CT=FFP","EIC Approved Units - Fish & Fishery Products (FFP)","regulator","2026-02-09","EIC approved units list (FFP)","HIGH"
"913","plant_name","COASTAL CORPORATION LIMITED UNIT-II","https://www.eicindia.gov.in/WebApp1/pages/menuInfo/approvedCommoditiesList.xhtml?CT=FFP","EIC Approved Units - Fish & Fishery Products (FFP)","regulator","2026-02-09","EIC approved units list (FFP)","HIGH"
"913","address","Survey no 87, P.Dharmavaram Village, S.Rayavaram Mandal, Visakhapatnam -531055, Andhra Pradesh","https://www.eicindia.gov.in/WebApp1/pages/menuInfo/approvedCommoditiesList.xhtml?CT=FFP","EIC Approved Units - Fish & Fishery Products (FFP)","regulator","2026-02-09","EIC approved units list (FFP)","HIGH"
"913","scope","Freezing of Raw, Blanched and Cooked Fish & Fishery Products (Aquaculture and seacaught Shrimps IQF/ IF / BLOCK)","https://www.eicindia.gov.in/WebApp1/pages/menuInfo/approvedCommoditiesList.xhtml?CT=FFP","EIC Approved Units - Fish & Fishery Products (FFP)","regulator","2026-02-09","EIC approved units list (FFP)","HIGH"
"913","expiry_date","10/07/2027","https://www.eicindia.gov.in/WebApp1/pages/menuInfo/approvedCommoditiesList.xhtml?CT=FFP","EIC Approved Units - Fish & Fishery Products (FFP)","regulator","2026-02-09","EIC approved units list (FFP)","HIGH"
"914","plant_name","KAUSHALYA AQUA MARINE PRODUCT EXPORTS PVT. LTD","https://www.eicindia.gov.in/WebApp1/pages/menuInfo/approvedCommoditiesList.xhtml?CT=FFP","EIC Approved Units - Fish & Fishery Products (FFP)","regulator","2026-02-09","EIC approved units list (FFP)","HIGH"
"914","address","No. 4/209, M.G.R Road, Palavakkam, Chennai-600041,Tamil Nadu","https://www.eicindia.gov.in/WebApp1/pages/menuInfo/approvedCommoditiesList.xhtml?CT=FFP","EIC Approved Units - Fish & Fishery Products (FFP)","regulator","2026-02-09","EIC approved units list (FFP)","HIGH"
"914","scope","Packing of Fresh/ Chilled Fish & Fishery Products and Freezing of Raw Fish & Fishery Products -Fishes (Histamine & Non- Histamine forming), Crustaceans -Shrimps (Aquaculture/Sea Caught/Wild Caught), Crabs (Sea caught) & Cephalopods","https://www.eicindia.gov.in/WebApp1/pages/menuInfo/approvedCommoditiesList.xhtml?CT=FFP","EIC Approved Units - Fish & Fishery Products (FFP)","regulator","2026-02-09","EIC approved units list (FFP)","HIGH"
"914","expiry_date","29/07/2027","https://www.eicindia.gov.in/WebApp1/pages/menuInfo/approvedCommoditiesList.xhtml?CT=FFP","EIC Approved Units - Fish & Fishery Products (FFP)","regulator","2026-02-09","EIC approved units list (FFP)","HIGH"
"915","plant_name","K.V. MARINE EXPORTS","https://www.eicindia.gov.in/WebApp1/pages/menuInfo/approvedCommoditiesList.xhtml?CT=FFP","EIC Approved Units - Fish & Fishery Products (FFP)","regulator","2026-02-09","EIC approved units list (FFP)","HIGH"
"915","address","1/30, Bajanai Koil Street, Padur Village, Kelambakkam, Kancheepuram District-603103, Tamil Nadu.","https://www.eicindia.gov.in/WebApp1/pages/menuInfo/approvedCommoditiesList.xhtml?CT=FFP","EIC Approved Units - Fish & Fishery Products (FFP)","regulator","2026-02-09","EIC approved units list (FFP)","HIGH"
"915","scope","Packing of Fresh/ Chilled Fish and Fishery Products and Freezing of Raw Fish and Fishery Products (Block/IQF)","https://www.eicindia.gov.in/WebApp1/pages/menuInfo/approvedCommoditiesList.xhtml?CT=FFP","EIC Approved Units - Fish & Fishery Products (FFP)","regulator","2026-02-09","EIC approved units list (FFP)","HIGH"
"915","expiry_date","27/05/2027","https://www.eicindia.gov.in/WebApp1/pages/menuInfo/approvedCommoditiesList.xhtml?CT=FFP","EIC Approved Units - Fish & Fishery Products (FFP)","regulator","2026-02-09","EIC approved units list (FFP)","HIGH"
"916","plant_name","DEVI SEA FOODS LIMITED","https://www.eicindia.gov.in/WebApp1/pages/menuInfo/approvedCommoditiesList.xhtml?CT=FFP","EIC Approved Units - Fish & Fishery Products (FFP)","regulator","2026-02-09","EIC approved units list (FFP)","HIGH"
"916","address","No.10-16-52, NH-16 (Old NH-5), Peravali Road,Tanuku - 534211, West Godavari District, Andhra Pradesh, India","https://www.eicindia.gov.in/WebApp1/pages/menuInfo/approvedCommoditiesList.xhtml?CT=FFP","EIC Approved Units - Fish & Fishery Products (FFP)","regulator","2026-02-09","EIC approved units list (FFP)","HIGH"
"916","scope","Freezing of Raw Fish & Fishery Products (Block/IQF) and Freezing of Cooked Fish & Fishery Products (IQF) - Shrimps (Aquaculture)","https://www.eicindia.gov.in/WebApp1/pages/menuInfo/approvedCommoditiesList.xhtml?CT=FFP","EIC Approved Units - Fish & Fishery Products (FFP)","regulator","2026-02-09","EIC approved units list (FFP)","HIGH"
"916","expiry_date","07/07/2027","https://www.eicindia.gov.in/WebApp1/pages/menuInfo/approvedCommoditiesList.xhtml?CT=FFP","EIC Approved Units - Fish & Fishery Products (FFP)","regulator","2026-02-09","EIC approved units list (FFP)","HIGH"
"920","plant_name","Asvini Fisheries Private Limited","https://www.eicindia.gov.in/WebApp1/pages/menuInfo/approvedCommoditiesList.xhtml?CT=FFP","EIC Approved Units - Fish & Fishery Products (FFP)","regulator","2026-02-09","EIC approved units list (FFP)","HIGH"
"920","address","R.S.NO.626/1,Dirusumarru Road,P.B.No.52,Bhimavaram,West Godavari District-534239,Andhra Pradesh","https://www.eicindia.gov.in/WebApp1/pages/menuInfo/approvedCommoditiesList.xhtml?CT=FFP","EIC Approved Units - Fish & Fishery Products (FFP)","regulator","2026-02-09","EIC approved units list (FFP)","HIGH"
"920","scope","Freezing of Raw/Blanched and Cooked Fish&Fishery Products(IQF/Block) Aquaculture Shrimps","https://www.eicindia.gov.in/WebApp1/pages/menuInfo/approvedCommoditiesList.xhtml?CT=FFP","EIC Approved Units - Fish & Fishery Products (FFP)","regulator","2026-02-09","EIC approved units list (FFP)","HIGH"
"920","expiry_date","04/02/2028","https://www.eicindia.gov.in/WebApp1/pages/menuInfo/approvedCommoditiesList.xhtml?CT=FFP","EIC Approved Units - Fish & Fishery Products (FFP)","regulator","2026-02-09","EIC approved units list (FFP)","HIGH"
"922","plant_name","PHILLIPS FOODS INDIA PVT LTD","https://www.eicindia.gov.in/WebApp1/pages/menuInfo/approvedCommoditiesList.xhtml?CT=FFP","EIC Approved Units - Fish & Fishery Products (FFP)","regulator","2026-02-09","EIC approved units list (FFP)","HIGH"
"922","address","C-75/76,Sipcot Industrial Complex,Madathoor P.O.,Tuticorin-628 008,Tamil Nadu","https://www.eicindia.gov.in/WebApp1/pages/menuInfo/approvedCommoditiesList.xhtml?CT=FFP","EIC Approved Units - Fish & Fishery Products (FFP)","regulator","2026-02-09","EIC approved units list (FFP)","HIGH"
"922","scope","Packing of Chilled Pasteurized Crab meat in Hermetically Sealed cans","https://www.eicindia.gov.in/WebApp1/pages/menuInfo/approvedCommoditiesList.xhtml?CT=FFP","EIC Approved Units - Fish & Fishery Products (FFP)","regulator","2026-02-09","EIC approved units list (FFP)","HIGH"
"922","expiry_date","28/02/2028","https://www.eicindia.gov.in/WebApp1/pages/menuInfo/approvedCommoditiesList.xhtml?CT=FFP","EIC Approved Units - Fish & Fishery Products (FFP)","regulator","2026-02-09","EIC approved units list (FFP)","HIGH"
"927","plant_name","ANJANEYA SEAFOODS","https://www.eicindia.gov.in/WebApp1/pages/menuInfo/approvedCommoditiesList.xhtml?CT=FFP","EIC Approved Units - Fish & Fishery Products (FFP)","regulator","2026-02-09","EIC approved units list (FFP)","HIGH"
"927","address","6-122 A, North Rajupalem Village, Kodavaluru Mandal, Nellore District -524366, Andhra Pradesh","https://www.eicindia.gov.in/WebApp1/pages/menuInfo/approvedCommoditiesList.xhtml?CT=FFP","EIC Approved Units - Fish & Fishery Products (FFP)","regulator","2026-02-09","EIC approved units list (FFP)","HIGH"
"927","scope","Freezing of Raw Fish & Fishery Products (Block, Individually Frozen, IQF) (Aquaculture and Sea caught)","https://www.eicindia.gov.in/WebApp1/pages/menuInfo/approvedCommoditiesList.xhtml?CT=FFP","EIC Approved Units - Fish & Fishery Products (FFP)","regulator","2026-02-09","EIC approved units list (FFP)","HIGH"
"927","expiry_date","03/03/2026","https://www.eicindia.gov.in/WebApp1/pages/menuInfo/approvedCommoditiesList.xhtml?CT=FFP","EIC Approved Units - Fish & Fishery Products (FFP)","regulator","2026-02-09","EIC approved units list (FFP)","HIGH"
"928","plant_name","JAYALAKSHMI SEAFOODS PVT. LTD., UNIT-II","https://www.eicindia.gov.in/WebApp1/pages/menuInfo/approvedCommoditiesList.xhtml?CT=FFP","EIC Approved Units - Fish & Fishery Products (FFP)","regulator","2026-02-09","EIC approved units list (FFP)","HIGH"
"928","address","R. S.No.267/2 & 275/2, Seesali Village, Kalla Mandal, Bhimavaram-534237, West Godavari District, Andhra Pradesh","https://www.eicindia.gov.in/WebApp1/pages/menuInfo/approvedCommoditiesList.xhtml?CT=FFP","EIC Approved Units - Fish & Fishery Products (FFP)","regulator","2026-02-09","EIC approved units list (FFP)","HIGH"
"928","scope","Freezing of Raw Fish and Fishery Products(IQF)- Shrimps(Aquaculture)","https://www.eicindia.gov.in/WebApp1/pages/menuInfo/approvedCommoditiesList.xhtml?CT=FFP","EIC Approved Units - Fish & Fishery Products (FFP)","regulator","2026-02-09","EIC approved units list (FFP)","HIGH"
"928","expiry_date","04/06/2027","https://www.eicindia.gov.in/WebApp1/pages/menuInfo/approvedCommoditiesList.xhtml?CT=FFP","EIC Approved Units - Fish & Fishery Products (FFP)","regulator","2026-02-09","EIC approved units list (FFP)","HIGH"
"929","plant_name","ANANDA FOODS","https://www.eicindia.gov.in/WebApp1/pages/menuInfo/approvedCommoditiesList.xhtml?CT=FFP","EIC Approved Units - Fish & Fishery Products (FFP)","regulator","2026-02-09","EIC approved units list (FFP)","HIGH"
"929","address","R.S. No. 59 / 1 & 2 D. NO. 2-239/1-5, Ramayanapuram Village, Bhimavaram Mandal, West Godavri District, Andhra Pradesh, India - 543 239","https://www.eicindia.gov.in/WebApp1/pages/menuInfo/approvedCommoditiesList.xhtml?CT=FFP","EIC Approved Units - Fish & Fishery Products (FFP)","regulator","2026-02-09","EIC approved units list (FFP)","HIGH"
"929","scope","Freezing of Raw & Blanched Fish & Fishery Products (IQF & Block)","https://www.eicindia.gov.in/WebApp1/pages/menuInfo/approvedCommoditiesList.xhtml?CT=FFP","EIC Approved Units - Fish & Fishery Products (FFP)","regulator","2026-02-09","EIC approved units list (FFP)","HIGH"
"929","expiry_date","03/08/2027","https://www.eicindia.gov.in/WebApp1/pages/menuInfo/approvedCommoditiesList.xhtml?CT=FFP","EIC Approved Units - Fish & Fishery Products (FFP)","regulator","2026-02-09","EIC approved units list (FFP)","HIGH"
"934","plant_name","WELLCOME FISHERIES LIMITED","https://www.eicindia.gov.in/WebApp1/pages/menuInfo/approvedCommoditiesList.xhtml?CT=FFP","EIC Approved Units - Fish & Fishery Products (FFP)","regulator","2026-02-09","EIC approved units list (FFP)","HIGH"
"934","address","Old No.1/409(New No:4-46),Vandram Village, Undi Mandal,Bhimavaram-534 199","https://www.eicindia.gov.in/WebApp1/pages/menuInfo/approvedCommoditiesList.xhtml?CT=FFP","EIC Approved Units - Fish & Fishery Products (FFP)","regulator","2026-02-09","EIC approved units list (FFP)","HIGH"
"934","scope","Freezing of Raw & Cooked (IQF & Block) Fish & Fishery products","https://www.eicindia.gov.in/WebApp1/pages/menuInfo/approvedCommoditiesList.xhtml?CT=FFP","EIC Approved Units - Fish & Fishery Products (FFP)","regulator","2026-02-09","EIC approved units list (FFP)","HIGH"
"934","expiry_date","08/04/2028","https://www.eicindia.gov.in/WebApp1/pages/menuInfo/approvedCommoditiesList.xhtml?CT=FFP","EIC Approved Units - Fish & Fishery Products (FFP)","regulator","2026-02-09","EIC approved units list (FFP)","HIGH"
"938","plant_name","HYSON EXPORTS PRIVATE LIMITED","https://www.eicindia.gov.in/WebApp1/pages/menuInfo/approvedCommoditiesList.xhtml?CT=FFP","EIC Approved Units - Fish & Fishery Products (FFP)","regulator","2026-02-09","EIC approved units list (FFP)","HIGH"
"938","address","Plot No. 6 & 7,APIIC Industrial Park,Kadalur Village,Sullurpet-524121,SPSR Nellore District,Andhra Pradesh","https://www.eicindia.gov.in/WebApp1/pages/menuInfo/approvedCommoditiesList.xhtml?CT=FFP","EIC Approved Units - Fish & Fishery Products (FFP)","regulator","2026-02-09","EIC approved units list (FFP)","HIGH"
"938","scope","No Changes in the scope","https://www.eicindia.gov.in/WebApp1/pages/menuInfo/approvedCommoditiesList.xhtml?CT=FFP","EIC Approved Units - Fish & Fishery Products (FFP)","regulator","2026-02-09","EIC approved units list (FFP)","HIGH"
"938","expiry_date","10/11/2027","https://www.eicindia.gov.in/WebApp1/pages/menuInfo/approvedCommoditiesList.xhtml?CT=FFP","EIC Approved Units - Fish & Fishery Products (FFP)","regulator","2026-02-09","EIC approved units list (FFP)","HIGH"
"939","plant_name","NILA SEA FOODS PVT LTD","https://www.eicindia.gov.in/WebApp1/pages/menuInfo/approvedCommoditiesList.xhtml?CT=FFP","EIC Approved Units - Fish & Fishery Products (FFP)","regulator","2026-02-09","EIC approved units list (FFP)","HIGH"
"939","address","137, PUDURPANDIAPURAM, TUTICORIN -628 002.","https://www.eicindia.gov.in/WebApp1/pages/menuInfo/approvedCommoditiesList.xhtml?CT=FFP","EIC Approved Units - Fish & Fishery Products (FFP)","regulator","2026-02-09","EIC approved units list (FFP)","HIGH"
"939","scope","FREEZING (IQF/ BLOCK) OF RAW/BLANCHED/COOKED FISH & FISHERY PRODUCTS (SEA CAUGHT & AQUACULTURE)","https://www.eicindia.gov.in/WebApp1/pages/menuInfo/approvedCommoditiesList.xhtml?CT=FFP","EIC Approved Units - Fish & Fishery Products (FFP)","regulator","2026-02-09","EIC approved units list (FFP)","HIGH"
"939","expiry_date","09/03/2026","https://www.eicindia.gov.in/WebApp1/pages/menuInfo/approvedCommoditiesList.xhtml?CT=FFP","EIC Approved Units - Fish & Fishery Products (FFP)","regulator","2026-02-09","EIC approved units list (FFP)","HIGH"
"940","plant_name","COASTAL CORPORATION LIMITED","https://www.eicindia.gov.in/WebApp1/pages/menuInfo/approvedCommoditiesList.xhtml?CT=FFP","EIC Approved Units - Fish & Fishery Products (FFP)","regulator","2026-02-09","EIC approved units list (FFP)","HIGH"
"940","address","Marikavalasa Village, Paradesipalem Panchayat, Chinagadili Mandal, Visakhapatnam-531163, Andhra Pradesh.","https://www.eicindia.gov.in/WebApp1/pages/menuInfo/approvedCommoditiesList.xhtml?CT=FFP","EIC Approved Units - Fish & Fishery Products (FFP)","regulator","2026-02-09","EIC approved units list (FFP)","HIGH"
"940","scope","Packing of Fresh/Chilled Fish & Fishery Products; Freezing of Raw, Skewered, Nobashi, Blanched, and Cooked Aquaculture and Sea-Caught Shrimps (IQF & Block)","https://www.eicindia.gov.in/WebApp1/pages/menuInfo/approvedCommoditiesList.xhtml?CT=FFP","EIC Approved Units - Fish & Fishery Products (FFP)","regulator","2026-02-09","EIC approved units list (FFP)","HIGH"
"940","expiry_date","17/06/2028","https://www.eicindia.gov.in/WebApp1/pages/menuInfo/approvedCommoditiesList.xhtml?CT=FFP","EIC Approved Units - Fish & Fishery Products (FFP)","regulator","2026-02-09","EIC approved units list (FFP)","HIGH"
"941","plant_name","THEVA & CO","https://www.eicindia.gov.in/WebApp1/pages/menuInfo/approvedCommoditiesList.xhtml?CT=FFP","EIC Approved Units - Fish & Fishery Products (FFP)","regulator","2026-02-09","EIC approved units list (FFP)","HIGH"
"941","address","5/55,                    SENTHILAMPANNAI, PUDUKOTTAI,                       TUTICORIN-628103","https://www.eicindia.gov.in/WebApp1/pages/menuInfo/approvedCommoditiesList.xhtml?CT=FFP","EIC Approved Units - Fish & Fishery Products (FFP)","regulator","2026-02-09","EIC approved units list (FFP)","HIGH"
"941","scope","PACKING OF FRESH /CHILLED FISH & FREEZING OF RAW FISH & FISHERY PRODUCTS.","https://www.eicindia.gov.in/WebApp1/pages/menuInfo/approvedCommoditiesList.xhtml?CT=FFP","EIC Approved Units - Fish & Fishery Products (FFP)","regulator","2026-02-09","EIC approved units list (FFP)","HIGH"
"941","expiry_date","23/06/2027","https://www.eicindia.gov.in/WebApp1/pages/menuInfo/approvedCommoditiesList.xhtml?CT=FFP","EIC Approved Units - Fish & Fishery Products (FFP)","regulator","2026-02-09","EIC approved units list (FFP)","HIGH"
"946","plant_name","SANDHYA MARINES LIMITED","https://www.eicindia.gov.in/WebApp1/pages/menuInfo/approvedCommoditiesList.xhtml?CT=FFP","EIC Approved Units - Fish & Fishery Products (FFP)","regulator","2026-02-09","EIC approved units list (FFP)","HIGH"
"946","address","Door No. 4-295, Poolapalli Village, Palakole Mandal, West Godavari District - 534261, Andhra Pradesh, India","https://www.eicindia.gov.in/WebApp1/pages/menuInfo/approvedCommoditiesList.xhtml?CT=FFP","EIC Approved Units - Fish & Fishery Products (FFP)","regulator","2026-02-09","EIC approved units list (FFP)","HIGH"
"946","scope","Freezing of Raw Fish and Fishery Products (Block & IQF), Freezing of Cooked Fish & Fishery Products - IQF","https://www.eicindia.gov.in/WebApp1/pages/menuInfo/approvedCommoditiesList.xhtml?CT=FFP","EIC Approved Units - Fish & Fishery Products (FFP)","regulator","2026-02-09","EIC approved units list (FFP)","HIGH"
"946","expiry_date","28/08/2027","https://www.eicindia.gov.in/WebApp1/pages/menuInfo/approvedCommoditiesList.xhtml?CT=FFP","EIC Approved Units - Fish & Fishery Products (FFP)","regulator","2026-02-09","EIC approved units list (FFP)","HIGH"
"950","plant_name","HANDY WATERBASE INDIA (P) LTD","https://www.eicindia.gov.in/WebApp1/pages/menuInfo/approvedCommoditiesList.xhtml?CT=FFP","EIC Approved Units - Fish & Fishery Products (FFP)","regulator","2026-02-09","EIC approved units list (FFP)","HIGH"
"950","address","Plot No.C-3 SIPCOT INDUSTRIAL COMPLEX,MADATHUR,TUTICORIN -628008","https://www.eicindia.gov.in/WebApp1/pages/menuInfo/approvedCommoditiesList.xhtml?CT=FFP","EIC Approved Units - Fish & Fishery Products (FFP)","regulator","2026-02-09","EIC approved units list (FFP)","HIGH"
"950","scope","Processing and packing of pasteurized chilled crabmeat in Hermatically sealed cans","https://www.eicindia.gov.in/WebApp1/pages/menuInfo/approvedCommoditiesList.xhtml?CT=FFP","EIC Approved Units - Fish & Fishery Products (FFP)","regulator","2026-02-09","EIC approved units list (FFP)","HIGH"
"950","expiry_date","27/02/2028","https://www.eicindia.gov.in/WebApp1/pages/menuInfo/approvedCommoditiesList.xhtml?CT=FFP","EIC Approved Units - Fish & Fishery Products (FFP)","regulator","2026-02-09","EIC approved units list (FFP)","HIGH"
"955","plant_name","KADER EXPORTS PRIVATE LIMITED","https://www.eicindia.gov.in/WebApp1/pages/menuInfo/approvedCommoditiesList.xhtml?CT=FFP","EIC Approved Units - Fish & Fishery Products (FFP)","regulator","2026-02-09","EIC approved units list (FFP)","HIGH"
"955","address","D. No. 1-3/1 to 6, Gollalakoderu, Palakoderu (M), Bhimavaram, West Godavari District, Andhra Pradesh- 534202","https://www.eicindia.gov.in/WebApp1/pages/menuInfo/approvedCommoditiesList.xhtml?CT=FFP","EIC Approved Units - Fish & Fishery Products (FFP)","regulator","2026-02-09","EIC approved units list (FFP)","HIGH"
"955","scope","Freezing of Raw Fish & Fishery Products (Block/IQF) and Freezing of Blanched/Cooked Fish and Fishery Products (IQF)- Shrimps (Aquaculture)","https://www.eicindia.gov.in/WebApp1/pages/menuInfo/approvedCommoditiesList.xhtml?CT=FFP","EIC Approved Units - Fish & Fishery Products (FFP)","regulator","2026-02-09","EIC approved units list (FFP)","HIGH"
"955","expiry_date","01/07/2027","https://www.eicindia.gov.in/WebApp1/pages/menuInfo/approvedCommoditiesList.xhtml?CT=FFP","EIC Approved Units - Fish & Fishery Products (FFP)","regulator","2026-02-09","EIC approved units list (FFP)","HIGH"
"959","plant_name","EDHAYAM FROZEN FOODS PVT.LTD.","https://www.eicindia.gov.in/WebApp1/pages/menuInfo/approvedCommoditiesList.xhtml?CT=FFP","EIC Approved Units - Fish & Fishery Products (FFP)","regulator","2026-02-09","EIC approved units list (FFP)","HIGH"
"959","address","4/91-A&B, MARAVANMADAM VILLAGE, PUDUKOTTAI, TUTICORIN 628103, TAMILNADU.","https://www.eicindia.gov.in/WebApp1/pages/menuInfo/approvedCommoditiesList.xhtml?CT=FFP","EIC Approved Units - Fish & Fishery Products (FFP)","regulator","2026-02-09","EIC approved units list (FFP)","HIGH"
"959","scope","Packing of Fresh/ Chilled Fishery Products and Freezing of Raw Fish & Fishery Products (Block/ Individually Frozen/ IQF)- Fishes (Histamine & Non-Histamine forming), Crustaceans- Shrimps (Aquaculture/ Sea caught/ wild caught), Crabs (Aquaculture/ Sea caught), Lobsters (Sea caught) & Cephalopods","https://www.eicindia.gov.in/WebApp1/pages/menuInfo/approvedCommoditiesList.xhtml?CT=FFP","EIC Approved Units - Fish & Fishery Products (FFP)","regulator","2026-02-09","EIC approved units list (FFP)","HIGH"
"959","expiry_date","19/06/2027","https://www.eicindia.gov.in/WebApp1/pages/menuInfo/approvedCommoditiesList.xhtml?CT=FFP","EIC Approved Units - Fish & Fishery Products (FFP)","regulator","2026-02-09","EIC approved units list (FFP)","HIGH"
"975","plant_name","KADER EXPORTS PRIVATE LIMITED UNIT 04","https://www.eicindia.gov.in/WebApp1/pages/menuInfo/approvedCommoditiesList.xhtml?CT=FFP","EIC Approved Units - Fish & Fishery Products (FFP)","regulator","2026-02-09","EIC approved units list (FFP)","HIGH"
"975","address","2/91, PATTINAMARUTHUR VILLAGE, THARUVAIKULAM POST, TUTICORIN - 628105, TAMIL NADU.","https://www.eicindia.gov.in/WebApp1/pages/menuInfo/approvedCommoditiesList.xhtml?CT=FFP","EIC Approved Units - Fish & Fishery Products (FFP)","regulator","2026-02-09","EIC approved units list (FFP)","HIGH"
"975","scope","Old Scope:
Packing of Fresh/ Chilled Fish & Fishery Products and Freezing of Raw/ Cooked Frozen Fish & Fishery Products(IQF/ Block/ Blast)
New Scope Recommended:
Freezing and Packing of Raw/ Cooked Frozen Fish & Fishery Products(IQF/ Block/ Blast)
(New Scope Recommended as per the processor request letter dated 22.04.2025 to revise the scope) Letter attached as Annexure A.","https://www.eicindia.gov.in/WebApp1/pages/menuInfo/approvedCommoditiesList.xhtml?CT=FFP","EIC Approved Units - Fish & Fishery Products (FFP)","regulator","2026-02-09","EIC approved units list (FFP)","HIGH"
"975","expiry_date","26/06/2028","https://www.eicindia.gov.in/WebApp1/pages/menuInfo/approvedCommoditiesList.xhtml?CT=FFP","EIC Approved Units - Fish & Fishery Products (FFP)","regulator","2026-02-09","EIC approved units list (FFP)","HIGH"
"976","plant_name","KADER EXPORTS PRIVATE LIMITED, Unit 03","https://www.eicindia.gov.in/WebApp1/pages/menuInfo/approvedCommoditiesList.xhtml?CT=FFP","EIC Approved Units - Fish & Fishery Products (FFP)","regulator","2026-02-09","EIC approved units list (FFP)","HIGH"
"976","address",""A" Block I.D.A, Autonagar, Visakhapatnam, Andhra Pradesh-530012, India","https://www.eicindia.gov.in/WebApp1/pages/menuInfo/approvedCommoditiesList.xhtml?CT=FFP","EIC Approved Units - Fish & Fishery Products (FFP)","regulator","2026-02-09","EIC approved units list (FFP)","HIGH"
"976","scope","Packing of Raw Fish & Fishery Products (Block) - Shrimps (Aquaculture/Sea caught)","https://www.eicindia.gov.in/WebApp1/pages/menuInfo/approvedCommoditiesList.xhtml?CT=FFP","EIC Approved Units - Fish & Fishery Products (FFP)","regulator","2026-02-09","EIC approved units list (FFP)","HIGH"
"976","expiry_date","02/08/2027","https://www.eicindia.gov.in/WebApp1/pages/menuInfo/approvedCommoditiesList.xhtml?CT=FFP","EIC Approved Units - Fish & Fishery Products (FFP)","regulator","2026-02-09","EIC approved units list (FFP)","HIGH"
"990","plant_name","DEVI FISHERIES LIMITED","https://www.eicindia.gov.in/WebApp1/pages/menuInfo/approvedCommoditiesList.xhtml?CT=FFP","EIC Approved Units - Fish & Fishery Products (FFP)","regulator","2026-02-09","EIC approved units list (FFP)","HIGH"
"990","address","2-159, APSP Camp, Panasapadu, Kakinada-533005, Andhra Pradesh","https://www.eicindia.gov.in/WebApp1/pages/menuInfo/approvedCommoditiesList.xhtml?CT=FFP","EIC Approved Units - Fish & Fishery Products (FFP)","regulator","2026-02-09","EIC approved units list (FFP)","HIGH"
"990","scope","Freezing of Raw /Blanched Shrimps - IQF/Block.
Freezing of Cooked Shrimps - IQF
Shrimps (Sea caught & Aquaculture)","https://www.eicindia.gov.in/WebApp1/pages/menuInfo/approvedCommoditiesList.xhtml?CT=FFP","EIC Approved Units - Fish & Fishery Products (FFP)","regulator","2026-02-09","EIC approved units list (FFP)","HIGH"
"990","expiry_date","07/03/2027","https://www.eicindia.gov.in/WebApp1/pages/menuInfo/approvedCommoditiesList.xhtml?CT=FFP","EIC Approved Units - Fish & Fishery Products (FFP)","regulator","2026-02-09","EIC approved units list (FFP)","HIGH"
"CHE/FFP/02728","plant_name","Sandhya Aqua Exports Pvt. Ltd., Unit-II","https://www.eicindia.gov.in/WebApp1/pages/menuInfo/approvedCommoditiesList.xhtml?CT=FFP","EIC Approved Units - Fish & Fishery Products (FFP)","regulator","2026-02-09","EIC approved units list (FFP)","HIGH"
"CHE/FFP/02728","address","NH-65, Kurumaddali Village, Pamarru Post & Mandal Krishna District, Andhra Pradesh - 521157","https://www.eicindia.gov.in/WebApp1/pages/menuInfo/approvedCommoditiesList.xhtml?CT=FFP","EIC Approved Units - Fish & Fishery Products (FFP)","regulator","2026-02-09","EIC approved units list (FFP)","HIGH"
"CHE/FFP/02728","scope","Freezing of Raw Fish & Fishery Products (IQF & Block), Freezing of Cooked Fish & Fishery Products (IQF)","https://www.eicindia.gov.in/WebApp1/pages/menuInfo/approvedCommoditiesList.xhtml?CT=FFP","EIC Approved Units - Fish & Fishery Products (FFP)","regulator","2026-02-09","EIC approved units list (FFP)","HIGH"
"CHE/FFP/02728","expiry_date","30/11/2027","https://www.eicindia.gov.in/WebApp1/pages/menuInfo/approvedCommoditiesList.xhtml?CT=FFP","EIC Approved Units - Fish & Fishery Products (FFP)","regulator","2026-02-09","EIC approved units list (FFP)","HIGH"
"CHE/FFP/02741","plant_name","GODAVARI MEGA AQUA  FOOD PARK  PRIVATE LIMITED","https://www.eicindia.gov.in/WebApp1/pages/menuInfo/approvedCommoditiesList.xhtml?CT=FFP","EIC Approved Units - Fish & Fishery Products (FFP)","regulator","2026-02-09","EIC approved units list (FFP)","HIGH"
"CHE/FFP/02741","address","R.S. No. 799,Tundurru Village,
Bhimavaram Mandal,West Godavari District,Andhra Pradesh,India,PIN-534207.","https://www.eicindia.gov.in/WebApp1/pages/menuInfo/approvedCommoditiesList.xhtml?CT=FFP","EIC Approved Units - Fish & Fishery Products (FFP)","regulator","2026-02-09","EIC approved units list (FFP)","HIGH"
"CHE/FFP/02741","scope","RAW, COOKED, MARINATED AND BREADED FROZEN FISH & FISHERY PRODUCTS AND PACKING OF FRESH/CHILLED FISH & FISHERY PRODUCTS","https://www.eicindia.gov.in/WebApp1/pages/menuInfo/approvedCommoditiesList.xhtml?CT=FFP","EIC Approved Units - Fish & Fishery Products (FFP)","regulator","2026-02-09","EIC approved units list (FFP)","HIGH"
"CHE/FFP/02741","expiry_date","21/12/2027","https://www.eicindia.gov.in/WebApp1/pages/menuInfo/approvedCommoditiesList.xhtml?CT=FFP","EIC Approved Units - Fish & Fishery Products (FFP)","regulator","2026-02-09","EIC approved units list (FFP)","HIGH"
"CHE/FFP/02744","plant_name","MOURYA AQUEX PRIVATE LIMITED","https://www.eicindia.gov.in/WebApp1/pages/menuInfo/approvedCommoditiesList.xhtml?CT=FFP","EIC Approved Units - Fish & Fishery Products (FFP)","regulator","2026-02-09","EIC approved units list (FFP)","HIGH"
"CHE/FFP/02744","address","1-330/1, Komarada Road, Rayalam Village, Bhimavaram-534208, West Godavari District, Andhra Pradesh, India","https://www.eicindia.gov.in/WebApp1/pages/menuInfo/approvedCommoditiesList.xhtml?CT=FFP","EIC Approved Units - Fish & Fishery Products (FFP)","regulator","2026-02-09","EIC approved units list (FFP)","HIGH"
"CHE/FFP/02744","scope","Freezing of Raw, Blanched and Cooked Fish & Fishery products(IQF & Block)","https://www.eicindia.gov.in/WebApp1/pages/menuInfo/approvedCommoditiesList.xhtml?CT=FFP","EIC Approved Units - Fish & Fishery Products (FFP)","regulator","2026-02-09","EIC approved units list (FFP)","HIGH"
"CHE/FFP/02744","expiry_date","30/11/2027","https://www.eicindia.gov.in/WebApp1/pages/menuInfo/approvedCommoditiesList.xhtml?CT=FFP","EIC Approved Units - Fish & Fishery Products (FFP)","regulator","2026-02-09","EIC approved units list (FFP)","HIGH"
"CHE/FFP/02749","plant_name","JENEFA INDIA","https://www.eicindia.gov.in/WebApp1/pages/menuInfo/approvedCommoditiesList.xhtml?CT=FFP","EIC Approved Units - Fish & Fishery Products (FFP)","regulator","2026-02-09","EIC approved units list (FFP)","HIGH"
"CHE/FFP/02749","address","SY.NO.764/1,2,3, VADAKKU KARACHERI VILLAGE, SRIVAIKUNDAM, TUTICORIN District-628601, TAMIL NADU.","https://www.eicindia.gov.in/WebApp1/pages/menuInfo/approvedCommoditiesList.xhtml?CT=FFP","EIC Approved Units - Fish & Fishery Products (FFP)","regulator","2026-02-09","EIC approved units list (FFP)","HIGH"
"CHE/FFP/02749","scope","PRODUCTION OF FISH MEAL, FISH OIL, FISH SOLUBLE & FISH SILAGE (NOT FIT FOR HUMAN CONSUMPTION)","https://www.eicindia.gov.in/WebApp1/pages/menuInfo/approvedCommoditiesList.xhtml?CT=FFP","EIC Approved Units - Fish & Fishery Products (FFP)","regulator","2026-02-09","EIC approved units list (FFP)","HIGH"
"CHE/FFP/02749","expiry_date","04/02/2028","https://www.eicindia.gov.in/WebApp1/pages/menuInfo/approvedCommoditiesList.xhtml?CT=FFP","EIC Approved Units - Fish & Fishery Products (FFP)","regulator","2026-02-09","EIC approved units list (FFP)","HIGH"
"CHE/FFP/02753","plant_name","NK MARINE EXPORTS LLP","https://www.eicindia.gov.in/WebApp1/pages/menuInfo/approvedCommoditiesList.xhtml?CT=FFP","EIC Approved Units - Fish & Fishery Products (FFP)","regulator","2026-02-09","EIC approved units list (FFP)","HIGH"
"CHE/FFP/02753","address","Survey No. 750, Dosapadu Puntha Road, Duvva Village, Tanuka Mandal, West Godavari District-534211, Andhra Pradesh, India","https://www.eicindia.gov.in/WebApp1/pages/menuInfo/approvedCommoditiesList.xhtml?CT=FFP","EIC Approved Units - Fish & Fishery Products (FFP)","regulator","2026-02-09","EIC approved units list (FFP)","HIGH"
"CHE/FFP/02753","scope","FREEZING OF RAW FISH & FISHERY PRODUCTS (BLOCK & IQF) AQUACULTURE SHRIMPS","https://www.eicindia.gov.in/WebApp1/pages/menuInfo/approvedCommoditiesList.xhtml?CT=FFP","EIC Approved Units - Fish & Fishery Products (FFP)","regulator","2026-02-09","EIC approved units list (FFP)","HIGH"
"CHE/FFP/02753","expiry_date","15/12/2027","https://www.eicindia.gov.in/WebApp1/pages/menuInfo/approvedCommoditiesList.xhtml?CT=FFP","EIC Approved Units - Fish & Fishery Products (FFP)","regulator","2026-02-09","EIC approved units list (FFP)","HIGH"
"CHE/FFP/02784","plant_name","M/s. Satish Marine Exim Private Limited","https://www.eicindia.gov.in/WebApp1/pages/menuInfo/approvedCommoditiesList.xhtml?CT=FFP","EIC Approved Units - Fish & Fishery Products (FFP)","regulator","2026-02-09","EIC approved units list (FFP)","HIGH"
"CHE/FFP/02784","address","Dammanavaripalem Village & Post, Karlapalem Mandal, Guntur District-522111, Andhra Pradesh","https://www.eicindia.gov.in/WebApp1/pages/menuInfo/approvedCommoditiesList.xhtml?CT=FFP","EIC Approved Units - Fish & Fishery Products (FFP)","regulator","2026-02-09","EIC approved units list (FFP)","HIGH"
"CHE/FFP/02784","scope","Freezing of Raw Fish & Fishery Products (Block, IQF, Brine IQF) (Aquaculture and Sea Caught Shrimps only)","https://www.eicindia.gov.in/WebApp1/pages/menuInfo/approvedCommoditiesList.xhtml?CT=FFP","EIC Approved Units - Fish & Fishery Products (FFP)","regulator","2026-02-09","EIC approved units list (FFP)","HIGH"
"CHE/FFP/02784","expiry_date","27/01/2028","https://www.eicindia.gov.in/WebApp1/pages/menuInfo/approvedCommoditiesList.xhtml?CT=FFP","EIC Approved Units - Fish & Fishery Products (FFP)","regulator","2026-02-09","EIC approved units list (FFP)","HIGH"
"CHE/FFP/02832","plant_name","Monsoon Bounty Foods Manufacturing Private Limited","https://www.eicindia.gov.in/WebApp1/pages/menuInfo/approvedCommoditiesList.xhtml?CT=FFP","EIC Approved Units - Fish & Fishery Products (FFP)","regulator","2026-02-09","EIC approved units list (FFP)","HIGH"
"CHE/FFP/02832","address","Plot No,99,SIPCOT Industrial Estate, EPIP Zone, Gummidipoondi-601201,Thriruvallur, Tamil Nadu","https://www.eicindia.gov.in/WebApp1/pages/menuInfo/approvedCommoditiesList.xhtml?CT=FFP","EIC Approved Units - Fish & Fishery Products (FFP)","regulator","2026-02-09","EIC approved units list (FFP)","HIGH"
"CHE/FFP/02832","scope","Packing of Fresh/Chilled Fish&Fishery Products and Raw Frozen Fish & Fishery Products(IQF/Block/IF)","https://www.eicindia.gov.in/WebApp1/pages/menuInfo/approvedCommoditiesList.xhtml?CT=FFP","EIC Approved Units - Fish & Fishery Products (FFP)","regulator","2026-02-09","EIC approved units list (FFP)","HIGH"
"CHE/FFP/02832","expiry_date","11/03/2028","https://www.eicindia.gov.in/WebApp1/pages/menuInfo/approvedCommoditiesList.xhtml?CT=FFP","EIC Approved Units - Fish & Fishery Products (FFP)","regulator","2026-02-09","EIC approved units list (FFP)","HIGH"
"CHE/FFP/02833","plant_name","DANICA AQUA EXPORTS PRIVATE LIMITED","https://www.eicindia.gov.in/WebApp1/pages/menuInfo/approvedCommoditiesList.xhtml?CT=FFP","EIC Approved Units - Fish & Fishery Products (FFP)","regulator","2026-02-09","EIC approved units list (FFP)","HIGH"
"CHE/FFP/02833","address","Survey No. 4/10 to 4/19, Yerukonda Village, Poosapatirega Mandal-535213, Vizianagaram District, India","https://www.eicindia.gov.in/WebApp1/pages/menuInfo/approvedCommoditiesList.xhtml?CT=FFP","EIC Approved Units - Fish & Fishery Products (FFP)","regulator","2026-02-09","EIC approved units list (FFP)","HIGH"
"CHE/FFP/02833","scope","Packing of Fresh/ Chilled Fish & Fishery Products, Freezing of Raw Fish & Fishery Products (IQF/Block/IF) (Aquaculture & Seacaught shrimps, Cephalopods, Histamine & Non-Histamine forming fishes)","https://www.eicindia.gov.in/WebApp1/pages/menuInfo/approvedCommoditiesList.xhtml?CT=FFP","EIC Approved Units - Fish & Fishery Products (FFP)","regulator","2026-02-09","EIC approved units list (FFP)","HIGH"
"CHE/FFP/02833","expiry_date","29/04/2028","https://www.eicindia.gov.in/WebApp1/pages/menuInfo/approvedCommoditiesList.xhtml?CT=FFP","EIC Approved Units - Fish & Fishery Products (FFP)","regulator","2026-02-09","EIC approved units list (FFP)","HIGH"
"CHE/FFP/02845","plant_name","FINLEY MARINE PRODUCTS","https://www.eicindia.gov.in/WebApp1/pages/menuInfo/approvedCommoditiesList.xhtml?CT=FFP","EIC Approved Units - Fish & Fishery Products (FFP)","regulator","2026-02-09","EIC approved units list (FFP)","HIGH"
"CHE/FFP/02845","address","SF No: 372/2 Sanganeri-Uralvoimozhi Road, Irrukanthurai Village Part-II, Nakkaneri Post-627111, Radhapuram (TK), Tirunelveli (DT) Tamil Nadu","https://www.eicindia.gov.in/WebApp1/pages/menuInfo/approvedCommoditiesList.xhtml?CT=FFP","EIC Approved Units - Fish & Fishery Products (FFP)","regulator","2026-02-09","EIC approved units list (FFP)","HIGH"
"CHE/FFP/02845","scope","Production of Steam Dried Fish Meal, Fish Oil and Fish Soluble Paste (Not For Human Consumption)","https://www.eicindia.gov.in/WebApp1/pages/menuInfo/approvedCommoditiesList.xhtml?CT=FFP","EIC Approved Units - Fish & Fishery Products (FFP)","regulator","2026-02-09","EIC approved units list (FFP)","HIGH"
"CHE/FFP/02845","expiry_date","11/05/2028","https://www.eicindia.gov.in/WebApp1/pages/menuInfo/approvedCommoditiesList.xhtml?CT=FFP","EIC Approved Units - Fish & Fishery Products (FFP)","regulator","2026-02-09","EIC approved units list (FFP)","HIGH"
"CHE/FFP/02852","plant_name","HAMEED MARINE PRIVATE LIMITED","https://www.eicindia.gov.in/WebApp1/pages/menuInfo/approvedCommoditiesList.xhtml?CT=FFP","EIC Approved Units - Fish & Fishery Products (FFP)","regulator","2026-02-09","EIC approved units list (FFP)","HIGH"
"CHE/FFP/02852","address","Door no:2/1-D.S.No: 886/3C, Irrukandurai Village, Radhapuram taluk, Tirunelveli District- 627106, Tamil Nadu (India)","https://www.eicindia.gov.in/WebApp1/pages/menuInfo/approvedCommoditiesList.xhtml?CT=FFP","EIC Approved Units - Fish & Fishery Products (FFP)","regulator","2026-02-09","EIC approved units list (FFP)","HIGH"
"CHE/FFP/02852","scope","Production of Steam Dried Fish Meal and Fish Oil (Not Fit For Human Consumption)","https://www.eicindia.gov.in/WebApp1/pages/menuInfo/approvedCommoditiesList.xhtml?CT=FFP","EIC Approved Units - Fish & Fishery Products (FFP)","regulator","2026-02-09","EIC approved units list (FFP)","HIGH"
"CHE/FFP/02852","expiry_date","19/05/2028","https://www.eicindia.gov.in/WebApp1/pages/menuInfo/approvedCommoditiesList.xhtml?CT=FFP","EIC Approved Units - Fish & Fishery Products (FFP)","regulator","2026-02-09","EIC approved units list (FFP)","HIGH"
"Conditional Approval No.1983","plant_name","N G EXPORTS INTERNATIONAL","https://www.eicindia.gov.in/WebApp1/pages/menuInfo/approvedCommoditiesList.xhtml?CT=FFP","EIC Approved Units - Fish & Fishery Products (FFP)","regulator","2026-02-09","EIC approved units list (FFP)","HIGH"
"Conditional Approval No.1983","address","S.NO.4/3,4/2,3/2,VAJRAPUKOD
URU ROAD,KATHIPUDI (V),
SANKHAVARAM (M), KAKINADA
DIST, PIN. 533444, ANDHRA
PRADESH, INDIA.","https://www.eicindia.gov.in/WebApp1/pages/menuInfo/approvedCommoditiesList.xhtml?CT=FFP","EIC Approved Units - Fish & Fishery Products (FFP)","regulator","2026-02-09","EIC approved units list (FFP)","HIGH"
"Conditional Approval No.1983","scope","Freezing of Raw Fish & Fishery Products
(Blast ,Block & IQF)","https://www.eicindia.gov.in/WebApp1/pages/menuInfo/approvedCommoditiesList.xhtml?CT=FFP","EIC Approved Units - Fish & Fishery Products (FFP)","regulator","2026-02-09","EIC approved units list (FFP)","HIGH"
"Conditional Approval No.1983","expiry_date","04/02/2028","https://www.eicindia.gov.in/WebApp1/pages/menuInfo/approvedCommoditiesList.xhtml?CT=FFP","EIC Approved Units - Fish & Fishery Products (FFP)","regulator","2026-02-09","EIC approved units list (FFP)","HIGH"
"Conditional Approval No.1986","plant_name","CASTLEROCK FISHERIES PRIVATE LIMITED","https://www.eicindia.gov.in/WebApp1/pages/menuInfo/approvedCommoditiesList.xhtml?CT=FFP","EIC Approved Units - Fish & Fishery Products (FFP)","regulator","2026-02-09","EIC approved units list (FFP)","HIGH"
"Conditional Approval No.1986","address","Sy No: 85-1, 85-2, 85-3, 85-4,85-5, 85-6, 86-1A, 86-1B, 86-1D, 86-2, 86-3, 86-4, 86-5A, 86-5B, 86-6, Maddali (V), Kota (M), SPSR Nellore District,  Andhra Pradesh, India. 524410.","https://www.eicindia.gov.in/WebApp1/pages/menuInfo/approvedCommoditiesList.xhtml?CT=FFP","EIC Approved Units - Fish & Fishery Products (FFP)","regulator","2026-02-09","EIC approved units list (FFP)","HIGH"
"Conditional Approval No.1986","scope","Freezing of Raw  Fish & Fishery Products(Block & IQF )Aquaculture shrimps, sea caught shrimps and cephalopods.","https://www.eicindia.gov.in/WebApp1/pages/menuInfo/approvedCommoditiesList.xhtml?CT=FFP","EIC Approved Units - Fish & Fishery Products (FFP)","regulator","2026-02-09","EIC approved units list (FFP)","HIGH"
"Conditional Approval No.1986","expiry_date","05/05/2028","https://www.eicindia.gov.in/WebApp1/pages/menuInfo/approvedCommoditiesList.xhtml?CT=FFP","EIC Approved Units - Fish & Fishery Products (FFP)","regulator","2026-02-09","EIC approved units list (FFP)","HIGH"
"Conditional approval No.1982","plant_name","M/s. RAJYALAKSHMI MARINE EXPORTS","https://www.eicindia.gov.in/WebApp1/pages/menuInfo/approvedCommoditiesList.xhtml?CT=FFP","EIC Approved Units - Fish & Fishery Products (FFP)","regulator","2026-02-09","EIC approved units list (FFP)","HIGH"
"Conditional approval No.1982","address","SURVEY NO. 105-1, 105-2, 105-4A, MAMIDADA VILLAGE, JAGGAMPETA MANDAL, KAKINADA DISTRICT - 533435, ANDHRA PRADESH, INDIA.","https://www.eicindia.gov.in/WebApp1/pages/menuInfo/approvedCommoditiesList.xhtml?CT=FFP","EIC Approved Units - Fish & Fishery Products (FFP)","regulator","2026-02-09","EIC approved units list (FFP)","HIGH"
"Conditional approval No.1982","scope","Freezing of Raw Fish & Fishery Products (IQF & Block Frozen) (Aquacutured and Seacaught crustaceans)","https://www.eicindia.gov.in/WebApp1/pages/menuInfo/approvedCommoditiesList.xhtml?CT=FFP","EIC Approved Units - Fish & Fishery Products (FFP)","regulator","2026-02-09","EIC approved units list (FFP)","HIGH"
"Conditional approval No.1982","expiry_date","03/02/2028","https://www.eicindia.gov.in/WebApp1/pages/menuInfo/approvedCommoditiesList.xhtml?CT=FFP","EIC Approved Units - Fish & Fishery Products (FFP)","regulator","2026-02-09","EIC approved units list (FFP)","HIGH"
"Conditional approval no.1989","plant_name","GOKULAM MARINE EXPORT PRIVATE LIMITED","https://www.eicindia.gov.in/WebApp1/pages/menuInfo/approvedCommoditiesList.xhtml?CT=FFP","EIC Approved Units - Fish & Fishery Products (FFP)","regulator","2026-02-09","EIC approved units list (FFP)","HIGH"
"Conditional approval no.1989","address","PLOT NO B-11 TO B-16, B-22 TO B-26, SP B-27, B-21 (PARTLY) PIPDIC INDUSTRIAL ESTATE PHASE-1, SEDARAPET PUDUCHERRY  - 605 111","https://www.eicindia.gov.in/WebApp1/pages/menuInfo/approvedCommoditiesList.xhtml?CT=FFP","EIC Approved Units - Fish & Fishery Products (FFP)","regulator","2026-02-09","EIC approved units list (FFP)","HIGH"
"Conditional approval no.1989","scope","Processing and Packing of Chilled Pasteurized Crab Meat (Sea Caught & Wild Caught) in Hermetically Sealed Cans and Plastic cups for exports to all countries excluding “CU &uncooked Prawns to Australia","https://www.eicindia.gov.in/WebApp1/pages/menuInfo/approvedCommoditiesList.xhtml?CT=FFP","EIC Approved Units - Fish & Fishery Products (FFP)","regulator","2026-02-09","EIC approved units list (FFP)","HIGH"
"Conditional approval no.1989","expiry_date","26/05/2028","https://www.eicindia.gov.in/WebApp1/pages/menuInfo/approvedCommoditiesList.xhtml?CT=FFP","EIC Approved Units - Fish & Fishery Products (FFP)","regulator","2026-02-09","EIC approved units list (FFP)","HIGH"
"Fresh Approval","plant_name","AL-KHAJA FREEZING PRIVATE LIMITED","https://www.eicindia.gov.in/WebApp1/pages/menuInfo/approvedCommoditiesList.xhtml?CT=FFP","EIC Approved Units - Fish & Fishery Products (FFP)","regulator","2026-02-09","EIC approved units list (FFP)","HIGH"
"Fresh Approval","address","VILL-MOHISGODI, P.O- MUDIAHAT, P.S- SHASAN, DIST- NORTH 24 PARGANAS, KOL-700128
WEST BENGAL","https://www.eicindia.gov.in/WebApp1/pages/menuInfo/approvedCommoditiesList.xhtml?CT=FFP","EIC Approved Units - Fish & Fishery Products (FFP)","regulator","2026-02-09","EIC approved units list (FFP)","HIGH"
"Fresh Approval","scope","RAW, FROZEN (BLOCK FROZEN, BLAST FROZEN & IQF), FRESH & CHILLED FISH & FISHERY PRODUCT.","https://www.eicindia.gov.in/WebApp1/pages/menuInfo/approvedCommoditiesList.xhtml?CT=FFP","EIC Approved Units - Fish & Fishery Products (FFP)","regulator","2026-02-09","EIC approved units list (FFP)","HIGH"
"Fresh Approval","expiry_date","18/02/2028","https://www.eicindia.gov.in/WebApp1/pages/menuInfo/approvedCommoditiesList.xhtml?CT=FFP","EIC Approved Units - Fish & Fishery Products (FFP)","regulator","2026-02-09","EIC approved units list (FFP)","HIGH"
"KOC/FFP/02587","plant_name","Nettos Marine Exports","https://www.eicindia.gov.in/WebApp1/pages/menuInfo/approvedCommoditiesList.xhtml?CT=FFP","EIC Approved Units - Fish & Fishery Products (FFP)","regulator","2026-02-09","EIC approved units list (FFP)","HIGH"
"KOC/FFP/02587","address","V/551, Neendakara, Kollam, Kerala, India, Pin -691582","https://www.eicindia.gov.in/WebApp1/pages/menuInfo/approvedCommoditiesList.xhtml?CT=FFP","EIC Approved Units - Fish & Fishery Products (FFP)","regulator","2026-02-09","EIC approved units list (FFP)","HIGH"
"KOC/FFP/02587","scope","Freezing of Raw Fish & Fishery Products - Fishes ( Histamine & Non – Histamine Forming), Shrimps (Sea caught only)  & Cephalopods","https://www.eicindia.gov.in/WebApp1/pages/menuInfo/approvedCommoditiesList.xhtml?CT=FFP","EIC Approved Units - Fish & Fishery Products (FFP)","regulator","2026-02-09","EIC approved units list (FFP)","HIGH"
"KOC/FFP/02587","expiry_date","21/07/2027","https://www.eicindia.gov.in/WebApp1/pages/menuInfo/approvedCommoditiesList.xhtml?CT=FFP","EIC Approved Units - Fish & Fishery Products (FFP)","regulator","2026-02-09","EIC approved units list (FFP)","HIGH"
"KOC/FFP/02694","plant_name","Beloorbayir Biotech Ltd.","https://www.eicindia.gov.in/WebApp1/pages/menuInfo/approvedCommoditiesList.xhtml?CT=FFP","EIC Approved Units - Fish & Fishery Products (FFP)","regulator","2026-02-09","EIC approved units list (FFP)","HIGH"
"KOC/FFP/02694","address","10,13th Crioss, 34th Ward37th Main, DoddannaIndustrial Estate, NearPeenya 2nd Stage,Bangalore 560091","https://www.eicindia.gov.in/WebApp1/pages/menuInfo/approvedCommoditiesList.xhtml?CT=FFP","EIC Approved Units - Fish & Fishery Products (FFP)","regulator","2026-02-09","EIC approved units list (FFP)","HIGH"
"KOC/FFP/02694","scope","Processing of Glucosamine Hydrocloride,Glucosamine Sulfate Pottassium Chloride Glucosamine Sulfate Sodium Chloride","https://www.eicindia.gov.in/WebApp1/pages/menuInfo/approvedCommoditiesList.xhtml?CT=FFP","EIC Approved Units - Fish & Fishery Products (FFP)","regulator","2026-02-09","EIC approved units list (FFP)","HIGH"
"KOC/FFP/02694","expiry_date","14/09/2027","https://www.eicindia.gov.in/WebApp1/pages/menuInfo/approvedCommoditiesList.xhtml?CT=FFP","EIC Approved Units - Fish & Fishery Products (FFP)","regulator","2026-02-09","EIC approved units list (FFP)","HIGH"
"KOC/FFP/02701","plant_name","GADRE MARINE EXPORT PRIVATE LIMITED - BRANCH 9","https://www.eicindia.gov.in/WebApp1/pages/menuInfo/approvedCommoditiesList.xhtml?CT=FFP","EIC Approved Units - Fish & Fishery Products (FFP)","regulator","2026-02-09","EIC approved units list (FFP)","HIGH"
"KOC/FFP/02701","address","Surimi Unit, Plot No. IP-32 & IP-33, Mangalore Special Economic Zone, Bajpe Post & Village, Mangaluru Taluk, Dakshina Kannada District-574142, Karnataka, India.","https://www.eicindia.gov.in/WebApp1/pages/menuInfo/approvedCommoditiesList.xhtml?CT=FFP","EIC Approved Units - Fish & Fishery Products (FFP)","regulator","2026-02-09","EIC approved units list (FFP)","HIGH"
"KOC/FFP/02701","scope","Manufacturing of Frozen Surimi (Fish Paste)-Block Frozen onlyFishes – (Histamine & Non-Histamine forming)","https://www.eicindia.gov.in/WebApp1/pages/menuInfo/approvedCommoditiesList.xhtml?CT=FFP","EIC Approved Units - Fish & Fishery Products (FFP)","regulator","2026-02-09","EIC approved units list (FFP)","HIGH"
"KOC/FFP/02701","expiry_date","09/10/2027","https://www.eicindia.gov.in/WebApp1/pages/menuInfo/approvedCommoditiesList.xhtml?CT=FFP","EIC Approved Units - Fish & Fishery Products (FFP)","regulator","2026-02-09","EIC approved units list (FFP)","HIGH"
"KOC/FFP/02702","plant_name","GADRE MARINE EXPORT PRIVATE LIMITED - BRANCH 8","https://www.eicindia.gov.in/WebApp1/pages/menuInfo/approvedCommoditiesList.xhtml?CT=FFP","EIC Approved Units - Fish & Fishery Products (FFP)","regulator","2026-02-09","EIC approved units list (FFP)","HIGH"
"KOC/FFP/02702","address","Fish Meal & Fish Oil Unit, Plot No.IP-32 &IP-33, Mangalore Special Economic Zone, Bajpe Post & Village, Mangaluru Taluk, Dakshina Kannada District-574142, Karnataka, India.","https://www.eicindia.gov.in/WebApp1/pages/menuInfo/approvedCommoditiesList.xhtml?CT=FFP","EIC Approved Units - Fish & Fishery Products (FFP)","regulator","2026-02-09","EIC approved units list (FFP)","HIGH"
"KOC/FFP/02702","scope","Processing of Steam dried Fish Meal & Crude Fish Oil (Unfit for Human Consumption)-Derived From Fish by Products (Sea Caught only) including fish heads Originating from M/s. Gadre Marine Export Private Limited, Branch-9","https://www.eicindia.gov.in/WebApp1/pages/menuInfo/approvedCommoditiesList.xhtml?CT=FFP","EIC Approved Units - Fish & Fishery Products (FFP)","regulator","2026-02-09","EIC approved units list (FFP)","HIGH"
"KOC/FFP/02702","expiry_date","09/10/2027","https://www.eicindia.gov.in/WebApp1/pages/menuInfo/approvedCommoditiesList.xhtml?CT=FFP","EIC Approved Units - Fish & Fishery Products (FFP)","regulator","2026-02-09","EIC approved units list (FFP)","HIGH"
"KOC/FFP/02739","plant_name","Yashaswi Fish Meal and Oil Company-Branch:2","https://www.eicindia.gov.in/WebApp1/pages/menuInfo/approvedCommoditiesList.xhtml?CT=FFP","EIC Approved Units - Fish & Fishery Products (FFP)","regulator","2026-02-09","EIC approved units list (FFP)","HIGH"
"KOC/FFP/02739","address","Plot No IP-25A,PartII,PermudeVillage, Mangalore SERZ, Dakshina Kannada,Karnataka-574509.","https://www.eicindia.gov.in/WebApp1/pages/menuInfo/approvedCommoditiesList.xhtml?CT=FFP","EIC Approved Units - Fish & Fishery Products (FFP)","regulator","2026-02-09","EIC approved units list (FFP)","HIGH"
"KOC/FFP/02739","scope","Processing and Packing of Steam Dried Fish Meal, Crude Fish Oil and Fish Soluble Paste (Unfit for Human Consumption) and  Fish Oil (Fit for Human Consumption after further processing)","https://www.eicindia.gov.in/WebApp1/pages/menuInfo/approvedCommoditiesList.xhtml?CT=FFP","EIC Approved Units - Fish & Fishery Products (FFP)","regulator","2026-02-09","EIC approved units list (FFP)","HIGH"
"KOC/FFP/02739","expiry_date","08/01/2028","https://www.eicindia.gov.in/WebApp1/pages/menuInfo/approvedCommoditiesList.xhtml?CT=FFP","EIC Approved Units - Fish & Fishery Products (FFP)","regulator","2026-02-09","EIC approved units list (FFP)","HIGH"
"MUM-PP-08","plant_name","Hiravati Marine Products Pvt. Ltd. ( Independent Pre-Processing Plant)","https://www.eicindia.gov.in/WebApp1/pages/menuInfo/approvedCommoditiesList.xhtml?CT=FFP","EIC Approved Units - Fish & Fishery Products (FFP)","regulator","2026-02-09","EIC approved units list (FFP)","HIGH"
"MUM-PP-08","address","Jawar Naka, Porbandar-360575, Gujarat, India.","https://www.eicindia.gov.in/WebApp1/pages/menuInfo/approvedCommoditiesList.xhtml?CT=FFP","EIC Approved Units - Fish & Fishery Products (FFP)","regulator","2026-02-09","EIC approved units list (FFP)","HIGH"
"MUM-PP-08","scope","Pre-processing of Fish & Fishery Products to Supply Pre-processed Material to Approved Establishment for Further Processing & export","https://www.eicindia.gov.in/WebApp1/pages/menuInfo/approvedCommoditiesList.xhtml?CT=FFP","EIC Approved Units - Fish & Fishery Products (FFP)","regulator","2026-02-09","EIC approved units list (FFP)","HIGH"
"MUM-PP-08","expiry_date","20/03/2026","https://www.eicindia.gov.in/WebApp1/pages/menuInfo/approvedCommoditiesList.xhtml?CT=FFP","EIC Approved Units - Fish & Fishery Products (FFP)","regulator","2026-02-09","EIC approved units list (FFP)","HIGH"
"MUM/FFP/02565","plant_name","Rahemat Fish Centre","https://www.eicindia.gov.in/WebApp1/pages/menuInfo/approvedCommoditiesList.xhtml?CT=FFP","EIC Approved Units - Fish & Fishery Products (FFP)","regulator","2026-02-09","EIC approved units list (FFP)","HIGH"
"MUM/FFP/02565","address","Plot No. 812, G.I.D.C., Estate, Somnath Road,Veraval - 362 269, Dist. Gir Somnath, Gujarat, India","https://www.eicindia.gov.in/WebApp1/pages/menuInfo/approvedCommoditiesList.xhtml?CT=FFP","EIC Approved Units - Fish & Fishery Products (FFP)","regulator","2026-02-09","EIC approved units list (FFP)","HIGH"
"MUM/FFP/02565","scope","PROCESSING AND PACKING OF FRESH/CHILLED FISH & FISHERY PRODUCTS, FROZEN RAW FISH & FISHERY PRODUCTS (BLOCK/IF) (EXCLUDING AQUACULTURE)","https://www.eicindia.gov.in/WebApp1/pages/menuInfo/approvedCommoditiesList.xhtml?CT=FFP","EIC Approved Units - Fish & Fishery Products (FFP)","regulator","2026-02-09","EIC approved units list (FFP)","HIGH"
"MUM/FFP/02565","expiry_date","09/07/2027","https://www.eicindia.gov.in/WebApp1/pages/menuInfo/approvedCommoditiesList.xhtml?CT=FFP","EIC Approved Units - Fish & Fishery Products (FFP)","regulator","2026-02-09","EIC approved units list (FFP)","HIGH"
"MUM/FFP/02597","plant_name","H.H. Marine.","https://www.eicindia.gov.in/WebApp1/pages/menuInfo/approvedCommoditiesList.xhtml?CT=FFP","EIC Approved Units - Fish & Fishery Products (FFP)","regulator","2026-02-09","EIC approved units list (FFP)","HIGH"
"MUM/FFP/02597","address","Plot No. 19, Survey No. 1788/1, Near Win Marine Exports, Veraval-362269, Gujarat, India","https://www.eicindia.gov.in/WebApp1/pages/menuInfo/approvedCommoditiesList.xhtml?CT=FFP","EIC Approved Units - Fish & Fishery Products (FFP)","regulator","2026-02-09","EIC approved units list (FFP)","HIGH"
"MUM/FFP/02597","scope","FREEZING OF RAW FISH & FISHERY PRODUCTS (BLOCK/BLAST/IF) (EXCLUDING AQUACULTURE)","https://www.eicindia.gov.in/WebApp1/pages/menuInfo/approvedCommoditiesList.xhtml?CT=FFP","EIC Approved Units - Fish & Fishery Products (FFP)","regulator","2026-02-09","EIC approved units list (FFP)","HIGH"
"MUM/FFP/02597","expiry_date","11/12/2027","https://www.eicindia.gov.in/WebApp1/pages/menuInfo/approvedCommoditiesList.xhtml?CT=FFP","EIC Approved Units - Fish & Fishery Products (FFP)","regulator","2026-02-09","EIC approved units list (FFP)","HIGH"
"MUM/FFP/02783","plant_name","Silver Fish Steriliser","https://www.eicindia.gov.in/WebApp1/pages/menuInfo/approvedCommoditiesList.xhtml?CT=FFP","EIC Approved Units - Fish & Fishery Products (FFP)","regulator","2026-02-09","EIC approved units list (FFP)","HIGH"
"MUM/FFP/02783","address","S.No. 32/IP, 32IP/5, Vill. Zavar, Porbandar, Gujarat-360575, India","https://www.eicindia.gov.in/WebApp1/pages/menuInfo/approvedCommoditiesList.xhtml?CT=FFP","EIC Approved Units - Fish & Fishery Products (FFP)","regulator","2026-02-09","EIC approved units list (FFP)","HIGH"
"MUM/FFP/02783","scope","Processing and packing of Steam Dried Fish Meal Powder (Unfit For Human Consumption)","https://www.eicindia.gov.in/WebApp1/pages/menuInfo/approvedCommoditiesList.xhtml?CT=FFP","EIC Approved Units - Fish & Fishery Products (FFP)","regulator","2026-02-09","EIC approved units list (FFP)","HIGH"
"MUM/FFP/02783","expiry_date","17/12/2027","https://www.eicindia.gov.in/WebApp1/pages/menuInfo/approvedCommoditiesList.xhtml?CT=FFP","EIC Approved Units - Fish & Fishery Products (FFP)","regulator","2026-02-09","EIC approved units list (FFP)","HIGH"
"conditional approval no.1985","plant_name","GAYATRI MARINE PRODUCTS","https://www.eicindia.gov.in/WebApp1/pages/menuInfo/approvedCommoditiesList.xhtml?CT=FFP","EIC Approved Units - Fish & Fishery Products (FFP)","regulator","2026-02-09","EIC approved units list (FFP)","HIGH"
"conditional approval no.1985","address","SY. NO. 455-2A, 455-2B, 455-2C,455-2D, 455-2E, 455-2G2 , Chillakuru Mandal , Oduru Village, Tirupati District, Andhra Pradesh -524410","https://www.eicindia.gov.in/WebApp1/pages/menuInfo/approvedCommoditiesList.xhtml?CT=FFP","EIC Approved Units - Fish & Fishery Products (FFP)","regulator","2026-02-09","EIC approved units list (FFP)","HIGH"
"conditional approval no.1985","scope","PACKING OF FRESH/CHILLED FISH AND FISHERY PRODUCTS,FREEZING OF FISH AND FISHERY PRODUCTS(IQF/BLOCK) (AQUACULTURE SHRIMPS,SEA CAUGHT SHRIMPS, AND CEPHALOPODS)","https://www.eicindia.gov.in/WebApp1/pages/menuInfo/approvedCommoditiesList.xhtml?CT=FFP","EIC Approved Units - Fish & Fishery Products (FFP)","regulator","2026-02-09","EIC approved units list (FFP)","HIGH"
"conditional approval no.1985","expiry_date","18/02/2028","https://www.eicindia.gov.in/WebApp1/pages/menuInfo/approvedCommoditiesList.xhtml?CT=FFP","EIC Approved Units - Fish & Fishery Products (FFP)","regulator","2026-02-09","EIC approved units list (FFP)","HIGH"
