approval_no,name,company_name,country,region,city,address,town_region,latitude,longitude,geocode_confidence,geocode_formatted,primary_species,scope,expiry_date,status,verified,verification_level,admin_notes
1100,Naik Seafoods Pvt.Ltd. (EIC #1100),Naik Seafoods Pvt.Ltd.,India,Karnataka,At and Post Karla,"S.No.3A, H.No.3A/3B, At and Post Karla, Ratnagiri-415612",At and Post Karla,18.7585,73.4791,7,"415612, Mahārāshtra, India",Fish,"Packing of Fresh/Chilled Fish & Fishery product, Freezing of Raw fish & Fishery Product (Block/IF)(Including Aquaculture)  
(Assessment over for Aquaculture on 06.08.2024)",13/10/2027,approved,true,documentation_verified,"EIC FFP approved unit #1100. Scope: Packing of Fresh/Chilled Fish & Fishery product, Freezing of Raw fish & Fishery Product (Block/IF)(Including Aquaculture)  
(Assessment over for Aquac.... Expiry: 13/10/2027."
1104,Gadre Marine Export Pvt. Ltd. (EIC #1104),Gadre Marine Export Pvt. Ltd.,India,Maharashtra,Ratnagiri,"Plot No. FP-1, MIDC, Mirjole Block, Ratnagiri-415639, Maharashtra, India",Maharashtra,17.7425,73.2869,7,"415639, Mahārāshtra, India",Crab|Lobster|Scallop|Shrimp|Surimi,"(a) Processing, freezing, cooking of Surimi based shrimps, lobster, scallops, crab analogues their battered, breaded, par fried products and frozen storage.
(b) Processing, cooking, chilling of Surimi based imitation crab sticks, flakes, chunks and shreds and their chilled storage.
(c) Frozen breaded par fried fish finger, fish patty & frozen prawn curry
(d) Processing, freezing, cooking of Surimi based Chikuwa.  
(e) Frozen Surimi Premix (Uncooked).
(f) Freeze Dried Surimi Based Products (Freeze Dried Crab Bite)",08/03/2028,approved,true,documentation_verified,"EIC FFP approved unit #1104. Scope: (a) Processing, freezing, cooking of Surimi based shrimps, lobster, scallops, crab analogues their battered, breaded, par fried products and frozen st.... Expiry: 08/03/2028."
1108,Alps Ice & Cold Storage Pvt. Ltd. (EIC #1108),Alps Ice & Cold Storage Pvt. Ltd.,India,Andhra Pradesh,Vashi,"No.30, APMC Yard, MAFCO Compound, Vashi, Navi Mumbai-400703",Vashi,19.2911,74.5735,7,"400703, Mahārāshtra, India",Fish,"Packing of  Fresh Chilled Fish & Fishery Products and Frozen (Block/ Individually Frozen/IQF), Raw/Blanched/Cooked Fish & Fishery Products",09/08/2027,approved,true,documentation_verified,"EIC FFP approved unit #1108. Scope: Packing of  Fresh Chilled Fish & Fishery Products and Frozen (Block/ Individually Frozen/IQF), Raw/Blanched/Cooked Fish & Fishery Products. Expiry: 09/08/2027."
1109,Silver Sea Food Unit-II (EIC #1109),Silver Sea Food Unit-II,India,Gujarat,Porbandar,"Survey No. 24/2,Javarnaka, Porbandar -360575, Gujarat, India",Gujarat,21.6422,69.6093,7,"360575, Gujarat, India",Fish,Frozen (Block/IF-Blast/IQF) Raw/Blanched/Cooked Fish and Fishery Products (Including Aquaculture),10/08/2027,approved,true,documentation_verified,EIC FFP approved unit #1109. Scope: Frozen (Block/IF-Blast/IQF) Raw/Blanched/Cooked Fish and Fishery Products (Including Aquaculture). Expiry: 10/08/2027.
111,GADRE MARINE EXPORT (EIC #111),GADRE MARINE EXPORT,India,Maharashtra,Ratnagiri,"Plot No. 3298 - A, Mirkarwada, Ratnagiri - 415612, Maharashtra, India",Maharashtra,18.7585,73.4791,7,"415612, Mahārāshtra, India",Cephalopods|Crab|Lobster|Shrimp,"Packing of Fresh/Chilled Fish & Fishery Products, Freezing of Raw Fish & Fishery Products (IF-Blast/IQF) and Freezing of Blanched/Cooked Fish and Fishery Products(IQF) -Fishes (Histamine & Non- Histamine forming), Crustaceans -Shrimps (Aquaculture/Sea caught/Wild caught), Crabs (Sea caught), Lobster (Sea caught) & Cephalopods",15/08/2027,approved,true,documentation_verified,"EIC FFP approved unit #111. Scope: Packing of Fresh/Chilled Fish & Fishery Products, Freezing of Raw Fish & Fishery Products (IF-Blast/IQF) and Freezing of Blanched/Cooked Fish and Fish.... Expiry: 15/08/2027."
1110,Vanita Cold Storage (EIC #1110),Vanita Cold Storage,India,Gujarat,Gujarat,"Somnath Road, Near Bhidia Bridge, Veraval, Gujarat-362267, India",Gujarat-362267,23.0373068,72.5447481,9,"Gujarat University, Gujarat University Internal Road, Gulbai tekra, - 380009, Gujarat, India",Fish,FREEZING OF RAW/BLANCHED/COOKED FISH & FISHERY PRODUCTS (BLOCK/ BLAST-IF/IQF) (INCLUDING AQUACULTURE),27/08/2027,approved,true,documentation_verified,EIC FFP approved unit #1110. Scope: FREEZING OF RAW/BLANCHED/COOKED FISH & FISHERY PRODUCTS (BLOCK/ BLAST-IF/IQF) (INCLUDING AQUACULTURE). Expiry: 27/08/2027.
1114,VKM Foods Private Limited (EIC #1114),VKM Foods Private Limited,India,Maharashtra,Maharashtra,"Plot No. M-54, M.I.D.C., Taloja Industrial Estate, Taloja, District- Raigad- 410208, Maharashtra, India",Maharashtra,18.24229,73.43521,9,"Raigad District, Mahārāshtra, India",Shrimp,"Packing of Fresh/Chilled Fish & Fishery products, Freezing of Raw/Blanched/Cooked Fish & Fishery products (Block, Blast Freezing & IQF) Breaded & battered Fish & Fishery products, Frozen shrimp platter  (Cooked Peeled Deveined Tail on Vannamei Shrimps IQF) with mild cocktail sauce",22/03/2028,approved,true,documentation_verified,"EIC FFP approved unit #1114. Scope: Packing of Fresh/Chilled Fish & Fishery products, Freezing of Raw/Blanched/Cooked Fish & Fishery products (Block, Blast Freezing & IQF) Breaded & batt.... Expiry: 22/03/2028."
1117,Atlas Fisheries Private Limited (EIC #1117),Atlas Fisheries Private Limited,India,Goa,Goa,"H. No. 38/2, Survey No. 42/ 3 A, Dauji, Old Goa, North Goa, Goa-403402, India",Goa-403402,15.50195,73.91009,1,"Goa, North Goa, India",Fish,Freezing of Raw/Blanched Fish & Fisheries Products (Block /IF-Blast/ IQF) (Including  Aquaculture),05/05/2028,approved,true,documentation_verified,EIC FFP approved unit #1117. Scope: Freezing of Raw/Blanched Fish & Fisheries Products (Block /IF-Blast/ IQF) (Including  Aquaculture). Expiry: 05/05/2028.
1120,Naik Oceanic Exports Pvt. Ltd. (EIC #1120),Naik Oceanic Exports Pvt. Ltd.,India,Maharashtra,Pin,"M-5, MIDC, Taloja, Dist-Raigad , Pin-410208, Navi Mumbai, Maharashtra, India",Maharashtra,19.3669,73.1758,7,"410208, Mahārāshtra, India",,nan,08/04/2029,approved,true,documentation_verified,EIC FFP approved unit #1120. Scope: nan. Expiry: 08/04/2029.
1127,Deepmala Foods (EIC #1127),Deepmala Foods,India,Gujarat,Veraval,"Opp. Bhavani Temple, Near Municipality Water Filter Plant, Somnath Road, Veraval - 362267, Gujarat, India",Gujarat,20.9077,70.36786,7,"Verāval, Jūnāgadh, India",Fish,FREEZING OF RAW/ BLANCHED FISH & FISHERY PRODUCTS (BLOCK/IQF) (INCLUDEING AQUACULTURE),26/06/2027,approved,true,documentation_verified,EIC FFP approved unit #1127. Scope: FREEZING OF RAW/ BLANCHED FISH & FISHERY PRODUCTS (BLOCK/IQF) (INCLUDEING AQUACULTURE). Expiry: 26/06/2027.
1129,Hejazi Foodstuff Pvt. Ltd. (EIC #1129),Hejazi Foodstuff Pvt. Ltd.,India,Maharashtra,MAHARASHTRA,"PLOT NO. M-62 & M-62 PART, MIDC INDUSTRIAL   AREA,  TALOJA, DIST- RAIGAD-410208,   MAHARASHTRA, INDIA",MAHARASHTRA,20.0,78.0,9,"Arni, India",Fish,Fresh/Chilled Raw and Frozen(IF-Blast/Block) Raw Fish and Fishery Products (Including Aquaculture),03/10/2027,approved,true,documentation_verified,EIC FFP approved unit #1129. Scope: Fresh/Chilled Raw and Frozen(IF-Blast/Block) Raw Fish and Fishery Products (Including Aquaculture). Expiry: 03/10/2027.
1130,KARUNYA MARINE EXPORTS PVT. LTD. (EIC #1130),KARUNYA MARINE EXPORTS PVT. LTD.,India,Maharashtra,Ratnagiri,"Survey No.42, Hissa No. 1 & 2, Rahatagar, Peth Killa, Ratnagiri-415612, Maharashtra,  India",Maharashtra,19.5,76.0,1,"Mahārāshtra, India",Fish,"Packing of Fresh/ Chilled Fish & Fishery Products, Freezing of Raw Fish & Fishery Products (Block/IF) (Including Aquaculture)",23/10/2027,approved,true,documentation_verified,"EIC FFP approved unit #1130. Scope: Packing of Fresh/ Chilled Fish & Fishery Products, Freezing of Raw Fish & Fishery Products (Block/IF) (Including Aquaculture). Expiry: 23/10/2027."
1131,TEJAL SEA FOODS (EIC #1131),TEJAL SEA FOODS,India,Gujarat,JAWAR NAKA PORBANDAR,"SUPER GAS ROAD, JAWAR NAKA PORBANDAR-360575, GUJARAT, INDIA",GUJARAT,21.6422,69.6093,7,"360575, Gujarat, India",Fish,FREEZING OF RAW FISH & FISHERY PRODUCTS (BLOCK/BLAST-IF/IQF)(Excluding Aquaculture),18/05/2028,approved,true,documentation_verified,EIC FFP approved unit #1131. Scope: FREEZING OF RAW FISH & FISHERY PRODUCTS (BLOCK/BLAST-IF/IQF)(Excluding Aquaculture). Expiry: 18/05/2028.
1132,Vasai Frozen Foods. (EIC #1132),Vasai Frozen Foods.,India,Maharashtra,Mumbai,"Poman Village, Near Kaman, Vasai Bhiwandi Road, Tal-Vasai, Dist-Thane, Mumbai-401208, Maharashtra, India",Maharashtra,19.3547,72.9094,7,"401208, Mahārāshtra, India",Fish,Freezing of Raw Fish & Fishery Products (IF-Blast)(Including Aquaculture),16/10/2027,approved,true,documentation_verified,EIC FFP approved unit #1132. Scope: Freezing of Raw Fish & Fishery Products (IF-Blast)(Including Aquaculture). Expiry: 16/10/2027.
1133,Shree Datt Aquaculture Farms Pvt. Ltd. (EIC #1133),Shree Datt Aquaculture Farms Pvt. Ltd.,India,Gujarat,Gujarat,"At & Post Talodh, Bilimora Taluka, Gandevi, Dist. Navsari Piin-396321, Gujarat, India",Gujarat,20.4081,75.3017,7,"396321, Gujarat, India",Fish,"Packing of Fresh/Chilled Fish & Fishery Products, Freezing of Raw/Blanched Fish & Fishery Products (Block/IQF/Brine Freezing)",05/11/2027,approved,true,documentation_verified,"EIC FFP approved unit #1133. Scope: Packing of Fresh/Chilled Fish & Fishery Products, Freezing of Raw/Blanched Fish & Fishery Products (Block/IQF/Brine Freezing). Expiry: 05/11/2027."
1139,West Coast Frozen Foods Private Limited (EIC #1139),West Coast Frozen Foods Private Limited,India,Gujarat,Surat,"Plot No. 322,323,Village- Orma, Olpad , Surat-394540 ,Gujarat, India.",Gujarat,21.3299,72.6248,7,"394540, Gujarat, India",Fish,"Packing of Fresh/chilled Fish & Fishery Products, Freezing of Raw Fish & Fishery Products (Blast/Brine/ IQF/Block)",09/03/2028,approved,true,documentation_verified,"EIC FFP approved unit #1139. Scope: Packing of Fresh/chilled Fish & Fishery Products, Freezing of Raw Fish & Fishery Products (Blast/Brine/ IQF/Block). Expiry: 09/03/2028."
1142,KAN VICTUAL PVT. LTD. (EIC #1142),KAN VICTUAL PVT. LTD.,India,Gujarat,Porbandar,"R/S. No. 796, Paiki, All Weather Port Road, Bokhira, Porbandar, Gujarat-360575",Porbandar,21.64219,69.60929,6,"Porbandar, India",Surimi,Raw Frozen Surimi,12/03/2026,approved,true,documentation_verified,EIC FFP approved unit #1142. Scope: Raw Frozen Surimi. Expiry: 12/03/2026.
1148,Keshodwala Foods (Unit - II) (EIC #1148),Keshodwala Foods (Unit - II),India,Gujarat,Gujarat,"Plot No. 306, G.I.D.C Estate, Veraval, 362269, Gujarat, India",Gujarat,20.9077,70.36786,7,"Verāval, Jūnāgadh, India",Fish,FROZEN (BLOCK/IF-BLAST/IQF) RAW/BLANCHED/COOKED FISH AND FISHERY PRODUCTS (INCLUDEING AQUACULTURE),29/05/2027,approved,true,documentation_verified,EIC FFP approved unit #1148. Scope: FROZEN (BLOCK/IF-BLAST/IQF) RAW/BLANCHED/COOKED FISH AND FISHERY PRODUCTS (INCLUDEING AQUACULTURE). Expiry: 29/05/2027.
1150,New Faizan Foods (EIC #1150),New Faizan Foods,India,Gujarat,Veraval,"Plot No.301 G.I.D.C. Estate Behind Association Hall, Veraval
- 362269, Gujarat, India,",Gujarat,20.9077,70.36786,7,"Verāval, Jūnāgadh, India",Fish,FROZEN (IF-BLAST/BLOCK/IQF) RAW/BLANCHED FISH AND FISHERY PRODUCTS (EXCLUDING AQUACULTURE),21/05/2027,approved,true,documentation_verified,EIC FFP approved unit #1150. Scope: FROZEN (IF-BLAST/BLOCK/IQF) RAW/BLANCHED FISH AND FISHERY PRODUCTS (EXCLUDING AQUACULTURE). Expiry: 21/05/2027.
1153,SILVER STAR EXPORTS (EIC #1153),SILVER STAR EXPORTS,India,Gujarat,Porbandar,"Javar Village, Porbandar - 360575, Gujarat, India",Gujarat,21.6422,69.6093,7,"360575, Gujarat, India",Surimi,Freezing of Raw Fish & Fishery Produts (Block/IF/IQF) (Including Aquaculture) and Frozen Surimi,12/10/2027,approved,true,documentation_verified,EIC FFP approved unit #1153. Scope: Freezing of Raw Fish & Fishery Produts (Block/IF/IQF) (Including Aquaculture) and Frozen Surimi. Expiry: 12/10/2027.
1156,Sun Exports. (EIC #1156),Sun Exports.,India,Gujarat,Veraval,"Plot No. 1313, GIDC Estate, Veraval-362269, Gujarat.,",Veraval-362269,22.3901,71.6068,7,"362269, Gujarat, India",Cephalopods,"FREEZING OF RAW FISH & FISHERY PRODUCTS (BLOCK/BLAST/IF) CRUSTACEANS, CEPHALOPODS, NON-HISTAMINE & HISTAMINE",08/12/2027,approved,true,documentation_verified,"EIC FFP approved unit #1156. Scope: FREEZING OF RAW FISH & FISHERY PRODUCTS (BLOCK/BLAST/IF) CRUSTACEANS, CEPHALOPODS, NON-HISTAMINE & HISTAMINE. Expiry: 08/12/2027."
1158,NILESH SEA FOODS (EIC #1158),NILESH SEA FOODS,India,Gujarat,Porbandar,"Plot No.214,Vanana,G.I.D.C.Estate,Taluka Ranavav,Porbandar-360575,Gujarat,India",Gujarat,21.6422,69.6093,7,"360575, Gujarat, India",Fish,Freezing of Raw Fish and Fishery Products(Block/IF-Blast/IQF) (Excluding Aquaculture),29/11/2027,approved,true,documentation_verified,EIC FFP approved unit #1158. Scope: Freezing of Raw Fish and Fishery Products(Block/IF-Blast/IQF) (Excluding Aquaculture). Expiry: 29/11/2027.
1163,J. M. Marine Exports (EIC #1163),J. M. Marine Exports,India,Gujarat,Veraval,"R.S.No.1798/1, Paikey,s Near GIDC Udyog Nagar, Patan Road, Veraval-362269. Gujarat, India,",Veraval-362269. Gujarat,20.9101099,70.365279,3,"Veraval, Patan Veraval Taluka, India",Fish,FROZEN (BLOCK/IF-BLAST/IQF) RAW FISH AND FISHERY PRODUCTS (EXCLUDING AQUACULTURE),08/03/2026,approved,true,documentation_verified,EIC FFP approved unit #1163. Scope: FROZEN (BLOCK/IF-BLAST/IQF) RAW FISH AND FISHERY PRODUCTS (EXCLUDING AQUACULTURE). Expiry: 08/03/2026.
1164,"Pesca Marine Products Pvt.Ltd., (EIC #1164)","Pesca Marine Products Pvt.Ltd.,",India,Gujarat,Veraval,"Plot No. 407 / 410 , GIDC Estate, Veraval-362269, Gujarat-India.,",Veraval-362269,22.3901,71.6068,7,"362269, Gujarat, India",Fish,FROZEN (IF-BLAST) RAW FISH AND FISHERY PRODUCTS (EXCLUDING AQUACULTURE),02/03/2026,approved,true,documentation_verified,EIC FFP approved unit #1164. Scope: FROZEN (IF-BLAST) RAW FISH AND FISHERY PRODUCTS (EXCLUDING AQUACULTURE). Expiry: 02/03/2026.
1165,Sanchita Frozen Foods Pvt. Ltd. (EIC #1165),Sanchita Frozen Foods Pvt. Ltd.,India,Maharashtra,Maharashtra – 410208,"Plot No. M – 7A, MIDC Industrial Area, Taloja, Raigad District, Maharashtra – 410208, India",Maharashtra – 410208,19.3669,73.1758,7,"410208, Mahārāshtra, India",Fish,Fresh/Chilled Raw and Frozen Fish & Fishery Products and Frozen (Block/ IF-Blast/IQF)Raw/Blanched/Cooked Fish and Fishery Products (Including Aquaculture),06/04/2026,approved,true,documentation_verified,EIC FFP approved unit #1165. Scope: Fresh/Chilled Raw and Frozen Fish & Fishery Products and Frozen (Block/ IF-Blast/IQF)Raw/Blanched/Cooked Fish and Fishery Products (Including Aquacult.... Expiry: 06/04/2026.
1166,Amar Aquatic (A Unit of Amar Polyfils Pvt. Ltd.) (EIC #1166),Amar Aquatic (A Unit of Amar Polyfils Pvt. Ltd.),India,Gujarat,Porbandar,"Survey No. 62, Village Vanana, Porbandar-360550, Gujarat, India.",Gujarat,23.0,71.75,1,"Gujarat, India",Fish,Processing and Packing of Fish Collagen and Fish Gelatin For Human Consumption,21/08/2027,approved,true,documentation_verified,EIC FFP approved unit #1166. Scope: Processing and Packing of Fish Collagen and Fish Gelatin For Human Consumption. Expiry: 21/08/2027.
1168,"Dolphin Marine Foods & Processors (India) Pvt. Ltd., (EIC #1168)","Dolphin Marine Foods & Processors (India) Pvt. Ltd.,",India,Goa,MAHARSAHTRA,"PLOT No.M-13, MIDC INDUSTRIAL ESTATE, TALOJA, DIST -  RAIGAD, PIN - 410208, MAHARSAHTRA, INDIA",MAHARSAHTRA,15.33333,74.08333,1,"Goa, India",Fish,"PACKING OF FRESH/CHILLED FISH & FISHERY PRODUCTS, FREEZING OF RAW FISH & FISHERY PRODUCTS (BLOCK/IF-BLAST)",27/09/2027,approved,true,documentation_verified,"EIC FFP approved unit #1168. Scope: PACKING OF FRESH/CHILLED FISH & FISHERY PRODUCTS, FREEZING OF RAW FISH & FISHERY PRODUCTS (BLOCK/IF-BLAST). Expiry: 27/09/2027."
1170,Asha Ganga Exports. (EIC #1170),Asha Ganga Exports.,India,Gujarat,Veraval,"Plot No. 310/B, G.I.D.C. Estate, Veraval-362269, Gujarat, India",Gujarat,22.3901,71.6068,7,"362269, Gujarat, India",Fish,FREEZING OF RAW FISH & FISHERY PRODUCTS (BLOCK/IF-BLAST/IQF) (INCLUDING AQUACULTURE),29/11/2027,approved,true,documentation_verified,EIC FFP approved unit #1170. Scope: FREEZING OF RAW FISH & FISHERY PRODUCTS (BLOCK/IF-BLAST/IQF) (INCLUDING AQUACULTURE). Expiry: 29/11/2027.
1171,Indo Tech Ice And Cold Storage (EIC #1171),Indo Tech Ice And Cold Storage,India,Goa,Goa,"Plot No. U-10, Cuncolim Industrial Estate, Cuncolim Salcete, Goa-403703, India",Goa-403703,22.0,79.0,1,India,Fish,Freezing of Raw Fish & Fishery Products (Block/IF-Blast) (Excluding Aquaculture),19/11/2027,approved,true,documentation_verified,EIC FFP approved unit #1171. Scope: Freezing of Raw Fish & Fishery Products (Block/IF-Blast) (Excluding Aquaculture). Expiry: 19/11/2027.
1172,Sagar Feeds & Food Processing Industries (EIC #1172),Sagar Feeds & Food Processing Industries,India,Goa,Goa,"Plot No. L-27, GIDC, Cuncolim Industrial Estate, Cuncolim, Goa- 403703, India",Goa- 403703,15.1,74.0,7,"403703, Goa, India",Fish,Freezing of Raw Fish & Fishery Products (Block/ IF/Blast)  (Excluding Aquaculture),14/01/2028,approved,true,documentation_verified,EIC FFP approved unit #1172. Scope: Freezing of Raw Fish & Fishery Products (Block/ IF/Blast)  (Excluding Aquaculture). Expiry: 14/01/2028.
1173,SIDDIQ SEA FOOD UNIT II (EIC #1173),SIDDIQ SEA FOOD UNIT II,India,Gujarat,Porbandar,"All Weather Port Road, Bokhira, Porbandar-360575, Gujarat, India",Gujarat,21.6422,69.6093,7,"360575, Gujarat, India",Fish,Freezing of Raw Fish & Fishery Products (Blast-IF) (Excluding Aquaculture),04/02/2028,approved,true,documentation_verified,EIC FFP approved unit #1173. Scope: Freezing of Raw Fish & Fishery Products (Blast-IF) (Excluding Aquaculture). Expiry: 04/02/2028.
1192,Ulka Sea Foods Pvt. Ltd. (EIC #1192),Ulka Sea Foods Pvt. Ltd.,India,Maharashtra,Maharashtra,"Plot No. M-34/2, 35, MIDC,Taloja, Dist. Raigad, Maharashtra-410208, India",Maharashtra-410208,18.24229,73.43521,9,"Raigad District, Mahārāshtra, India",Surimi,Packing of Fresh / Chilled Raw Fish and Fishery Products and Frozen (Block/IQF*) Raw /Blanched/ Cooked Fish and Fishery Products (Including Aquaculture)  and Frozen Fish Meat Surimi,17/04/2026,approved,true,documentation_verified,EIC FFP approved unit #1192. Scope: Packing of Fresh / Chilled Raw Fish and Fishery Products and Frozen (Block/IQF*) Raw /Blanched/ Cooked Fish and Fishery Products (Including Aquacultur.... Expiry: 17/04/2026.
1193,United Marine Products (EIC #1193),United Marine Products,India,Goa,Goa,"Plot No. L-28, Cuncolim, Industrial Estate, Cncolim, Salcete, Goa-403703, India",Goa-403703,22.0,79.0,1,India,Fish,"Processing of Steam Dried Fish Meal, Fish Oil & Fish Soluble paste (Unfit for Human Consumption)",15/04/2026,approved,true,documentation_verified,"EIC FFP approved unit #1193. Scope: Processing of Steam Dried Fish Meal, Fish Oil & Fish Soluble paste (Unfit for Human Consumption). Expiry: 15/04/2026."
1195,WEST COAST FOODS (EIC #1195),WEST COAST FOODS,India,Odisha,VANANA PORBANDAR,"PLOT NO. 34, GIDC, VANANA PORBANDAR-360575, INDIA",VANANA PORBANDAR-360575,21.6422,69.6093,7,"360575, Gujarat, India",Fish,"FRESH/CHILLED RAW,FROZEN (BLOCK/IQF/IF) RAW FISH AND FISHERY PRODUCTS. (EXCLUDING AQUACULTURE)",08/05/2027,approved,true,documentation_verified,"EIC FFP approved unit #1195. Scope: FRESH/CHILLED RAW,FROZEN (BLOCK/IQF/IF) RAW FISH AND FISHERY PRODUCTS. (EXCLUDING AQUACULTURE). Expiry: 08/05/2027."
1196,KAN VICTUAL PVT. LTD. UNIT-II (EIC #1196),KAN VICTUAL PVT. LTD. UNIT-II,India,Gujarat,Porbandar,"R. S. No. 796, Paiki 1, All Weather Port Road, Bokhira, Porbandar-360575 , Gujarat, India",Gujarat,23.0,71.75,1,"Gujarat, India",Fish,Frozen (Block/IF-Blast/IQF) Raw Fish and Fishery Products (Excluding Aquaculture),21/07/2027,approved,true,documentation_verified,EIC FFP approved unit #1196. Scope: Frozen (Block/IF-Blast/IQF) Raw Fish and Fishery Products (Excluding Aquaculture). Expiry: 21/07/2027.
1197,SONIA FISHERIES PVT. LTD. (EIC #1197),SONIA FISHERIES PVT. LTD.,India,Maharashtra,Maharashtra,"Plot No.M-39,MIDC, Taloja, District-Raigad , Maharashtra - 410208, India",Maharashtra - 410208,19.3669,73.1758,7,"410208, Mahārāshtra, India",Fish,"Packing of Fresh/ Chilled Fish & Fishery Products, Freezing of Raw Fish & Fishery Products (Block/IF-Blast/IQF)",17/08/2027,approved,true,documentation_verified,"EIC FFP approved unit #1197. Scope: Packing of Fresh/ Chilled Fish & Fishery Products, Freezing of Raw Fish & Fishery Products (Block/IF-Blast/IQF). Expiry: 17/08/2027."
1198,"QUALITY EXPORTS, UNIT-II (EIC #1198)","QUALITY EXPORTS, UNIT-II",India,Goa,Goa,"Plot No. SB 64, 65, 66 & 67, Cuncolim Industrial Estate, Cuncolim, Goa -403703, India",Goa -403703,15.1773,73.99392,7,"Cuncolim, South Goa, India",Crab|Lobster|Shrimp,"Freezing of Raw Fish & Fishery Products(IF-Blast)- Fishes(Histamine & Non-Histamine forming), Crustaceans -Shrimps, Lobsters, Crabs (Sea caught) & Cephalapods",16/08/2027,approved,true,documentation_verified,"EIC FFP approved unit #1198. Scope: Freezing of Raw Fish & Fishery Products(IF-Blast)- Fishes(Histamine & Non-Histamine forming), Crustaceans -Shrimps, Lobsters, Crabs (Sea caught) & Cep.... Expiry: 16/08/2027."
1199,AMAR STERILISED FISH MEAL (EIC #1199),AMAR STERILISED FISH MEAL,India,Gujarat,Porbandar,"Jawar Naka, Porbandar-360579, Gujarat, India",Gujarat,21.7316,69.6354,7,"360579, Gujarat, India",Fish,Processing and Packing of Steam Sterilized Dried Fish Meal Powder and fish oil (Unfit for Human Consumption),19/08/2027,approved,true,documentation_verified,EIC FFP approved unit #1199. Scope: Processing and Packing of Steam Sterilized Dried Fish Meal Powder and fish oil (Unfit for Human Consumption). Expiry: 19/08/2027.
1201,Keval Exports (EIC #1201),Keval Exports,India,Gujarat,Gujarat,"GMB Plot No. 24/26, In B Port Area, Veraval â?? 362267, Gujarat, India",Gujarat,20.9077,70.36786,7,"Verāval, Jūnāgadh, India",Fish,FREEZING OF RAW FISH & FISHERY PRODUCTS (BLAST-IF) (EXCLUDING AQUACULTURE),15/09/2027,approved,true,documentation_verified,EIC FFP approved unit #1201. Scope: FREEZING OF RAW FISH & FISHERY PRODUCTS (BLAST-IF) (EXCLUDING AQUACULTURE). Expiry: 15/09/2027.
1202,"Forstar Frozen Foods Pvt. Ltd. Unit-2, (EIC #1202)","Forstar Frozen Foods Pvt. Ltd. Unit-2,",India,Maharashtra,MAHARASHTRA,"Plot No.M-53 / 1, MIDC, INDUSTRIAL AREA, TALOJA,   DIST - RAIGAD -   410 208, MAHARASHTRA, INDIA",MAHARASHTRA,18.24229,73.43521,9,"Raigad District, Mahārāshtra, India",Fish,"PACKING OF FRESH / CHILLED FISH & FISHERY PRODUCTS, FREEZING OF RAW / BLANCHED / COOKED FISH & FISHERY PRODUCTS ( BLOCK/IF/IQF) ( INCLUDING AQUACULTURE ) PROCESSING AND PACKING OF VALUE ADDED FISH & FISHERY PRODUCTS IN READY TO EAT IN RETORT POUCHES, FROZEN COOKED MEALS, FROZEN RAW MARINATED, FROZEN RAW/FLASH FRIED/FRIED, BATTERED AND BREADED AND BREADED PRODUCTS AND SEA FOOD PICKLES",06/10/2027,approved,true,documentation_verified,"EIC FFP approved unit #1202. Scope: PACKING OF FRESH / CHILLED FISH & FISHERY PRODUCTS, FREEZING OF RAW / BLANCHED / COOKED FISH & FISHERY PRODUCTS ( BLOCK/IF/IQF) ( INCLUDING AQUACULTUR.... Expiry: 06/10/2027."
1205,Nanak Nutritions Food (Taloja) Pvt. Ltd. (EIC #1205),Nanak Nutritions Food (Taloja) Pvt. Ltd.,India,Maharashtra,Maharashtra,"Plot No. M-57,MIDC,Taloja,Dist.- Raigad,Maharashtra-410208,India",Maharashtra-410208,19.3669,73.1758,7,"410208, Mahārāshtra, India",Fish,"Packing of Fresh /Chilled Fish & Fishery Products,Freezing of Raw Fish & Fishery Products (Block/Blast-IF/IQF)",21/10/2027,approved,true,documentation_verified,"EIC FFP approved unit #1205. Scope: Packing of Fresh /Chilled Fish & Fishery Products,Freezing of Raw Fish & Fishery Products (Block/Blast-IF/IQF). Expiry: 21/10/2027."
1206,Rich Marine Export (EIC #1206),Rich Marine Export,India,Gujarat,Veraval,"Plot No. 904, G.I.D.C. Estate, Veraval-362269, Gujarat, India",Gujarat,22.3901,71.6068,7,"362269, Gujarat, India",Fish,Freezing of Blanched/Raw Fish & Fishery Products (Block/Blast-IF/IQF)  ( Excluding Aquaculture.,19/10/2027,approved,true,documentation_verified,EIC FFP approved unit #1206. Scope: Freezing of Blanched/Raw Fish & Fishery Products (Block/Blast-IF/IQF)  ( Excluding Aquaculture.. Expiry: 19/10/2027.
1207,AKSHA FISH MEAL & OIL (EIC #1207),AKSHA FISH MEAL & OIL,India,Odisha,Gujarart,"Survey No- 63, N.H 8E, Village- Gosa, Porbandar, Gujarart,India",Gujarart,22.0,79.0,1,India,Fish,Processing and Packing Of Steam Dried Fish Meal (Unfit For Human Consumption),05/11/2027,approved,true,documentation_verified,EIC FFP approved unit #1207. Scope: Processing and Packing Of Steam Dried Fish Meal (Unfit For Human Consumption). Expiry: 05/11/2027.
1208,Kalpana Impex. (EIC #1208),Kalpana Impex.,India,Gujarat,G I D C Estate,"Plot No 403, G I D C Estate, Veraval",G I D C Estate,20.9077,70.36786,7,"Verāval, Jūnāgadh, India",Fish,"PACKING OF FRESH/ CHILLED FISH & FISHERY PRODUCTS, FREEZING OF RAW FISH & FISHERY PRODUCTS(BLAST-IF) (EXCLUDING AQUACULTURE)",21/12/2027,approved,true,documentation_verified,"EIC FFP approved unit #1208. Scope: PACKING OF FRESH/ CHILLED FISH & FISHERY PRODUCTS, FREEZING OF RAW FISH & FISHERY PRODUCTS(BLAST-IF) (EXCLUDING AQUACULTURE). Expiry: 21/12/2027."
1209,"Winsor World Export ., (EIC #1209)","Winsor World Export .,",India,Gujarat,Veraval,"Plot No. 801, 802/1/2, GIDC Estate, Veraval-362269, Gujarat, India",Gujarat,22.3901,71.6068,7,"362269, Gujarat, India",Fish,"PROCESSING AND PACKING OF FRESH/CHILLED FISH & FISHERY PRODUCTS, FROZEN (BLOCK/IF-BLAST/IQF) RAW/ BLANCHED FISH & FISHERY PRODUCTS (EXCLUDING AQUACULTURE)",19/01/2028,approved,true,documentation_verified,"EIC FFP approved unit #1209. Scope: PROCESSING AND PACKING OF FRESH/CHILLED FISH & FISHERY PRODUCTS, FROZEN (BLOCK/IF-BLAST/IQF) RAW/ BLANCHED FISH & FISHERY PRODUCTS (EXCLUDING AQUACULT.... Expiry: 19/01/2028."
1211,Star Marine Products (EIC #1211),Star Marine Products,India,Gujarat,Veraval,"Plot No.803/1, G.I.D.C.,Estate, Veraval-362269, Gujarat, India,",Gujarat,22.3901,71.6068,7,"362269, Gujarat, India",Fish,FREEZING OF RAW FISH & FISHERY PRODUCTS (BLAST-IF) (EXCLUDING AQUACULTURE),16/02/2028,approved,true,documentation_verified,EIC FFP approved unit #1211. Scope: FREEZING OF RAW FISH & FISHERY PRODUCTS (BLAST-IF) (EXCLUDING AQUACULTURE). Expiry: 16/02/2028.
1214,PREMIER MARINE PRODUCTS (EIC #1214),PREMIER MARINE PRODUCTS,India,Gujarat,VERAVAL,"PLOT NO. 1309, G.I.D.C., VERAVAL-362269, GUJARAT, INDIA",GUJARAT,22.3901,71.6068,7,"362269, Gujarat, India",Shrimp,"MANUFACTURING OF STERILIZED FISH MEAL POWDER, PROCESSING & PACKING OF STEAM DRIED SHRIMP MEAL (UNFIT FOR HUMAN CONSUMPTION)",07/05/2028,approved,true,documentation_verified,"EIC FFP approved unit #1214. Scope: MANUFACTURING OF STERILIZED FISH MEAL POWDER, PROCESSING & PACKING OF STEAM DRIED SHRIMP MEAL (UNFIT FOR HUMAN CONSUMPTION). Expiry: 07/05/2028."
1223,M/S RAJAN SEA FOODS (EIC #1223),M/S RAJAN SEA FOODS,India,Gujarat,G.I.D.C,"Plot No. 609,G.I.D.C, VERAVAL-362269",G.I.D.C,20.9077,70.36786,7,"Verāval, Jūnāgadh, India",Fish,Frozen (IF-Blast) Fish and Fishery products (Excluding Aquaculture),12/03/2026,approved,true,documentation_verified,EIC FFP approved unit #1223. Scope: Frozen (IF-Blast) Fish and Fishery products (Excluding Aquaculture). Expiry: 12/03/2026.
1225,Sagar Marine Impex (EIC #1225),Sagar Marine Impex,India,Gujarat,Veraval,"Behind Trivedi Weigh Bridge, Near Keval Export, Bhalka Patan Road, Veraval-362269, Gujarat, India,",Gujarat,20.9101099,70.365279,3,"Veraval, Patan Veraval Taluka, India",Fish,FROZEN (BLOCK/IF-BLAST/IQF) RAW/BLANCHED FISH AND FISHERY PRODUCTS (INCLUDING AQUACULTURE),24/03/2026,approved,true,documentation_verified,EIC FFP approved unit #1225. Scope: FROZEN (BLOCK/IF-BLAST/IQF) RAW/BLANCHED FISH AND FISHERY PRODUCTS (INCLUDING AQUACULTURE). Expiry: 24/03/2026.
1227,Lalchand Enterprises (EIC #1227),Lalchand Enterprises,India,Maharashtra,NAVI MUMBAI-400 703,"SHREE DATTA NIWAS H.NO. 506,SHOP NO 1 , SECTOR- 31 NEAR DATTA MANDIR,VASHI VILLAGE, NAVI MUMBAI-400 703 MAHARASHTRA, INDIA",NAVI MUMBAI-400 703 MAHARASHTRA,18.9854235,73.0199163,7,"Navi Mumbai Coastal Road, Targhar, - 400706, Maharashtra, India",Fish,FRESH/ CHILLED RAW FISH AND FISHERY PRODUCTS(EXCLUDING AQUCULTURE),15/05/2027,approved,true,documentation_verified,EIC FFP approved unit #1227. Scope: FRESH/ CHILLED RAW FISH AND FISHERY PRODUCTS(EXCLUDING AQUCULTURE). Expiry: 15/05/2027.
1228,Deepmala Fisheries (EIC #1228),Deepmala Fisheries,India,Gujarat,Veraval,"Plot No. 805, GIDC Estate, Veraval - 362269, Gujarat, India,",Gujarat,20.9077,70.36786,7,"Verāval, Jūnāgadh, India",Fish,FREEZING OF RAW FISH & FISHERY PRODUCTS (BLOCK/IQF/IF-BLAST) (EXCLUDING AQUACULTURE),29/07/2027,approved,true,documentation_verified,EIC FFP approved unit #1228. Scope: FREEZING OF RAW FISH & FISHERY PRODUCTS (BLOCK/IQF/IF-BLAST) (EXCLUDING AQUACULTURE). Expiry: 29/07/2027.
1229,Ambar Exports (EIC #1229),Ambar Exports,India,Gujarat,Veraval,"Plot No. 610/2, G.I.D.C., Veraval - 362269, Gujarat, India,",Gujarat,20.9077,70.36786,7,"Verāval, Jūnāgadh, India",Fish,FROZEN (BLOCK/IF-BLAST) RAW FISH AND FISHERY PRODUCTS (EXCLUDING AQUACULTURE),19/03/2026,approved,true,documentation_verified,EIC FFP approved unit #1229. Scope: FROZEN (BLOCK/IF-BLAST) RAW FISH AND FISHERY PRODUCTS (EXCLUDING AQUACULTURE). Expiry: 19/03/2026.
1232,Star Marine Products (Unit-II) (EIC #1232),Star Marine Products (Unit-II),India,Gujarat,Veraval,"Plot No.613/2,G.I.D.C.
Estate,Veraval-362269, Gujarat, India",Gujarat,22.3901,71.6068,7,"362269, Gujarat, India",Fish,FREEZING OF RAW FISH & FISHERY PRODUCTS (BLAST-IF) (EXCLUDING AQUACULTURE),31/05/2027,approved,true,documentation_verified,EIC FFP approved unit #1232. Scope: FREEZING OF RAW FISH & FISHERY PRODUCTS (BLAST-IF) (EXCLUDING AQUACULTURE). Expiry: 31/05/2027.
1234,Gausia Cold Storage Pvt. Ltd. (EIC #1234),Gausia Cold Storage Pvt. Ltd.,India,Maharashtra,MAHARASHTRA,"M-7, MIDC TALOJA, DIST. RAIGAD, MAHARASHTRA-410208, INDIA",MAHARASHTRA-410208,19.3669,73.1758,7,"410208, Mahārāshtra, India",Fish,"Packing of Fresh/ Chilled Fish and Fishery Products, Freezing of Raw Fish & Fishery Products (Block / IF) Including Aquaculture",19/09/2027,approved,true,documentation_verified,"EIC FFP approved unit #1234. Scope: Packing of Fresh/ Chilled Fish and Fishery Products, Freezing of Raw Fish & Fishery Products (Block / IF) Including Aquaculture. Expiry: 19/09/2027."
1238,NAVRANG SEA FOOD (EIC #1238),NAVRANG SEA FOOD,India,Gujarat,Porbandar,"Plot No.206-207,Vanana G.I.D.C,Tal-Ranavav, Porbandar-360575, Gujarat,India",Gujarat,21.6422,69.6093,7,"360575, Gujarat, India",Fish,Freezing Of Raw Fish & Fishery Products (Block/IF/IQF),01/11/2027,approved,true,documentation_verified,EIC FFP approved unit #1238. Scope: Freezing Of Raw Fish & Fishery Products (Block/IF/IQF). Expiry: 01/11/2027.
1239,S.C.S. IMPEX INTERNATIONAL (EIC #1239),S.C.S. IMPEX INTERNATIONAL,India,Gujarat,GUJARAT,"PLOT NO. 200, 201/1, 201/2 & 212 G.I.D.C. ESTATE, VANANA, TA- RANAVAV, DIST: PORBANDAR â?? 360 575, GUJARAT, INDIA",GUJARAT,23.0373068,72.5447481,9,"Gujarat University, Gujarat University Internal Road, Gulbai tekra, - 380009, Gujarat, India",Fish,FREEZING OF RAW FISH & FISHERY PRODUCTS (BLOCK/IF) (EXCLUDING AQUACULTURE),26/11/2027,approved,true,documentation_verified,EIC FFP approved unit #1239. Scope: FREEZING OF RAW FISH & FISHERY PRODUCTS (BLOCK/IF) (EXCLUDING AQUACULTURE). Expiry: 26/11/2027.
1240,Jalaram Kalidas Exports. (EIC #1240),Jalaram Kalidas Exports.,India,Gujarat,Veraval,"Plot No. 1841/1, Nr. Bhidiya Bridge, Somnath Road, Veraval-362267, Gujarat, India",Gujarat,23.0,71.75,1,"Gujarat, India",Fish,FREEZING OF RAW FISH & FISHERY PRODUCTS (BLOCK & BLAST-IF) (EXCLUDING AQUACULTURE),11/02/2028,approved,true,documentation_verified,EIC FFP approved unit #1240. Scope: FREEZING OF RAW FISH & FISHERY PRODUCTS (BLOCK & BLAST-IF) (EXCLUDING AQUACULTURE). Expiry: 11/02/2028.
1241,Vinta Cold Storage. (EIC #1241),Vinta Cold Storage.,India,Gujarat,Mangrol,"Survey No.706, Near Octroi Naka, Mangrol- Veraval Highway, Mangrol - 362225, Gujarat- India.,",Mangrol - 362225,21.12268,70.11484,7,"Māngrol, Jūnāgadh, India",Fish,FREEZING OF RAW FISH & FISHERY PRODUCTS (BLOCK/BLAST FREEZING),15/12/2027,approved,true,documentation_verified,EIC FFP approved unit #1241. Scope: FREEZING OF RAW FISH & FISHERY PRODUCTS (BLOCK/BLAST FREEZING). Expiry: 15/12/2027.
1242,Deepak Foods. (EIC #1242),Deepak Foods.,India,Gujarat,Gujarat,"Plot No. 3 To 8, Somnath Road, Veraval, Gir-Somnath-362269, Gujarat, India",Gujarat,20.9077,70.36786,7,"Verāval, Jūnāgadh, India",Surimi,PROCESSING AND PACKING OF FROZEN SURIMI (FISH PASTE) FROM NON - HISTAMINE FORMING FISHES,14/12/2027,approved,true,documentation_verified,EIC FFP approved unit #1242. Scope: PROCESSING AND PACKING OF FROZEN SURIMI (FISH PASTE) FROM NON - HISTAMINE FORMING FISHES. Expiry: 14/12/2027.
1243,J.M.SEA FOODS (EIC #1243),J.M.SEA FOODS,India,Gujarat,,SURVEY NO.17983-4  NEAR GIDC UDHYOG NAGAR   PATAN ROAD VERAVAL 362269 GUJARAT  INDIA,,20.9077,70.36786,7,"Verāval, Jūnāgadh, India",Squid,"PROCESSING AND PACKING OF STEAM DRIED FISH  MEAL , FISH OIL & SQUID MEAL (UNFIT FOR HUMAN  CONSUMPTION )",17/01/2028,approved,true,documentation_verified,"EIC FFP approved unit #1243. Scope: PROCESSING AND PACKING OF STEAM DRIED FISH  MEAL , FISH OIL & SQUID MEAL (UNFIT FOR HUMAN  CONSUMPTION ). Expiry: 17/01/2028."
1244,VKM FOODS PRIVATE LIMITED (EIC #1244),VKM FOODS PRIVATE LIMITED,India,Goa,Taloja Industrial area,"Plot No.           M-82, MIDC, Taloja Industrial area ,                                            Dist. Raigad-410208,",Taloja Industrial area,18.24229,73.43521,9,"Raigad District, Mahārāshtra, India",Fish,"Packing of Fresh/Chilled Fish & Fishery Products and Frozen Raw        (IF-Blast) Fish & Fishery Products, Packing of Vacuum Packed Fish & Fishery Products.",11/01/2028,approved,true,documentation_verified,"EIC FFP approved unit #1244. Scope: Packing of Fresh/Chilled Fish & Fishery Products and Frozen Raw        (IF-Blast) Fish & Fishery Products, Packing of Vacuum Packed Fish & Fishery Pro.... Expiry: 11/01/2028."
1245,Win Marine Products (EIC #1245),Win Marine Products,India,Gujarat,Veraval,"Plot No:1787/1-6, Near GIDC, Somnath Road, Veraval-362269, Gujarat",Veraval-362269,20.9101099,70.365279,3,"Veraval, Patan Veraval Taluka, India",Fish,FREEZING OF RAW FISH & FISHERY PRODUCTS (BLAST-IF) (EXCLUDING AQUACULTURE),03/03/2028,approved,true,documentation_verified,EIC FFP approved unit #1245. Scope: FREEZING OF RAW FISH & FISHERY PRODUCTS (BLAST-IF) (EXCLUDING AQUACULTURE). Expiry: 03/03/2028.
1252,Packwell Craft Pvt. Ltd. (EIC #1252),Packwell Craft Pvt. Ltd.,India,Maharashtra,NAVI MUMBAI,"PLOT NO. R-902,MIDC RABALE, TTC INDUSTRIAL AREA, THANE-BELAPUR ROAD, NAVI MUMBAI - 400701, MAHARASHTRA, INDIA",MAHARASHTRA,19.1167,72.9833,7,"400701, Mahārāshtra, India",Fish,FRESH/CHILLED RAW AND FROZEN (BLOCK/IF-BLAST) RAW FISH AND FISHERY PRODUCTS (INCLUDING AQUACULTURE),17/02/2026,approved,true,documentation_verified,EIC FFP approved unit #1252. Scope: FRESH/CHILLED RAW AND FROZEN (BLOCK/IF-BLAST) RAW FISH AND FISHERY PRODUCTS (INCLUDING AQUACULTURE). Expiry: 17/02/2026.
1254,Albys Agro Pvt. Ltd (EIC #1254),Albys Agro Pvt. Ltd,India,Goa,Goa,"Plot. No.2/1 to 2/6 , Sanguem Industrial Estate, Sanguem- Xelpem, Goa- 403704, India",Goa- 403704,15.22901,74.15149,9,"Sanguem, South Goa, India",Fish,"Fresh/Chilled Raw, Frozen (Block/IF-Blast/IQF) Raw/Blanched/Cooked Fish & Fishery Products (Including Aquaculture)",25/04/2029,approved,true,documentation_verified,"EIC FFP approved unit #1254. Scope: Fresh/Chilled Raw, Frozen (Block/IF-Blast/IQF) Raw/Blanched/Cooked Fish & Fishery Products (Including Aquaculture). Expiry: 25/04/2029."
1256,Vitality Aquaculture Pvt.Ltd. (EIC #1256),Vitality Aquaculture Pvt.Ltd.,India,Gujarat,Jamnagar,"Plot No.20/21, Sr.No.120,  Zakhar, B/H Maruti Showroom,  Jamnagar Khambhaliya Highway, Padana patiya, Jamnagar-361010, Gujarat, India",Gujarat,22.47292,70.06673,6,"Jāmnagar, India",Crab,Pasteurized chilled Crab meat,13/10/2027,approved,true,documentation_verified,EIC FFP approved unit #1256. Scope: Pasteurized chilled Crab meat. Expiry: 13/10/2027.
1257,TJ MARINE PRODUCTS PVT. LTD. (EIC #1257),TJ MARINE PRODUCTS PVT. LTD.,India,Maharashtra,Ratnagiri,"B-27/28, MIDC, Mirjole, Ratnagiri-415639, Maharashtra, India",Maharashtra,17.7425,73.2869,7,"415639, Mahārāshtra, India",Fish,"Processing of Steam Dried Fish Meal, Fish oil and Fish Soluble Paste (Unfit For Human Consumption)",11/10/2027,approved,true,documentation_verified,"EIC FFP approved unit #1257. Scope: Processing of Steam Dried Fish Meal, Fish oil and Fish Soluble Paste (Unfit For Human Consumption). Expiry: 11/10/2027."
1261,Seasaga Enterprises Private Limited - Unit II (EIC #1261),Seasaga Enterprises Private Limited - Unit II,India,Maharashtra,Maharashtra,"Plot No E-27,Taloja Industrial Area, Taluka Panvel, Raigad District,Maharashtra-410208,India",Maharashtra-410208,18.24229,73.43521,9,"Raigad District, Mahārāshtra, India",Fish,"Packing of  Fresh/ Chilled Fish & Fishery Products , Freezing of Raw/Blanched/Cooked Fish & Fishery Products(Bock/IQF/IF)",20/12/2027,approved,true,documentation_verified,"EIC FFP approved unit #1261. Scope: Packing of  Fresh/ Chilled Fish & Fishery Products , Freezing of Raw/Blanched/Cooked Fish & Fishery Products(Bock/IQF/IF). Expiry: 20/12/2027."
1274,S.I.A. Impex (EIC #1274),S.I.A. Impex,India,Gujarat,Gujarat,"Plot No.811, Opp. Hanswati Exports,G.I.D.C. estate, Verval, 362269, Gujarat, India,",Gujarat,23.0,71.75,1,"Gujarat, India",Fish,FROZEN (IF-BLAST ) RAW  FISH & FISHERY PRODUCTS (Excluding Aquaculture),08/03/2029,approved,true,documentation_verified,EIC FFP approved unit #1274. Scope: FROZEN (IF-BLAST ) RAW  FISH & FISHERY PRODUCTS (Excluding Aquaculture). Expiry: 08/03/2029.
1280,Zenith Exports (EIC #1280),Zenith Exports,India,Gujarat,Estate Veraval,"Plot No.317,G.I.D.C., Estate Veraval-362269, Gujarat, India,",Gujarat,22.3901,71.6068,7,"362269, Gujarat, India",Fish,FREEZING OF RAW FISH & FISHERY PRODUCTS (BLOCK/IF) (EXCLUDING AQUACULTURE),20/07/2027,approved,true,documentation_verified,EIC FFP approved unit #1280. Scope: FREEZING OF RAW FISH & FISHERY PRODUCTS (BLOCK/IF) (EXCLUDING AQUACULTURE). Expiry: 20/07/2027.
1281,PROGRESS FROZEN & FISH STERILIZATION (EIC #1281),PROGRESS FROZEN & FISH STERILIZATION,India,Gujarat,Porbandar,"Zavar Naka, Porbandar-360575,Gujarat,India.",Gujarat,21.6422,69.6093,7,"360575, Gujarat, India",Fish,Steam Sterilized Fish Meal Powder (Unfit for human consumption).,10/04/2026,approved,true,documentation_verified,EIC FFP approved unit #1281. Scope: Steam Sterilized Fish Meal Powder (Unfit for human consumption).. Expiry: 10/04/2026.
1282,PRIME BIO PROTEINS (EIC #1282),PRIME BIO PROTEINS,India,Gujarat,VERAVAL,"PLOT NO. 610/1, G.I.D.C. ESTATE, VERAVAL-362269, GUJARAT, INDIA",GUJARAT,22.3901,71.6068,7,"362269, Gujarat, India",Shrimp,PROCESSING OF STEAM DRIED FISH & SHRIMP MEAL POWDER (Unfit for Human Consumption),11/04/2026,approved,true,documentation_verified,EIC FFP approved unit #1282. Scope: PROCESSING OF STEAM DRIED FISH & SHRIMP MEAL POWDER (Unfit for Human Consumption). Expiry: 11/04/2026.
1283,Amar Food Products (EIC #1283),Amar Food Products,India,Gujarat,Porbandar,"Jawar Naka, Porbandar-360575, Gujarat, India.",Gujarat,21.6422,69.6093,7,"360575, Gujarat, India",Surimi,Processing and Packing of Raw Frozen Surimi ( Fish Minced Paste),20/03/2026,approved,true,documentation_verified,EIC FFP approved unit #1283. Scope: Processing and Packing of Raw Frozen Surimi ( Fish Minced Paste). Expiry: 20/03/2026.
1286,Mindhola Foods LLP (EIC #1286),Mindhola Foods LLP,India,Gujarat,STATE,"BLOCK NO. 187/A, MOJE MAKHINGA, TALUKA PALSANA, DISTRICT-SURAT-394315, STATE- GUJARAT, INDIA",STATE- GUJARAT,23.0,71.75,1,"Gujarat, India",Fish,Packing of Fresh / Chilled Fish & Fishery Products and Frozen (Block / IF-Blast and IQF- Brine Freezing) Raw / Marinated Fish & Fishery Products (Including Aquaculture),29/04/2026,approved,true,documentation_verified,EIC FFP approved unit #1286. Scope: Packing of Fresh / Chilled Fish & Fishery Products and Frozen (Block / IF-Blast and IQF- Brine Freezing) Raw / Marinated Fish & Fishery Products (Incl.... Expiry: 29/04/2026.
1287,Shivganga Marine Products Unit-II (EIC #1287),Shivganga Marine Products Unit-II,India,Gujarat,Veraval,"Plot No.1314, G.I.D.C Estate, Veraval- 362269, Gujarat â?? India,",Veraval- 362269,22.0,79.0,1,India,Fish,FREEZING OF RAW FISH & FISHERY PRODUCTS (BLOCK/ BLAST-IF) (EXCLUDING AQUACULTURE),16/06/2027,approved,true,documentation_verified,EIC FFP approved unit #1287. Scope: FREEZING OF RAW FISH & FISHERY PRODUCTS (BLOCK/ BLAST-IF) (EXCLUDING AQUACULTURE). Expiry: 16/06/2027.
1289,Real Frozen Foods (EIC #1289),Real Frozen Foods,India,Gujarat,Veraval,"Plot No.105/2,G.I.D.C.,Estate, Veraval-362269,Gujarat,India,",Gujarat,22.3901,71.6068,7,"362269, Gujarat, India",Fish,FREEZING OF RAW FISH & FISHERY PRODUCTS (BLOCK/IF) (EXCLUDING AQUACULTURE),25/08/2027,approved,true,documentation_verified,EIC FFP approved unit #1289. Scope: FREEZING OF RAW FISH & FISHERY PRODUCTS (BLOCK/IF) (EXCLUDING AQUACULTURE). Expiry: 25/08/2027.
1290,Sun Marine Export (EIC #1290),Sun Marine Export,India,Gujarat,Veraval,"Plot No. 1312, G.I.D.C Estate, Veraval-362269, Gujarat, India",Gujarat,22.3901,71.6068,7,"362269, Gujarat, India",Fish,FREEZING OF RAW./BLANCHED/COOKED FISH & FISHERY PRODUCTS (BLOCK/IQF/IF-BLAST)(INCLUDING AQUACULTURE),21/08/2027,approved,true,documentation_verified,EIC FFP approved unit #1290. Scope: FREEZING OF RAW./BLANCHED/COOKED FISH & FISHERY PRODUCTS (BLOCK/IQF/IF-BLAST)(INCLUDING AQUACULTURE). Expiry: 21/08/2027.
1302,S.A.EXPORTS (EIC #1302),S.A.EXPORTS,India,Karnataka,District- 24 Parganas(North),"Kamduni More, P.O. Kamduni Khoribari, P.S. Barasat,District- 24 Parganas(North), Kolkata-700135",District- 24 Parganas(North),22.56263,88.36304,3,"Kolkata, India",Fish,"Packing of Raw Fresh Chilled, Freezing of Raw / Blanched / Cooked Fish and Fishery Products (Block Frozen & IQF)",15/04/2026,approved,true,documentation_verified,"EIC FFP approved unit #1302. Scope: Packing of Raw Fresh Chilled, Freezing of Raw / Blanched / Cooked Fish and Fishery Products (Block Frozen & IQF). Expiry: 15/04/2026."
1303,DIGHA SEAFOOD EXPORTS PVT. LTD. (EIC #1303),DIGHA SEAFOOD EXPORTS PVT. LTD.,India,West Bengal,Kolkata,"Unit No. 7, International Seafood Processing Centre, Benfish Complex, Chakgaria, Budher Hat, 24 Parganas (South), Kolkata-700094, West Bengal",Kolkata-700094,22.5726459,88.3638953,4,"Kolkata, India",Cephalopods|Shrimp,"Freezing of Raw Fish & Fishery Products (Block/IQF), Freezing of Cooked Fish and Fishery Products (IQF) - Shrimps (Aquaculture/Sea caught/Wild caught) & Cephalopods",23/07/2027,approved,true,documentation_verified,"EIC FFP approved unit #1303. Scope: Freezing of Raw Fish & Fishery Products (Block/IQF), Freezing of Cooked Fish and Fishery Products (IQF) - Shrimps (Aquaculture/Sea caught/Wild caught).... Expiry: 23/07/2027."
1304,K.N.C. AGRO LIMITED (EIC #1304),K.N.C. AGRO LIMITED,India,West Bengal,WEST BENGAL,"UTTARSITALA, PO- PICHABONI, PS- RAMNAGAR, DIST PURBA MEDINIPUR, WEST BENGAL, 721455",WEST BENGAL,21.93732,87.77633,9,"Purba Medinipur, India",Fish,Freezing of Raw / Blanched / Cooked Fish & Fishery Products (Block Frozen & IQF),03/03/2028,approved,true,documentation_verified,EIC FFP approved unit #1304. Scope: Freezing of Raw / Blanched / Cooked Fish & Fishery Products (Block Frozen & IQF). Expiry: 03/03/2028.
1305,BASU INTERNATIONAL (UNIT III) (EIC #1305),BASU INTERNATIONAL (UNIT III),India,West Bengal,KOLKATA,"34, CHAULPATTI ROAD, KOLKATA-700010, WEST BENGAL",KOLKATA-700010,23.2169,88.985,7,"700010, West Bengal, India",Fish,Packing of Fresh/Chilled Fish & Fishery Products,27/03/2028,approved,true,documentation_verified,EIC FFP approved unit #1305. Scope: Packing of Fresh/Chilled Fish & Fishery Products. Expiry: 27/03/2028.
1311,SWARNALI EXPORTS (EIC #1311),SWARNALI EXPORTS,India,West Bengal,NORTH 24 PGS,"DIGHRA, P.O.DUTTAPUKUR, P.S. ASHOKENAGAR, NORTH 24 PGS WEST BENGAL- 743248, INDIA",NORTH 24 PGS WEST BENGAL- 743248,24.0,88.0,1,"West Bengal, India",Fish,PROCESSING OF FRESH AND CHILLED FISH/FISHERY PRODUCT,12/06/2027,approved,true,documentation_verified,EIC FFP approved unit #1311. Scope: PROCESSING OF FRESH AND CHILLED FISH/FISHERY PRODUCT. Expiry: 12/06/2027.
1312,ALASHORE MARINE EXPORTS PVT. LTD. (EIC #1312),ALASHORE MARINE EXPORTS PVT. LTD.,India,Odisha,Pin,"Plot No.D1/18(P), D1/19,D1/20, D1/37, D1/38, D1/39 (P), Somnathapur Industrial Area, Balasore, Odisha, Pin-756019",Odisha,21.5614,86.901,7,"756019, Odisha, India",Shrimp,Freezing of Raw Fish & Fishery Products (IQF) -Shrimps (Aquaculture/Sea caught/Wild caught),01/08/2027,approved,true,documentation_verified,EIC FFP approved unit #1312. Scope: Freezing of Raw Fish & Fishery Products (IQF) -Shrimps (Aquaculture/Sea caught/Wild caught). Expiry: 01/08/2027.
1314,S.S.SEA FOOD PVT. LTD. (EIC #1314),S.S.SEA FOOD PVT. LTD.,India,West Bengal,KOLKATA,"RUIYA, PO-PATULIA, PS-KHARDHA, DIST-24 PARGANAS (NORTH), KOLKATA-700119, WEST BENGAL",KOLKATA-700119,24.0,88.0,1,"West Bengal, India",Cephalopods|Crab|Shrimp,"Packing of raw fresh chilled , Freezing of Raw fish & Fishery products(Block Frozen/IQF & IF-Blast Frozen)-Fishes (Non-Histamine & Histamine forming), Shrimps (Aquaculture/Sea Caught/Wild caught) Crab (Sea Caught) & Cephalopods",18/06/2027,approved,true,documentation_verified,"EIC FFP approved unit #1314. Scope: Packing of raw fresh chilled , Freezing of Raw fish & Fishery products(Block Frozen/IQF & IF-Blast Frozen)-Fishes (Non-Histamine & Histamine forming),.... Expiry: 18/06/2027."
1315,ESSEX MARINE PRIVATE LIMITED (EIC #1315),ESSEX MARINE PRIVATE LIMITED,India,West Bengal,Pin,"Village - Kuliatta, PO & PS : Ramnagar, Dist.: Purba Midnapur, Pin - 721441, West Bengal",Pin - 721441,24.0,88.0,1,"West Bengal, India",Fish,Packing of Fresh/Chilled Fish & Fishery Products and Raw Frozen Fish & Fishery Products (Block Frozen & Individually Frozen & IQF),28/06/2027,approved,true,documentation_verified,EIC FFP approved unit #1315. Scope: Packing of Fresh/Chilled Fish & Fishery Products and Raw Frozen Fish & Fishery Products (Block Frozen & Individually Frozen & IQF). Expiry: 28/06/2027.
1318,Padmashree Export (EIC #1318),Padmashree Export,India,Odisha,Dist::Khordha,"Plot No 274, Champajhara, P.O.Malpada-752018, Dist::Khordha, Odisha",Dist::Khordha,20.18268,85.61629,1,"Khurda, Khordha, India",Fish,Freezing of Raw Fish & Fishery products(Block Frozen/IQF) -Aquaculture/Sea caught/Wild Caught- Crustaceans only.,21/06/2028,approved,true,documentation_verified,EIC FFP approved unit #1318. Scope: Freezing of Raw Fish & Fishery products(Block Frozen/IQF) -Aquaculture/Sea caught/Wild Caught- Crustaceans only.. Expiry: 21/06/2028.
1319,RUPSHA FISH PRIVATE LIMITED (EIC #1319),RUPSHA FISH PRIVATE LIMITED,India,West Bengal,KOLKATA,"RUIYA, P.O.: PATULIA, P.S.: KHARDAH, DIST: 24 PARGANAS(N), KOLKATA, WEST BENGAL-700119",KOLKATA,22.56263,88.36304,3,"Kolkata, India",Fish,"FREEZING OF RAW/BLANCHED/COOKED FISH & FISHERY PRODUCTS (BLOCK FROZEN, IF & IQF)",06/04/2028,approved,true,documentation_verified,"EIC FFP approved unit #1319. Scope: FREEZING OF RAW/BLANCHED/COOKED FISH & FISHERY PRODUCTS (BLOCK FROZEN, IF & IQF). Expiry: 06/04/2028."
1325,Chilikarani Fish Trading Pvt. Ltd. (EIC #1325),Chilikarani Fish Trading Pvt. Ltd.,India,Tamil Nadu,Gopinathpur,"Atharanala patna, Gopinathpur, Puri-752002,",Gopinathpur,22.663,86.075,7,"752002, Odisha, India",Fish,Freezing of Raw Fish & Fishery Products(Block ) - Crustaceans .,17/04/2026,approved,true,documentation_verified,EIC FFP approved unit #1325. Scope: Freezing of Raw Fish & Fishery Products(Block ) - Crustaceans .. Expiry: 17/04/2026.
1326,TRADE IMPEX (EIC #1326),TRADE IMPEX,India,West Bengal,South 24 Parganas,"Vill & PO - Newsha, PS - Diamond Harbour, South 24 Parganas, West Bengal- 743368",South 24 Parganas,24.0,88.0,1,"West Bengal, India",Cephalopods|Shrimp,"Packing of Fresh/ Chilled Fish & Fishery Products - Fishes(Non-histamine forming), Shrimps(Sea caught/Wild caught) & Cephalopods",13/07/2027,approved,true,documentation_verified,"EIC FFP approved unit #1326. Scope: Packing of Fresh/ Chilled Fish & Fishery Products - Fishes(Non-histamine forming), Shrimps(Sea caught/Wild caught) & Cephalopods. Expiry: 13/07/2027."
1327,Falcon Marine Exports Ltd. (EIC #1327),Falcon Marine Exports Ltd.,India,Odisha,Pin,"NH5, Khantapada, Kasbajaypur, Dist- Balasore, Odisha, Pin-756043",Odisha,22.1967,84.1933,7,"756043, Odisha, India",Fish,"Freezing of Raw Fish & Fishery Products-(Block/IQF), Freezing of Blanched/ Cooked  Fish & Fishery Products(IQF)- Crustaceans only.",29/07/2027,approved,true,documentation_verified,"EIC FFP approved unit #1327. Scope: Freezing of Raw Fish & Fishery Products-(Block/IQF), Freezing of Blanched/ Cooked  Fish & Fishery Products(IQF)- Crustaceans only.. Expiry: 29/07/2027."
1328,MEGAA MODA PVT. LTD. (EIC #1328),MEGAA MODA PVT. LTD.,India,West Bengal,Howrah,"Sri Ram Hanuman Gate, Ranihati, Amta Road, Village-Islampur, PO-Nayachak, PS-Jagatballavpur, Howrah- 711322, West Bengal",Howrah- 711322,22.5736296,88.3251045,6,"Howrah, India",Shrimp,"Freezing of Raw Fish & Fishery Products(Block/IF/IQF), Freezing of Blanched Fish & FIshery Products(IQF)-Fishes(Histamine & Non-Histamine forming), Shrimps(Aquaculture/Sea caught/Wild caught) & Cephalapods",06/08/2027,approved,true,documentation_verified,"EIC FFP approved unit #1328. Scope: Freezing of Raw Fish & Fishery Products(Block/IF/IQF), Freezing of Blanched Fish & FIshery Products(IQF)-Fishes(Histamine & Non-Histamine forming), Sh.... Expiry: 06/08/2027."
1330,Hari Marine Pvt. Ltd. (EIC #1330),Hari Marine Pvt. Ltd.,India,Odisha,Odisha,"At-Biruan, P.O.Seragarh, Dist-Balasore-756060,Odisha, India",Odisha,22.6439,85.4797,7,"756060, Odisha, India",Fish,Freezing of Raw Fish & Fishery Products(Block/IQF) Crustaceans,14/08/2027,approved,true,documentation_verified,EIC FFP approved unit #1330. Scope: Freezing of Raw Fish & Fishery Products(Block/IQF) Crustaceans. Expiry: 14/08/2027.
1335,Royal Enterprise (EIC #1335),Royal Enterprise,India,West Bengal,West Bengal,"44, Hasanpur Road, P.O. Joynagar Mojilpur, P.S. Joynagar, Dist.: South 24 Parganas, West Bengal-743337, India",West Bengal-743337,27.33333,88.41667,9,"South District, India",Fish,Packing of Fresh / Chilled Fish & Fishery Products,11/11/2027,approved,true,documentation_verified,EIC FFP approved unit #1335. Scope: Packing of Fresh / Chilled Fish & Fishery Products. Expiry: 11/11/2027.
1340,MATARA AQUACULTURE WEST BENGAL PRIVATE LIMITED (EIC #1340),MATARA AQUACULTURE WEST BENGAL PRIVATE LIMITED,India,West Bengal,PIN,"VILL-GIRIRCHAK,PO-NARGHAT,PS-NANDAKUMAR,PURBA MEDINIPUR,PIN -721669,WEST BENGAL, INDIA",WEST BENGAL,24.0,88.0,1,"West Bengal, India",Fish,"Freezing of Raw Frozen Fish & Fishery Products (Block, IF & IQF",21/05/2028,approved,true,documentation_verified,"EIC FFP approved unit #1340. Scope: Freezing of Raw Frozen Fish & Fishery Products (Block, IF & IQF. Expiry: 21/05/2028."
1342,B-ONE BUSINESS HOUSE PVT. LTD (EIC #1342),B-ONE BUSINESS HOUSE PVT. LTD,India,Odisha,ODISHA,"PLOT NO-27, SEA FOOD PARK,
AT-HARIDAMADA,BHUBANESWAR,
DIST-KHORDA-752054,ODISHA,INDIA",ODISHA,20.2146,85.7143,7,"752054, Odisha, India",Fish,Freezing of Raw Fish & Fishery Products(Block/IF/IQF) Crustaceans,22/08/2028,approved,true,documentation_verified,EIC FFP approved unit #1342. Scope: Freezing of Raw Fish & Fishery Products(Block/IF/IQF) Crustaceans. Expiry: 22/08/2028.
1350,B-ONE BUSINESS HOUSE PVT. LTD (EIC #1350),B-ONE BUSINESS HOUSE PVT. LTD,India,Odisha,BALASORE,"PLOT NO-3891/ 6236  , SRIKONCHANDIPUR   , 
BALASORE -756025 , ODISHA ,INDIA",ODISHA,24.8352,92.7158,7,"756025, Odisha, India",Fish,Freezing of Raw Fish & Fishery Products(Block/IQF) Crustaceans,14/04/2026,approved,true,documentation_verified,EIC FFP approved unit #1350. Scope: Freezing of Raw Fish & Fishery Products(Block/IQF) Crustaceans. Expiry: 14/04/2026.
1357,SREERAGAM EXPORTS PRIVATE LIMITED (EIC #1357),SREERAGAM EXPORTS PRIVATE LIMITED,India,Odisha,PIN,"BENT,CHAMPAGARH,CHANDPUR,DIST-NAYAGARH,ODISHA, PIN-752024,INDIA",PIN-752024,22.1621,83.4364,7,"752024, Odisha, India",Cephalopods,"Freezing of raw Fish and Fishery Products (Block/IF/IQF)-Crustaceans,Cephalopods, Scrombroid & non-scrombroid Fishes",29/07/2027,approved,true,documentation_verified,"EIC FFP approved unit #1357. Scope: Freezing of raw Fish and Fishery Products (Block/IF/IQF)-Crustaceans,Cephalopods, Scrombroid & non-scrombroid Fishes. Expiry: 29/07/2027."
1359,BASU INTERNATIONAL (UNIT V) (EIC #1359),BASU INTERNATIONAL (UNIT V),India,West Bengal,PIN,"JAGAIBASAN, P.O- DIGHA, DIST- PURBA MEDINIPUR, PIN-721428, WEST BENGAL",PIN-721428,22.3912,84.4055,7,"721428, West Bengal, India",Fish,Packing of Fresh / Chilled Fish & Fishery Products & Freezing of Raw Fish & Fishery Products (Block Frozen / IF/ IQF) PPa,06/01/2028,approved,true,documentation_verified,EIC FFP approved unit #1359. Scope: Packing of Fresh / Chilled Fish & Fishery Products & Freezing of Raw Fish & Fishery Products (Block Frozen / IF/ IQF) PPa. Expiry: 06/01/2028.
1362,Aqua Fauna Exports (EIC #1362),Aqua Fauna Exports,India,West Bengal,Barrackpore Road,"Ward no. 5, 1112/1, Talikhola, Barasat, Barrackpore Road,West Bengal-700126",Barrackpore Road,24.0,88.0,1,"West Bengal, India",Fish,Packing of Fresh/Chilled Fish & Fishery Product,15/02/2026,approved,true,documentation_verified,EIC FFP approved unit #1362. Scope: Packing of Fresh/Chilled Fish & Fishery Product. Expiry: 15/02/2026.
1363,NDM SEAFOOD PROCESSORS AND EXPORTERS PRIVATE LIMITED (EIC #1363),NDM SEAFOOD PROCESSORS AND EXPORTERS PRIVATE LIMITED,India,West Bengal,Hooghly,"Hosennabad Village, Mogra, Hooghly - 712148, West Bengal",Hooghly - 712148,22.90877,88.39674,1,"Hugli, India",Shrimp,"Freezing of Raw Fish & Fishery Products (Block/IQF), Freezing of Blanched/Cooked Fish and Fishery Products(IQF) -Fishes (Histamine & Non- Histamine forming), Shrimps (Aquaculture/Sea caught/Wild caught)",11/07/2027,approved,true,documentation_verified,"EIC FFP approved unit #1363. Scope: Freezing of Raw Fish & Fishery Products (Block/IQF), Freezing of Blanched/Cooked Fish and Fishery Products(IQF) -Fishes (Histamine & Non- Histamine fo.... Expiry: 11/07/2027."
1365,Highland Agro Food Private Limited (EIC #1365),Highland Agro Food Private Limited,India,Odisha,BALASORE,"PLOT-NO.347-358,GADABHANGA,KHANTAPADA,BALASORE-756043,ODISHA",BALASORE-756043,22.1967,84.1933,7,"756043, Odisha, India",Fish,PACKING OF FRESH & CHILLED FISHERY PRODUCTS.,14/08/2027,approved,true,documentation_verified,EIC FFP approved unit #1365. Scope: PACKING OF FRESH & CHILLED FISHERY PRODUCTS.. Expiry: 14/08/2027.
1366,"Orchid Marine Export pvt. Ltd, (EIC #1366)","Orchid Marine Export pvt. Ltd,",India,Odisha,BALASORE,"KHALADIHA,NO.1,BADASIMULIA,BALIAPAL,BALASORE-756026,ODISHA",BALASORE-756026,21.7769,86.779,7,"756026, Odisha, India",Fish,Freezing of Raw Fish & Fishery Products(Block & IQF) Crustaceans only,26/09/2027,approved,true,documentation_verified,EIC FFP approved unit #1366. Scope: Freezing of Raw Fish & Fishery Products(Block & IQF) Crustaceans only. Expiry: 26/09/2027.
1367,Pasupati Aquatics Private Limited (EIC #1367),Pasupati Aquatics Private Limited,India,West Bengal,Pin,"Haria, Atmaramchak, J.L. No. 131, P.O., Haria, P.S., Khejuri, Dist.-Purba Medinipur, West Bengal, Pin-721430, India",Pin-721430,22.42114,87.32257,7,"Medinīpur, Paschim Medinipur, India",Fish,"Freezing of Raw Frozen Fish & Fishery Products Ã?Â¢?? Block / IQF), Freezing of Blanched / Cooked Fish & Fishery Products Ã?Â¢?? (IQF)",15/12/2027,approved,true,documentation_verified,"EIC FFP approved unit #1367. Scope: Freezing of Raw Frozen Fish & Fishery Products Ã?Â¢?? Block / IQF), Freezing of Blanched / Cooked Fish & Fishery Products Ã?Â¢?? (IQF). Expiry: 15/12/2027."
1370,Bhimraj Export (EIC #1370),Bhimraj Export,India,Odisha,KHURDA,"BADAPOKHARIA,PO-NILAGIRI-PATANA,PS-NIRAKARPUR,KHURDA,ODISHA-752019",KHURDA,19.9833,85.55,7,"752019, Odisha, India",Cephalopods,"Freezing of raw Fish and Fishery Products (Block/IF/IQF)-Crustaceans,Cephalopods, Scrombroid & non-scrombroid Fin Fishes",14/03/2028,approved,true,documentation_verified,"EIC FFP approved unit #1370. Scope: Freezing of raw Fish and Fishery Products (Block/IF/IQF)-Crustaceans,Cephalopods, Scrombroid & non-scrombroid Fin Fishes. Expiry: 14/03/2028."
1371,AQUATECH FEED & SEAFOODS PRIVATE LIMITED (EIC #1371),AQUATECH FEED & SEAFOODS PRIVATE LIMITED,India,West Bengal,DIST.-HOWRAH,"HANUMAN COMPLEX, VILLAGE-ISLAMPUR, P.O-ISLAMPUR,DIST.-HOWRAH, WEST BENGAL-711401.",DIST.-HOWRAH,22.57688,88.31857,6,"Hāora, India",Fish,"Freezing of Raw Fish & Fishery Products(Block, IF & IQF(Cooking/Blanching) )",05/04/2028,approved,true,documentation_verified,"EIC FFP approved unit #1371. Scope: Freezing of Raw Fish & Fishery Products(Block, IF & IQF(Cooking/Blanching) ). Expiry: 05/04/2028."
1373,SHNAKHA DEEP EXPORTS PRIVATE LIMITED(UNIT_II) (EIC #1373),SHNAKHA DEEP EXPORTS PRIVATE LIMITED(UNIT_II),India,West Bengal,KOLKATA,"CHONDIGORI, BADU, NORTH 24 PARGANAS, KOLKATA-700128, WEST BENGAL",KOLKATA-700128,22.6432,87.9701,7,"700128, West Bengal, India",Fish,"FREEZENG OF RAW / COOKED FISH & FISHERY PRODUCTS (BLOCK, IF & IQF)",18/05/2028,approved,true,documentation_verified,"EIC FFP approved unit #1373. Scope: FREEZENG OF RAW / COOKED FISH & FISHERY PRODUCTS (BLOCK, IF & IQF). Expiry: 18/05/2028."
1378,Ashadeep Aquaculture Pvt. Ltd (EIC #1378),Ashadeep Aquaculture Pvt. Ltd,India,Odisha,Pin,"Plot No. -768, 751, 764 / 842, 443, 766, 767, 448, 441, Tinipada, Jugal Kishorepur, Mankhani, PS:Khantapada, Dist: Balasore, Odisha, Pin-756043",Odisha,22.23406,76.96431,9,"Harda, India",Cephalopods,"Freezing of Raw Fish & Fishery Products (Block/Blast)-Crustaceans, Cephalopods Scrombroid & Non-Scrombroid Fin Fishes",04/04/2026,approved,true,documentation_verified,"EIC FFP approved unit #1378. Scope: Freezing of Raw Fish & Fishery Products (Block/Blast)-Crustaceans, Cephalopods Scrombroid & Non-Scrombroid Fin Fishes. Expiry: 04/04/2026."
1381,Snow World Marine Exports Private Limited (EIC #1381),Snow World Marine Exports Private Limited,India,Odisha,ODISHA,"BAHAL, REMUNA, BALASORE,
ODISHA -756060, INDIA",ODISHA -756060,22.6439,85.4797,7,"756060, Odisha, India",Shrimp,All countries excluding uncooked prawns to Australia,28/08/2026,approved,true,documentation_verified,EIC FFP approved unit #1381. Scope: All countries excluding uncooked prawns to Australia. Expiry: 28/08/2026.
1382,BRC MARINE PRODUCTS (EIC #1382),BRC MARINE PRODUCTS,India,Odisha,Odisha,"Plot No. 288/1123, 288/1124, Narasingh prasad, P.O: Dosinga, Via- Dhamara, Dist: Bhadrak, Odisha, PIN: 756171 
Call: 9678071393
Email: brc.marine@outlook.com",Odisha,21.05447,86.5156,7,"Bhadrakh, Bhadrak, India",Shrimp,"No Change in scope but country need to be corrected as ""All countries other than uncooked prawns to Australia"".",02/11/2026,approved,true,documentation_verified,"EIC FFP approved unit #1382. Scope: No Change in scope but country need to be corrected as ""All countries other than uncooked prawns to Australia"".. Expiry: 02/11/2026."
1383,GADRE MARINE EXPORT PRIVATE LIMITED (EIC #1383),GADRE MARINE EXPORT PRIVATE LIMITED,India,Odisha,Balasore,"Surimi Unit, Salt Road, Tundara, PO Inchudi, Remuna Block, Balasore 756021, Odisha.",Balasore 756021,21.49266,86.93348,1,"Balasore, Bāleshwar, India",,Raw Frozen F & FP (Block frozen),31/12/2026,approved,true,documentation_verified,EIC FFP approved unit #1383. Scope: Raw Frozen F & FP (Block frozen). Expiry: 31/12/2026.
1385,ABBA KABA OVERSEAS PRIVATE LIMITED (EIC #1385),ABBA KABA OVERSEAS PRIVATE LIMITED,India,Odisha,State,"At- Mulijhara, Po- Kusumi, P.S- Tangi, Dist-Khurdha, State- Odisha, Pin- 752021",State- Odisha,20.5,84.41667,1,"Odisha, India",Fish,Raw Frozen Fish and Fishery Products (Block & IQF),20/03/2027,approved,true,documentation_verified,EIC FFP approved unit #1385. Scope: Raw Frozen Fish and Fishery Products (Block & IQF). Expiry: 20/03/2027.
1387,SEA DORIS MARINE EXPORTS (EIC #1387),SEA DORIS MARINE EXPORTS,India,West Bengal,PIN,"Dag No.-756,J.L. No.-96,
Mouza-Chandipur,
P.O.-B. Gobindapur,
P.S.-Bhangar, Dist.-South 24 Parganas, West Bengal,
PIN-743502, India",PIN-743502,24.0,88.0,1,"West Bengal, India",Shrimp,"a) To process F & FP for export to all countries
     excluding CU & uncooked prawns to Australia.",20/03/2027,approved,true,documentation_verified,"EIC FFP approved unit #1387. Scope: a) To process F & FP for export to all countries
     excluding CU & uncooked prawns to Australia.. Expiry: 20/03/2027."
146,Rahul Foods (Goa) (EIC #146),Rahul Foods (Goa),India,Goa,Goa,"Next to Government Fish Farm, Dauji, Ela, Old-Goa, Goa-403402, India",Goa-403402,15.4198,74.0165,7,"403402, Goa, India",Fish,Frozen (Block/IF-Blast) Raw Fish and Fishery Products (Excluding Aquaculture),12/02/2026,approved,true,documentation_verified,EIC FFP approved unit #146. Scope: Frozen (Block/IF-Blast) Raw Fish and Fishery Products (Excluding Aquaculture). Expiry: 12/02/2026.
1501,A M FISHERIES (EIC #1501),A M FISHERIES,India,Kerala,Ambalapuzha Alappuzha,"XIII/378,Kakkazhom Vandanam P.O.,Ambalapuzha Alappuzha-688005, Kerala",Ambalapuzha Alappuzha-688005,9.4617,76.3382,7,"688005, Kerala, India",Cephalopods|Shrimp,Packing of Fresh/Chilled F & FP Freezing of Raw/ Blanched F & FP (Block /Blast/IQF): Fishes (Histamine and Non-Histamine) Shrimps  (Sea caught /Aquaculture)  & Cephalopods. IQF of cooked Shrimps (Sea caught & Aquaculture).,12/12/2027,approved,true,documentation_verified,EIC FFP approved unit #1501. Scope: Packing of Fresh/Chilled F & FP Freezing of Raw/ Blanched F & FP (Block /Blast/IQF): Fishes (Histamine and Non-Histamine) Shrimps  (Sea caught /Aquacu.... Expiry: 12/12/2027.
1503,FEBIN MARINE FOODS (EIC #1503),FEBIN MARINE FOODS,India,Kerala,ALAPPUZHA,"ERAMALLOOR , ALAPPUZHA-688537,KERALA,INDIA.",KERALA,9.7556,76.3278,7,"688537, Kerala, India",Cephalopods|Crab|Shrimp,"Freezing of Raw/Blanched /Cooked/Frozen Breaded Fish & Fishery products IQF, Freezing of  Raw Marinated Shrimps ,Frozen Cooked & Peeled Shrimps , Frozen Crab meat- Fishes (Histamine & Non Histamine forming), Crustaceans- Shrimps (Aquaculture /Sea Caught/Wide Caught), Crabs (Sea Caught/Wide Caught) & Cephalopods.",23/01/2028,approved,true,documentation_verified,"EIC FFP approved unit #1503. Scope: Freezing of Raw/Blanched /Cooked/Frozen Breaded Fish & Fishery products IQF, Freezing of  Raw Marinated Shrimps ,Frozen Cooked & Peeled Shrimps , Froz.... Expiry: 23/01/2028."
1504,GRAND MARINE FOODS (EIC #1504),GRAND MARINE FOODS,India,Kerala,Alappuzha District,"11/750A, Industrial Development Area, Aroor P.O., Pin-688534, Alappuzha District, Kerala",Alappuzha District,9.7556,76.3278,7,"688534, Kerala, India",Cephalopods|Lobster|Shrimp,"Packing of Fresh Chilled Fish & Fishery Products and Freezing of Raw Blanched Fish & Fishery Products (Block/Blast/IF/IQF), Freezing of Blanched Fish & Fishery Products (IQF) â?? Fishes (Histamine & Non- Histamine forming), Crustaceans-Shrimps (Aquaculture/Sea caught), Lobsters & Cephalopods, Freezing of (cooked Shrimps & Cephalopods)",26/03/2028,approved,true,documentation_verified,"EIC FFP approved unit #1504. Scope: Packing of Fresh Chilled Fish & Fishery Products and Freezing of Raw Blanched Fish & Fishery Products (Block/Blast/IF/IQF), Freezing of Blanched Fish .... Expiry: 26/03/2028."
1511,Mukka Proteins Limited (EIC #1511),Mukka Proteins Limited,India,Karnataka,Mangalore,"D.NO.14-161 to 164, Sasihithlu road, Mukka,Mangalore-575021,Karnataka.",Mangalore-575021,14.66667,75.83333,1,"Karnātaka, India",Fish,"Processing of Steam Dried Fish Meal, Fish Oil and Fish Soluble Paste (Not fit for Human Consumption)",17/04/2028,approved,true,documentation_verified,"EIC FFP approved unit #1511. Scope: Processing of Steam Dried Fish Meal, Fish Oil and Fish Soluble Paste (Not fit for Human Consumption). Expiry: 17/04/2028."
1512,Janatha Fish Meal & Oil Products (EIC #1512),Janatha Fish Meal & Oil Products,India,Karnataka,UdupiDist,"Manoor Fisheries Road,Kota-576221, UdupiDist,Karnataka",UdupiDist,14.66667,75.83333,1,"Karnātaka, India",Fish,"Processing & Packing of Steam Dried Fish Meal, Fish oil, Fish Soluble & Fish Soluble Powder (Not fit for Human Consumption)",25/06/2028,approved,true,documentation_verified,"EIC FFP approved unit #1512. Scope: Processing & Packing of Steam Dried Fish Meal, Fish oil, Fish Soluble & Fish Soluble Powder (Not fit for Human Consumption). Expiry: 25/06/2028."
1517,Bawa FishMeal & Oil Co (EIC #1517),Bawa FishMeal & Oil Co,India,Karnataka,Mangalore,"D. No. 15-3 & 15-4, Sasihithlu Road, Mukka, Surathkal,Mangalore-575021,Karnataka",Mangalore-575021,14.66667,75.83333,1,"Karnātaka, India",Fish,"Processing and Packing of Steam Dried Fish Meal, Fish Soluble Paste and Fish Oil (Not Fit for Human Consumption)",13/02/2026,approved,true,documentation_verified,"EIC FFP approved unit #1517. Scope: Processing and Packing of Steam Dried Fish Meal, Fish Soluble Paste and Fish Oil (Not Fit for Human Consumption). Expiry: 13/02/2026."
1521,M/s Seafood Innovations (EIC #1521),M/s Seafood Innovations,India,Kerala,688538,"Kodamthuruthu, Kuthiathode P.O., Cherthala, Alappuzha Dist., 688538, Kerala",688538,10.41667,76.5,1,"Kerala, India",Cephalopods|Shrimp,"Freezing of Raw Fish & Fishery Products (Block/Blast/IF/IQF), Freezing of Blanched & Cooked Fishery Products (IQF) Shrimps (Sea-caught & Aquaculture) & Cephalopods and Histamine & Non-Histamine forming fishes",08/07/2027,approved,true,documentation_verified,"EIC FFP approved unit #1521. Scope: Freezing of Raw Fish & Fishery Products (Block/Blast/IF/IQF), Freezing of Blanched & Cooked Fishery Products (IQF) Shrimps (Sea-caught & Aquaculture) .... Expiry: 08/07/2027."
1523,DOLPHIN WIRES PRIVATE LIMITED (EIC #1523),DOLPHIN WIRES PRIVATE LIMITED,India,Kerala,ALAPPUZHA,"AP II/722, INDUSTRIAL ESTATEAROOR, ALAPPUZHA-688534KERALA, INDIA",ALAPPUZHA-688534KERALA,9.7556,76.3278,7,"688534, Kerala, India",Cephalopods|Shrimp,Freezing of Raw  Fish & Fishery Products(Block/IF) Fishes(Histamine & Non Histamine forming) Shrimps - (Sea Caught/Wild Caught/Aquaculture) & Cephalopods,08/10/2027,approved,true,documentation_verified,EIC FFP approved unit #1523. Scope: Freezing of Raw  Fish & Fishery Products(Block/IF) Fishes(Histamine & Non Histamine forming) Shrimps - (Sea Caught/Wild Caught/Aquaculture) & Cephalop.... Expiry: 08/10/2027.
1524,Arbee Biomarine Extracts Private Limited (EIC #1524),Arbee Biomarine Extracts Private Limited,India,Karnataka,Mysore,"Plot No.13/P2, Thandya Industrial Area, Nanjangudi Dist., Mysore-570302, Karnataka",Mysore-570302,14.66667,75.83333,1,"Karnātaka, India",Fish,"Processing and packing of Fish Oil-Ester, Purified Fish Oil-Ester (Enzymatic), Semi-Refined Fish Oil - Fit for Human Consumption)",03/11/2027,approved,true,documentation_verified,"EIC FFP approved unit #1524. Scope: Processing and packing of Fish Oil-Ester, Purified Fish Oil-Ester (Enzymatic), Semi-Refined Fish Oil - Fit for Human Consumption). Expiry: 03/11/2027."
1525,International Freezfish Exports (Unit 1) (EIC #1525),International Freezfish Exports (Unit 1),India,Kerala,Aroor,"A P II/ 810, Industrial Estate, Aroor- 688534, Alleppey Dist. Kerala",Aroor- 688534,10.41667,76.5,1,"Kerala, India",Cephalopods|Shrimp,"Freezing of Raw Fish& fishery products((Block/IF/IQF),Fishes Histamine and Non-Histamine Forming) ,Shrimps(Seacaught & Aquaculture)&Cephalopodes Category-PPa",04/03/2028,approved,true,documentation_verified,"EIC FFP approved unit #1525. Scope: Freezing of Raw Fish& fishery products((Block/IF/IQF),Fishes Histamine and Non-Histamine Forming) ,Shrimps(Seacaught & Aquaculture)&Cephalopodes Categ.... Expiry: 04/03/2028."
1526,United Marine Products (EIC #1526),United Marine Products,India,Odisha,Mangalore,"Door No.1-1/20, Sea Road, Kotepura, Mangalore, Ullal-575020,",Mangalore,12.8108,74.8629,7,"575020, Karnātaka, India",Fish,"Processing and Packing of Steam Dried Fish Meal, Fish Oil & Fish Soluble Paste (Not fit for Human Consumption).",10/03/2028,approved,true,documentation_verified,"EIC FFP approved unit #1526. Scope: Processing and Packing of Steam Dried Fish Meal, Fish Oil & Fish Soluble Paste (Not fit for Human Consumption).. Expiry: 10/03/2028."
1539,Foodco Delicacies India (P) Ltd. (EIC #1539),Foodco Delicacies India (P) Ltd.,India,Kerala,Alappuzha,"XI/46R, Trichattukulam P.O, Cherthala, Alappuzha-688526,Kerala",Alappuzha-688526,9.6634,76.3807,7,"688526, Kerala, India",Shrimp,"Packing of Fresh/Chilled Fish & Fishery Products, Freezing of Raw Fish & Fishery Products(Block/Blast/IF),
 Fishes(Histamine & Non-Histamine forming) Shrimps(Sea-Caught and Aqaculture) & Cephalapods",19/04/2026,approved,true,documentation_verified,"EIC FFP approved unit #1539. Scope: Packing of Fresh/Chilled Fish & Fishery Products, Freezing of Raw Fish & Fishery Products(Block/Blast/IF),
 Fishes(Histamine & Non-Histamine forming) .... Expiry: 19/04/2026."
1543,ARBEE AQUATIC PROTEINS PVT. LTD. (EIC #1543),ARBEE AQUATIC PROTEINS PVT. LTD.,India,Kerala,Alleppey Dist,"AP-II/723, Aroor Industrial Area, Aroor-688534, Alleppey Dist., Kerala",Alleppey Dist.,10.41667,76.5,1,"Kerala, India",Fish,Processing and Packing of Steam Dried Fish Meal and Fish oil (Not fit for Human Consumption),01/09/2027,approved,true,documentation_verified,EIC FFP approved unit #1543. Scope: Processing and Packing of Steam Dried Fish Meal and Fish oil (Not fit for Human Consumption). Expiry: 01/09/2027.
1544,BATHSHA MARINE EXPORTS PVT LTD (EIC #1544),BATHSHA MARINE EXPORTS PVT LTD,India,Kerala,ALAPPUZHA,"BUILDING NO.II/732, INDUSTRIAL ESTATE, AROOR,ALAPPUZHA, KERALA-688534  INDIA",ALAPPUZHA,9.41667,76.5,1,"Alappuzha, India",Cephalopods|Shrimp,"PACKING OF FRESH/ CHILLED FISH & FISHERY PRODUCTS, RAW FROZEN FISH & FISHERY PRODUCTS ( BLOCK/ BLAST FROZEN, INDIVIDUALY FROZEN) - FISHES (HISTAMINE & NON-HISTAMINE FORMING), SHRIMPS (SEA-CAUGHT/ WILD CAUGHT & AQUACULTURE) & CEPHALOPODS",28/09/2027,approved,true,documentation_verified,"EIC FFP approved unit #1544. Scope: PACKING OF FRESH/ CHILLED FISH & FISHERY PRODUCTS, RAW FROZEN FISH & FISHERY PRODUCTS ( BLOCK/ BLAST FROZEN, INDIVIDUALY FROZEN) - FISHES (HISTAMINE &.... Expiry: 28/09/2027."
1546,Ullal Fish Meal & Oil Company (EIC #1546),Ullal Fish Meal & Oil Company,India,Odisha,Ullal,"D.No.1-19/ISeaRoad,Kotepura,Ullal, Mangalore-575020",Ullal,12.8108,74.8629,7,"575020, Karnātaka, India",Fish,ProcessingSteamDriedFishMeal&FishOil(NotfitforHumanConsumption),25/11/2027,approved,true,documentation_verified,EIC FFP approved unit #1546. Scope: ProcessingSteamDriedFishMeal&FishOil(NotfitforHumanConsumption). Expiry: 25/11/2027.
1549,EMINENT SEAFOODS PVT LTD (EIC #1549),EMINENT SEAFOODS PVT LTD,India,Kerala,THOPPUMPADY,"16/1127A, PLOT NO.9, COCHIN FISHERIES HARBOUR , THOPPUMPADY ,COCHIN -682005",THOPPUMPADY,9.9399,76.2602,7,"682005, Kerala, India",Cephalopods|Shrimp,"Packing of Raw Fish  & fishery products(Block /Blast, Individually Frozen ) Shrimps ( Sea Caught & Aquaculture ) & Cephalopods /Histamine & Non -Histamine Forming  Fishes( SeaCaught)",17/04/2028,approved,true,documentation_verified,"EIC FFP approved unit #1549. Scope: Packing of Raw Fish  & fishery products(Block /Blast, Individually Frozen ) Shrimps ( Sea Caught & Aquaculture ) & Cephalopods /Histamine & Non -Hista.... Expiry: 17/04/2028."
1556,AUTHENTIC OCEAN TREASURE (EIC #1556),AUTHENTIC OCEAN TREASURE,India,Karnataka,Mangalore,"Plot No. 1P-63A, M.S.E.Z., Mangalore Karnataka, Pin- 574142",Mangalore Karnataka,12.8698101,74.8430082,3,"Mangaluru, Mangaluru taluk, India",Surimi,Manufacturing of Frozen Surimi (Block),31/07/2027,approved,true,documentation_verified,EIC FFP approved unit #1556. Scope: Manufacturing of Frozen Surimi (Block). Expiry: 31/07/2027.
1557,Malpefresh Marine Export Private Limited (EIC #1557),Malpefresh Marine Export Private Limited,India,Karnataka,Udupi,"D.NO. D-II, 19A-5, Devalkunda, Vishnumurthy Temple Rd, Kundapur Taluk, Udupi, Karnataka-576230",Udupi,13.63007,74.69068,7,"Coondapoor, Udupi, India",,nan,23/07/2027,approved,true,documentation_verified,EIC FFP approved unit #1557. Scope: nan. Expiry: 23/07/2027.
1559,BarakaOverseasTraders (EIC #1559),BarakaOverseasTraders,India,Karnataka,Mangalore,"P.B.No.1204,BeachRoad,UllalDakshina, Kannada, Mangalore, Karnataka-575020.",Mangalore,12.8108,74.8629,7,"575020, Karnātaka, India",Cephalopods|Shrimp,"Freezing of Raw Fish & Fishery Products Shrimps (Sea Caught), Cephalopods , Fishes (Histamine & Non- Histamine Forming) Block & Individual Freezing for exports to all countries excluding European Union (EU), Customs Union (CU) and Uncooked prawn to Australia.",01/10/2027,approved,true,documentation_verified,"EIC FFP approved unit #1559. Scope: Freezing of Raw Fish & Fishery Products Shrimps (Sea Caught), Cephalopods , Fishes (Histamine & Non- Histamine Forming) Block & Individual Freezing fo.... Expiry: 01/10/2027."
1561,AL BADR SEAFOODS PVT. LTD. (UNIT-II) (EIC #1561),AL BADR SEAFOODS PVT. LTD. (UNIT-II),India,Kerala,COCHIN,"PLOT NO. 33 B, CSEZ,KAKKANAD, COCHIN-682037, KERALA",COCHIN-682037,9.9746,76.293,7,"682037, Kerala, India",Cephalopods|Shrimp|Tuna,"Freezing of Raw Fish & Fishery Products,Frozen Pre-Cooked Tuna Loins(Blast/IF),Shrimps(Sea-Caught),Cephalopods, Fishes (Histamine and Non-Histamine Forming) for  all  counties  excluding  EU and  Russia",13/01/2028,approved,true,documentation_verified,"EIC FFP approved unit #1561. Scope: Freezing of Raw Fish & Fishery Products,Frozen Pre-Cooked Tuna Loins(Blast/IF),Shrimps(Sea-Caught),Cephalopods, Fishes (Histamine and Non-Histamine Fo.... Expiry: 13/01/2028."
1563,"Raj Fishmeal and Oil Company – Unit-II, (EIC #1563)","Raj Fishmeal and Oil Company – Unit-II,",India,Karnataka,Udupi District,"D.No 1-23B, 3rdCross Malpe, Madhwaraj Road Malpe, Udupi District, Karnataka -576108.",Udupi District,13.3528,74.7083,7,"576108, Karnātaka, India",Fish,Processing of Steam Dried Fish Meal and Fish Oil (Not fit for Human Consumption),04/06/2028,approved,true,documentation_verified,EIC FFP approved unit #1563. Scope: Processing of Steam Dried Fish Meal and Fish Oil (Not fit for Human Consumption). Expiry: 04/06/2028.
1580,QFROZ TRADES  PRIVATE LIMITED (EIC #1580),QFROZ TRADES  PRIVATE LIMITED,India,Kerala,ALAPPUZHA,"XXII/623,(AP II/857A),
INDUSTRIAL AREA ,AROOR,
ALAPPUZHA -688534,
KERALA,INDIA",KERALA,9.7556,76.3278,7,"688534, Kerala, India",Cephalopods|Shrimp,"Packing of Fresh/ Chilled fish 
and fishery products, Freezing of Raw Fish and Fishery products (Block/IF/Blast), Fishes- (Histamine and Non-Histamine forming), Shrimps (Sea caught/ Aquaculture) & Cephalopods.",06/03/2026,approved,true,documentation_verified,"EIC FFP approved unit #1580. Scope: Packing of Fresh/ Chilled fish 
and fishery products, Freezing of Raw Fish and Fishery products (Block/IF/Blast), Fishes- (Histamine and Non-Histamine.... Expiry: 06/03/2026."
1581,NAS FISHERIES PRIVATE LIMITED (EIC #1581),NAS FISHERIES PRIVATE LIMITED,India,Kerala,KOCHI,"16/1712, Old No.22/1173-A  NH.47,EDAKOCHI,KOCHI-682010,KERALA,INDIA",KERALA,9.9671,76.3031,7,"682010, Kerala, India",Cephalopods|Crab|Lobster|Shrimp|Squid,"Freezing of Raw / Blanched Fish & Fishery Products (Block/ Blast-IF/ IQF), Freezing of Cooked Shrimps & Squid Rings (IQF), Fishes (Histamine and Non -Histamine Forming), Shrimps (Sea caught / Aquaculture), Cephalopods, Crabs and Lobsters.",06/03/2026,approved,true,documentation_verified,"EIC FFP approved unit #1581. Scope: Freezing of Raw / Blanched Fish & Fishery Products (Block/ Blast-IF/ IQF), Freezing of Cooked Shrimps & Squid Rings (IQF), Fishes (Histamine and Non -.... Expiry: 06/03/2026."
1583,Yashaswi Fish Meal and Oil Company- Branch 1 (EIC #1583),Yashaswi Fish Meal and Oil Company- Branch 1,India,Karnataka,Mangalore SEZ Permude Village,"Plot No IP-25A, Mangalore SEZ Permude Village, Mangalore Dakshina Kannada Karnataka-574509",Mangalore SEZ Permude Village,14.66667,75.83333,1,"Karnātaka, India",Surimi,Manufacturing of Frozen Surimi (Fish Paste) - Block Frozen,07/07/2027,approved,true,documentation_verified,EIC FFP approved unit #1583. Scope: Manufacturing of Frozen Surimi (Fish Paste) - Block Frozen. Expiry: 07/07/2027.
1584,SHREE ULKA LLP (EIC #1584),SHREE ULKA LLP,India,Karnataka,MSEZ Mangalore Dakshina Kannad,"IP-48 A & B, MSEZ Mangalore Dakshina Kannad, Karnataka-574509",MSEZ Mangalore Dakshina Kannad,20.25784,75.138,9,"Kannad, Aurangabad Division, India",Cephalopods|Lobster|Shrimp|Squid|Surimi,"Packing of Fresh/Chilled Fish & Fishery Products, Freezing of Raw Fish & Fishery Products (Block Frozen), Freezing of Raw/ Blanched Fish & Fishery Products (IQF), Freezing of Cooked Sea caught Shrimps and Squid Rings (IQF) & Manufacturing of Frozen Surimi (Fish Paste)- Fishes (Histamine & Non-Histamine Forming), Crustaceans -Shrimps(Aquaculture/Sea caught/Wild caught) & Lobsters(Sea caught/Wild caught) & Cephalopods",08/07/2027,approved,true,documentation_verified,"EIC FFP approved unit #1584. Scope: Packing of Fresh/Chilled Fish & Fishery Products, Freezing of Raw Fish & Fishery Products (Block Frozen), Freezing of Raw/ Blanched Fish & Fishery Pro.... Expiry: 08/07/2027."
1585,Sterling Foods Unit-2 (EIC #1585),Sterling Foods Unit-2,India,Karnataka,Mangalore,"Door No:2-157-1-A&B, Sasihithlu,Dakshina Kannada, Mangalore,Karnataka-574146",Mangalore,12.91723,74.85603,4,"Mangalore, Dakshina Kannada, India",Cephalopods|Shrimp,"Freezing of Raw Fish & Fishery Products -Block Frozen 
Shrimps( Sea caught/Wild caught and Aquaculture), Fishes(Histamine and Non- histamine forming) & Cephalopods",18/06/2027,approved,true,documentation_verified,"EIC FFP approved unit #1585. Scope: Freezing of Raw Fish & Fishery Products -Block Frozen 
Shrimps( Sea caught/Wild caught and Aquaculture), Fishes(Histamine and Non- histamine forming) .... Expiry: 18/06/2027."
1587,Mangalore Fish Meal & Oil Company (EIC #1587),Mangalore Fish Meal & Oil Company,India,Karnataka,Mangalore,"Door No. 1-1-22 & 22 (1), Sea Road,Kotepura,Ullal,Mangalore-575020, Karnataka.",Mangalore-575020,12.8108,74.8629,7,"Ullal, Dakshina Kannada, India",Fish,"Processing of Steam Dried Fish Meal, Fish Oil and Fish Soluble Paste (Not Fit for Human Consumption)",22/02/2028,approved,true,documentation_verified,"EIC FFP approved unit #1587. Scope: Processing of Steam Dried Fish Meal, Fish Oil and Fish Soluble Paste (Not Fit for Human Consumption). Expiry: 22/02/2028."
1590,Span Aquatic Products (EIC #1590),Span Aquatic Products,India,Karnataka,Mangalore Taluk,"Door No. 1-15/1 and 1-15/2, Kotepura,Ullal, Mangalore Taluk,Karnataka- 575020",Mangalore Taluk,14.66667,75.83333,1,"Karnātaka, India",Fish,"Processing of Steam Dried Fish Meal, Fish Oil and Fish Soluble Paste (Not Fit for Human Consumption)",12/05/2028,approved,true,documentation_verified,"EIC FFP approved unit #1590. Scope: Processing of Steam Dried Fish Meal, Fish Oil and Fish Soluble Paste (Not Fit for Human Consumption). Expiry: 12/05/2028."
1594,YASHASWI FISH MEAL AND FISH OIL COMPANY BRANCH: 3 (EIC #1594),YASHASWI FISH MEAL AND FISH OIL COMPANY BRANCH: 3,India,Karnataka,Udupi,"D No 16-150 20, S.No.433/1, Plot No.20,  Shivalli Industrial Area, Manipal, Udupi, Karnataka-576104",Udupi,13.35,74.78333,7,"Manipala, Udupi, India",Fish,Storing of Steam Dried Fish Meal of approved units - Unfit for Human Consumption,09/09/2026,approved,true,documentation_verified,EIC FFP approved unit #1594. Scope: Storing of Steam Dried Fish Meal of approved units - Unfit for Human Consumption. Expiry: 09/09/2026.
1597,ARABIAN MARINE EXPORTS (EIC #1597),ARABIAN MARINE EXPORTS,India,Karnataka,Kumta,"Marine Export Unit, Door No-146, Survey No. 1681-D Tadri, Kumta, Uttar Kannad Karnataka - 581326",Kumta,14.42853,74.4189,7,"Kumta, Uttar Kannada, India",Cephalopods|Shrimp,"Freezing of Raw Fish & Fishery products (IF), Sea Caught/ Wild Caught)- Fishes (Histamine & Non-Histamine forming) Cephalopods and Crustaceans (Shrimps)",26/05/2027,approved,true,documentation_verified,"EIC FFP approved unit #1597. Scope: Freezing of Raw Fish & Fishery products (IF), Sea Caught/ Wild Caught)- Fishes (Histamine & Non-Histamine forming) Cephalopods and Crustaceans (Shrimp.... Expiry: 26/05/2027."
1599,ASIAN MARINE FOODS (EIC #1599),ASIAN MARINE FOODS,India,Kerala,KERALA,"VI/1330(Old No:VII 464)KOCHANGADIKOCHI- 682 002, KERALA, INDIA",KERALA,10.41667,76.5,1,"Kerala, India",Cephalopods|Shrimp,"Freezing of Raw Frozen Fish & Fishery Products(IF & Block) - Fish ( Histamine & Non Histamine Forming) Shrimps( Sea Caught/Wild caught & Aquaculture) and Cephalopods
Category - PPa , Product - U, Activity - F",08/08/2027,approved,true,documentation_verified,EIC FFP approved unit #1599. Scope: Freezing of Raw Frozen Fish & Fishery Products(IF & Block) - Fish ( Histamine & Non Histamine Forming) Shrimps( Sea Caught/Wild caught & Aquaculture) .... Expiry: 08/08/2027.
1600,Byrd Foods International LLP (EIC #1600),Byrd Foods International LLP,India,Kerala,India Pin,"Hall No.02&03,SDF building,KSIDC Mega Food Park,KSIDC IGC,Pallipuram P O.,Cherthala,Alappuzha,Kerala,India Pin-688541",Kerala,10.41667,76.5,1,"Kerala, India",Crab,"Processing and Packing of Chilled Pasteurized Crab MeatRetort Canned Fish & Fishery Products in Hermetically sealed Metal cans, Plastic cans and Multilayer pouches.",03/01/2028,approved,true,documentation_verified,"EIC FFP approved unit #1600. Scope: Processing and Packing of Chilled Pasteurized Crab MeatRetort Canned Fish & Fishery Products in Hermetically sealed Metal cans, Plastic cans and Multi.... Expiry: 03/01/2028."
1601,"ACCELERATED FREEZE DRYING  COMPANY LIMITED,(UNIT-2) (EIC #1601)","ACCELERATED FREEZE DRYING  COMPANY LIMITED,(UNIT-2)",India,Andhra Pradesh,CHERTHALA,"FROZEN FOODS PLANT,14/418,THURAVOOR-KUMBALANGI ROAD,EZHUPUNNA ,CHERTHALA, ALAPPUZHA-688537",CHERTHALA,15.83333,79.75,1,"Andhra Pradesh, India",Cephalopods|Shrimp|Squid,"Packing of Fresh/Chilled Fish & Fishery Products, Freezing of Raw Fish & Fishery Products (IQF/IF/Block), Freezing of Blanched/ Cooked Fish & Fishery Products (IQF) - Fishes (Histamine & Non-Histamine forming), Shrimps (Aquaculture/ Sea-Caught/ Wild caught) & Cephalopods, Freezing of Breaded and marinated Shrimps, Squid and Fishes (Non-Histamine forming)-IQF/IF",25/01/2028,approved,true,documentation_verified,"EIC FFP approved unit #1601. Scope: Packing of Fresh/Chilled Fish & Fishery Products, Freezing of Raw Fish & Fishery Products (IQF/IF/Block), Freezing of Blanched/ Cooked Fish & Fishery .... Expiry: 25/01/2028."
1602,EVERGREEN EXPORTS (EIC #1602),EVERGREEN EXPORTS,India,Odisha,WILLINGDON ISLAND,"BEHIND PORT TRUST HOSPITAL,WILLINGDON ISLAND,KOCHI - Pin â?? 682003",WILLINGDON ISLAND,20.5,84.41667,1,"Odisha, India",Cephalopods|Shrimp,"Freezing of Raw Fish & Fishery Products (IQF, IF & Block) Shrimps ( Sea Caught & Aquaculture ) & Cephalopods /Histamine & Non -Histamine  Forming  Fishes ( Sea Caught)",29/03/2028,approved,true,documentation_verified,"EIC FFP approved unit #1602. Scope: Freezing of Raw Fish & Fishery Products (IQF, IF & Block) Shrimps ( Sea Caught & Aquaculture ) & Cephalopods /Histamine & Non -Histamine  Forming  Fis.... Expiry: 29/03/2028."
1609,OCEAN PROTEINS PRIVATE LIMITED (EIC #1609),OCEAN PROTEINS PRIVATE LIMITED,India,Karnataka,DAKSHIN KANNAD,"PLOT NO.281 AND 282,BAIKAMPADY INDUSTRIAL AREA, MANGALORE, DAKSHIN KANNAD, KARNATAKA-575011",DAKSHIN KANNAD,12.91723,74.85603,4,"Mangalore, Dakshina Kannada, India",Cephalopods|Crab|Shrimp|Surimi,"Freezing of Raw FFP (Block/Blast/IQF), Crustaceans (Shrimps-Sea caught & Aquaculture & Crab-Sea caught), Cephalopods, Fishes (Histamine & Non histamine forming), Processing & Freezing of Surimi (Block",20/06/2026,approved,true,documentation_verified,"EIC FFP approved unit #1609. Scope: Freezing of Raw FFP (Block/Blast/IQF), Crustaceans (Shrimps-Sea caught & Aquaculture & Crab-Sea caught), Cephalopods, Fishes (Histamine & Non histamin.... Expiry: 20/06/2026."
1610,GHAN MARINE EXIM (EIC #1610),GHAN MARINE EXIM,India,Andhra Pradesh,CHERTHALA,"PLOT NO.17/C, KSIDC FOOD PARK, PALLIPPURAM, CHERTHALA, ALAPPUZHA-688541",CHERTHALA,10.1667,76.1833,7,"688541, Kerala, India",Cephalopods|Shrimp,"FREEZING & PACKING OF RAW FROZEN FISH & FISHERY PRODUCTS (BLOCK FROZEN AND IF) FISHES (HISTAMINE AND NON-HISTAMINE FORMING), CEPHALOPODS, SHRIMPS (SEA CAUGHT, WILD CAUGHT & AQUACULTURE)",07/08/2026,approved,true,documentation_verified,"EIC FFP approved unit #1610. Scope: FREEZING & PACKING OF RAW FROZEN FISH & FISHERY PRODUCTS (BLOCK FROZEN AND IF) FISHES (HISTAMINE AND NON-HISTAMINE FORMING), CEPHALOPODS, SHRIMPS (SEA.... Expiry: 07/08/2026."
1611,Karthik Marine Industries (EIC #1611),Karthik Marine Industries,India,Karnataka,KARNATAKA,"S NO 187/7,PITHRODY,
UDYAVARA,UDUPI, KARNATAKA, 574118",KARNATAKA,13.5,74.87,1,"Udupi, India",Surimi,Manufacturing & Export of Frozen Surimi (Fish Paste) from Non-Histamine & Histamine Forming Fishes,07/11/2026,approved,true,documentation_verified,EIC FFP approved unit #1611. Scope: Manufacturing & Export of Frozen Surimi (Fish Paste) from Non-Histamine & Histamine Forming Fishes. Expiry: 07/11/2026.
1612,GOLDMARINE EXPORTS PVT.LTD (EIC #1612),GOLDMARINE EXPORTS PVT.LTD,India,Kerala,"SNDP JUNCTION
THURAVOOR P.O","SNDP JUNCTION
THURAVOOR P.O, KUTHIYATHODE
ALAPPUZHA DIST.688532
KERALA","SNDP JUNCTION
THURAVOOR P.O",9.7667,76.3167,7,"688532, Kerala, India",Fish,Processing of Chilled Fish & Fishery Products,19/10/2026,approved,true,documentation_verified,EIC FFP approved unit #1612. Scope: Processing of Chilled Fish & Fishery Products. Expiry: 19/10/2026.
1613,"FRONTLINE EXPORTS PVT.LTD.,UNIT-2 (EIC #1613)","FRONTLINE EXPORTS PVT.LTD.,UNIT-2",India,Kerala,ALAPPUZHA,"INDUSTRIAL ESTATE , AROOR, ALAPPUZHA , KERALA -688 534",ALAPPUZHA,9.41667,76.5,1,"Alappuzha, India",Cephalopods,"Packing of Fresh/Chilled Fish and fishery products, Crustaceans (sea caught and aquaculture) & Cephalopodes) Freezing of Raw, Blanched and Cooked Fish & fishery products.",31/12/2026,approved,true,documentation_verified,"EIC FFP approved unit #1613. Scope: Packing of Fresh/Chilled Fish and fishery products, Crustaceans (sea caught and aquaculture) & Cephalopodes) Freezing of Raw, Blanched and Cooked Fish.... Expiry: 31/12/2026."
1614,AVANTNATURE FOODS PRIVATE LIMITED (EIC #1614),AVANTNATURE FOODS PRIVATE LIMITED,India,Karnataka,KARNATAKA,"VASANTHANARASAPURA INDUSTRIAL AREA, INDIA  FOOD PARK PHASE 3 KORA HOBLI  TUMKUR, TUMAKURU, KARNATAKA, 572138",KARNATAKA,13.5,77.0,1,"Tumkūr, India",Shrimp,Freeze dried Shrimps,02/08/2027,approved,true,documentation_verified,EIC FFP approved unit #1614. Scope: Freeze dried Shrimps. Expiry: 02/08/2027.
1800,APEX FROZEN FOODS LIMITED (EIC #1800),APEX FROZEN FOODS LIMITED,India,Andhra Pradesh,Kakinada,"3-160,Panasapadu,Kakinada-533005,Andhra Pradesh",Kakinada-533005,16.9452,82.2385,,"Kakinada, Andhra Pradesh, India",Fish,Freezing of Raw Fish &Fishery Products            (Block & IQF),27/08/2028,approved,true,documentation_verified,EIC FFP approved unit #1800. Scope: Freezing of Raw Fish &Fishery Products            (Block & IQF). Expiry: 27/08/2028.
1819,SURYAMITRA EXIM PVT. LTD. (EIC #1819),SURYAMITRA EXIM PVT. LTD.,India,Andhra Pradesh,West Godavari District,"R.S No. 130, Yanamadurru Village, Bhimavaram Mandal, West Godavari District-534239, Andhra Pradesh",West Godavari District-534239,16.6443029,81.5885247,,"West Godavari District, Andhra Pradesh, India",Shrimp,"Packing of Fresh/Chilled Fish and Fishery Products, Freezing of Raw Fish & Fishery Products (IQF/Block), Blanched/Cooked Frozen Fishery Products(IQF) - Aquaculture Shrimps only",28/08/2027,approved,true,documentation_verified,"EIC FFP approved unit #1819. Scope: Packing of Fresh/Chilled Fish and Fishery Products, Freezing of Raw Fish & Fishery Products (IQF/Block), Blanched/Cooked Frozen Fishery Products(IQF) .... Expiry: 28/08/2027."
182,"Castlerock Fisheries Pvt. Ltd., (EIC #182)","Castlerock Fisheries Pvt. Ltd.,",India,Gujarat,Veraval,"Plot No. 101, G.I.D.C.
Estate, Veraval-362269, Gujarat, India",Gujarat,22.3901,71.6068,7,"362269, Gujarat, India",Fish,"FREEZING OF RAW/BLANCHED/COOKED FISH & FISHERY PRODUCTS (BLOCK,BLAST FROZEN (IF/IQF)",19/02/2028,approved,true,documentation_verified,"EIC FFP approved unit #182. Scope: FREEZING OF RAW/BLANCHED/COOKED FISH & FISHERY PRODUCTS (BLOCK,BLAST FROZEN (IF/IQF). Expiry: 19/02/2028."
1829,"Britto Seafoods Exports PVT.,LTD. (EIC #1829)","Britto Seafoods Exports PVT.,LTD.",India,Tamil Nadu,Tondiarpet,"NO. 4/1 Balakrishnan street, Tondiarpet, Chennai - 600 081",Tondiarpet,13.12972,80.28972,9,"Tondiarpet, Chennai, India",Fish,Packing of Fresh/Chillled Fish & Fishery Products,05/03/2028,approved,true,documentation_verified,EIC FFP approved unit #1829. Scope: Packing of Fresh/Chillled Fish & Fishery Products. Expiry: 05/03/2028.
1836,MUNNANGI SEA FOODS PVT. LTD. (EIC #1836),MUNNANGI SEA FOODS PVT. LTD.,India,Andhra Pradesh,Prakasam District,"Sy. No. 475, Jarugumalli (Post & Mandal), Prakasam District-523276, Andhra Pradesh",Prakasam District-523276,15.5,79.5,1,"Prakasam district, India",Shrimp,"Packing of Fresh/Chilled Fish & Fishery Products, Freezing of Raw Fish & Fishery Products (Block & IQF) and Freezing of Blanched/Cooked Fish & Fishery Products (IQF)- Shrimps (Aquaculture)",16/09/2027,approved,true,documentation_verified,"EIC FFP approved unit #1836. Scope: Packing of Fresh/Chilled Fish & Fishery Products, Freezing of Raw Fish & Fishery Products (Block & IQF) and Freezing of Blanched/Cooked Fish & Fishery.... Expiry: 16/09/2027."
1839,CRYSTAL SEA FOODS PRIVATE  LIMITED (EIC #1839),CRYSTAL SEA FOODS PRIVATE  LIMITED,India,Andhra Pradesh,Prakasam (D),"Sy.No : 233/3B, 234/2, 261/3A,  Challareddy palem (P), Nayuni Palli(Rev V), Near Potti Subbaiah Palem (V), Vetapalem(M), Prakasam (D), Andhra Pradesh-523187",Prakasam (D),17.83333,79.08333,9,"Telangana, India",Shrimp,Freezing of Raw  Fish & Fishery Products              (IQF/BLOCK) (Aquaculture Shrimps only),25/02/2026,approved,true,documentation_verified,EIC FFP approved unit #1839. Scope: Freezing of Raw  Fish & Fishery Products              (IQF/BLOCK) (Aquaculture Shrimps only). Expiry: 25/02/2026.
1840,BABY MARINE (EASTERN) EXPORTS (UNIT II) (EIC #1840),BABY MARINE (EASTERN) EXPORTS (UNIT II),India,Andhra Pradesh,TAMILNADU,"DOOR NO. 341, SURVEY NO. 85/2A1, 85/2AC1, MANDAPAM, RAMANATHAPURAM DISTRICT-623518, TAMILNADU, INDIA.",TAMILNADU,9.2757,79.1236,7,"623518, Tamil Nādu, India",Shrimp,Freezing of Raw Fish & Fishery Products (IF/IQF) and Brine Freezing of Shrimps,05/04/2026,approved,true,documentation_verified,EIC FFP approved unit #1840. Scope: Freezing of Raw Fish & Fishery Products (IF/IQF) and Brine Freezing of Shrimps. Expiry: 05/04/2026.
1841,SMSEA MARINES PRIVATE LIMITED (EIC #1841),SMSEA MARINES PRIVATE LIMITED,India,Andhra Pradesh,VISAKHAPATNAM,"SURVEY # 63 PART, DUKKAVANIPALEM VILLAGE, GAMBHEERAM PANCHAYAT, ANANDAPURAM MANDAL,VISAKHAPATNAM-531163, ANDHRA PRADESH",VISAKHAPATNAM-531163,15.83333,79.75,1,"Andhra Pradesh, India",Fish,PACKING OF FRESH/CHILLED FISH & FISHERY PRODUCTS AND FREEZING OF RAW FISH AND FISHERY PRODUCTS,05/04/2026,approved,true,documentation_verified,EIC FFP approved unit #1841. Scope: PACKING OF FRESH/CHILLED FISH & FISHERY PRODUCTS AND FREEZING OF RAW FISH AND FISHERY PRODUCTS. Expiry: 05/04/2026.
1842,KIEFER SEA FOODS (EIC #1842),KIEFER SEA FOODS,India,Tamil Nadu,Tuticorin,"1/36/4, Main Road, Vagaikulam, Mudivaithanendal, Tuticorin-628102, Tamil Nadu",Tuticorin-628102,13.3924,79.6899,7,"628102, Tamil Nādu, India",Cephalopods|Crab|Lobster|Shrimp,"Processing & Packing of Chilled/Frozen Fish & Fishery Products - Fishes (Histamine & Non- Histamine forming), Crustaceans- Shrimps (Sea caught/Wild caught), Crabs & Lobster (Sea caught/Wild caught) & Cephalopods for export to all countries excluding CU & uncooked prawns to Australia. Freezing of Depurated Gastropods/ Molluscs  (Sea caught/Wild caught) for export to Non EU countries excluding CU",06/05/2027,approved,true,documentation_verified,"EIC FFP approved unit #1842. Scope: Processing & Packing of Chilled/Frozen Fish & Fishery Products - Fishes (Histamine & Non- Histamine forming), Crustaceans- Shrimps (Sea caught/Wild ca.... Expiry: 06/05/2027."
1844,ABAD OVERSEAS PVT.LTD. (EIC #1844),ABAD OVERSEAS PVT.LTD.,India,Andhra Pradesh,Andhra Pradesh,"SY.No.157/1, Amudalapalli Village, Nizampatnam (Mandal), Guntur District, Andhra Pradesh-522314, India.",Andhra Pradesh-522314,15.445,80.1187,7,"522314, Andhra Pradesh, India",Fish,Freezing of Raw Fish and Fishery Products (IQF Brine Frozen/Block Frozen/IF Blast Frozen),09/06/2027,approved,true,documentation_verified,EIC FFP approved unit #1844. Scope: Freezing of Raw Fish and Fishery Products (IQF Brine Frozen/Block Frozen/IF Blast Frozen). Expiry: 09/06/2027.
1847,VEERABHADRA EXPORTS PRIVATE LIMITED (EIC #1847),VEERABHADRA EXPORTS PRIVATE LIMITED,India,Andhra Pradesh,East Godavari District,"Survey No.116, Gurajanapalli, Karapa (Mandal), Kakinada, East Godavari District - 533016, Andhra Pradesh",East Godavari District - 533016,17.83333,81.83333,9,"East Godāvari, India",Shrimp,Freezing of Raw Fish & Fishery Products (Block/IQF) and Freezing of Cooked Fish & Fishery Products (IQF) - Shrimps (Aquaculture),29/06/2027,approved,true,documentation_verified,EIC FFP approved unit #1847. Scope: Freezing of Raw Fish & Fishery Products (Block/IQF) and Freezing of Cooked Fish & Fishery Products (IQF) - Shrimps (Aquaculture). Expiry: 29/06/2027.
1848,Arjuna Natural Private Limited (EIC #1848),Arjuna Natural Private Limited,India,Andhra Pradesh,Karumatham patty (Via),"15/4B, Sirambarayampalayam Road, Sennappachetty Pudur Post, Karumatham patty (Via), Coimbatore-641059",Karumatham patty (Via),11.00555,76.96612,1,"Coimbatore, Coimbatore district, India",Fish,Processing and Packing of Omega 3 Fatty Acids from Fish Oil,25/06/2027,approved,true,documentation_verified,EIC FFP approved unit #1848. Scope: Processing and Packing of Omega 3 Fatty Acids from Fish Oil. Expiry: 25/06/2027.
1849,JRJ SEA FOODS INDIA PVT. LTD (EIC #1849),JRJ SEA FOODS INDIA PVT. LTD,India,Tamil Nadu,Pudukottai District,"No.155 JRJ Building, Avudaiyarkovil Road, Manjakuddi Village, Kottaipattinam Post, Manamelkudi Taluk, Pudukottai District, Tamil Nadu 614 619 India.",Pudukottai District,10.38128,78.82141,7,"Pudukkottai, India",Fish,Packing of Fresh /Chilled Fishery product and Freezing  of Raw Fish & Fishery Products (Block/Individually Frozen),23/07/2027,approved,true,documentation_verified,EIC FFP approved unit #1849. Scope: Packing of Fresh /Chilled Fishery product and Freezing  of Raw Fish & Fishery Products (Block/Individually Frozen). Expiry: 23/07/2027.
1854,GROWEL PROCESSORS PVT. LTD. (EIC #1854),GROWEL PROCESSORS PVT. LTD.,India,Andhra Pradesh,Krishna District,"S.No. 8/6, Singarayapalem Village Post, Mudinepalli Manadal, Krishna District-521329, Andhra Pradesh",Krishna District-521329,16.66667,81.0,1,"Krishna, India",Shrimp,Packing Of Fresh/Chilled Fish & Fishery Products and Freezing Of Raw Fish & Fishery Products (IQF/Block)- Shrimps(Aquaculture),18/07/2027,approved,true,documentation_verified,EIC FFP approved unit #1854. Scope: Packing Of Fresh/Chilled Fish & Fishery Products and Freezing Of Raw Fish & Fishery Products (IQF/Block)- Shrimps(Aquaculture). Expiry: 18/07/2027.
1855,NEELI AQUA PRIVATE LIMITED (EIC #1855),NEELI AQUA PRIVATE LIMITED,India,Andhra Pradesh,Prakasam District,"Vipparlavaripalem Village, Near Korisapadu NH-5, Addanki Mandal,Prakasam District,Andhra Pradesh -523 212",Prakasam District,18.83333,75.75,9,"Bid, India",Shrimp,"Freezing of Raw Fish & Fishery Products (IQF & Block Frozen ),Freezing of Blanched and cooked Fish & Fishery Products (IQF)            (Aquaculture shrimps only)",17/05/2027,approved,true,documentation_verified,"EIC FFP approved unit #1855. Scope: Freezing of Raw Fish & Fishery Products (IQF & Block Frozen ),Freezing of Blanched and cooked Fish & Fishery Products (IQF)            (Aquaculture sh.... Expiry: 17/05/2027."
1856,Naga Hanuman Fish Packers Unit-1 (EIC #1856),Naga Hanuman Fish Packers Unit-1,India,Andhra Pradesh,Visakhapatnam,"Survey No.71p & 73p Palavalasa Village,Anandapuram Mandal,Visakhapatnam-530052,Andhrapradesh",Visakhapatnam-530052,17.9257,82.1293,7,"530052, Andhra Pradesh, India",Shrimp,"Packing of Fresh/Chilled Fish & Fishery products and freezing of raw fish&fishery products(Block&IQF) Sea caught & Aquaculture shrimps, Freezing of Cooked/Blanched Aquaculture shimps (IQF)",05/10/2027,approved,true,documentation_verified,"EIC FFP approved unit #1856. Scope: Packing of Fresh/Chilled Fish & Fishery products and freezing of raw fish&fishery products(Block&IQF) Sea caught & Aquaculture shrimps, Freezing of Co.... Expiry: 05/10/2027."
1857,Penver Products Limited (EIC #1857),Penver Products Limited,India,Andhra Pradesh,Nellore Dist,"Door No.285, Voduru Post, Punnaparivaripalem Road, Chillakur Mandal, Nellore Dist, Andhra Pradesh-524410",Nellore Dist,15.83333,79.75,1,"Andhra Pradesh, India",,Not applicable. No change in the nature of activities already approved.,07/10/2027,approved,true,documentation_verified,EIC FFP approved unit #1857. Scope: Not applicable. No change in the nature of activities already approved.. Expiry: 07/10/2027.
1858,ARYA SEA FOODS PRIVATE LIMITED (EIC #1858),ARYA SEA FOODS PRIVATE LIMITED,India,Andhra Pradesh,WEST GODAVARI DISTRICT,"RS NO:417/3,4, BUDHARAYUDU CHERUVU VILLAGE, KONITHIWADA PANCHAYAT, VEERAVASARAM MANDAL, WEST GODAVARI DISTRICT,ANDHRA PRADESH-534247",WEST GODAVARI DISTRICT,16.6443029,81.5885247,1,"West Godavari, India",Fish,FREEZING OF RAW FISH AND FISHERY PRODUCTS(IQF AND BLOCK),14/11/2027,approved,true,documentation_verified,EIC FFP approved unit #1858. Scope: FREEZING OF RAW FISH AND FISHERY PRODUCTS(IQF AND BLOCK). Expiry: 14/11/2027.
1861,SOUTHERN TROPICAL FOODS PVT. LTD. (EIC #1861),SOUTHERN TROPICAL FOODS PVT. LTD.,India,Andhra Pradesh,Jarugumalli Mandal,"Sy. No. 11, K.Bitragunta Village,
Jarugumalli Mandal, Prakasam District
Andhra Pradesh - 523 101.",Jarugumalli Mandal,15.5,79.5,1,"Prakasam district, India",Shrimp,"Freezing of Raw Fish & Fishery products (IQF & Block Frozen), Freezing of Blanched & Cooked Fish & Fishery Products (IQF) (Aquaculture Shrimps only)",17/02/2028,approved,true,documentation_verified,"EIC FFP approved unit #1861. Scope: Freezing of Raw Fish & Fishery products (IQF & Block Frozen), Freezing of Blanched & Cooked Fish & Fishery Products (IQF) (Aquaculture Shrimps only). Expiry: 17/02/2028."
1862,MILESH MARINE EXPORTS PVT.LTD. (EIC #1862),MILESH MARINE EXPORTS PVT.LTD.,India,Andhra Pradesh,Krishna Distrcit,"Sy. No. 83, Munipeda Village, Kruthivennu Mandal, Krishna Distrcit, Andhra Pradesh 521324",Krishna Distrcit,17.83333,79.08333,9,"Telangana, India",Shrimp,"Packing of Fresh/Chilled Fish & Fishery Products, Freezing of Raw/Cooked Fish & Fishery Products(Block & IQF- Aquaculture Shrimps)",03/01/2028,approved,true,documentation_verified,"EIC FFP approved unit #1862. Scope: Packing of Fresh/Chilled Fish & Fishery Products, Freezing of Raw/Cooked Fish & Fishery Products(Block & IQF- Aquaculture Shrimps). Expiry: 03/01/2028."
1863,AQUATICA FROZEN FOODS GLOBAL PVT. LTD. (EIC #1863),AQUATICA FROZEN FOODS GLOBAL PVT. LTD.,India,Andhra Pradesh,Prakasam District,"Sy No. 235/3 & 4, 236/1, 237/1, Nayunipalli village, Challareddypalem Panchayat, Vetapalem Post-523187, Prakasam District, Andhra Pradesh.",Prakasam District,15.5,79.5,1,"Prakasam district, India",Shrimp,"Freezing of Raw Fish & Fishery Products (IQF), Blanched and Cooked Fish & Fishery Products (IQF) (Aquaculture shrimps only)",05/03/2028,approved,true,documentation_verified,"EIC FFP approved unit #1863. Scope: Freezing of Raw Fish & Fishery Products (IQF), Blanched and Cooked Fish & Fishery Products (IQF) (Aquaculture shrimps only). Expiry: 05/03/2028."
1865,JACK-VIN SEAFOODS (EIC #1865),JACK-VIN SEAFOODS,India,Tamil Nadu,Cuddalore District,"S.F.No.S.No.91 Park, (Plot No.100, 101 and 102), Old S.No. 46, Pachayankuppam Village, Cuddalore District-607003,Tamil Nadu",Cuddalore District-607003,11.52,79.51,1,"Cuddalore, India",Fish,Packing of Fresh/Chilled Fish & Fishery Products,16/04/2028,approved,true,documentation_verified,EIC FFP approved unit #1865. Scope: Packing of Fresh/Chilled Fish & Fishery Products. Expiry: 16/04/2028.
1869,ALPHA MARINE (EIC #1869),ALPHA MARINE,India,Andhra Pradesh,KAMMAVARIPALEM POST,"SURVEY NO.587 & 589, GANDAVARAM TO PEYYALAPALEM ROAD, KAMMAVARIPALEM POST - 524316, KODAVALUR MANDAL, S.P.S.R NELLORE DISTRICT, ANDHRA PRADESH, INDIA",ANDHRA PRADESH,14.08333,79.58333,9,"Nellore District, India",Fish,Packing of Fresh/ Chilled Fish & Fishery Products and Freezing of Raw Fish & Fisheryducts (IQF/ Block),18/07/2028,approved,true,documentation_verified,EIC FFP approved unit #1869. Scope: Packing of Fresh/ Chilled Fish & Fishery Products and Freezing of Raw Fish & Fisheryducts (IQF/ Block). Expiry: 18/07/2028.
1878,Altair Exports (EIC #1878),Altair Exports,India,Tamil Nadu,Ramanathapuram Taluk,"113/8/9/10,Pallabacherry,Thathanendal,Thirupullani Village/Union, Ramanathapuram Taluk,Tamil Nadu - 623 532.",Ramanathapuram Taluk,9.37158,78.83077,7,"Ramanathapuram, Rāmanāthapuram, India",Fish,Packing ofnFresh/Chilled Fish and Fishery Products,13/03/2026,approved,true,documentation_verified,EIC FFP approved unit #1878. Scope: Packing ofnFresh/Chilled Fish and Fishery Products. Expiry: 13/03/2026.
1879,Avanti Frozen Foods Private limited (EIC #1879),Avanti Frozen Foods Private limited,India,Andhra Pradesh,Kakinada District,"Sy. No.342, 360,362,Yerravaram - 533345, Yeleswaram Mandal,Kakinada District,  Andhra Pradesh",Kakinada District,16.96036,82.23809,4,"Kākināda, East Godāvari, India",Shrimp,"Freezing of Raw /Marinated/Blanched/ Cooked Fish & Fishery Products(IQF/Block), IQF battered and breaded shrimp products
(Aquaculture Shrimps), Cooked Shrimps with cocktail sauce (IQF) & Raw Shrimps- Skewers (IQF) & FROZEN  PREFRIED BREADED, BATTERED & TEMPURA   SHRIMPS IQF WITH FROZEN PREFRIED POTATO FRIES",25/04/2026,approved,true,documentation_verified,"EIC FFP approved unit #1879. Scope: Freezing of Raw /Marinated/Blanched/ Cooked Fish & Fishery Products(IQF/Block), IQF battered and breaded shrimp products
(Aquaculture Shrimps), Cooked.... Expiry: 25/04/2026."
1880,ANI EXPORTS (EIC #1880),ANI EXPORTS,India,Odisha,Ariyankuppam,"R.S No. 28/2 Cuddalore, Tollgate, Ariyankuppam, Pondicherry-605007",Ariyankuppam,20.5,84.41667,1,"Odisha, India",Cephalopods|Crab|Lobster|Shrimp,"Packing Of Fresh/Chilled Fish & Fishery Products -Fishes (Histamine & Non- Histamine forming), Crustaceans- Shrimps (Sea saught/Wild caught), Crabs (Sea caught), Lobster (Sea Caught) & Cephalopods",02/07/2027,approved,true,documentation_verified,"EIC FFP approved unit #1880. Scope: Packing Of Fresh/Chilled Fish & Fishery Products -Fishes (Histamine & Non- Histamine forming), Crustaceans- Shrimps (Sea saught/Wild caught), Crabs (S.... Expiry: 02/07/2027."
1884,IFAA WIN MARINE EXPORT INDIA PRIVATE LIMITED (EIC #1884),IFAA WIN MARINE EXPORT INDIA PRIVATE LIMITED,India,Tamil Nadu,Thiruvallur District,"No.30/1, 30/A, Kottakuppam Village, Ellapuram Block, Uthukottai Taluk, Thiruvallur District 601102, Tamil Nadu",Thiruvallur District 601102,13.14376,79.90889,7,"Tiruvallur, Thiruvallur, India",Fish,Packing of Fresh / Chilled Fish & Fishery Product,08/10/2027,approved,true,documentation_verified,EIC FFP approved unit #1884. Scope: Packing of Fresh / Chilled Fish & Fishery Product. Expiry: 08/10/2027.
1885,SURYA SEA FOOD EXPORTS UNIT-I (EIC #1885),SURYA SEA FOOD EXPORTS UNIT-I,India,Odisha,Tharuvaikulam Village,"6/33 A5, Annai Theresa Nagar, Tharuvaikulam Village, Tuticorin - 628105",Tharuvaikulam Village,8.78333,78.13333,9,"Tuticorin District, Tamil Nādu, India",Fish,PACKING OF FRESH/CHILLED FISH AND FISHERY PRODUCTS,14/10/2027,approved,true,documentation_verified,EIC FFP approved unit #1885. Scope: PACKING OF FRESH/CHILLED FISH AND FISHERY PRODUCTS. Expiry: 14/10/2027.
1887,AKSHAY FOOD IMPEX PVT LTD (EIC #1887),AKSHAY FOOD IMPEX PVT LTD,India,,R S NO 490/1&2 PAMARRU(V) PAMARRU(M) KRISHNA DISTRICT ANDHRA PARADESH,"R S NO 490/1&2 PAMARRU(V) PAMARRU(M) KRISHNA DISTRICT-521157 ANDHRA PARADESH, INDIA",R S NO 490/1&2 PAMARRU(V) PAMARRU(M) KRISHNA DISTRICT-521157 ANDHRA PARADESH,17.83333,79.08333,9,"Telangana, India",Shrimp,FREEZING OF RAW FISH & FISHERY PRODUCTS (BLOCK & IQF) AQUACULTURE SHRIMPS,23/01/2028,approved,true,documentation_verified,EIC FFP approved unit #1887. Scope: FREEZING OF RAW FISH & FISHERY PRODUCTS (BLOCK & IQF) AQUACULTURE SHRIMPS. Expiry: 23/01/2028.
1888,"Devi Fisheries Limited, Unit-5 (EIC #1888)","Devi Fisheries Limited, Unit-5",India,Andhra Pradesh,Kakinada,"12-274, Seethanagaram  Village, Jaggampeta Mandal, Kakinada, Andhra Pradesh-533435",Kakinada,17.83333,79.08333,9,"Telangana, India",Shrimp,"Freezing Of Raw Fish  & Fishery  Products (Block/IQF/IF),Freezing Of  Blanched /Cooked Fish &   Fishery  Products (IQF), Raw Brine Frozen   Fish  & Fishery  Products (IQF)  Aquaculture  Shrimps  only",04/02/2028,approved,true,documentation_verified,"EIC FFP approved unit #1888. Scope: Freezing Of Raw Fish  & Fishery  Products (Block/IQF/IF),Freezing Of  Blanched /Cooked Fish &   Fishery  Products (IQF), Raw Brine Frozen   Fish  & Fi.... Expiry: 04/02/2028."
1890,ROYAL IMPORTS AND EXPORTS (EIC #1890),ROYAL IMPORTS AND EXPORTS,India,Andhra Pradesh,India,"Survey No.329/1,2,330/1,2,3,   332/1, 413/2,3,5 Bendapudi Village, Thondangi Mandal, East Godavari District, Andhra pradesh, India, PIN CODE : 533406",India,17.83333,81.83333,9,"East Godāvari, India",Fish,"Packing of Fresh /Chilled Fish & Fishery Products ,Freezing of Raw Fish & Fishery Products (IQF/Block/Blast)",30/05/2028,approved,true,documentation_verified,"EIC FFP approved unit #1890. Scope: Packing of Fresh /Chilled Fish & Fishery Products ,Freezing of Raw Fish & Fishery Products (IQF/Block/Blast). Expiry: 30/05/2028."
1892,GLADSON EXPORTERS UNIT-II (EIC #1892),GLADSON EXPORTERS UNIT-II,India,Tamil Nadu,KANYAKUMARI DISTRICT,"5/218 JAMES NAGAR, 
MUTTOM-629202, KANYAKUMARI DISTRICT, 
TAMIL NADU.",KANYAKUMARI DISTRICT,8.32,77.34,9,"Kanniyakumari, India",Fish,"PACKING OF FRESH/ 
CHILLED FISH & FISHERY PRODUCTS 
AND FREEZING OF 
RAW FISH & FISHERY PRODUCTS
 (TUNNEL/BLAST FREEZING)",31/05/2028,approved,true,documentation_verified,"EIC FFP approved unit #1892. Scope: PACKING OF FRESH/ 
CHILLED FISH & FISHERY PRODUCTS 
AND FREEZING OF 
RAW FISH & FISHERY PRODUCTS
 (TUNNEL/BLAST FREEZING). Expiry: 31/05/2028."
1894,AISHWARYA IMPEX (EIC #1894),AISHWARYA IMPEX,India,Andhra Pradesh,SOMESWARAM VILLAGE ALAPADU POST,"NO:136, SOMESWARAM VILLAGE ALAPADU POST,KAIKALURU MANDAL KRISHNA DISTRICT-521340 ANDHRA PRADESH",SOMESWARAM VILLAGE ALAPADU POST,16.5833,81.3,7,"521340, Andhra Pradesh, India",Fish,Freezing of Raw Fish &Fishery produsts(IQF&block),23/05/2028,approved,true,documentation_verified,EIC FFP approved unit #1894. Scope: Freezing of Raw Fish &Fishery produsts(IQF&block). Expiry: 23/05/2028.
1895,Sree Sreenivasa Cold Storage (EIC #1895),Sree Sreenivasa Cold Storage,India,Goa,RR District,"Sy No:157 & 165, Thulekurdhu Village & Post Â 501,509 Yacharam Mandal, RR District, Telengana",RR District,17.83333,79.08333,9,"Telangana, India",Fish,Freezing of RawFish &Fishery Products,30/05/2028,approved,true,documentation_verified,EIC FFP approved unit #1895. Scope: Freezing of RawFish &Fishery Products. Expiry: 30/05/2028.
1904,THARANGINI  SEA FOODS (EIC #1904),THARANGINI  SEA FOODS,India,Karnataka,PALAVAKKAM,"4/210,MGR ROAD,PALAVAKKAM,CHENNAI",PALAVAKKAM,12.9637667,80.2464695,9,"Dr MGR Main Road, Zone 14 Perungudi, Chennai - 600096, Tamil Nadu, India",Fish,Packing of Fresh /Chillcd Fish & Fishery Products and Frcezing of Raw Fish& Fishery products (Block / IF),13/03/2026,approved,true,documentation_verified,EIC FFP approved unit #1904. Scope: Packing of Fresh /Chillcd Fish & Fishery Products and Frcezing of Raw Fish& Fishery products (Block / IF). Expiry: 13/03/2026.
1905,COFOODS PROCESSORS PRIVATE LIMITED (EIC #1905),COFOODS PROCESSORS PRIVATE LIMITED,India,Andhra Pradesh,KRISHNA DISTRICT,"RS NO. 456/2, 456/3, 456/4, 458/1, 458/2, 458/3, 458/5, 461/3, AARUGOLANU ROAD, AARUGOLANU VILLAGE, BAPULAPADU MANDAL, KRISHNA DISTRICT, ANDHRA PRADESH- 521106",KRISHNA DISTRICT,17.83333,79.08333,9,"Telangana, India",Shrimp,"FREEZING OF RAW FISH & FISHERY PRODUCTS (ONLY AQUA CULTURE SHRIMPS)
BLOCK & IQF",27/03/2026,approved,true,documentation_verified,"EIC FFP approved unit #1905. Scope: FREEZING OF RAW FISH & FISHERY PRODUCTS (ONLY AQUA CULTURE SHRIMPS)
BLOCK & IQF. Expiry: 27/03/2026."
1906,AVR MARINE PRIVATE LIMITED (EIC #1906),AVR MARINE PRIVATE LIMITED,India,Andhra Pradesh,Andhra Pradesh,"R.S.NO.60/3B, Thirupathipuram Attili Mandal,West Godavari District ,Andhra Pradesh -534134 ,India",Andhra Pradesh -534134,17.0,81.16667,1,"West Godāvari, India",Fish,"Packing of Fresh/Chilled Fish & Fishery  Products Freezing of Raw Fish&Fishery Products(  IQF ,Block & IF)",04/03/2026,approved,true,documentation_verified,"EIC FFP approved unit #1906. Scope: Packing of Fresh/Chilled Fish & Fishery  Products Freezing of Raw Fish&Fishery Products(  IQF ,Block & IF). Expiry: 04/03/2026."
1907,KANANU EMIPRE PRIVATE LIMITED (EIC #1907),KANANU EMIPRE PRIVATE LIMITED,India,Telangana,nearRCI road,"Door no:15-222/19/4, Balapur ward,nearRCI road,Hyderabad-500005 Telangana",nearRCI road,17.83333,79.08333,9,"Telangana, India",Fish,Packing of Fresh /Chilled fish & Fishery Products,27/03/2026,approved,true,documentation_verified,EIC FFP approved unit #1907. Scope: Packing of Fresh /Chilled fish & Fishery Products. Expiry: 27/03/2026.
1908,Nector Exports Private Limited (EIC #1908),Nector Exports Private Limited,India,Puducherry,Sedarapet Industrial Estate,"Plot No: A 38,39,40,41, 9th Cross, Sedarapet Industrial Estate, Puducherry-605111.",Sedarapet Industrial Estate,11.93381,79.82979,5,"Puducherry, India",Crab,Processing and Packing of Pasteurised Chilled Crab Meat in Hermatically Sealed Cans,09/04/2026,approved,true,documentation_verified,EIC FFP approved unit #1908. Scope: Processing and Packing of Pasteurised Chilled Crab Meat in Hermatically Sealed Cans. Expiry: 09/04/2026.
1936,Devi Fisheries Limited (EIC #1936),Devi Fisheries Limited,India,Andhra Pradesh,Pin Code :,"Plot No : D4, Sy.Nos : 208, Ponnada, U.Kothapalli Mandal, East Godavari District, Pin Code :- 533448,Andhra pradesh",Pin Code :- 533448,17.83333,81.83333,9,"East Godāvari, India",Shrimp,Raw Frozen Fish & Fishery Products (IQF/Block Frozen/IF) (Sea Caught & Aquaculture Shrimps) and Freezing of Cooked Frozen Fish & Fishery Products (IQF)(Sea Caught and Aquaculture Shrimps),01/03/2026,approved,true,documentation_verified,EIC FFP approved unit #1936. Scope: Raw Frozen Fish & Fishery Products (IQF/Block Frozen/IF) (Sea Caught & Aquaculture Shrimps) and Freezing of Cooked Frozen Fish & Fishery Products (IQF.... Expiry: 01/03/2026.
1938,DEVA SEA FOOD (EIC #1938),DEVA SEA FOOD,India,Tamil Nadu,Tuticorin,"3/13, Bye Pass Road, Madathur, Tuticorin - 628101, Tamil Nadu",Tuticorin - 628101,13.3924,79.6899,7,"628101, Tamil Nādu, India",Crab,Processing and Packing of Chilled Pasteurized crab Meat in Hermetically Sealed Cans (Sea Caught Only),03/06/2027,approved,true,documentation_verified,EIC FFP approved unit #1938. Scope: Processing and Packing of Chilled Pasteurized crab Meat in Hermetically Sealed Cans (Sea Caught Only). Expiry: 03/06/2027.
1940,AGS MARINE EXPORTS (EIC #1940),AGS MARINE EXPORTS,India,Andhra Pradesh,CHENGALPATTU,"No,107,PALUR MAIN ROAD, SINGAPERUMAL KOIL,CHENGALPATTU, CHENGALPATTU DISTRICT -603 204",CHENGALPATTU,13.08891,80.26483,4,"Chennai, India",Shrimp,"PACKING OF FRESH/ CHILLED FISH AND FISHERY PRODUCTS
FOR EXPORT TO ALL COUNTRIES EXCLUDING EU,CU AND UNCOOKED PRAWNS TO AUSTRALIA",25/10/2027,approved,true,documentation_verified,"EIC FFP approved unit #1940. Scope: PACKING OF FRESH/ CHILLED FISH AND FISHERY PRODUCTS
FOR EXPORT TO ALL COUNTRIES EXCLUDING EU,CU AND UNCOOKED PRAWNS TO AUSTRALIA. Expiry: 25/10/2027."
1941,VARMA MARINE PRIVATE LIMITED (EIC #1941),VARMA MARINE PRIVATE LIMITED,India,Andhra Pradesh,West Godavari District,"R.S.No:361/1, Vempa Road, MogalTaru Village & Mandal, West Godavari District, Andhra Pradesh-534281",West Godavari District,17.0,81.16667,1,"West Godāvari, India",Fish,FREEZING OF RAW FISH AND FISHERY PRODUCTS(IQF AND BLOCK),25/10/2027,approved,true,documentation_verified,EIC FFP approved unit #1941. Scope: FREEZING OF RAW FISH AND FISHERY PRODUCTS(IQF AND BLOCK). Expiry: 25/10/2027.
1942,V B Medicare Pvt. Ltd (EIC #1942),V B Medicare Pvt. Ltd,India,,"SIPCOT Ind Area Phase â??II
Krishnagiri  Main Road","Plot  No 59, 61, 62, 63, 66A & 67,SIPCOT Ind Area Phase â??II
Krishnagiri  Main Road, Hosur 635 109     (T N)","SIPCOT Ind Area Phase â??II
Krishnagiri  Main Road",12.58,77.96,9,"Krishnagiri, India",Fish,"Processing,  Packing and storage  of fish & fishery products",22/12/2027,approved,true,documentation_verified,"EIC FFP approved unit #1942. Scope: Processing,  Packing and storage  of fish & fishery products. Expiry: 22/12/2027."
1943,FEDORA SEA FOODS PRIVATE LIMITED (EIC #1943),FEDORA SEA FOODS PRIVATE LIMITED,India,Odisha,KODAVALUR MANDALAM,"NH-16/AH-45, NORTH RAJUPALEM VILLAGE, KODAVALUR MANDALAM, NELLORE-524366",KODAVALUR MANDALAM,14.08333,79.58333,9,"Nellore District, India",Shrimp,PROCESSING OF RAW FROZEN FISH AND FISHERY PRODUCTS (BLOCK FROZEN & IQF) AQUACULTURE SHRIMPS ONLY,15/01/2028,approved,true,documentation_verified,EIC FFP approved unit #1943. Scope: PROCESSING OF RAW FROZEN FISH AND FISHERY PRODUCTS (BLOCK FROZEN & IQF) AQUACULTURE SHRIMPS ONLY. Expiry: 15/01/2028.
1946,SANDHYA AQUA EXPORTS PRIVATE LIMITED (EIC #1946),SANDHYA AQUA EXPORTS PRIVATE LIMITED,India,Andhra Pradesh,East Godavari District,"KSEZ,R.Sy No.208,Plot No,D5-D6,Ponnada Village,U.Kothapalli Mandal,Kakinada,East Godavari District,Andhra Pradesh-533448",East Godavari District,16.9956639,81.7154378,1,"East Godavari, India",Shrimp,"Freezing of Raw Fish & Fishery Products(Block Frozen/IQF)Shrimps only(Sea Caught and Aquaculture),Blanched/Cooked Frozen Fish & Fishery Products (Sea caught & Aquaculture Shrimps only)",14/03/2028,approved,true,documentation_verified,"EIC FFP approved unit #1946. Scope: Freezing of Raw Fish & Fishery Products(Block Frozen/IQF)Shrimps only(Sea Caught and Aquaculture),Blanched/Cooked Frozen Fish & Fishery Products (Sea .... Expiry: 14/03/2028."
1948,Aparna Marine Exports (EIC #1948),Aparna Marine Exports,India,Andhra Pradesh,Guntur District,"Survey No: 387-3A1, 387-4, 389/2, Dammanavaripalem Panchayat, Karlapalem Mandal, Bapatla, Guntur District, Andhra Pradesh-522111",Guntur District,15.90437,80.4675,4,"Bāpatla, Guntūr, India",Shrimp,Processing of Raw Frozen Fish & Fishery Products (Block Frozen and IQF)-Aquaculture Shrimps and  Sea Caught Shrimps,16/04/2028,approved,true,documentation_verified,EIC FFP approved unit #1948. Scope: Processing of Raw Frozen Fish & Fishery Products (Block Frozen and IQF)-Aquaculture Shrimps and  Sea Caught Shrimps. Expiry: 16/04/2028.
1949,Veerabhadra Exports Private Limited (EIC #1949),Veerabhadra Exports Private Limited,India,Andhra Pradesh,Kakinada District,"Sy. No. 264, Lampakalova, Prathipadu Mandal, Kakinada District, Andhra Pradesh - 533430",Kakinada District,16.96036,82.23809,4,"Kākināda, East Godāvari, India",Shrimp,Processing of Raw Frozen Fish & Fishery Products(IQF/BLOCK)-Aquaculture Shrimps only,27/04/2028,approved,true,documentation_verified,EIC FFP approved unit #1949. Scope: Processing of Raw Frozen Fish & Fishery Products(IQF/BLOCK)-Aquaculture Shrimps only. Expiry: 27/04/2028.
1951,KANNAN MARINE FOODS (EIC #1951),KANNAN MARINE FOODS,India,Karnataka,THIRUVERKADU,"PLOT NO: 42, T.T.S.NAGAR, THIRUVERKADU,        CHENNAI - 600077.",THIRUVERKADU,12.9194,80.1697,7,"600077, Tamil Nādu, India",Fish,Packing of Fresh/Chilled Fish & Fishery Products,17/04/2028,approved,true,documentation_verified,EIC FFP approved unit #1951. Scope: Packing of Fresh/Chilled Fish & Fishery Products. Expiry: 17/04/2028.
1952,DEVI SEA FOODS LIMITED (UNIT-II) (EIC #1952),DEVI SEA FOODS LIMITED (UNIT-II),India,Andhra Pradesh,SINGARAYAKONDA,"SY.NO.80/5, 81/1 A, 
MULAGUNTAPADU(V),
SINGARAYAKONDA-523101 PRAKASAM DISTRICT, ANDHRA PRADESH, INDIA",ANDHRA PRADESH,15.23094,80.02802,9,"Singarāyakonda, Prakasam district, India",Shrimp,"Freezing of Raw Fish & Fishery Products (IQF, Brine IQF) (Aquaculture Shrimps and Sea Caught Shrimps)",02/05/2028,approved,true,documentation_verified,"EIC FFP approved unit #1952. Scope: Freezing of Raw Fish & Fishery Products (IQF, Brine IQF) (Aquaculture Shrimps and Sea Caught Shrimps). Expiry: 02/05/2028."
1958,Sai Primus Life Biotech Pvt. Ltd (EIC #1958),Sai Primus Life Biotech Pvt. Ltd,India,Puducherry,Villianur Commune,"R.S.No.4/3, Plot No. 33, Kurumapet Industrial Estate, Villianur Commune, Puducherry- 605009",Villianur Commune,11.93381,79.82979,5,"Puducherry, India",,Production of Nutraceutical Tablets/ Capsules Containing Glucosamine Chondroitin & Collagen of Marine Origin,02/08/2026,approved,true,documentation_verified,EIC FFP approved unit #1958. Scope: Production of Nutraceutical Tablets/ Capsules Containing Glucosamine Chondroitin & Collagen of Marine Origin. Expiry: 02/08/2026.
1959,New Sunrise Exports (EIC #1959),New Sunrise Exports,India,Odisha,Tirupathur District,"M/s.New Sunrise Exports. S.F.No.177/2, 180/3A2, Thuthipattu Village, Ambur Taluk, Tirupathur District-635811, India",Tirupathur District-635811,20.5,84.41667,1,"Odisha, India",Fish,For Packing of Chilled Fish & Fishery Products,20/02/2026,approved,true,documentation_verified,EIC FFP approved unit #1959. Scope: For Packing of Chilled Fish & Fishery Products. Expiry: 20/02/2026.
1960,KING MARINE EXPORTS (EIC #1960),KING MARINE EXPORTS,India,Tamil Nadu,Perambur,"No.8.Shiruvallur High Road,Perambur,chennai-600011",Perambur,13.1103,80.2425,7,"600011, Tamil Nādu, India",Fish,Packing of fresh/Chilled Fish & Fishery Products,25/05/2026,approved,true,documentation_verified,EIC FFP approved unit #1960. Scope: Packing of fresh/Chilled Fish & Fishery Products. Expiry: 25/05/2026.
1965,GREAT INDIAN SEA FOODS (EIC #1965),GREAT INDIAN SEA FOODS,India,Karnataka,THANJAI SENGUNDAR NAGAR,"S.NO: 457/2 Part ,PLOT No. 349-352, THANJAI SENGUNDAR NAGAR, VILANGADUPAKKAM",THANJAI SENGUNDAR NAGAR,13.82425,75.0307,9,"Nagar, Shimoga, India",Fish,For Packing of Fresh/Chilled Fish & Fishery Products-seacaught,19/10/2026,approved,true,documentation_verified,EIC FFP approved unit #1965. Scope: For Packing of Fresh/Chilled Fish & Fishery Products-seacaught. Expiry: 19/10/2026.
1970,SAM AQUA EXPORTS LLP (EIC #1970),SAM AQUA EXPORTS LLP,India,Andhra Pradesh,Andhra Pradesh,"R.S. No. 127-1, 127-2, 
Kurumaddali Village, Pamarru Mandal, Pamarru, Krishna, Andhra Pradesh, 521157
Phone:  9705097052
Mail: samaquaqc@gmail.com 
samaquaexports@gmail.com",Andhra Pradesh,25.44126,74.56979,7,"Māndal, Bhīlwāra, India",Fish,"Freezing of raw fish & fishery Products 
(Aquaculture) (IQF & Block Frozen)",18/02/2027,approved,true,documentation_verified,"EIC FFP approved unit #1970. Scope: Freezing of raw fish & fishery Products 
(Aquaculture) (IQF & Block Frozen). Expiry: 18/02/2027."
1971,Avanti Frozen Foods Private Limited (EIC #1971),Avanti Frozen Foods Private Limited,India,Andhra Pradesh,Pin,"R.Sy.No. 13-6,13-7,13-8,7, Krishnapuram Village, Thondangi Mandal, Kakinada District, Pin-533408 Andhra Pradesh, India",Pin-533408 Andhra Pradesh,16.96036,82.23809,4,"Kākināda, East Godāvari, India",Shrimp,"Freezing of raw shrimps (including Skewer and Nobashi) IQF; Freezing of blanched/cooked shrimps (IQF); Freezing of cooked shrimps with cocktail sauce (IQF).
Shrimps (Aquaculture only)",18/03/2027,approved,true,documentation_verified,EIC FFP approved unit #1971. Scope: Freezing of raw shrimps (including Skewer and Nobashi) IQF; Freezing of blanched/cooked shrimps (IQF); Freezing of cooked shrimps with cocktail sauce .... Expiry: 18/03/2027.
1972,M/S. MEKWORLD MARINES AND EXPORTS PRIVATE LIMITED (EIC #1972),M/S. MEKWORLD MARINES AND EXPORTS PRIVATE LIMITED,India,Andhra Pradesh,Andhra Pradesh,"S. No: 382/1, 2,3, Agarru Road, Agarthipalem Village,
Palakollu Mandal, West Godavari District, 
Andhra Pradesh, India. Pin code: 534260.",Andhra Pradesh,17.0,81.16667,1,"West Godāvari, India",Fish,Packing of Fresh/Chilled Fish & Fishery products and Freezing raw Fish & Fishery products ( IQF/ Block) (Aquaculture & Sea caught),08/05/2027,approved,true,documentation_verified,EIC FFP approved unit #1972. Scope: Packing of Fresh/Chilled Fish & Fishery products and Freezing raw Fish & Fishery products ( IQF/ Block) (Aquaculture & Sea caught). Expiry: 08/05/2027.
1973,Deva Sea Food Unit- 1 (EIC #1973),Deva Sea Food Unit- 1,India,Tamil Nadu,Tuticorin,"3/12E Bye Pass Road, Madathur, Tuticorin-628101, Tamil Nadu",Tuticorin-628101,13.3924,79.6899,7,"628101, Tamil Nādu, India",Cephalopods|Lobster|Shrimp,"Freezing of Raw Fish & Fishery Products (Block/IQF -Fishes (Histamine & Non- Histamine forming), Crustaceans -Shrimps (Aquaculture/Sea caught/Wild caught), Lobsters (Sea caught) & Cephalopods",05/06/2027,approved,true,documentation_verified,"EIC FFP approved unit #1973. Scope: Freezing of Raw Fish & Fishery Products (Block/IQF -Fishes (Histamine & Non- Histamine forming), Crustaceans -Shrimps (Aquaculture/Sea caught/Wild cau.... Expiry: 05/06/2027."
1974,Devi Sea Foods Limited (Unit-3) (EIC #1974),Devi Sea Foods Limited (Unit-3),India,Andhra Pradesh,Tanuku,"R.S.No. 741/2P, 742/3P, 745/6P, 7P&8P,746/3P&4P Peravali Road, Tanuku 534211, West Godavari District, Andhra Pradesh, India",Andhra Pradesh,16.7532,81.6846,7,"534211, Andhra Pradesh, India",Shrimp,Freezing of Raw /Blanched/Cooked Fish and Fishery products (IQF and Block ) Aquaculture Shrimps,07/05/2027,approved,true,documentation_verified,EIC FFP approved unit #1974. Scope: Freezing of Raw /Blanched/Cooked Fish and Fishery products (IQF and Block ) Aquaculture Shrimps. Expiry: 07/05/2027.
1975,Mulpuri Aqua Processors (EIC #1975),Mulpuri Aqua Processors,India,Andhra Pradesh,Krishna,"Survey No.460, 461/1, 461/2, 462, 462/1, Arugolanu (V), Bapulapadu (M), Krishna, Andhra Pradesh-521106",Krishna,17.83333,79.08333,9,"Telangana, India",Shrimp,Freezing of Raw Fish and Fishery Products (IQF/Block) - Shrimps (Aquaculture),08/05/2027,approved,true,documentation_verified,EIC FFP approved unit #1975. Scope: Freezing of Raw Fish and Fishery Products (IQF/Block) - Shrimps (Aquaculture). Expiry: 08/05/2027.
1976,CHOICE TRADING CORPORATION PRIVATE LIMITED (EIC #1976),CHOICE TRADING CORPORATION PRIVATE LIMITED,India,Andhra Pradesh,Andhra Pradesh,"Survey No:389-3, 389-2H, 389-2C, 389-2D, 387-1A, Yazali Village and Post, Dhammanavaripalem Village and Post, Karlapalem, Bapatla, Guntur District, Andhra Pradesh, 522111",Andhra Pradesh,16.7,81.4667,7,"522111, Andhra Pradesh, India",Shrimp,"Freezing of Raw Fish & Fishery products, Freezing of Cooked Fish & Fishery Products(IQF), Freezing of Blanched & Cooked Frozen Shrimp Ring with cocktail sauce(IQF), Freezing of Raw Marinated Shrimps -(IQF) -Shrimps(Aquaculture)",28/07/2027,approved,true,documentation_verified,"EIC FFP approved unit #1976. Scope: Freezing of Raw Fish & Fishery products, Freezing of Cooked Fish & Fishery Products(IQF), Freezing of Blanched & Cooked Frozen Shrimp Ring with cockta.... Expiry: 28/07/2027."
1977,ALPHA MARINE LIMITED (EIC #1977),ALPHA MARINE LIMITED,India,Andhra Pradesh,Nellore,"Sy. No. 587, 589 & 591, Gandavaram to Peyyalapalem Road, Bodduvaripalem (V), Kammavaripalem Post, Kodavalur (M), Nellore - 524316, Andhra Pradesh, India",Andhra Pradesh,14.5669,80.004,7,"524316, Andhra Pradesh, India",Shrimp,"Freezing of Raw Fish & Fishery Products (Block/IQF), Freezing of Blanched/Cooked Fish and Fishery Products (IQF), Stretched Shrimps(Naboshi) - (IQF),  Freezing of Raw Battered and Breaded Fish & Fishery Products (IQF), -Shrimps (Aquaculture)",24/07/2027,approved,true,documentation_verified,"EIC FFP approved unit #1977. Scope: Freezing of Raw Fish & Fishery Products (Block/IQF), Freezing of Blanched/Cooked Fish and Fishery Products (IQF), Stretched Shrimps(Naboshi) - (IQF), .... Expiry: 24/07/2027."
1978,"DEVI FISHERIES LIMITED, UNIT-6 (EIC #1978)","DEVI FISHERIES LIMITED, UNIT-6",India,Andhra Pradesh,KAKINADA DISTRICT,"12-275, SEETHANAGARAM VILLAGE, JAGGAMPETA MANDAL,KAKINADA DISTRICT, ANDHRA PRADESH-533435",KAKINADA DISTRICT,17.17,82.0598,7,"533435, Andhra Pradesh, India",Shrimp,"Freezing of raw shrimps (including Skewer and Nobashi) IQF; Freezing of blanched/cooked shrimps (IQF); Freezing of cooked shrimps with cocktail sauce (IQF).Raw battered and breaded shrimps and Pre-Fried breaded shrimps.
Shrimps (Aquaculture and sea caught)",28/08/2027,approved,true,documentation_verified,EIC FFP approved unit #1978. Scope: Freezing of raw shrimps (including Skewer and Nobashi) IQF; Freezing of blanched/cooked shrimps (IQF); Freezing of cooked shrimps with cocktail sauce .... Expiry: 28/08/2027.
1980,SV SEA FOODS (EIC #1980),SV SEA FOODS,India,Andhra Pradesh,PLOT NO: 14  KEELA ARASADI VILLAGE OTTAPIDARAM TALUK,"S.F.NO 197/2A1C, PLOT NO: 14  KEELA ARASADI VILLAGE OTTAPIDARAM TALUK, TUTICORIN - 628 002  TAMILNADU - INDIA",PLOT NO: 14  KEELA ARASADI VILLAGE OTTAPIDARAM TALUK,8.78333,78.13333,9,"Tuticorin District, Tamil Nādu, India",Shrimp,ALL COUNTRIES EXCLUDING CU & UNCOOKED PRAWNS TO AUSTRALIA,26/11/2027,approved,true,documentation_verified,EIC FFP approved unit #1980. Scope: ALL COUNTRIES EXCLUDING CU & UNCOOKED PRAWNS TO AUSTRALIA. Expiry: 26/11/2027.
1984,SUMMIT MARINE EXPORTS PRIVATE LIMITED (EIC #1984),SUMMIT MARINE EXPORTS PRIVATE LIMITED,India,Andhra Pradesh,Andhra Pradesh,"RS.No.435/1, Near Electrical Sub-Station, Akividu Road, Elurupadu,Kalla Mandal, West Godavari, 534236, Andhra Pradesh, India",Andhra Pradesh,15.7774356,80.3284858,9,"Abhi, Bapatla, Challareddypalem - 523187, Andhra Pradesh, India",Fish,"Freezing of Raw Fish & Fishery Products (IQF & Block), Freezing of Cooked Fish & Fishery Products (IQF)",03/02/2028,approved,true,documentation_verified,"EIC FFP approved unit #1984. Scope: Freezing of Raw Fish & Fishery Products (IQF & Block), Freezing of Cooked Fish & Fishery Products (IQF). Expiry: 03/02/2028."
1987,SANDHYA MARINES LIMITED (EIC #1987),SANDHYA MARINES LIMITED,India,Andhra Pradesh,ANDHRA PRADESH,"R.S.NO. 117, 118, 119 127 & 130
POOLAPALLI VILLAGE, 
PALAKOLE MANDAL,
WEST GODAVARI DISTRICT - 534 250, ANDHRA PRADESH, INDIA",ANDHRA PRADESH,17.0,81.16667,1,"West Godāvari, India",Fish,"FREEZING OF RAW FISH & FISHERY PRODUCTS (IQF),
FREEZING OF COOKED/BLANCHED FISH & FISHERY PRODUCTS (IQF),
FREEZING OF RAW MARINATED FISH & FISHERY PRODUCTS (IQF), 
FREEZING OF RAW BATTERED & BREADED FISH & FISHERY PRODUCTS (IQF) - SEA CAUGHT AND AQUACULTURE",26/05/2028,approved,true,documentation_verified,"EIC FFP approved unit #1987. Scope: FREEZING OF RAW FISH & FISHERY PRODUCTS (IQF),
FREEZING OF COOKED/BLANCHED FISH & FISHERY PRODUCTS (IQF),
FREEZING OF RAW MARINATED FISH & FISHERY PRO.... Expiry: 26/05/2028."
1999,SAI MARINE EXPORTS PVT. LTD. (EIC #1999),SAI MARINE EXPORTS PVT. LTD.,India,Andhra Pradesh,SPSR Nellore District- 524 314,"S.No.247 & 248, Narayana Reddy Peta, Nellore Rural & Mandal, SPSR Nellore District- 524 314, Andhra Pradesh",SPSR Nellore District- 524 314,14.08333,79.58333,9,"Nellore District, India",Shrimp,"Freezing of Raw Fish & Fishery Products (IQF & Block Frozen), Freezing of Cooked and Blanched Fish & Fishery Products (IQF) (Aquaculture Shrimps Only)",08/03/2028,approved,true,documentation_verified,"EIC FFP approved unit #1999. Scope: Freezing of Raw Fish & Fishery Products (IQF & Block Frozen), Freezing of Cooked and Blanched Fish & Fishery Products (IQF) (Aquaculture Shrimps Only). Expiry: 08/03/2028."
204,K. R. Sea Foods Pvt. Ltd. (EIC #204),K. R. Sea Foods Pvt. Ltd.,India,Gujarat,Veraval,"Plot No. 1006/1007, GIDC Estate, Veraval-362269, Gujarat, India",Gujarat,22.3901,71.6068,7,"362269, Gujarat, India",Surimi,FROZEN (BLOCK/IQF) RAW FISH & FISHERY PRODUCTS (INCLUDING AQUACULTURE) AND RAW FROZEN SURIMI PASTE,23/03/2026,approved,true,documentation_verified,EIC FFP approved unit #204. Scope: FROZEN (BLOCK/IQF) RAW FISH & FISHERY PRODUCTS (INCLUDING AQUACULTURE) AND RAW FROZEN SURIMI PASTE. Expiry: 23/03/2026.
214,Indian Exports (EIC #214),Indian Exports,India,Gujarat,Veraval,"Plot No.1316/1-2, G.I.D.C. Estate, Veraval-362269, Gujarat-India",Veraval-362269,22.3901,71.6068,7,"362269, Gujarat, India",Fish,FREEZING OF RAW FISH & FISHERY PRODUCTS (BLOCK/BLAST-IF) (EXCLUDING AQUACULTURE),15/12/2027,approved,true,documentation_verified,EIC FFP approved unit #214. Scope: FREEZING OF RAW FISH & FISHERY PRODUCTS (BLOCK/BLAST-IF) (EXCLUDING AQUACULTURE). Expiry: 15/12/2027.
222,Ulka Seafoods Pvt. Ltd. (Unit- II) (EIC #222),Ulka Seafoods Pvt. Ltd. (Unit- II),India,Goa,Goa,"Orgao Marcela, Goa 403107, India",Goa 403107,15.5377,73.984,7,"403107, Goa, India",Fish,Fresh/Chilled and frozen (Block/IF-Blast) Raw Fish and Fishery Products (Including Aquaculture),12/02/2026,approved,true,documentation_verified,EIC FFP approved unit #222. Scope: Fresh/Chilled and frozen (Block/IF-Blast) Raw Fish and Fishery Products (Including Aquaculture). Expiry: 12/02/2026.
224,Corlim Marine Exports Pvt. Ltd (EIC #224),Corlim Marine Exports Pvt. Ltd,India,Goa,Goa,"Plot No. 25-32, Phase III- B, Sancoale Industrial Estate, Zuari Nagar,Goa- 403726, India",Goa- 403726,27.42397,77.09922,9,"Nagar, Bharatpur, India",Fish,Frozen (Block/IF-Blast) Raw Fish and Fishery Products (Including Aquaculture),13/02/2026,approved,true,documentation_verified,EIC FFP approved unit #224. Scope: Frozen (Block/IF-Blast) Raw Fish and Fishery Products (Including Aquaculture). Expiry: 13/02/2026.
229,Mamta Cold Storage (EIC #229),Mamta Cold Storage,India,Gujarat,Veraval,"Plot No.806,G.I.D.C.Estate,Veraval- 362269,Gujarat,India",Gujarat,20.9077,70.36786,7,"Verāval, Jūnāgadh, India",Fish,FROZEN (BLOCK/BLAST-IF) RAW FISH AND FISHERY PRODUCTS (EXCLUDING AQUACULTURE),23/03/2026,approved,true,documentation_verified,EIC FFP approved unit #229. Scope: FROZEN (BLOCK/BLAST-IF) RAW FISH AND FISHERY PRODUCTS (EXCLUDING AQUACULTURE). Expiry: 23/03/2026.
234,HMG Industries Limited (EIC #234),HMG Industries Limited,India,Maharashtra,Maharashtra,"C-21/6,TTC Industrial Area, Pawne MIDC,Thane-Belapur Road, Vashi, Navi Mumbai, Maharashtra-400703,India",Maharashtra-400703,19.2911,74.5735,7,"400703, Mahārāshtra, India",Fish,"Fresh/Chilled Raw,Frozen (Block/IF-Blast/IQF) 
Raw /Blanched Fish and Fishery Products 
(Including Aquaculture)",22/04/2026,approved,true,documentation_verified,"EIC FFP approved unit #234. Scope: Fresh/Chilled Raw,Frozen (Block/IF-Blast/IQF) 
Raw /Blanched Fish and Fishery Products 
(Including Aquaculture). Expiry: 22/04/2026."
238,Bhavani Sea Foods (EIC #238),Bhavani Sea Foods,India,Gujarat,Veraval,"Plot No.12/13, Fisheries Harbour, Bhidiya Plot, Veraval-362267, Gujarat, India",Gujarat,23.0,71.75,1,"Gujarat, India",Fish,FROZEN (BLOCK/IF-BLAST) RAW FISH AND FISHERY PRODUCTS (EXCLUDING AQUACULTURE),16/03/2026,approved,true,documentation_verified,EIC FFP approved unit #238. Scope: FROZEN (BLOCK/IF-BLAST) RAW FISH AND FISHERY PRODUCTS (EXCLUDING AQUACULTURE). Expiry: 16/03/2026.
252,Amison  Fisheries Limited (EIC #252),Amison  Fisheries Limited,India,Maharashtra,Dist -Sindhudurg,"279/37 A1 & A2, AT & Post Kelethar, Tarkarli Road, Malvan , Dist -Sindhudurg, Maharashtra- 416606",Dist -Sindhudurg,16.05981,73.4629,7,"Mālvan, Sindhudurg District, India",Fish,"Fresh/Chilled Raw, Frozen (Block/IF-Blast) Raw Fish & Fishery Products (Excluding Aquaculture)",23/07/2027,approved,true,documentation_verified,"EIC FFP approved unit #252. Scope: Fresh/Chilled Raw, Frozen (Block/IF-Blast) Raw Fish & Fishery Products (Excluding Aquaculture). Expiry: 23/07/2027."
2603,Al Irfan Exports (EIC #2603),Al Irfan Exports,India,Maharashtra,Palghar,"Poman, Mori Village,Bhendi Pada, Nr. Universal College,Dongri Pada, Kaman Bhiwandi Road, Palghar, Maharashtra-401208",Palghar,19.757249,73.0931199,1,"Palghar, India",Fish,Packing of Fresh/ Chilled Fish and fishery Products (Including  Aquaculture),01/03/2026,approved,true,documentation_verified,EIC FFP approved unit #2603. Scope: Packing of Fresh/ Chilled Fish and fishery Products (Including  Aquaculture). Expiry: 01/03/2026.
2604,JOECONS MARINE EXPORTS PRIVATE LIMITED (EIC #2604),JOECONS MARINE EXPORTS PRIVATE LIMITED,India,Goa,South,"Plot No. L-4 & M-23, Cuncolim Industrial Estate, Cuncolim, Salcete, South-Goa-403703, India",South-Goa-403703,22.0,79.0,1,India,Cephalopods|Shrimp,"Packing of Fresh/Chilled Fish & Fishery Products, Freezing of Raw Fish & Fishery Products (Block/IF-Blast/IQF), Freezing of Blanched and Cooked Fish and Fishery Products(IQF) -Fishes (Histamine & Non- Histamine forming), Shrimps (Aquaculture/Sea caught) & Cephalopods",20/06/2027,approved,true,documentation_verified,"EIC FFP approved unit #2604. Scope: Packing of Fresh/Chilled Fish & Fishery Products, Freezing of Raw Fish & Fishery Products (Block/IF-Blast/IQF), Freezing of Blanched and Cooked Fish a.... Expiry: 20/06/2027."
2605,ATHOS COLLAGEN PRIVATE LIMITED (EIC #2605),ATHOS COLLAGEN PRIVATE LIMITED,India,Gujarat,Gujarat,"Plot No. B-19, Gujarat Agro Infrastructure Mega Food Park, Village-Shah & Vasravi, Taluk Mangrol, District Surat, Gujarat-394410, India",Gujarat-394410,23.0373068,72.5447481,9,"Gujarat University, Gujarat University Internal Road, Gulbai tekra, - 380009, Gujarat, India",Fish,Processing and Packing of Fish Collagen and Fish Gelatin -Fishes (Histamine & Non- Histamine forming),24/08/2027,approved,true,documentation_verified,EIC FFP approved unit #2605. Scope: Processing and Packing of Fish Collagen and Fish Gelatin -Fishes (Histamine & Non- Histamine forming). Expiry: 24/08/2027.
2606,AKE DRY SEA FOOD (EIC #2606),AKE DRY SEA FOOD,India,Gujarat,GUJARAT,"PLOT NO. 115/2,116/1, GIDC ESTATE, VANANA, PORBANDAR, GUJARAT-360575,INDIA",GUJARAT-360575,21.64219,69.60929,6,"Porbandar, India",Fish,"Processing and Packing of Salted & Dried Fish & fishery products, Dried Fish & fishery products and Dried Fish Maws",29/08/2027,approved,true,documentation_verified,"EIC FFP approved unit #2606. Scope: Processing and Packing of Salted & Dried Fish & fishery products, Dried Fish & fishery products and Dried Fish Maws. Expiry: 29/08/2027."
2607,Sun International (EIC #2607),Sun International,India,Gujarat,Veraval,"Plot No. 1403, GIDC Estate, Veraval-362269, Gujarat, India",Gujarat,22.3901,71.6068,7,"362269, Gujarat, India",Fish,Processing and Packing of Frozen (Block/IQF) Raw/ Blanched Fish and Fishery Products (Including Aquaculture),16/11/2027,approved,true,documentation_verified,EIC FFP approved unit #2607. Scope: Processing and Packing of Frozen (Block/IQF) Raw/ Blanched Fish and Fishery Products (Including Aquaculture). Expiry: 16/11/2027.
2608,J M Sea Foods (EIC #2608),J M Sea Foods,India,Gujarat,Veraval,"Plot No.315 & 316, GIDC Estate, Veraval-362269, Gujarat, India",Gujarat,22.3901,71.6068,7,"362269, Gujarat, India",Fish,Processing and Packing of Frozen (Block/IQF/IF-Blast) Raw/ Blanched Fish and Fishery Products (Including Aquaculture),20/11/2027,approved,true,documentation_verified,EIC FFP approved unit #2608. Scope: Processing and Packing of Frozen (Block/IQF/IF-Blast) Raw/ Blanched Fish and Fishery Products (Including Aquaculture). Expiry: 20/11/2027.
2612,Salet Seafoods Private Limited -Unit I (EIC #2612),Salet Seafoods Private Limited -Unit I,India,Gujarat,Porbandar,"Plot No 46 to 67, GIDC Industrial Estate, Vanana, Porbandar -360550, Gujarat, India",Gujarat,21.6873,69.7448,7,"360550, Gujarat, India",Fish,"Processing and Packing of Salted and Dried Fish and Fishery Products, Dried Fish and Fishery products and Dried Maws",15/05/2028,approved,true,documentation_verified,"EIC FFP approved unit #2612. Scope: Processing and Packing of Salted and Dried Fish and Fishery Products, Dried Fish and Fishery products and Dried Maws. Expiry: 15/05/2028."
2617,JRK Marine Exports (EIC #2617),JRK Marine Exports,India,Gujarat,Mangrol,"Sy No. 1071/2, Maktupur Road, Mangrol Bandar, Mangrol 362225, District Junagadh, Gujarat, India",Gujarat,21.12268,70.11484,7,"Māngrol, Jūnāgadh, India",Fish,Processing and Freezing of Raw/Blanched Fish & Fishery Products(Block Frozen/IF/IQF),25/05/2026,approved,true,documentation_verified,EIC FFP approved unit #2617. Scope: Processing and Freezing of Raw/Blanched Fish & Fishery Products(Block Frozen/IF/IQF). Expiry: 25/05/2026.
2620,AQUA FOODS EXIM (EIC #2620),AQUA FOODS EXIM,India,Maharashtra,KHED TALUKA,"PLOT No.: B-4, ADDITIONAL LOTE MIDC, ASGANI VILLAGE, KHED TALUKA, RATNAGIRI DIST. MAHARASHTRA-415708",KHED TALUKA,17.71888,73.39693,7,"Khed, Ratnagiri District, India",,"a. Fresh / Chilled F&FP
b. Raw Frozen F&FP( IQF / Block Frozen / IF )",26/03/2026,approved,true,documentation_verified,"EIC FFP approved unit #2620. Scope: a. Fresh / Chilled F&FP
b. Raw Frozen F&FP( IQF / Block Frozen / IF ). Expiry: 26/03/2026."
2621,Vasai Star Foods (EIC #2621),Vasai Star Foods,India,Maharashtra,India,"S/N 18, Poman Village, Vasai Bhiwandi Road, Palghar, Maharashtra, India-401208",Maharashtra,19.3547,72.9094,7,"401208, Mahārāshtra, India",Fish,Packing of Fresh/chilled Fish and fishery products and Raw Frozen (IQF/ Block Frozen/IF) Fish and fishery products,13/03/2026,approved,true,documentation_verified,EIC FFP approved unit #2621. Scope: Packing of Fresh/chilled Fish and fishery products and Raw Frozen (IQF/ Block Frozen/IF) Fish and fishery products. Expiry: 13/03/2026.
2623,Elaf Cold Storage Plant -1 (EIC #2623),Elaf Cold Storage Plant -1,India,Maharashtra,Dist.Raigad,"Plot No. M-63 and M-64, MIDC Taloja,Tal. Panvel, Dist.Raigad, Maharashtra 410208",Dist.Raigad,23.71979,75.38514,9,"Tāl, Ratlām, India",Fish,Packing of Fresh / Chilled Fish & Fishery Products and Frozen (Block / IF-Blast) Raw Fish & Fishery Products (Including Aquaculture),04/04/2026,approved,true,documentation_verified,EIC FFP approved unit #2623. Scope: Packing of Fresh / Chilled Fish & Fishery Products and Frozen (Block / IF-Blast) Raw Fish & Fishery Products (Including Aquaculture). Expiry: 04/04/2026.
2624,Elaf Cold Storage Plant - 2 (EIC #2624),Elaf Cold Storage Plant - 2,India,Maharashtra,Dist.Raigad,"Plot No. M-63 and M-64, MIDC Taloja,Tal. Panvel, Dist.Raigad, Maharashtra 410208",Dist.Raigad,23.71979,75.38514,9,"Tāl, Ratlām, India",Fish,Packing of Fresh / Chilled Fish & Fishery Products and Frozen (Block / IF-Blast / IQF) Raw / Blanched / Cooked Fish & Fishery Products (Including Aquaculture),04/04/2026,approved,true,documentation_verified,EIC FFP approved unit #2624. Scope: Packing of Fresh / Chilled Fish & Fishery Products and Frozen (Block / IF-Blast / IQF) Raw / Blanched / Cooked Fish & Fishery Products (Including Aqua.... Expiry: 04/04/2026.
2625,AMAR FOOD PRODUCTS (EIC #2625),AMAR FOOD PRODUCTS,India,Gujarat,Dist.-Porbandar,"Survey No.67, Near Vanana, Tall Plaza Highway, Tal-Ranavav, Digvijaygadh, Dist.-Porbandar, Gujarat-360560.",Dist.-Porbandar,21.64219,69.60929,6,"Porbandar, India",Crab|Surimi,"A)     Processing of Cooked & Frozen Surimi Based Products (Surimi Analogue Products )  (Imitation Crab sticks, Imitation Crab chunks, Imitation Crab flakes, Imitation Crab bites, Imitation Crab shreds)

B)     Processing of Frozen Surimi Based Products (Surimi Analogue Products )  (Imitation Breaded Crab Claws, Imitation Breaded Nuggets)",19/10/2026,approved,true,documentation_verified,"EIC FFP approved unit #2625. Scope: A)     Processing of Cooked & Frozen Surimi Based Products (Surimi Analogue Products )  (Imitation Crab sticks, Imitation Crab chunks, Imitation Crab .... Expiry: 19/10/2026."
2626,Nishiindo Foods Private Limited (EIC #2626),Nishiindo Foods Private Limited,India,Gujarat,Veraval,"U1/5-6 GIDC AREA, B/H SONERI MARINE, Somnath Road, Veraval - 362269, GUJARAT, INDIA",GUJARAT,20.9077,70.36786,7,"Verāval, Jūnāgadh, India",Surimi,Manufacturing And Export of Frozen surimi (FISH PASTE) from Non Histamine and Histamine forming fishes,19/10/2026,approved,true,documentation_verified,EIC FFP approved unit #2626. Scope: Manufacturing And Export of Frozen surimi (FISH PASTE) from Non Histamine and Histamine forming fishes. Expiry: 19/10/2026.
2627,OM DARSHAN MARKETING PRIVATE LIMITED (EIC #2627),OM DARSHAN MARKETING PRIVATE LIMITED,India,Maharashtra,Wagle Industrial Estate,"Plot.No.232 A, Road No. 21Y, Wagle Industrial Estate, Thane West 400604 Maharashtra",Wagle Industrial Estate,19.2034721,72.9566767,9,"Wagle Industrial Estate, Thane, Thane Taluka, India",Fish,Fresh / Chilled Fish & Fishery Products,02/11/2026,approved,true,documentation_verified,EIC FFP approved unit #2627. Scope: Fresh / Chilled Fish & Fishery Products. Expiry: 02/11/2026.
2628,OCEAN IMPEX (EIC #2628),OCEAN IMPEX,India,Tamil Nadu,Bypass Area,"Plot No. 50, Satnam Industrial Area, Nr. Avani Ice Factory, Bypass Area, Veraval 362 265.",Bypass Area,11.0,78.33333,1,"Tamil Nādu, India",Fish,Fresh / Chilled F&FP and Dried Fish maws,19/10/2026,approved,true,documentation_verified,EIC FFP approved unit #2628. Scope: Fresh / Chilled F&FP and Dried Fish maws. Expiry: 19/10/2026.
2629,SEAMA FREEZING AND COLD STORAGE (EIC #2629),SEAMA FREEZING AND COLD STORAGE,India,Andhra Pradesh,MAHARASTRA,"SURVEY NO. 45/3, RAJWADI, NEAR TIWARE PHATA, RAJAPUR,RATNAGIRI, - 416707, MAHARASTRA, INDIA",MAHARASTRA,16.65679,73.51701,9,"Rājāpur, Ratnagiri District, India",Shrimp,Processing and Packing of Frozen (IF-Blast/IQF)Raw  Fish and Fishery Products (excluding Aquaculture)for export to all countries excluding Customs Union and Uncooked Prawns to Australia .,19/10/2026,approved,true,documentation_verified,EIC FFP approved unit #2629. Scope: Processing and Packing of Frozen (IF-Blast/IQF)Raw  Fish and Fishery Products (excluding Aquaculture)for export to all countries excluding Customs Uni.... Expiry: 19/10/2026.
2630,SABIR SEA FOODS (EIC #2630),SABIR SEA FOODS,India,Gujarat,GIDC ESTATE,"PLOT NO.1401-02, GIDC ESTATE , VERAVAL",GIDC ESTATE,20.9077,70.36786,7,"Verāval, Jūnāgadh, India",Fish,"Packing of Fresh/Chill Fish & Fishery Products, Freezing of Raw Fish & Fishery Products ( Blast Frozen /IF)",02/11/2026,approved,true,documentation_verified,"EIC FFP approved unit #2630. Scope: Packing of Fresh/Chill Fish & Fishery Products, Freezing of Raw Fish & Fishery Products ( Blast Frozen /IF). Expiry: 02/11/2026."
2631,OCEAN AQUATIC PRODUCTS (EIC #2631),OCEAN AQUATIC PRODUCTS,India,Goa,UDHYOGNAGAR,"1104,G.I.D.C.,PLOT, UDHYOGNAGAR , VERAVAL-362269",UDHYOGNAGAR,20.9077,70.36786,7,"Verāval, Jūnāgadh, India",Fish,Processing & Packing of Frozen (IF-Blast Frozen ) Raw Fish & Fishery Products (Excluding Aquaculture,31/12/2026,approved,true,documentation_verified,EIC FFP approved unit #2631. Scope: Processing & Packing of Frozen (IF-Blast Frozen ) Raw Fish & Fishery Products (Excluding Aquaculture. Expiry: 31/12/2026.
2632,SHREE NIDDHI EXPORTS (EIC #2632),SHREE NIDDHI EXPORTS,India,Gujarat,KUCHHADI,"R. S. NO. 1498, JAVAR ROAD, KUCHHADI, PORBANDAR - 360575 GUJARAT (INDIA)",KUCHHADI,21.6422,69.6093,7,"360575, Gujarat, India",Fish,Frozen (Block/IF-Blast) Raw Fish and Fishery Products,01/09/2027,approved,true,documentation_verified,EIC FFP approved unit #2632. Scope: Frozen (Block/IF-Blast) Raw Fish and Fishery Products. Expiry: 01/09/2027.
2633,Harbour Arabian Exports (EIC #2633),Harbour Arabian Exports,India,Maharashtra,Maharashtra,"Survey No. 281, Hissa No. 3B, At-Nate, Taluka-Rajapur, Dist-Ratnagiri, Nate, Ratnagiri, Maharashtra,415806",Maharashtra,17.0,73.5,1,"Ratnagiri District, India",,RAW FROZEN F&FP ( IF/ Blast Frozen),01/09/2027,approved,true,documentation_verified,EIC FFP approved unit #2633. Scope: RAW FROZEN F&FP ( IF/ Blast Frozen). Expiry: 01/09/2027.
2634,NISHIINDO FOODS PRIVATE LIMITED (EIC #2634),NISHIINDO FOODS PRIVATE LIMITED,India,Gujarat,Gadu,"SURVEY NO. 132 PAIKY, KATHIYAWAD INDUSTRIES LTD, Gadu- 362250, Taluka :Maliya Hatina, Dist: Junagadh, Gujarat, India",Gujarat,21.053513,70.2898917,7,"Junagadh, Gadu - 362255, Gujarat, India",Fish,Processing & Exports of  Dried Fish Chips & Dried And Fried Fish Crackers products,12/11/2027,approved,true,documentation_verified,EIC FFP approved unit #2634. Scope: Processing & Exports of  Dried Fish Chips & Dried And Fried Fish Crackers products. Expiry: 12/11/2027.
2635 (proposed),SUMRA EXPORT (EIC #2635 (proposed)),SUMRA EXPORT,India,Gujarat,PORBANDAR,"PLOT NO : 161 - 162, VANANA G I D C ESTATE, VANANA, TAL. RANAVAV, PORBANDAR - 360550, GUJARAT, INDIA",GUJARAT,21.6873,69.7448,7,"360550, Gujarat, India",Cephalopods|Crab|Lobster|Shrimp,"Frozen (Block/IF-Blast) Raw Fish and Fishery Products- Fishes (Wild Caught & Sea Caught) (Histamine forming & Non Histamine forming), Shrimps, Crab (Wild Caught & Sea Caught), Lobsters & Cephalopods",04/10/2027,approved,true,documentation_verified,"EIC FFP approved unit #2635 (proposed). Scope: Frozen (Block/IF-Blast) Raw Fish and Fishery Products- Fishes (Wild Caught & Sea Caught) (Histamine forming & Non Histamine forming), Shrimps, Crab (W.... Expiry: 04/10/2027."
2636,QUALITY MARINE EXPORTS (EIC #2636),QUALITY MARINE EXPORTS,India,Gujarat,PLOT NO 1406,"PLOT NO 1406 , G I D C
ESTATE
VERAVAL 362269
GUJARAT",PLOT NO 1406,20.9077,70.36786,7,"Verāval, Jūnāgadh, India",Fish,Frozen (IF-Blast) Raw Fish and Fishery Products (Excluding Aquaculture),20/03/2028,approved,true,documentation_verified,EIC FFP approved unit #2636. Scope: Frozen (IF-Blast) Raw Fish and Fishery Products (Excluding Aquaculture). Expiry: 20/03/2028.
264,AmarSagar Seafood Pvt. Ltd. (EIC #264),AmarSagar Seafood Pvt. Ltd.,India,Gujarat,Porbandar,"Survey No.29, Jawar Naka, Porbandar-360575, Gujarat, India.",Gujarat,21.6422,69.6093,7,"360575, Gujarat, India",Fish,Freezing of Raw Fish Fish & Fishery Products - (Block/IF-Blast/IQF); Freezing Of Blanched/ Cooked Fish &,01/09/2027,approved,true,documentation_verified,EIC FFP approved unit #264. Scope: Freezing of Raw Fish Fish & Fishery Products - (Block/IF-Blast/IQF); Freezing Of Blanched/ Cooked Fish &. Expiry: 01/09/2027.
270,Chand International. (EIC #270),Chand International.,India,Maharashtra,Pin,"Plot No.310,Opp Royal Garden Resort,Sasunavghar,Mumbai-Ahmedabad Highway,Tal-Vasai,Dist-Palghar,Pin-401208,Maharashtra,India.",Maharashtra,19.5,76.0,1,"Mahārāshtra, India",Fish,Packing of Fresh/Chilled Raw Fish & Fishery Products(Excluding Aquaculture),01/03/2026,approved,true,documentation_verified,EIC FFP approved unit #270. Scope: Packing of Fresh/Chilled Raw Fish & Fishery Products(Excluding Aquaculture). Expiry: 01/03/2026.
276,NAIK FROZEN FOODS PVT. LTD. (EIC #276),NAIK FROZEN FOODS PVT. LTD.,India,Maharashtra,District Raigad,"Plot No. M- 9/10, MIDC Industrial Area, Taloja, District Raigad - 410208, Maharashtra, India",Maharashtra,18.24229,73.43521,9,"Raigad District, Mahārāshtra, India",Cephalopods|Crab|Lobster|Shrimp,"Packing of Fresh/ Chilled Fish & Fishery Products, Freezing of Raw Fish & Fishery Products (Block/IF-Blast/IQF) and Freezing of Blanched/Cooked Fish & Fishery Products (IQF) -Fishes (Histamine & Non- Histamine forming), Crustaceans- Shrimps (Aquaculture/Sea caught/Wild caught), Lobsters, Crabs (Sea caught) & Cephalopods",12/08/2027,approved,true,documentation_verified,"EIC FFP approved unit #276. Scope: Packing of Fresh/ Chilled Fish & Fishery Products, Freezing of Raw Fish & Fishery Products (Block/IF-Blast/IQF) and Freezing of Blanched/Cooked Fish &.... Expiry: 12/08/2027."
278,Seasaga Enterprises Private Limited (EIC #278),Seasaga Enterprises Private Limited,India,Maharashtra,NAVI MUMBAI,"PLOT NO. R-25 & R-26, TTC INDUSTRIAL AREA, RABALE , NAVI MUMBAI - 400701, MAHARASHTRA, INDIA",MAHARASHTRA,19.1167,72.9833,7,"400701, Mahārāshtra, India",Fish,"PACKING OF FRESH / CHILLED FISH & FISHERY PRODUCTS, FREEZING OF RAW / BLANCHED / COOKED FISH & FISHERY PRODUCTS",20/10/2027,approved,true,documentation_verified,"EIC FFP approved unit #278. Scope: PACKING OF FRESH / CHILLED FISH & FISHERY PRODUCTS, FREEZING OF RAW / BLANCHED / COOKED FISH & FISHERY PRODUCTS. Expiry: 20/10/2027."
281,Gopal Sea Foods (EIC #281),Gopal Sea Foods,India,Gujarat,Veraval,"Plot No. 2-4, G.I.D.C., Veraval- 362269, Gujarat",Veraval- 362269,22.3901,71.6068,7,"362269, Gujarat, India",Fish,FREEZING OF RAW FISH & FISHERY PRODUCTS (BLAST FREEZING-IF),05/11/2027,approved,true,documentation_verified,EIC FFP approved unit #281. Scope: FREEZING OF RAW FISH & FISHERY PRODUCTS (BLAST FREEZING-IF). Expiry: 05/11/2027.
282,Amrut Cold Storage Pvt. Ltd. (EIC #282),Amrut Cold Storage Pvt. Ltd.,India,Gujarat,Veraval,"Plot No. 1111/12, G.I.D.C. Estate, Veraval - 362269, Gujarat, India",Gujarat,20.9077,70.36786,7,"Verāval, Jūnāgadh, India",Fish,FREEZING OF RAW/ BLANCHED/ COOKED FISH & FISHERY PRODUCTS (INCLUDING AQUACULTURE),12/02/2028,approved,true,documentation_verified,EIC FFP approved unit #282. Scope: FREEZING OF RAW/ BLANCHED/ COOKED FISH & FISHERY PRODUCTS (INCLUDING AQUACULTURE). Expiry: 12/02/2028.
283,Anjani Marine Traders (EIC #283),Anjani Marine Traders,India,Gujarat,Gujarat,"G.I.D.C. Estate Plot No.402/414. Veraval - 362269, Gujarat, India",Gujarat,20.9077,70.36786,7,"Verāval, Jūnāgadh, India",Fish,FREEZING OF RAW FISH & FISHERY PRODUCTS (BLOCK-IF) (EXCLUDING AQUACULTURE),25/11/2027,approved,true,documentation_verified,EIC FFP approved unit #283. Scope: FREEZING OF RAW FISH & FISHERY PRODUCTS (BLOCK-IF) (EXCLUDING AQUACULTURE). Expiry: 25/11/2027.
284,Satyam Marine Exports (EIC #284),Satyam Marine Exports,India,Kerala,Bhidiya,"14, Lati Plot,Near Makli Godown, Bhidiya, Veraval - 362269",Bhidiya,10.41667,76.5,1,"Kerala, India",Fish,FREEZING OF RAW FISH & FISHERY PRODUCTS (BLAST/-IF),25/11/2027,approved,true,documentation_verified,EIC FFP approved unit #284. Scope: FREEZING OF RAW FISH & FISHERY PRODUCTS (BLAST/-IF). Expiry: 25/11/2027.
287,Shivganga Marine Products (EIC #287),Shivganga Marine Products,India,Gujarat,Veraval,"Plot No.1315, G.I.D.C.Estate, Veraval - 362269, Gujarat â?? India,",Veraval - 362269,22.0,79.0,1,India,Fish,FREEZING OF RAW FISH & FISHERY PRODUCTS (BLOCK/BLAST-IF) (EXCLUDING AQUACULTURE),16/11/2027,approved,true,documentation_verified,EIC FFP approved unit #287. Scope: FREEZING OF RAW FISH & FISHERY PRODUCTS (BLOCK/BLAST-IF) (EXCLUDING AQUACULTURE). Expiry: 16/11/2027.
288,Goan Bounty (EIC #288),Goan Bounty,India,Goa,Goa,"Plot No. 51-B, Dulapi- Corlim, Tiswadi, North Goa, Goa 403110, India",Goa 403110,15.4841,73.922,7,"403110, Goa, India",Fish,Freezing of Raw Fish & Fishery Products (Block/IF-Blast) (Excluding Aquaculture),16/11/2027,approved,true,documentation_verified,EIC FFP approved unit #288. Scope: Freezing of Raw Fish & Fishery Products (Block/IF-Blast) (Excluding Aquaculture). Expiry: 16/11/2027.
291,Keshodwala Foods. (EIC #291),Keshodwala Foods.,India,Gujarat,G.I.D.C Estate Veraval,"Plot No. 305, G.I.D.C Estate Veraval - 362269, Gujarat India",G.I.D.C Estate Veraval - 362269,20.9077,70.36786,7,"Verāval, Jūnāgadh, India",Fish,FREEZING OF RAW FISH & FISHERY PRODUCTS (IF-BLAST) (EXCLUDING AQUACULTURE),18/12/2027,approved,true,documentation_verified,EIC FFP approved unit #291. Scope: FREEZING OF RAW FISH & FISHERY PRODUCTS (IF-BLAST) (EXCLUDING AQUACULTURE). Expiry: 18/12/2027.
292,Aftab Exports. (EIC #292),Aftab Exports.,India,Gujarat,G.I.D.C.Estate Plot No.1004 Veraval â??,"G.I.D.C.Estate Plot No.1004 Veraval â?? 362269. Gujarat , India",G.I.D.C.Estate Plot No.1004 Veraval â?? 362269. Gujarat,22.3901,71.6068,7,"362269, Gujarat, India",Fish,FREEZING OF RAW FISH & FISHERY PRODUCTS (IF-BLAST) (EXCLUDING AQUACULTURE),13/01/2028,approved,true,documentation_verified,EIC FFP approved unit #292. Scope: FREEZING OF RAW FISH & FISHERY PRODUCTS (IF-BLAST) (EXCLUDING AQUACULTURE). Expiry: 13/01/2028.
298,Honest Frozen Foods Co. (EIC #298),Honest Frozen Foods Co.,India,Gujarat,Veraval,"Plot no.1405, G.I.D.C. Estate, Veraval-362269,Gujarat- India.",Veraval-362269,22.3901,71.6068,7,"362269, Gujarat, India",Fish,"FREEZING OF RAW FISH & FISHERY PRODUCTS (BLOCK,IF-BLAST) (EXCLUDING AQUACULTURE)",17/09/2027,approved,true,documentation_verified,"EIC FFP approved unit #298. Scope: FREEZING OF RAW FISH & FISHERY PRODUCTS (BLOCK,IF-BLAST) (EXCLUDING AQUACULTURE). Expiry: 17/09/2027."
299,New Royal Frozen Foods (EIC #299),New Royal Frozen Foods,India,Gujarat,,"Plot No.304 G.I.D.C. Estate Veraval 362269 Gujarat-India,",,22.3901,71.6068,7,"362269, Gujarat, India",Fish,FREEZING OF RAW FISH & FISHERY PRODUCTS (IF-BLAST) (EXCLUDING AQUACULTURE),25/10/2027,approved,true,documentation_verified,EIC FFP approved unit #299. Scope: FREEZING OF RAW FISH & FISHERY PRODUCTS (IF-BLAST) (EXCLUDING AQUACULTURE). Expiry: 25/10/2027.
332,FALCON MARINE EXPORTS LTD. (EIC #332),FALCON MARINE EXPORTS LTD.,India,Odisha,BHUBANESWAR,"PLOT NO.138,SECTOR-A,ZONE-B,MANCHESWAR INDUSTRIAL ESTATE,BHUBANESWAR-751010,ODISHA",BHUBANESWAR-751010,20.27241,85.83385,5,"Bhubaneswar, Khordha, India",Fish,FREEZING OF RAW FISH & FISHERY PRODUCTS (BLOCK FROZEN),19/06/2027,approved,true,documentation_verified,EIC FFP approved unit #332. Scope: FREEZING OF RAW FISH & FISHERY PRODUCTS (BLOCK FROZEN). Expiry: 19/06/2027.
343,BIJAYA MARINE PRODUCTS (EIC #343),BIJAYA MARINE PRODUCTS,India,Odisha,752002,"ATHARANALA,PATNA,GOPINATHPUR,PURI,752002,ODISHA",752002,19.9,85.6,1,"Puri, India",Cephalopods,"Freezing of raw Fish and Fishery Products (Block/Blast IF)-Crustaceans,Cephalopods, Scrombroid & non-scrombroid) (Crustaceans, Cephalopods,Fish)",17/02/2026,approved,true,documentation_verified,"EIC FFP approved unit #343. Scope: Freezing of raw Fish and Fishery Products (Block/Blast IF)-Crustaceans,Cephalopods, Scrombroid & non-scrombroid) (Crustaceans, Cephalopods,Fish). Expiry: 17/02/2026."
364,MMC EXPORTS LIMITED (EIC #364),MMC EXPORTS LIMITED,India,West Bengal,Salt Lake  Sector V,"Choto Paresh Baro Paresh Mahishbathan, Salt Lake  Sector V- 700091, West Bengal, INDIA",West Bengal,22.5809761,88.4458578,9,"Coal India, Thakdari Road, Sector V, Bidhannagar - 700163, West Bengal, India",Fish,Freezing of raw fish & fishery products (Block Frozen & IQF),07/08/2027,approved,true,documentation_verified,EIC FFP approved unit #364. Scope: Freezing of raw fish & fishery products (Block Frozen & IQF). Expiry: 07/08/2027.
370,RAM’S ASSORTED COLD STORAGE LTD. (EIC #370),RAM’S ASSORTED COLD STORAGE LTD.,India,Odisha,CUTTACK â??,"ARAKHAKUDA, AT/PO â?? TELENGAPENTHA, CUTTACK â?? 753051, ODISHA",CUTTACK â?? 753051,20.5,84.41667,1,"Odisha, India",Fish,Freezing of raw Fish and Fishery Products (Block & IQF)-Crustaceans,18/05/2027,approved,true,documentation_verified,EIC FFP approved unit #370. Scope: Freezing of raw Fish and Fishery Products (Block & IQF)-Crustaceans. Expiry: 18/05/2027.
392,Calcutta Seafoods Private Limited (EIC #392),Calcutta Seafoods Private Limited,India,West Bengal,West Bengal,"174, Hemanta Basu Sarani, Basunagar, Madyamgram, Kolkata â?? 700129, West Bengal, India",West Bengal,24.0,88.0,1,"West Bengal, India",Fish,Freezing of Raw Fish & Fishery Products (IF & Block),13/09/2027,approved,true,documentation_verified,EIC FFP approved unit #392. Scope: Freezing of Raw Fish & Fishery Products (IF & Block). Expiry: 13/09/2027.
395,Laxminarayan Exports (EIC #395),Laxminarayan Exports,India,Odisha,Jagatsinghpur,"34 & 35, Industrial Estate, Paradeepgarh, Paradeep, Jagatsinghpur-754141, Odisha",Jagatsinghpur-754141,20.7669,85.9103,7,"754141, Odisha, India",Cephalopods,"Packing  of Fresh/Chilled fish & fishery products, Freezing of Raw Fish & Fishery products.(Block &IF) Crustaceans, Cephalopods, Scrombroid & Non-scrombroid fin fish.",22/02/2028,approved,true,documentation_verified,"EIC FFP approved unit #395. Scope: Packing  of Fresh/Chilled fish & fishery products, Freezing of Raw Fish & Fishery products.(Block &IF) Crustaceans, Cephalopods, Scrombroid & Non-scro.... Expiry: 22/02/2028."
396,SK EXPORTS PRIVATE LIMITED (EIC #396),SK EXPORTS PRIVATE LIMITED,India,Odisha,751024,"21, CHANDAKA INDUSTRIAL COMPLEX, PATIA, KIIT CAMPUS, BHUBANESWAR, 751024, ODISHA",751024,23.1122,82.2365,7,"751024, Odisha, India",Cephalopods,"Freezing of raw Fish and Fishery Products (Block/IF/IQF)-Crustaceans,Cephalopods, Scrombroid & non-scrombroid Fin Fishes",13/09/2027,approved,true,documentation_verified,"EIC FFP approved unit #396. Scope: Freezing of raw Fish and Fishery Products (Block/IF/IQF)-Crustaceans,Cephalopods, Scrombroid & non-scrombroid Fin Fishes. Expiry: 13/09/2027."
422,Utkal Exports (EIC #422),Utkal Exports,India,Odisha,Bhubaneswar,"S3-94 Sector-A,Zone-B, Mancheswar Industrial Estate, Bhubaneswar, Odisha",Bhubaneswar,20.27241,85.83385,5,"Bhubaneswar, Khordha, India",Cephalopods,"Freezing of raw Fish and Fishery Products (Block/IF) Crustaceans,Cephalopods, Scrombroid & non-scrombroid Fishes",30/06/2027,approved,true,documentation_verified,"EIC FFP approved unit #422. Scope: Freezing of raw Fish and Fishery Products (Block/IF) Crustaceans,Cephalopods, Scrombroid & non-scrombroid Fishes. Expiry: 30/06/2027."
424,SARVESHWARI EXPORTS PVT. LTD. (EIC #424),SARVESHWARI EXPORTS PVT. LTD.,India,West Bengal,Kolkata,"548, Jessore Road, Kolkata-700055, West Bengal",Kolkata-700055,22.6080961,88.3942426,9,"Jessore Road, Paikpara, Kolkata - 700089, West Bengal, India",Shrimp,Freezing of Raw Fish & Fishery Products (Block) -Shrimps (Aquaculture/Sea Caught/Wild Caught),08/08/2027,approved,true,documentation_verified,EIC FFP approved unit #424. Scope: Freezing of Raw Fish & Fishery Products (Block) -Shrimps (Aquaculture/Sea Caught/Wild Caught). Expiry: 08/08/2027.
428,RAZBAN SEAFOOD PRIVATE LIMITED (EIC #428),RAZBAN SEAFOOD PRIVATE LIMITED,India,West Bengal,KOLKATA,"UNIT-II, 770 KALIKAPORE, KOLKATA-700099, WEST BENGAL, INDIA.",WEST BENGAL,22.8417,88.438,7,"700099, West Bengal, India",Cephalopods,"Packing of Fresh / Chilled Fishery Products ( Sea caught Fish Non-Histamine Forming fishes) 

Freezing of Raw / Blanched / Cooked Fish and Fishery Products (Block Freezing, IF, IQF & Cooked)
 
Aquaculture/Seacaught Fish/Seacaught Cephalopods",05/09/2028,approved,true,documentation_verified,"EIC FFP approved unit #428. Scope: Packing of Fresh / Chilled Fishery Products ( Sea caught Fish Non-Histamine Forming fishes) 

Freezing of Raw / Blanched / Cooked Fish and Fishery Pro.... Expiry: 05/09/2028."
449,SADAF SEA FOODS (EIC #449),SADAF SEA FOODS,India,West Bengal,KOLKATA,"UNIT NO. 5, I.S.F.P.C., CHAKGARIA, KOLKATA - 700094, WEST BENGAL",KOLKATA - 700094,21.9056,85.8768,7,"700094, West Bengal, India",Fish,FREEZING OF RAW FISH & FISHERY PRODUCT (BLOCK FROZEN & IF),23/09/2028,approved,true,documentation_verified,EIC FFP approved unit #449. Scope: FREEZING OF RAW FISH & FISHERY PRODUCT (BLOCK FROZEN & IF). Expiry: 23/09/2028.
453,CORELINE EXPORTS (EIC #453),CORELINE EXPORTS,India,West Bengal,KOLKATA,"UNIT 4, INTERNATIONAL SEAFOOD PROCESSING CENTRE, BUDERHAT, CHAKGARIA, KOLKATA-700094, WEST BENGAL, INDIA",WEST BENGAL,24.0,88.0,1,"West Bengal, India",Fish,"Freezing of Raw Fish & Fishery Products (Block Frozen ).

IF to deleted from the scope as  blast Freezer is removed.",22/07/2028,approved,true,documentation_verified,"EIC FFP approved unit #453. Scope: Freezing of Raw Fish & Fishery Products (Block Frozen ).

IF to deleted from the scope as  blast Freezer is removed.. Expiry: 22/07/2028."
458,Shimpo Exports Private Limited (EIC #458),Shimpo Exports Private Limited,India,West Bengal,Kolkata,"Unit No. III, ISFPC, Chakgaria, Boodherhat, Kolkata- 700094, West Bengal, India",West Bengal,22.56263,88.36304,3,"Kolkata, India",Fish,Freezing of Raw Fish & Fishery Products (Block & Individually Frozen),14/07/2027,approved,true,documentation_verified,EIC FFP approved unit #458. Scope: Freezing of Raw Fish & Fishery Products (Block & Individually Frozen). Expiry: 14/07/2027.
459,TEEKAY MARINE PVT. LTD (EIC #459),TEEKAY MARINE PVT. LTD,India,Odisha,BHUBANESWAR,"PLOT NO.58, CHANDAKA INDUSTRIAL ESTATE, PO-KIIT, PATIA, BHUBANESWAR-751024, Odisha",BHUBANESWAR-751024,23.1122,82.2365,7,"751024, Odisha, India",Cephalopods,"Freezing of raw Fish and Fishery Products (Block/IF/IQF)-Crustaceans,Cephalopods, Scrombroid & non-scrombroid Fishes",16/07/2027,approved,true,documentation_verified,"EIC FFP approved unit #459. Scope: Freezing of raw Fish and Fishery Products (Block/IF/IQF)-Crustaceans,Cephalopods, Scrombroid & non-scrombroid Fishes. Expiry: 16/07/2027."
460,M/S SAHADA EXPORTS (EIC #460),M/S SAHADA EXPORTS,India,Karnataka,24 PGS(S),"UNIT 8,ISFPC,CHAKGARIA,24 PGS(S),KOLKATA-700 094",24 PGS(S),22.56263,88.36304,3,"Kolkata, India",Fish,"FREEZING OF RAW FISH AND FISHERY PRODUCTS (BLOCK,IF AND IQF)",12/09/2027,approved,true,documentation_verified,"EIC FFP approved unit #460. Scope: FREEZING OF RAW FISH AND FISHERY PRODUCTS (BLOCK,IF AND IQF). Expiry: 12/09/2027."
469,MAGNUM SEA FOODS LIMITED (EIC #469),MAGNUM SEA FOODS LIMITED,India,Odisha,PIN,"AT: BOTANDA, P.O./P.S.: JANKIA, DIST: KHURDA, PIN-752019, ODISHA",PIN-752019,19.9833,85.55,7,"752019, Odisha, India",Cephalopods,"Freezing of raw Fish and Fishery Products (IQF/cooked/block)-Crustaceans,Cephalopods, Scrombroid & non-scrombroid Fishes. Packing of fresh & chilled Fish & Fishery products.",15/04/2026,approved,true,documentation_verified,"EIC FFP approved unit #469. Scope: Freezing of raw Fish and Fishery Products (IQF/cooked/block)-Crustaceans,Cephalopods, Scrombroid & non-scrombroid Fishes. Packing of fresh & chilled F.... Expiry: 15/04/2026."
470,UNITRIVENI OVERSEAS (EIC #470),UNITRIVENI OVERSEAS,India,,DT-KHURDA,"PLOT NO.150,CHAMPAJHAR,P.O.MALIPADA, DT-KHURDA, PIN-752018",DT-KHURDA,25.1142028,79.5337096,7,"Khurda, Nowgong Tahsil, India",Cephalopods|Shrimp,"1)Freezing of raw Fish and Fishery Products (Block/IQF)-Crustaceans,Cephalopods, Scrombroid & non-scrombroid Fishes
2) IQF freezing of blanched shrimps",30/04/2026,approved,true,documentation_verified,"EIC FFP approved unit #470. Scope: 1)Freezing of raw Fish and Fishery Products (Block/IQF)-Crustaceans,Cephalopods, Scrombroid & non-scrombroid Fishes
2) IQF freezing of blanched shrimp.... Expiry: 30/04/2026."
471,MILSHA SEA PRODUCT (EIC #471),MILSHA SEA PRODUCT,India,West Bengal,WEST BENGAL,"UNIT NO. 2, I.S.F.P.C, BENFISH COMPLEX, CHAKGARIA, 24 PARGANAS (S), KOLKATA â?? 700094, WEST BENGAL, INDIA",WEST BENGAL,22.56263,88.36304,3,"Kolkata, India",Fish,Freezing of Raw Fish & Fishery Products (Block Frozen),18/05/2027,approved,true,documentation_verified,EIC FFP approved unit #471. Scope: Freezing of Raw Fish & Fishery Products (Block Frozen). Expiry: 18/05/2027.
475,BAIDYA FISH TRADERS (EIC #475),BAIDYA FISH TRADERS,India,West Bengal,Pin,"Vill: Bagna, PO & PS-Gaighata, Dist. 24 Parganas (North), Pin-743249, West Bengal",Pin-743249,24.0,88.0,1,"West Bengal, India",Cephalopods|Shrimp,"Packing of Fresh/Chilled Fish & Fishery Products -Fishes (Histamine & Non- Histamine forming), -Shrimps (Sea caught/Wild caught) & Cephalopods",07/08/2027,approved,true,documentation_verified,"EIC FFP approved unit #475. Scope: Packing of Fresh/Chilled Fish & Fishery Products -Fishes (Histamine & Non- Histamine forming), -Shrimps (Sea caught/Wild caught) & Cephalopods. Expiry: 07/08/2027."
477,IFB AGRO INDUSTRIES LTD. (EIC #477),IFB AGRO INDUSTRIES LTD.,India,West Bengal,Kolkata,"Plot No. IND-5, Sector-1, East Kolkata Township, Kolkata-700107, West Bengal, India.",West Bengal,24.0,88.0,1,"West Bengal, India",Fish,"Freezing of Raw / Blanched Fish & Fishery products (Block Frozen , IF & IQF)",05/01/2028,approved,true,documentation_verified,"EIC FFP approved unit #477. Scope: Freezing of Raw / Blanched Fish & Fishery products (Block Frozen , IF & IQF). Expiry: 05/01/2028."
478,Z. A. SEA FOODS PVT. LTD. (EIC #478),Z. A. SEA FOODS PVT. LTD.,India,West Bengal,KOLKATA,"UNIT NO-9, BENFISH COMPLEX I.S.F.P.C, CHAKGARIA, 24 PARGANAS (SOUTH), KOLKATA-700094, WEST BENGAL",KOLKATA-700094,24.0,88.0,1,"West Bengal, India",,not applicable,27/03/2028,approved,true,documentation_verified,EIC FFP approved unit #478. Scope: not applicable. Expiry: 27/03/2028.
488,SHIMPO SEAFOODS (EIC #488),SHIMPO SEAFOODS,India,Odisha,BHUBANESWAR,"IDCO PLOT NO 53, CHANDAKA INDUSTRIAL ESTATE,  P.O: KIIT, PATIA, BHUBANESWAR-751024, ODISHA, INDIA",ODISHA,20.5,84.41667,1,"Odisha, India",Fish,Freezing of raw Fish and Fishery Products (Block Frozen & IQF),13/07/2027,approved,true,documentation_verified,EIC FFP approved unit #488. Scope: Freezing of raw Fish and Fishery Products (Block Frozen & IQF). Expiry: 13/07/2027.
492,MILSHA AGRO EXPORTS PVT. LTD. (EIC #492),MILSHA AGRO EXPORTS PVT. LTD.,India,West Bengal,KOLKATA,"UNIT NO. 1, I.S.F.P.C., BENFISH COMPLEX, CHAKGARIA, KOLKATA-700094, WEST BENGAL, INDIA",WEST BENGAL,21.9056,85.8768,7,"700094, West Bengal, India",Fish,"Freezing of Raw Fish & Fishery Products, 
(Block Frozen & IQF)",12/11/2027,approved,true,documentation_verified,"EIC FFP approved unit #492. Scope: Freezing of Raw Fish & Fishery Products, 
(Block Frozen & IQF). Expiry: 12/11/2027."
496,N.C. DAS & CO. (EIC #496),N.C. DAS & CO.,India,West Bengal,DIST. : 24 PGS (N),"VILL & P.O.: ADAMPUR, P.S. : HAROA, DIST. : 24 PGS (N), WEST BENGAL.",DIST. : 24 PGS (N),24.0,88.0,1,"West Bengal, India",Fish,FREEZING OF RAW FISH & FISHERY PRODUCTS  (BLOCK FROZEN),05/06/2028,approved,true,documentation_verified,EIC FFP approved unit #496. Scope: FREEZING OF RAW FISH & FISHERY PRODUCTS  (BLOCK FROZEN). Expiry: 05/06/2028.
510,Bharath sea foods (EIC #510),Bharath sea foods,India,Kerala,Chandiroor,"Chandiroor, Alappuzha Dist â??kerala 688547",Chandiroor,10.41667,76.5,1,"Kerala, India",Cephalopods|Shrimp,"Freezing of Raw Fish & Fishery Products (Block/Blast/IF), Shrimps (Sea-Caught/ Wild caught & Aquaculture), Cephalopods and Fishes (Histamine & Non-Histamine forming) to All countries excluding EU,CU and uncooked prawns to Australia",31/07/2027,approved,true,documentation_verified,"EIC FFP approved unit #510. Scope: Freezing of Raw Fish & Fishery Products (Block/Blast/IF), Shrimps (Sea-Caught/ Wild caught & Aquaculture), Cephalopods and Fishes (Histamine & Non-His.... Expiry: 31/07/2027."
512,SLS EXPORTS PVT LTD (EIC #512),SLS EXPORTS PVT LTD,India,Kerala,ERNAKULAM DISTRICT,"XXII/1377, EDAKOCHI P.O, KOCHI-682010, ERNAKULAM DISTRICT, KERALA",ERNAKULAM DISTRICT,9.9671,76.3031,7,"682010, Kerala, India",Cephalopods,Cephalopods. Bivalves  & Gastropods  to Non - EU Countries.,13/02/2028,approved,true,documentation_verified,EIC FFP approved unit #512. Scope: Cephalopods. Bivalves  & Gastropods  to Non - EU Countries.. Expiry: 13/02/2028.
514,Bell Foods(Marine Division) (EIC #514),Bell Foods(Marine Division),India,Kerala,Building No.18/1555Pallichal Road,"Building No.18/1555Pallichal Road,Thoppumpady P.OKochi-682024",Building No.18/1555Pallichal Road,10.41667,76.5,1,"Kerala, India",Cephalopods|Shrimp,"Packing of fresh/chilled fish & fishery products and freezing of raw fish & fishery products (Block/IF) Fishes (Histamine and Non-Histamine forming) & shrimps (Sea caught & Aquaculture), Cephalopods.",27/03/2028,approved,true,documentation_verified,EIC FFP approved unit #514. Scope: Packing of fresh/chilled fish & fishery products and freezing of raw fish & fishery products (Block/IF) Fishes (Histamine and Non-Histamine forming) &.... Expiry: 27/03/2028.
520,Capithan Exporting Company (EIC #520),Capithan Exporting Company,India,Kerala,Kollam,"Port Road,Sakthikulangara P.O., Kollam-691581,Kerala",Kollam-691581,8.9917,76.525,7,"691581, Kerala, India",Cephalopods|Shrimp,"Packing of Fresh/Chilled Fish & Fishery Products, Freezing of Raw/Cooked Fish & Fishery Products- Fishes (Histamine & Non-Histamine Forming), Crustaceans (Sea caught Shrimps & Aquaculture), Cephalopods. Bivalves & Gastropods to Non-EU Countries",19/02/2028,approved,true,documentation_verified,"EIC FFP approved unit #520. Scope: Packing of Fresh/Chilled Fish & Fishery Products, Freezing of Raw/Cooked Fish & Fishery Products- Fishes (Histamine & Non-Histamine Forming), Crustace.... Expiry: 19/02/2028."
521,THE CANNING INDUSTRIES COCHINLTD (EIC #521),THE CANNING INDUSTRIES COCHINLTD,India,Kerala,KOCHI,"EDACOCHIN P.O.,KOCHI-682010 KERALA, INDIA",KOCHI-682010 KERALA,9.9671,76.3031,7,"682010, Kerala, India",Cephalopods|Crab|Lobster|Shrimp,"Packing of Fresh / Chilled Fish & Fishery Products, Freezing of Raw Fish & Fishery Products, Fishes (Histamine & Non-Histamine Forming), Shrimps, Lobster, Crab & Cephalopods (Sea Caught)",19/03/2028,approved,true,documentation_verified,"EIC FFP approved unit #521. Scope: Packing of Fresh / Chilled Fish & Fishery Products, Freezing of Raw Fish & Fishery Products, Fishes (Histamine & Non-Histamine Forming), Shrimps, Lobs.... Expiry: 19/03/2028."
594,STERLING FOODS (EIC #594),STERLING FOODS,India,Karnataka,Mangaloe,"Sasihithlu, Haleangadi P.O., Mangaloe- 574146,Karnataka",Mangaloe- 574146,14.2836,75.5772,7,"574146, Karnātaka, India",Cephalopods|Shrimp,"Freezing of Raw Fish & Fishery Products (Block & IF) 
Fishes (Histamine & Non-Histamine forming),  Shrimps (Sea caught/Wild caught & Aquaculture) & Cephalopods",01/09/2027,approved,true,documentation_verified,"EIC FFP approved unit #594. Scope: Freezing of Raw Fish & Fishery Products (Block & IF) 
Fishes (Histamine & Non-Histamine forming),  Shrimps (Sea caught/Wild caught & Aquaculture) & Ce.... Expiry: 01/09/2027."
626,Abad Fisheries Private Limited (Unit-III) (EIC #626),Abad Fisheries Private Limited (Unit-III),India,Kerala,Thiruvananthapuram,"VII/29-34, Vizhinjam, Thiruvananthapuram-695525, Kerala.",Thiruvananthapuram-695525,8.3146,77.0686,7,"695525, Kerala, India",Cephalopods|Clam|Crab|Lobster|Mussel|Shrimp,"Packing of Fresh/Chilled Fish & Fishery Products, Freezing of Raw Fish & Fishery Products, Fishes (Histamine & Non-Histamine forming), Shrimps (Sea Caught), Crabs, Lobsters & Cephalopods for all countries excluding CU and uncooked prawns to Australia. Freezing of Gastropods and Bivalve Molluscs (Clams & Mussels) for Non-EU Countries excluding CU.

Additional Facility recommended - Plate Ice Unit No.3, Capacity: 10MT/Day",20/05/2027,approved,true,documentation_verified,"EIC FFP approved unit #626. Scope: Packing of Fresh/Chilled Fish & Fishery Products, Freezing of Raw Fish & Fishery Products, Fishes (Histamine & Non-Histamine forming), Shrimps (Sea Ca.... Expiry: 20/05/2027."
635,FREEZE EXIM (EIC #635),FREEZE EXIM,India,Kerala,KERALA,"AP 1/160, AROOR,ALAPPUZHA DIST.-688534, KERALA, INDIA",KERALA,9.8783108,76.3038826,7,"Aroor, - 688534, Kerala, India",Cephalopods|Shrimp,"Packing of Fresh/Chilled Fish & Fishery Products and Freezing of Raw Fish & Fishery Products (Block, Blast Frozen-IF)- Fishes (Histamine and Non-histamine forming), Shrimps (Sea caught / Wild caught & Aquaculture) and Cephalopods",29/12/2027,approved,true,documentation_verified,"EIC FFP approved unit #635. Scope: Packing of Fresh/Chilled Fish & Fishery Products and Freezing of Raw Fish & Fishery Products (Block, Blast Frozen-IF)- Fishes (Histamine and Non-hista.... Expiry: 29/12/2027."
657,PREMIER MARINE FOODS (EIC #657),PREMIER MARINE FOODS,India,Kerala,Chandiroor -  Alappuzha District,"VII/141, Chandiroor - 688547 Alappuzha District, Kerala",Chandiroor - 688547 Alappuzha District,9.41667,76.5,1,"Alappuzha, India",Cephalopods|Shrimp,"Freezing of Raw Fish & Fishery Products ( Fish - Histamine & Non- Histamine Forming), Shrimps( Sea Caught/Wild Caught) and Cephalopods",24/12/2027,approved,true,documentation_verified,"EIC FFP approved unit #657. Scope: Freezing of Raw Fish & Fishery Products ( Fish - Histamine & Non- Histamine Forming), Shrimps( Sea Caught/Wild Caught) and Cephalopods. Expiry: 24/12/2027."
658,COCHIN FROZEN FOOD EXPORTS PVT. LTD. (EIC #658),COCHIN FROZEN FOOD EXPORTS PVT. LTD.,India,Kerala,Alappuzha,"Arookutty Ferry Road, Aroor, Pin-688534, Alappuzha, Kerala",Alappuzha,9.7556,76.3278,7,"688534, Kerala, India",Cephalopods|Shrimp,"Packing of Fresh/Chilled Fish & Fishery Products, Freezing of Raw Fish & Fishery Products (Block/Blast Frozen-IF/IQF)- Fishes (Histamine & Non-Histamine Forming), Shrimps (Aquaculture/Sea caught/Wild caught) & Cephalopods",23/07/2027,approved,true,documentation_verified,"EIC FFP approved unit #658. Scope: Packing of Fresh/Chilled Fish & Fishery Products, Freezing of Raw Fish & Fishery Products (Block/Blast Frozen-IF/IQF)- Fishes (Histamine & Non-Histami.... Expiry: 23/07/2027."
662,Silver Star Seafoods Ltd. (EIC #662),Silver Star Seafoods Ltd.,India,Andhra Pradesh,Kerela,"X1/64, Anwar Palace,Chandiroor P.O ,Alappuzha,Kerela,India-688547",Kerela,15.83333,79.75,1,"Andhra Pradesh, India",Cephalopods|Shrimp,"Packing of Fresh/ Chilled Fish & Fishery Products & Freezing of Raw Fish & Fishery Product (IQF/IF/Block), Fishes (Histamine & Non-Histamine forming), Shrimps (Sea-caught & Aquaculture) & Cephalopods.",20/03/2026,approved,true,documentation_verified,"EIC FFP approved unit #662. Scope: Packing of Fresh/ Chilled Fish & Fishery Products & Freezing of Raw Fish & Fishery Product (IQF/IF/Block), Fishes (Histamine & Non-Histamine forming),.... Expiry: 20/03/2026."
664,Seaboy Fisheries Pvt. Ltd. (EIC #664),Seaboy Fisheries Pvt. Ltd.,India,Kerala,Trivandrum,"KP VI-1019, Puthenthope, Trivandrum-695586, Kerala, India",Kerala,11.0047,78.5911,7,"695586, Kerala, India",Fish,"Packing of Fresh/Chilled Fish & Fishery Products, Freezing of Fish & Fishery Products (Block)",24/07/2027,approved,true,documentation_verified,"EIC FFP approved unit #664. Scope: Packing of Fresh/Chilled Fish & Fishery Products, Freezing of Fish & Fishery Products (Block). Expiry: 24/07/2027."
680,HIGH SEAS EXIM (EIC #680),HIGH SEAS EXIM,India,Kerala,ALAPPUZHA DISTRICT,"AP X/102 ,CHANDIROOR -688547 ,ALAPPUZHA DISTRICT KERALA,INDIA",ALAPPUZHA DISTRICT KERALA,9.49004,76.3264,3,"Alleppey, Alappuzha, India",Cephalopods|Shrimp,"Freezing of Raw  Fish and Fishery Products( Block & Blast  Frozen, IF), Fishes (Histamine and Non-Histamine forming), Shrimps (Sea Caught/ Aquaculture) and Cephalopods to all countries excluding ""CU & uncooked prawns to Australia""",27/07/2027,approved,true,documentation_verified,"EIC FFP approved unit #680. Scope: Freezing of Raw  Fish and Fishery Products( Block & Blast  Frozen, IF), Fishes (Histamine and Non-Histamine forming), Shrimps (Sea Caught/ Aquaculture.... Expiry: 27/07/2027."
682,GKS BUSINESS ASSOCIATES (P) LIMITED (EIC #682),GKS BUSINESS ASSOCIATES (P) LIMITED,India,Kerala,AROOR,"GKS COMPLEX, AROOKUTTY FERRY ROAD , AROOR-688534, ALAPPUZHA, KERALA, INDIA",KERALA,9.7556,76.3278,7,"688534, Kerala, India",Cephalopods|Shrimp,Processing and Packing of Fresh/Chilled Fish & Fishery Products and Freezing of Raw Fish & Fishery Products (Block/Blast/IF) Fishes (Histamine and Non-Histamine Forming) Shrimp (Sea Caught/Aquaculture) & Cephalopods. Bivalves & Gastropods to Non-EU Countries Only,23/07/2027,approved,true,documentation_verified,EIC FFP approved unit #682. Scope: Processing and Packing of Fresh/Chilled Fish & Fishery Products and Freezing of Raw Fish & Fishery Products (Block/Blast/IF) Fishes (Histamine and Non.... Expiry: 23/07/2027.
683,Torry Harris Seafoods Private Ltd. (EIC #683),Torry Harris Seafoods Private Ltd.,India,Kerala,Alleppey â??,"V /143A, P.B. NO. 2, Eramalloor P.O.,     Alleppey â?? 688537, Kerala",Alleppey â?? 688537,10.41667,76.5,1,"Kerala, India",Cephalopods|Shrimp,"Freezing of Raw Fish & Fishery Products (Block/Blast), Shrimps (Sea-caught/ Wild caught & Aquaculture), Cephalopods, Histamine and Non-Histamine Forming Fishes, Raw Frozen Skewers of Fish/ Cephalopods/ Shrimps without vegetables 
(Category-PPa, Product-U, Activity-F,R)",16/02/2028,approved,true,documentation_verified,"EIC FFP approved unit #683. Scope: Freezing of Raw Fish & Fishery Products (Block/Blast), Shrimps (Sea-caught/ Wild caught & Aquaculture), Cephalopods, Histamine and Non-Histamine Formi.... Expiry: 16/02/2028."
684,Accelerated Freeze Drying Co.Ltd (EIC #684),Accelerated Freeze Drying Co.Ltd,India,Kerala,Alappuzha Dist,"Door No. EP/IV/513, Ezhupunna, Alappuzha Dist, Kerala-688548",Alappuzha Dist,10.41667,76.5,1,"Kerala, India",Shrimp,"Freeze dried fish & fishery products, Raw block frozen fish &fishery products & Canned shrimp in brine",06/04/2026,approved,true,documentation_verified,"EIC FFP approved unit #684. Scope: Freeze dried fish & fishery products, Raw block frozen fish &fishery products & Canned shrimp in brine. Expiry: 06/04/2026."
686,CAP Seafoods Private Limited (EIC #686),CAP Seafoods Private Limited,India,Kerala,Kochi,"1/71, Vypeen Island,Azheekal P.O., ErnakulamDistrict, Kochi , Kerala.Pin Code - 682510.",Kochi,9.9679032,76.2444378,3,"Kochi, India",Cephalopods|Shrimp,"Freezing of Raw Fish & Fishery Products (IF/Blast/IQF), Freezing of Blanched and Cooked Fish & Fishery Products (IQF), Shrimps (Sea Caught & Aquaculture)/ Cephalopods, Histamine & Non Histamine Forming Fishes to All countries excluding uncooked prawns to Australia

Additional Facility: Cold Store-B, capacity 150MT",14/02/2028,approved,true,documentation_verified,"EIC FFP approved unit #686. Scope: Freezing of Raw Fish & Fishery Products (IF/Blast/IQF), Freezing of Blanched and Cooked Fish & Fishery Products (IQF), Shrimps (Sea Caught & Aquacultu.... Expiry: 14/02/2028."
689,THREE STAR MARINE EXPORTS (EIC #689),THREE STAR MARINE EXPORTS,India,Kerala,ALLEPPEY DIST,"AP II/643 A,INDUSTRIAL ESTATE AROOR -688534 ,ALLEPPEY DIST.KERALA,INDIA",ALLEPPEY DIST.KERALA,22.0,79.0,1,India,Cephalopods|Shrimp,FREEZING OF RAW FISH & FISHERY PRODUCTS (BLOCK/BLAST/IF)FISHES-(HISTAMINE & NON HISTAMINE FORMING )SHRIMPS-(SEACAUGHT & AQUACULTURE) & CEPHALOPODS,22/02/2026,approved,true,documentation_verified,EIC FFP approved unit #689. Scope: FREEZING OF RAW FISH & FISHERY PRODUCTS (BLOCK/BLAST/IF)FISHES-(HISTAMINE & NON HISTAMINE FORMING )SHRIMPS-(SEACAUGHT & AQUACULTURE) & CEPHALOPODS. Expiry: 22/02/2026.
696,RF EXPORTS (EIC #696),RF EXPORTS,India,Kerala,ALAPPUZHA,"ERAMALLOOR, ALAPPUZHA-688537, KERALA",ALAPPUZHA-688537,9.7556,76.3278,7,"688537, Kerala, India",Cephalopods|Lobster|Shrimp,"Freezing of Raw Fish & Fishery Products, Fishes (Including Histamine forming Fishes), Shrimps (Sea Caught & Aquaculture), Lobster (Sea Caught) & Cephalopods (Block/Blast/IQF), Freezing of Raw Breaded Fish & Fishery Products IQF, Freezing of Par Fried Breaded/coated Shrimps (Sea caught & Aquaculture) IQF, Freezing of Blanched Shrimps/Cephalopods",25/03/2028,approved,true,documentation_verified,"EIC FFP approved unit #696. Scope: Freezing of Raw Fish & Fishery Products, Fishes (Including Histamine forming Fishes), Shrimps (Sea Caught & Aquaculture), Lobster (Sea Caught) & Cepha.... Expiry: 25/03/2028."
707,A. S. MARINE INDUSTRIES PRIVATE LIMITED (EIC #707),A. S. MARINE INDUSTRIES PRIVATE LIMITED,India,Kerala,Kochi,"CC XVIII/263, Nadakadavu Road, Kochi-682006,Kerala",Kochi-682006,9.9399,76.2602,7,"682006, Kerala, India",Cephalopods|Crab|Shrimp,"Freezing of Raw Fish & Fishery Products (Block,Blast & IF), Fishes(Histamine & Non-Histamine forming) Shrimps (Sea-caught & Aquaculture)Crab & Cephalopods",19/04/2026,approved,true,documentation_verified,"EIC FFP approved unit #707. Scope: Freezing of Raw Fish & Fishery Products (Block,Blast & IF), Fishes(Histamine & Non-Histamine forming) Shrimps (Sea-caught & Aquaculture)Crab & Cephalo.... Expiry: 19/04/2026."
712,INTERSEAS (EIC #712),INTERSEAS,India,Kerala,ALAPPUZHA,"X/763-B, CHANDIROOR, P.O.,688547, ALAPPUZHA, KERALAINDIA",ALAPPUZHA,9.5003416,76.4123364,1,"Alappuzha, India",Cephalopods|Shrimp,"PACKING OF FRESHCHILLED FISH &FISHERY PRODUCTS &FREEZING OFRAW FISH & FISHERYPRODUCTS (BLOCK/BLAST)SHRIMPS(SEA CAUGHT &AQUACULTURE),CEPHALOPODS,HISTAMINE & NON-HISTAMINE FORMING FISHES",11/04/2028,approved,true,documentation_verified,"EIC FFP approved unit #712. Scope: PACKING OF FRESHCHILLED FISH &FISHERY PRODUCTS &FREEZING OFRAW FISH & FISHERYPRODUCTS (BLOCK/BLAST)SHRIMPS(SEA CAUGHT &AQUACULTURE),CEPHALOPODS,HISTAM.... Expiry: 11/04/2028."
713,Indian Aquatic Products (EIC #713),Indian Aquatic Products,India,Kerala,Kollam,"Sakthikulangara P.O., Kollam-691581, Kerala",Kollam-691581,8.9917,76.525,7,"691581, Kerala, India",Cephalopods|Shrimp,"Freezing of Raw Fish & Fishery Products (Block/IF), Fishes (Histamine and Non-Histamine Forming), Crustacean (Sea-Caught/ Wild-caught), Sea Caught â?? Cephalopods to All countries excluding CU & uncooked prawns to Australia. Bivalves & Gastropods to Non-EU Countries Only. 
(Category-PP, Product-U, Activity-F)",18/10/2027,approved,true,documentation_verified,"EIC FFP approved unit #713. Scope: Freezing of Raw Fish & Fishery Products (Block/IF), Fishes (Histamine and Non-Histamine Forming), Crustacean (Sea-Caught/ Wild-caught), Sea Caught â??.... Expiry: 18/10/2027."
718,MANGALA MARINE EXIM INDIA PRIVATE LIMITED (EIC #718),MANGALA MARINE EXIM INDIA PRIVATE LIMITED,India,Kerala,EDAKOCHI,"XXII/1388-A,NATIONAL HIGHWAY ROAD,EDAKOCHI,KOCHI",EDAKOCHI,9.93988,76.26022,4,"Kochi, Ernākulam, India",Cephalopods|Shrimp,"Freezing of Raw /Blanched/Cooked Fish & Fishery Products(IQF), Fishes (Histamine & Non-Histamine forming), Shrimps (Sea caught/Wild Caught & Aquaculture) and  Cephalopods",05/06/2028,approved,true,documentation_verified,"EIC FFP approved unit #718. Scope: Freezing of Raw /Blanched/Cooked Fish & Fishery Products(IQF), Fishes (Histamine & Non-Histamine forming), Shrimps (Sea caught/Wild Caught & Aquacultu.... Expiry: 05/06/2028."
727,PARAGON SEA FOODS PVT LTD (EIC #727),PARAGON SEA FOODS PVT LTD,India,Kerala,ALAPPUZHA,"NEAR RAILWAY OVER BRIDGE , AROOR,   ALAPPUZHA -688534, KERALA , INDIA",KERALA,9.7556,76.3278,7,"688534, Kerala, India",Cephalopods|Shrimp,FREEZING OF RAW FISH & FISHERY PRODUCTS FISHES (HISTAMINE & NON HISTAMINE FORMING) SHRIMPS(SEA CAUGHT & AQUACULTURE ) &  CEPHALOPODS,14/02/2026,approved,true,documentation_verified,EIC FFP approved unit #727. Scope: FREEZING OF RAW FISH & FISHERY PRODUCTS FISHES (HISTAMINE & NON HISTAMINE FORMING) SHRIMPS(SEA CAUGHT & AQUACULTURE ) &  CEPHALOPODS. Expiry: 14/02/2026.
730,ABAD FISHERIES PVT LTD(UNIT VII) (EIC #730),ABAD FISHERIES PVT LTD(UNIT VII),India,Kerala,MUNAMBAM,"1/99,PALLIPURAM P.O,MUNAMBAM-683515,KERALA,INDIA",KERALA,9.8386,77.1529,7,"683515, Kerala, India",Cephalopods|Crab|Lobster|Shrimp,"Freezing of Raw Fish& Fishery products (Block/Blast/-IF),Shrimps (Sea Caught/Wild Caught),Fishes ( Histamine and Non Histamine forming ) and Cephalopods 

Application No. 54063107 has been submitted for approval of additional activity for Processing of Crabs and Lobsters",04/02/2028,approved,true,documentation_verified,"EIC FFP approved unit #730. Scope: Freezing of Raw Fish& Fishery products (Block/Blast/-IF),Shrimps (Sea Caught/Wild Caught),Fishes ( Histamine and Non Histamine forming ) and Cephalopo.... Expiry: 04/02/2028."
732,GEO AQUATIC PRODUCTS PVT. LTD. (EIC #732),GEO AQUATIC PRODUCTS PVT. LTD.,India,Kerala,ALAPPUZHA,"VELUTHULLY ROAD, CHANDIROOR,ALAPPUZHA-688547,KERALA",ALAPPUZHA-688547,9.8452436,76.3074164,9,"S veluthully road, Alappuzha, Chandiroor - 688559, Kerala, India",Cephalopods|Shrimp,Packing of Fresh/Chilled Fishery Products and Freezing of Raw/Blanched /Cooked Fish & Fishery  Products (Block/Blast/IQF)-Shrimps ( Sea Caught & Aquaculture ) Cephalopods/Histamine & Non-Histamine forming fishes.,17/05/2028,approved,true,documentation_verified,EIC FFP approved unit #732. Scope: Packing of Fresh/Chilled Fishery Products and Freezing of Raw/Blanched /Cooked Fish & Fishery  Products (Block/Blast/IQF)-Shrimps ( Sea Caught & Aquac.... Expiry: 17/05/2028.
735,INTERNATIONALFREEZFISH EXPORTS (UNIT-II) (EIC #735),INTERNATIONALFREEZFISH EXPORTS (UNIT-II),India,Andhra Pradesh,ALAPPUZHAAROOR,"A.P.II/809 A,CHEMICALINDUSTRIAL ESTATEAROOR-688534,ALAPPUZHAAROOR-688534,ALAPPUZHA",ALAPPUZHAAROOR-688534,9.7556,76.3278,7,"688534, Kerala, India",Cephalopods|Shrimp,"FREEZING OF RAW FISH & FISHERY PRODUCTS
(BLAST-IF/BLOCK) 
FISHES (HISTAMINE&NON-HISTAMINEFORMING )
SHRIMPS (SEA CAUGHT)&CEPHALOPODES",12/03/2026,approved,true,documentation_verified,"EIC FFP approved unit #735. Scope: FREEZING OF RAW FISH & FISHERY PRODUCTS
(BLAST-IF/BLOCK) 
FISHES (HISTAMINE&NON-HISTAMINEFORMING )
SHRIMPS (SEA CAUGHT)&CEPHALOPODES. Expiry: 12/03/2026."
736,BABY MARINE SARASS (EIC #736),BABY MARINE SARASS,India,Karnataka,New Mangalore –,"Plot No. 7B, Industrial Area, Baikampady, New Mangalore – 575011, Karnataka",New Mangalore – 575011,16.1388,80.124,7,"575011, Karnātaka, India",Fish,Packing of Fresh Chilled Fishery Products and Freezing of Raw Fish & Fishery Products,23/03/2026,approved,true,documentation_verified,EIC FFP approved unit #736. Scope: Packing of Fresh Chilled Fishery Products and Freezing of Raw Fish & Fishery Products. Expiry: 23/03/2026.
737,Charly Fisheries (EIC #737),Charly Fisheries,India,Kerala,Kollam,"Mamachanthuruth, Building No. 291,Ward No. NGP-5, Neendakara, Kollam, Kerala-691582",Kollam,8.95687,76.85274,1,"Kollam, India",Cephalopods|Shrimp,"Freezing of Raw Fish & Fishery Products, Fishes (Histamine & Non- Histamine Forming), Shrimps (Sea caught & Aquaculture) & Cephalopods, (Bivalve & Gastropods for Non-EU Countries only)",23/04/2026,approved,true,documentation_verified,"EIC FFP approved unit #737. Scope: Freezing of Raw Fish & Fishery Products, Fishes (Histamine & Non- Histamine Forming), Shrimps (Sea caught & Aquaculture) & Cephalopods, (Bivalve & Gas.... Expiry: 23/04/2026."
738,ASWIN ASSOCIATES (EIC #738),ASWIN ASSOCIATES,India,Kerala,KERALA,"XIII/831,VIAKS ROAD, KARUVELIPADY, COCHIN- 682 005, KERALA, INDIA",KERALA,9.93988,76.26022,4,"Kochi, Ernākulam, India",Cephalopods|Shrimp,"Freezing of Raw Fish & Fishery Products (Block/Blast/IQF), Freezing of Blanched/Cooked Fish & Fishery Products (IQF)- Fishes (Histamine & Non Histamine forming)- Shrimps (Aquaculture/Sea Caught)  &  Cephalopods.",12/03/2028,approved,true,documentation_verified,"EIC FFP approved unit #738. Scope: Freezing of Raw Fish & Fishery Products (Block/Blast/IQF), Freezing of Blanched/Cooked Fish & Fishery Products (IQF)- Fishes (Histamine & Non Histamin.... Expiry: 12/03/2028."
741,CHERUKATTU INDUSTRIES (MARINE DIVISION) (EIC #741),CHERUKATTU INDUSTRIES (MARINE DIVISION),India,Kerala,AROOR,"AP IV/470-B, AROOR-688534, ALAPPUZHA DIST., KERALA, INDIA",KERALA,10.41667,76.5,1,"Kerala, India",Cephalopods|Shrimp,"Freezing of Raw Fish and Fishery Products, Fishes (Histamine & Non-Histamine Forming), Shrimps (Sea Caught & Aquaculture) and Cephalopods.",19/03/2026,approved,true,documentation_verified,"EIC FFP approved unit #741. Scope: Freezing of Raw Fish and Fishery Products, Fishes (Histamine & Non-Histamine Forming), Shrimps (Sea Caught & Aquaculture) and Cephalopods.. Expiry: 19/03/2026."
742,HIC-ABF Special Foods Pvt Ltd (EIC #742),HIC-ABF Special Foods Pvt Ltd,India,Kerala,Industrial Development Area Project Colony Road Aroor  Alappuzha Dist,"Industrial Development Area Project Colony Road Aroor -688534 Alappuzha Dist.,Kerala",Industrial Development Area Project Colony Road Aroor -688534 Alappuzha Dist.,10.41667,76.5,1,"Kerala, India",Cephalopods|Shrimp|Squid,"Freezing of Raw Fish & Fishery products (Block/IF) (Individually Freezing of Cooked Shrimps), Accelerated Freeze-Drying of Shrimps, Canning/ Retort Pouch Fish & Fishery Products, Packing of Shrimps & Fish Pickles (Sea Caught Fish & Shrimps, Aquaculture Shrimps) Frozen ready to Fry Coated Fishery Products (Cutlets, Nuggets, Croquettes, Fish Kappa Balls, Patties), Frozen Ready to Fry Stuffed Fishery products (Samosa, Spring Rolls), Preparation and Packing of Air Dried Prawns and Fried Masala Prawns, Freezing of Raw Cephalopods (Block/IF); and Processing and Packing of Squid Pickles. Freezing of Raw Cephalopods (Block/IF); and
- Processing and Packing of Squid Pickles;",03/03/2026,approved,true,documentation_verified,"EIC FFP approved unit #742. Scope: Freezing of Raw Fish & Fishery products (Block/IF) (Individually Freezing of Cooked Shrimps), Accelerated Freeze-Drying of Shrimps, Canning/ Retort Po.... Expiry: 03/03/2026."
751,Freeze Engineering Industries Private Ltd (EIC #751),Freeze Engineering Industries Private Ltd,India,Kerala,State,"XVI/1109, Cochin Fisheries Harbour, Thoppumpady, Cochin â?? 682 005, Kerala State, India.",Kerala State,22.0,79.0,1,India,Cephalopods|Crab|Shrimp,Packing of Fresh/Chilled Fish & Fishery Products & Freezing of Raw Fishery Products (Block/Blast/Individually Frozen) Shrimps (Both Sea Caught & Aquaculture) Cephalopods/Histamine & Non- Histamine forming Fishes & Crabs,13/09/2027,approved,true,documentation_verified,EIC FFP approved unit #751. Scope: Packing of Fresh/Chilled Fish & Fishery Products & Freezing of Raw Fishery Products (Block/Blast/Individually Frozen) Shrimps (Both Sea Caught & Aquac.... Expiry: 13/09/2027.
755,PREMIER MARINE ENTERPRISES (EIC #755),PREMIER MARINE ENTERPRISES,India,Kerala,Eramalloor,"EP IX/315, Eramalloor-688537, Alappuzha, Kerala, India",Kerala,9.7556,76.3278,7,"688537, Kerala, India",Cephalopods|Shrimp,"Freezing of Raw Fish & Fishery Products (Block/Blast/IF), -Fishes (Histamine & Non- Histamine forming),Shrimps (Aquaculture/Sea caught) & Cephalopods",30/03/2026,approved,true,documentation_verified,"EIC FFP approved unit #755. Scope: Freezing of Raw Fish & Fishery Products (Block/Blast/IF), -Fishes (Histamine & Non- Histamine forming),Shrimps (Aquaculture/Sea caught) & Cephalopods. Expiry: 30/03/2026."
757,KARAVALI OCEAN PRODUCTS PVT. LTD. (EIC #757),KARAVALI OCEAN PRODUCTS PVT. LTD.,India,Karnataka,Kota Udupi District,"Manur Fisheries Road, Manur Village, Kota Udupi District, Karnataka-576221",Kota Udupi District,13.5,74.87,1,"Udupi, India",Cephalopods|Shrimp,"Packing of Fresh/ Chilled Fish & Fishery Products and Freezing of Raw Fish & Fishery Products (Block/IF) -Fishes (Histamine & Non- Histamine forming), Shrimps (Aquaculture/Sea Caught/Wild Caught) & Cephalopods",15/08/2027,approved,true,documentation_verified,"EIC FFP approved unit #757. Scope: Packing of Fresh/ Chilled Fish & Fishery Products and Freezing of Raw Fish & Fishery Products (Block/IF) -Fishes (Histamine & Non- Histamine forming),.... Expiry: 15/08/2027."
759,PARAYIL FOOD PRODUCTS PVT LTD (EIC #759),PARAYIL FOOD PRODUCTS PVT LTD,India,Kerala,Aroor,"Building No.778,Development Area,Aroor-688534,Kerala",Aroor-688534,9.7556,76.3278,7,"688534, Kerala, India",Shrimp,"PACKING OF FRESH CHILLED  FISH & FISHERY  PRODUCTS  AND FREEZING OF RAW/MARINATED FISH & FISHERY PRODUCTS; PREPARATION OF FISH/SHRIMP PICKLES;PREPARATION OF DRIED FISH/SHRIMPS; FROZEN SHRIMPS/FISH CURRY/BIRIYANI; DRY  SHRIMP/FISH CHUTNEY WITH OR WITHOUT CHILLY/ONION/COCONUT/TAMARIND ;FROZEN FRIED SHRIMP /FISH;  FROZEN FISH/SHRIMP  CUTLET ;FROZEN TAPIOCA WITH FISH CURRY(READY TO EAT);FROZEN SHRIMP COCKTAIL SAMOSA (READY TO FRY/READY TO EAT);FROZEN SHRIMP/FISH ROTTI WRAP(READY TO EAT);FROZEN  SHRIMP/FISH WRAP (READY TO EAT);FROZEN SHRIMP MOMOS Ã¢?? PREPARATION OF FROZEN FRIED FISH BALL,FROZEN FISH ROAST AND FROZEN CHILLY FISH.SHRIMPS BOTH AQUACULTURE AND SEA CAUGHT /WILD CAUGHT ,CEPHALOPDES, FISHES (HISTAMINEFORMING AND NON- HISTAMINE FORMINGFISHES)- SEA CAUGHT /WILD CAUGHT)",06/03/2028,approved,true,documentation_verified,EIC FFP approved unit #759. Scope: PACKING OF FRESH CHILLED  FISH & FISHERY  PRODUCTS  AND FREEZING OF RAW/MARINATED FISH & FISHERY PRODUCTS; PREPARATION OF FISH/SHRIMP PICKLES;PREPARAT.... Expiry: 06/03/2028.
766,PREMIER MARINE FOODSUNIT II (EIC #766),PREMIER MARINE FOODSUNIT II,India,Andhra Pradesh,Ward IXChandiroor,"DOOR NO.314,315&316,Suvery No.74/3D,Ward IXChandiroor,Alappuzha688547",Ward IXChandiroor,9.41667,76.5,1,"Alappuzha, India",Cephalopods|Shrimp,"Packing of Fresh/chilled Fish & Freezing of Raw Fish &Fishery  Products -Fishes (Histamine forming & Non- Histamine forming), Shrimps (Sea caught & aquaculture) and Cephalopods.",10/05/2027,approved,true,documentation_verified,"EIC FFP approved unit #766. Scope: Packing of Fresh/chilled Fish & Freezing of Raw Fish &Fishery  Products -Fishes (Histamine forming & Non- Histamine forming), Shrimps (Sea caught & aq.... Expiry: 10/05/2027."
767,MOON FISHERY INDIA PVT LTD (EIC #767),MOON FISHERY INDIA PVT LTD,India,Kerala,Alappuzha Dist,"Chemical Industrial Estate,Aroor-688534, Alappuzha Dist., Kerala",Alappuzha Dist.,10.41667,76.5,1,"Kerala, India",Cephalopods|Shrimp,"Packing of fresh/chilled fish & fishery products, Freezing of raw fish & Fishery products (Block & Blast-IF), Fishes( Histamine & Non-Histamine Forming) Shrimps (Sea-Caught) & Cephalopods",28/05/2027,approved,true,documentation_verified,"EIC FFP approved unit #767. Scope: Packing of fresh/chilled fish & fishery products, Freezing of raw fish & Fishery products (Block & Blast-IF), Fishes( Histamine & Non-Histamine Formin.... Expiry: 28/05/2027."
768,TOLAR OCEAN PRODUCTS PVT. LTD. (EIC #768),TOLAR OCEAN PRODUCTS PVT. LTD.,India,Karnataka,Kota,"Manur Fisheries Road, Kota-576221 Udupi Taluk & District, Karnataka, India",Karnataka,13.378,74.799,1,"Udupi Taluk, Karnātaka, India",Cephalopods|Shrimp,"Packing of Fresh/Chilled Fish & Fishery Products and Freezing of Raw Fish & Fishery Products (Block/IF) -Fishes (Histamine & Non- Histamine forming), Shrimps (Aquaculture/Sea caught/Wild caught) & Cephalopods",19/08/2027,approved,true,documentation_verified,"EIC FFP approved unit #768. Scope: Packing of Fresh/Chilled Fish & Fishery Products and Freezing of Raw Fish & Fishery Products (Block/IF) -Fishes (Histamine & Non- Histamine forming), .... Expiry: 19/08/2027."
770,H.T Foods Pvt Ltd (EIC #770),H.T Foods Pvt Ltd,India,Karnataka,Kakkanad,"Plot No.17/SDF, Ground Floor, Unit 3&4 , CSEZ, Kakkanad, Kochi-682037",Kakkanad,9.93988,76.26022,4,"Kochi, Ernākulam, India",Cephalopods|Crab|Lobster|Shrimp,"Processing of Raw/ Flash Fried Coated (Battered, Breaded) Frozen Fish and Fishery Products with Ingredients (IQF) - Shrimps (Sea Caught/ Wild Caught/ Aquaculture)/ Fishes (Histamine and Non-Histamine Forming), Cephalopods, Lobsters and Crabs.",30/01/2028,approved,true,documentation_verified,"EIC FFP approved unit #770. Scope: Processing of Raw/ Flash Fried Coated (Battered, Breaded) Frozen Fish and Fishery Products with Ingredients (IQF) - Shrimps (Sea Caught/ Wild Caught/ .... Expiry: 30/01/2028."
771,ROYAL OCEANS (EIC #771),ROYAL OCEANS,India,Kerala,ALAPPUZHA DISTRICT,"AP XII/528, OLD NH, CHANDIROOR P O,ALAPPUZHA DISTRICT-688547KERALA, INDIA",ALAPPUZHA DISTRICT-688547KERALA,9.41667,76.5,1,"Alappuzha, India",Cephalopods|Shrimp,"Packing of Fresh/Chilled  Fish & Fishery Products, Freezing of Cooked Shrimp (IQF),  Freezing of Raw /Blanched Fish & Fishery Products(Block, IF & IQF) Shrimps(Sea Caught/Aquaculture) Fishes( Histamine & Non â??Histamine Forming) and Cephalopods",30/12/2027,approved,true,documentation_verified,"EIC FFP approved unit #771. Scope: Packing of Fresh/Chilled  Fish & Fishery Products, Freezing of Cooked Shrimp (IQF),  Freezing of Raw /Blanched Fish & Fishery Products(Block, IF & IQF.... Expiry: 30/12/2027."
773,Bangera Overseas Private Limited (EIC #773),Bangera Overseas Private Limited,India,Karnataka,Taluk,"Koravadi cross-Kumbhashi Village, Kundapur,Taluk-576257,Udupi District, Karnataka,India",Karnataka,14.9557,75.5303,7,"576257, Karnātaka, India",Cephalopods|Shrimp,"Packing of fresh/chilled F&FP 
Freezing of raw F&FP (Block / IF)
Fishes(Histamine & non-histamine forming), Shrimps(sea-caught & aquaculture) & cephalopods",30/03/2028,approved,true,documentation_verified,"EIC FFP approved unit #773. Scope: Packing of fresh/chilled F&FP 
Freezing of raw F&FP (Block / IF)
Fishes(Histamine & non-histamine forming), Shrimps(sea-caught & aquaculture) & cephal.... Expiry: 30/03/2028."
777,Insaf Traders And Exports (EIC #777),Insaf Traders And Exports,India,Kerala,Beypore P.O.Calicut,"4/15, Pulimut Road,Near H.E.D.Office,Beypore P.O.Calicut,Kerala-673015",Beypore P.O.Calicut,10.41667,76.5,1,"Kerala, India",Cephalopods|Shrimp,"Packing of Fresh/Chilled Fish & Fishery Products,Fishes (Histamine and Non-Histamine Forming), Shrimps(Sea caught only)  & Cephalopods",18/01/2029,approved,true,documentation_verified,"EIC FFP approved unit #777. Scope: Packing of Fresh/Chilled Fish & Fishery Products,Fishes (Histamine and Non-Histamine Forming), Shrimps(Sea caught only)  & Cephalopods. Expiry: 18/01/2029."
778,INDIAN MARINE INDUSTRIES (EIC #778),INDIAN MARINE INDUSTRIES,India,Kerala,KOCHI,"20/550B, NAMBIAPURAM ROAD PALLURUTHY,KOCHI 682006,KERALA",KOCHI 682006,9.9399,76.2602,7,"682006, Kerala, India",Cephalopods|Shrimp,"PACKING OF FRESH/CHILLED FISH&FISHERY PRODUCTS&FREEZING OF RAW FISH&FISHERYPRODUCTS, FISHES(HISTAMINE&NONHISTAMINE FORMING),SHRIMPS(SEA CAUGHTONLY)&CEPHALOPODS",18/03/2026,approved,true,documentation_verified,"EIC FFP approved unit #778. Scope: PACKING OF FRESH/CHILLED FISH&FISHERY PRODUCTS&FREEZING OF RAW FISH&FISHERYPRODUCTS, FISHES(HISTAMINE&NONHISTAMINE FORMING),SHRIMPS(SEA CAUGHTONLY)&CE.... Expiry: 18/03/2026."
779,Everest Seafoods Pvt Ltd (EIC #779),Everest Seafoods Pvt Ltd,India,Karnataka,Mangalore,"Plot No-414 & 413 Part(S.No. 16 Portion) Industrial Area, Baikampady, Mangalore-575011, Karnataka, India",Karnataka,16.1388,80.124,7,"575011, Karnātaka, India",Cephalopods|Shrimp,"Packing of Fresh/Chilled F&FP,
Freezing of raw F&FP (Block & IF) 
Fishes (Histamine & Non Histamine forming),  Cephalopods and Shrimps (Sea caught & Aquaculture)",08/10/2027,approved,true,documentation_verified,"EIC FFP approved unit #779. Scope: Packing of Fresh/Chilled F&FP,
Freezing of raw F&FP (Block & IF) 
Fishes (Histamine & Non Histamine forming),  Cephalopods and Shrimps (Sea caught & A.... Expiry: 08/10/2027."
781,SAFERA FOOD INTERNATIONAL (EIC #781),SAFERA FOOD INTERNATIONAL,India,Kerala,Kochi,"IX/477, Kannamaly P.O.,Kochi-682008, Kerala",Kochi-682008,9.9399,76.2602,7,"682008, Kerala, India",Cephalopods|Shrimp,"Freezing of Raw/Blanched/Cooked Fish & Fishery products (Block/IF/IQF) Shrimps (Both Seacaught & Aquaculture), Cephalopods, Histamine & Non-Histamine Forming Fishes",07/07/2027,approved,true,documentation_verified,"EIC FFP approved unit #781. Scope: Freezing of Raw/Blanched/Cooked Fish & Fishery products (Block/IF/IQF) Shrimps (Both Seacaught & Aquaculture), Cephalopods, Histamine & Non-Histamine .... Expiry: 07/07/2027."
783,San Marine Exports (EIC #783),San Marine Exports,India,Kerala,Kollam,"Govt Boat Yard Road, Sakthikulangara P.O., Kollam-691581, Kerala.",Kollam-691581,8.9917,76.525,7,"691581, Kerala, India",Cephalopods|Shrimp,"Packing of Fresh/Chilled Fish & Fishery Products and Freezing of Raw Fish & Fishery Products (Individually Frozen & Block Frozen), Fishes (Histamine & Non-Histamine Forming), Shrimps (Sea Caught/Wild Caught & Aquaculture) & Cephalopods",07/01/2028,approved,true,documentation_verified,"EIC FFP approved unit #783. Scope: Packing of Fresh/Chilled Fish & Fishery Products and Freezing of Raw Fish & Fishery Products (Individually Frozen & Block Frozen), Fishes (Histamine &.... Expiry: 07/01/2028."
786,Ocean Wealth Exports (EIC #786),Ocean Wealth Exports,India,Andhra Pradesh,Alappuzha,"EP 9/92,93,Kakkathuruthu Road,Eramalloor P.O,Alappuzha- 688537,India",Alappuzha- 688537,9.7556,76.3278,7,"688537, Kerala, India",Cephalopods|Shrimp,"Packing of Fresh/Chilled Fish & Fishery Products, Freezing of Raw /Blanched Fish & Fishery Products (Block&Blast IF/IQF)- Fishes (Histamine & Non Histamine forming) Shrimps ( Seacaught / Aquaculture) and Cephalopods",21/07/2027,approved,true,documentation_verified,"EIC FFP approved unit #786. Scope: Packing of Fresh/Chilled Fish & Fishery Products, Freezing of Raw /Blanched Fish & Fishery Products (Block&Blast IF/IQF)- Fishes (Histamine & Non Hist.... Expiry: 21/07/2027."
797,Goan Fresh Marine Exports Pvt Ltd (EIC #797),Goan Fresh Marine Exports Pvt Ltd,India,Karnataka,Udupi District,"Manoor,Padukere-Kota,Udupi District- 576221,Karnataka",Udupi District- 576221,14.0394,80.0486,7,"576221, Karnātaka, India",Cephalopods|Shrimp,"Freezing of Raw Fish & Fishery Products, (Fishes Histamine & Non-Histamine forming Fishes, Cephalopods, & Shrimps- ( Aquaculture & Sea Caught/Wild Caught)",23/06/2028,approved,true,documentation_verified,"EIC FFP approved unit #797. Scope: Freezing of Raw Fish & Fishery Products, (Fishes Histamine & Non-Histamine forming Fishes, Cephalopods, & Shrimps- ( Aquaculture & Sea Caught/Wild Cau.... Expiry: 23/06/2028."
799,Avla Nettos Exports (EIC #799),Avla Nettos Exports,India,Kerala,Pin,"Sakthikulangara, Kollam District, Pin-691581, Kerala",Pin-691581,8.929425,76.5487542,7,"Kollam, Sakthikulangara - 691581, Kerala, India",Cephalopods|Shrimp,"Packing of Fresh Fish & Fishery Products, Freezing of Raw Fish & Fishery Products - Fishes (Histamines & Non histamine forming), Crustaceans ( Sea caught Shrimps & Aquaculture), Cephalopods, Bivalves Molluscs  & Gastropods",19/11/2027,approved,true,documentation_verified,"EIC FFP approved unit #799. Scope: Packing of Fresh Fish & Fishery Products, Freezing of Raw Fish & Fishery Products - Fishes (Histamines & Non histamine forming), Crustaceans ( Sea cau.... Expiry: 19/11/2027."
806,SRIKANTH INTERNATIONAL PRIVATE  LIMITED (EIC #806),SRIKANTH INTERNATIONAL PRIVATE  LIMITED,India,Andhra Pradesh,Andhra Pradesh,"D.NO: 3-143, Someswaram Village, Alapadu Post, Kaikaluru Mandal, Krishna District, Andhra Pradesh-521340, India",Andhra Pradesh-521340,17.83333,79.08333,9,"Telangana, India",Shrimp,"Packing of Fresh/Chilled Fish & Fishery Products, Freezing of Raw Fish & Fishery Products (IQF/Block) & Freezing of Blanched Fish & Fishery Products (IQF) -Shrimps (Aquaculture)",22/07/2027,approved,true,documentation_verified,"EIC FFP approved unit #806. Scope: Packing of Fresh/Chilled Fish & Fishery Products, Freezing of Raw Fish & Fishery Products (IQF/Block) & Freezing of Blanched Fish & Fishery Products (.... Expiry: 22/07/2027."
808,BRITTO SEAFOODS EXPORTS PRIVATE LIMITED (EIC #808),BRITTO SEAFOODS EXPORTS PRIVATE LIMITED,India,Tamil Nadu,Tuticorin,"C-1, Part, SIPCOT Industrial Complex, Madathoor Post,Tuticorin -628008,           Tamil Nadu.",Tuticorin -628008,8.7674,78.1342,7,"628008, Tamil Nādu, India",Crab,Packing of Ready to Eat Fishery Products in Hermetically Sealed Pouches/Cans and Processing of Canned Pasteurised Chilled Crab Meats.,15/06/2027,approved,true,documentation_verified,EIC FFP approved unit #808. Scope: Packing of Ready to Eat Fishery Products in Hermetically Sealed Pouches/Cans and Processing of Canned Pasteurised Chilled Crab Meats.. Expiry: 15/06/2027.
809,Avanti Frozen Foods Private Limited (EIC #809),Avanti Frozen Foods Private Limited,India,Andhra Pradesh,East Godavari District,"Gopalapuram-533274, Ravulapalem Mandal,East Godavari District,Andhra Pradesh",East Godavari District,17.83333,81.83333,9,"East Godāvari, India",Fish,Freezing of Raw fish and Fishery products(IQF/Block),20/05/2027,approved,true,documentation_verified,EIC FFP approved unit #809. Scope: Freezing of Raw fish and Fishery products(IQF/Block). Expiry: 20/05/2027.
810,DEVI SEAFOODS LIMITED (EIC #810),DEVI SEAFOODS LIMITED,India,Andhra Pradesh,PRAKASAM DISTRICT,"3-79/2, MOOLAGUNTAPADU, G.T.ROAD,
SINGARAYAKONDA-523 101,
PRAKASAM DISTRICT, ANDHRA PRADESH",PRAKASAM DISTRICT,15.23094,80.02802,9,"Singarāyakonda, Prakasam district, India",Shrimp,"Freezing of Raw Fish & Fishery Products (IQF & Block Frozen), Freezing of Cooked & Blanched Fish & Fishery Products (IQF only)(Aquaculture and sea caught shrimps)",30/03/2028,approved,true,documentation_verified,"EIC FFP approved unit #810. Scope: Freezing of Raw Fish & Fishery Products (IQF & Block Frozen), Freezing of Cooked & Blanched Fish & Fishery Products (IQF only)(Aquaculture and sea cau.... Expiry: 30/03/2028."
812,PHILLIPS FOODS INDIA PVT LTD (EIC #812),PHILLIPS FOODS INDIA PVT LTD,India,Tamil Nadu,Madathoor P.O,"C-75/76,Sipcot Industrial Complex,Madathoor P.O.,Tuticorin-628 008 Tamil Nadu",Madathoor P.O.,8.76735,78.13425,9,"Thoothukudi, Thoothukkudi, India",Crab,"Processing & Packing of Blanched, Pasteurized, Frozen crab products & Freezing of Raw Fish & Fishery Products",31/05/2027,approved,true,documentation_verified,"EIC FFP approved unit #812. Scope: Processing & Packing of Blanched, Pasteurized, Frozen crab products & Freezing of Raw Fish & Fishery Products. Expiry: 31/05/2027."
816,NILA SEA FOODS EXPORTS (EIC #816),NILA SEA FOODS EXPORTS,India,Tamil Nadu,THANJAVUR,"646,NAINANKULAM, PANNAVAYAL, PATTUKOTTAI, THANJAVUR, TN- 614 602.",THANJAVUR,10.97,78.65,9,"Tiruchchirāppalli, India",Fish,PACKING OF FRESH/CHILLED FISH & FREEZING OF RAW FISH & FISHERY PRODUCTS (BLOCK/IF/IQF),22/04/2026,approved,true,documentation_verified,EIC FFP approved unit #816. Scope: PACKING OF FRESH/CHILLED FISH & FREEZING OF RAW FISH & FISHERY PRODUCTS (BLOCK/IF/IQF). Expiry: 22/04/2026.
820,MARIA AQUACON PVT. LTD. (EIC #820),MARIA AQUACON PVT. LTD.,India,Tamil Nadu,Kootapuli,"#1 Maria Tower, Main Road, Kootapuli-627127, Tamil Nadu",Kootapuli-627127,8.1485,77.5926,7,"627127, Tamil Nādu, India",Cephalopods|Shrimp,"Packing of Fresh/Chilled Fish & Fishery Products, Freezing of Raw  Fish & Fishery Products (Sea Caught/ Wild Caught/Aquaculture (Fishes/ Shrimps)/Cephalopods, Processing of Surmi (Fish Paste) Packing of Fresh/Chilled & Freezing of Depurated Univalves & Bivalves  (Molluscs/Gastropods)  for export to Non-EU countries only.",07/01/2028,approved,true,documentation_verified,"EIC FFP approved unit #820. Scope: Packing of Fresh/Chilled Fish & Fishery Products, Freezing of Raw  Fish & Fishery Products (Sea Caught/ Wild Caught/Aquaculture (Fishes/ Shrimps)/Ceph.... Expiry: 07/01/2028."
823,STAR AGRO MARINE EXPORTS PVT.LTD. (EIC #823),STAR AGRO MARINE EXPORTS PVT.LTD.,India,Andhra Pradesh,Indukurpet Mandal,"S.NO. 760-1 & 761 , Devispet, Indukurpet Mandal,Nellore  - 524314  Andhra Pradesh",Indukurpet Mandal,17.83333,79.08333,9,"Telangana, India",Shrimp,"Freezing of Raw Fish & Fishery Products (IQF & Block), Freezing of Blanched & Cooked Fish &Fishery products(IQF) (Aquaculture & Sea Caught Shrimps)",01/04/2028,approved,true,documentation_verified,"EIC FFP approved unit #823. Scope: Freezing of Raw Fish & Fishery Products (IQF & Block), Freezing of Blanched & Cooked Fish &Fishery products(IQF) (Aquaculture & Sea Caught Shrimps). Expiry: 01/04/2028."
826,BABY MARINE (EASTERN) EXPORTS (EIC #826),BABY MARINE (EASTERN) EXPORTS,India,Tamil Nadu,RAMANATHAPURAM DISTRICT,"FISH MEAL PLANT ROAD, MANDAPAM, 
RAMANATHAPURAM DISTRICT - 623518, TAMIL NADU",RAMANATHAPURAM DISTRICT - 623518,9.2757,79.1236,7,"623518, Tamil Nādu, India",Fish,Freezing of Raw Fish & Fishery Products (Individually Frozen and Block),02/11/2027,approved,true,documentation_verified,EIC FFP approved unit #826. Scope: Freezing of Raw Fish & Fishery Products (Individually Frozen and Block). Expiry: 02/11/2027.
827,GLADSON EXPORTERS (EIC #827),GLADSON EXPORTERS,India,Tamil Nadu,Kanyakumari District,"5/99 James Nagar, Muttom-629202, Kanyakumari District, Tamil Nadu",Kanyakumari District,8.32,77.34,9,"Kanniyakumari, India",Cephalopods|Crab|Shrimp,"Packing of Fresh/Chilled Fish & Fishery Products - Fishes (Histamine & Non- Histamine forming), Crustaceans - Shrimps (Sea caught), Crabs (Sea caught) & Cephalopods",01/08/2027,approved,true,documentation_verified,"EIC FFP approved unit #827. Scope: Packing of Fresh/Chilled Fish & Fishery Products - Fishes (Histamine & Non- Histamine forming), Crustaceans - Shrimps (Sea caught), Crabs (Sea caught).... Expiry: 01/08/2027."
833,NINANS PRIVATE  LIMITED (EIC #833),NINANS PRIVATE  LIMITED,India,Tamil Nadu,Tuticorin,"C-76B, SIPCOT Industrial Complex,Madathur, Tuticorin-628008,Tamil Nadu",Tuticorin-628008,8.7674,78.1342,7,"628008, Tamil Nādu, India",Fish,Packing of Fresh/Chilled Fish & Fishery Products and Freezing of Raw  Fish & Fishery Products,05/03/2028,approved,true,documentation_verified,EIC FFP approved unit #833. Scope: Packing of Fresh/Chilled Fish & Fishery Products and Freezing of Raw  Fish & Fishery Products. Expiry: 05/03/2028.
834,JUDE FOODS INDIA PRIVATE LIMITED (EIC #834),JUDE FOODS INDIA PRIVATE LIMITED,India,Tamil Nadu,KANYAKUMARI DISTRICT,"230/1, NORTH THAMARAIKULAM, AGASTHEESWARAM , KANYAKUMARI DISTRICT , TAMIL NADU-629704.",KANYAKUMARI DISTRICT,11.2688,77.9471,7,"629704, Tamil Nādu, India",Fish,Packing of Fresh/Chilled Fish & Fishery products and Freezing of Raw Fish & Fishery products,14/02/2026,approved,true,documentation_verified,EIC FFP approved unit #834. Scope: Packing of Fresh/Chilled Fish & Fishery products and Freezing of Raw Fish & Fishery products. Expiry: 14/02/2026.
839,KADER EXPORTS PRIVATE LIMITED UNIT 05 (EIC #839),KADER EXPORTS PRIVATE LIMITED UNIT 05,India,Tamil Nadu,RAMNAD DISTRICT,"TNFDC FREEZING COMPLEX, MANDAPAM - 623518, RAMNAD DISTRICT, TAMIL NADU",RAMNAD DISTRICT,9.2757,79.1236,7,"623518, Tamil Nādu, India",Fish,FREEZING OF RAW FISH & FISHERY PRODUCTS (IF & BLOCK),13/10/2027,approved,true,documentation_verified,EIC FFP approved unit #839. Scope: FREEZING OF RAW FISH & FISHERY PRODUCTS (IF & BLOCK). Expiry: 13/10/2027.
840,ST.PETER & PAUL SEAFOOD EXPORTS PVT.LTD (EIC #840),ST.PETER & PAUL SEAFOOD EXPORTS PVT.LTD,India,Tamil Nadu,THIRUVALLUR DISTRICT,"ALLED CENTRE, NO.90, KANIGAIPAIR VILLAGE, UTHUKOTTAI TALUK, THIRUVALLUR DISTRICT, TAMIL NADU-601102",THIRUVALLUR DISTRICT,13.14376,79.90889,7,"Tiruvallur, Thiruvallur, India",Fish,PACKING OF FRESH/CHILLED FISHERY PRODUCTS AND FREEZING OF RAW FISH & FISHERY PRODUCTS,04/06/2027,approved,true,documentation_verified,EIC FFP approved unit #840. Scope: PACKING OF FRESH/CHILLED FISHERY PRODUCTS AND FREEZING OF RAW FISH & FISHERY PRODUCTS. Expiry: 04/06/2027.
842,SANDHYA MARINES LIMITED UNIT-II (EIC #842),SANDHYA MARINES LIMITED UNIT-II,India,Andhra Pradesh,West Godavari District,"Door No. 4-300, Poolapalli Village, Palakole Mandal, West Godavari District - 534261, Andhra Pradesh, India",Andhra Pradesh,17.0,81.16667,1,"West Godāvari, India",Fish,Freezing of Raw Fish & Fishery Products (IQF),19/06/2027,approved,true,documentation_verified,EIC FFP approved unit #842. Scope: Freezing of Raw Fish & Fishery Products (IQF). Expiry: 19/06/2027.
844,"BRITTO SEAFOODS EXPORTS PRIVATE LIMITED, UNIT-II (EIC #844)","BRITTO SEAFOODS EXPORTS PRIVATE LIMITED, UNIT-II",India,Tamil Nadu,Tuticorin District,"C-1, Part Sipcot Industrial Complex, Madathur Post,Tuticorin District,Tamil Nadu-628008.",Tuticorin District,8.78333,78.13333,9,"Tuticorin District, Tamil Nādu, India",Cephalopods,"Packing of Fresh/Chillled Fish & Fishery Products(Sea Caught/Wild Caught/ Aquaculture),Freezing of Raw/Blanched/Cooked Fish & Fishery Products(Crustaceans, Cephalopods,Fishes & Molluscs (Univalves & Bivalves)",21/07/2028,approved,true,documentation_verified,"EIC FFP approved unit #844. Scope: Packing of Fresh/Chillled Fish & Fishery Products(Sea Caught/Wild Caught/ Aquaculture),Freezing of Raw/Blanched/Cooked Fish & Fishery Products(Crustac.... Expiry: 21/07/2028."
854,KINGS INTERNATIONAL LIMITED (EIC #854),KINGS INTERNATIONAL LIMITED,India,Odisha,Tuticorin,"Unit No. B7, B8 (A) & B10, Tuticorin Co - Operative Industrial Estate Ltd., Korampallam, Tuticorin - 628101, Tamilnadu",Tuticorin - 628101,8.76735,78.13425,9,"Thoothukudi, Thoothukkudi, India",Fish,Packing of Fresh/Chilled Fish & Fishery Products & Freezing of Raw Fish & Fishery Products (Block & IF),31/07/2027,approved,true,documentation_verified,EIC FFP approved unit #854. Scope: Packing of Fresh/Chilled Fish & Fishery Products & Freezing of Raw Fish & Fishery Products (Block & IF). Expiry: 31/07/2027.
857,DEVI FISHERIES LIMITED (EIC #857),DEVI FISHERIES LIMITED,India,Andhra Pradesh,KAKINADA,"3-510,SARPAVARAM, KAKINADA-533005,Andhra Pradesh,India.",Andhra Pradesh,17.0018867,82.2248384,7,"Kakinada, Sarpavaram - 533003, Andhra Pradesh, India",Shrimp,Freezing of Raw Fish &Fishery Products (Block/IQF/Semi IQF)Sea Caught and Aquaculture Shrimps only,16/02/2026,approved,true,documentation_verified,EIC FFP approved unit #857. Scope: Freezing of Raw Fish &Fishery Products (Block/IQF/Semi IQF)Sea Caught and Aquaculture Shrimps only. Expiry: 16/02/2026.
862,VV MARINE PRODUCTS (EIC #862),VV MARINE PRODUCTS,India,Karnataka,Tuticorin District,"1/69,Agaram Village, Palayakayal Post, Srivaikundam Taluk, Tuticorin District-628152,Tamilnadu",Tuticorin District-628152,8.76735,78.13425,9,"Thoothukudi, Thoothukkudi, India",Fish,"Freezing of Raw Fish & Fishery Products, Processing of Breaded & Battered Fish & Fishery Products(Aquaculture, Wild Caught/ Sea caught) (IQF & Block)",25/05/2027,approved,true,documentation_verified,"EIC FFP approved unit #862. Scope: Freezing of Raw Fish & Fishery Products, Processing of Breaded & Battered Fish & Fishery Products(Aquaculture, Wild Caught/ Sea caught) (IQF & Block). Expiry: 25/05/2027."
865,LUKE EXPORT (EIC #865),LUKE EXPORT,India,Karnataka,Kanyakumari District,"Padanthalumoodu, Kanyakumari District, Tamilnadu-629194",Kanyakumari District,8.32,77.34,9,"Kanniyakumari, India",Cephalopods|Crab|Shrimp,"Packing of Fresh/Chilled Fish & Fishery Products, Freezing of Raw Fish & Fishery Products (Block/IQF/IF) -Fishes (Histamine & Non- Histamine forming), Shrimps (Aquaculture/Sea caught/Wild caught), Crabs (Sea caught), Molluscs & Cephalopods",09/09/2027,approved,true,documentation_verified,"EIC FFP approved unit #865. Scope: Packing of Fresh/Chilled Fish & Fishery Products, Freezing of Raw Fish & Fishery Products (Block/IQF/IF) -Fishes (Histamine & Non- Histamine forming),.... Expiry: 09/09/2027."
869,Sprint Exports Pvt Ltd (EIC #869),Sprint Exports Pvt Ltd,India,Andhra Pradesh,Vellanki village Boddapalem post Anandpuram mandal,"Vellanki village Boddapalem post Anandpuram mandal, Visakhapatnam -531163",Vellanki village Boddapalem post Anandpuram mandal,17.8902,83.452,7,"531163, Andhra Pradesh, India",Shrimp,Freezing of Raw Fish &Fishery Products (IQF/Block) and freezing of cooked & raw marinated fish & fishery product (IQF)shrimps only (sea caught & aqua culture).,29/11/2027,approved,true,documentation_verified,EIC FFP approved unit #869. Scope: Freezing of Raw Fish &Fishery Products (IQF/Block) and freezing of cooked & raw marinated fish & fishery product (IQF)shrimps only (sea caught & aqua .... Expiry: 29/11/2027.
871,AQUA WORLD EXPORTS (PVT.) LTD. (EIC #871),AQUA WORLD EXPORTS (PVT.) LTD.,India,Tamil Nadu,Kanyakumari District,"Meenanchel, Padanthalumoodu, Kaliakkavilai, Kanyakumari District, Tamil Nadu-629153.",Kanyakumari District,8.367,77.2433,7,"629153, Tamil Nādu, India",Fish,Packing of Fresh/ Chilled Fish and Fishery Products and Packing of Fresh/ Chilled Depurated Univalve and Bivalves (Mollusca & Gastropods) for Non EU Countries only,10/01/2028,approved,true,documentation_verified,EIC FFP approved unit #871. Scope: Packing of Fresh/ Chilled Fish and Fishery Products and Packing of Fresh/ Chilled Depurated Univalve and Bivalves (Mollusca & Gastropods) for Non EU C.... Expiry: 10/01/2028.
872,ANANDA ENTERPRISES (INDIA) PVT .LTD (EIC #872),ANANDA ENTERPRISES (INDIA) PVT .LTD,India,Andhra Pradesh,INDIA,"R.S.NO: 167,168/1,34/2,D.no:1-31,PALAKODERU VILLAGE MANDALAM,WEST GODVARI DISTRICT ,ANDHRA PRADESH,INDIA-534210",ANDHRA PRADESH,15.83333,79.75,1,"Andhra Pradesh, India",Fish,PACKING OF FRESH/CHILLED FISH&FISHERY PRODUCTS AND FREEZING  OF RAW &COOKED FISH &FISHERY PRODUCTS (IQF& BLOCK),09/01/2028,approved,true,documentation_verified,EIC FFP approved unit #872. Scope: PACKING OF FRESH/CHILLED FISH&FISHERY PRODUCTS AND FREEZING  OF RAW &COOKED FISH &FISHERY PRODUCTS (IQF& BLOCK). Expiry: 09/01/2028.
876,AQUA WORLD EXPORTS PVT. LTD. (EIC #876),AQUA WORLD EXPORTS PVT. LTD.,India,Andhra Pradesh,Royapuram,"No.6, East Kalmandapam Road, Royapuram, Chennai - 600 013",Royapuram,13.1139599,80.2941861,9,"East Kalmandapam Road, Zone 5 Royapuram, Chennai - 600021, Tamil Nadu, India",Fish,Packing of Fresh/Chilled Fish & Fishery Products,11/03/2028,approved,true,documentation_verified,EIC FFP approved unit #876. Scope: Packing of Fresh/Chilled Fish & Fishery Products. Expiry: 11/03/2028.
878,UNILOIDS BIOSCIENCES PRIVATE LIMITED (EIC #878),UNILOIDS BIOSCIENCES PRIVATE LIMITED,India,Andhra Pradesh,WEST GODAVARI DISTRICT,"D.NO-5-138,SEESALI VILLAGE,KALLA MANDAL BHIMAVARAM,WEST GODAVARI DISTRICT,ANDHRA PRADESH-534237",WEST GODAVARI DISTRICT,16.54078,81.52322,6,"Bhīmavaram, West Godāvari, India",Fish,Freezing of Raw  and Blanched (IQF&BLOCK) Fish & fishery Products,31/03/2028,approved,true,documentation_verified,EIC FFP approved unit #878. Scope: Freezing of Raw  and Blanched (IQF&BLOCK) Fish & fishery Products. Expiry: 31/03/2028.
882,Nekkanti Sea foods Limited (EIC #882),Nekkanti Sea foods Limited,India,Andhra Pradesh,Visakhapatnam,"Marikavalasa, Paradesipalem Village, Visakhapatnam-531163, Andhra Pradesh",Visakhapatnam-531163,17.8902,83.452,7,"531163, Andhra Pradesh, India",Shrimp,Freezing of Raw Fish & Fishery Products            (block/IQF) & Freezing of Blanched cooked Fish & fishery products(IQF) (Sea Caught and Aquaculture Shrimps) & Freezing of Raw  battered and breaded aquaculture shrimps (IQF),29/05/2028,approved,true,documentation_verified,EIC FFP approved unit #882. Scope: Freezing of Raw Fish & Fishery Products            (block/IQF) & Freezing of Blanched cooked Fish & fishery products(IQF) (Sea Caught and Aquaculture .... Expiry: 29/05/2028.
897,Kader Exports Private Limited Unit-02 (EIC #897),Kader Exports Private Limited Unit-02,India,Andhra Pradesh,Bhimavaram West Godavari District,"4-139,Pedamiram,Bhimavaram-534204 West Godavari District,Andhra Pradesh",Bhimavaram-534204 West Godavari District,16.731,81.685,7,"534204, Andhra Pradesh, India",Shrimp,Freezing of Raw Fish & Fishery Products (IQF/Block) Aquaculture Shrimps,03/04/2028,approved,true,documentation_verified,EIC FFP approved unit #897. Scope: Freezing of Raw Fish & Fishery Products (IQF/Block) Aquaculture Shrimps. Expiry: 03/04/2028.
911,GHAN MARINE PRODUCTS (EIC #911),GHAN MARINE PRODUCTS,India,Andhra Pradesh,Anandapuram Mandal,"Bakurupalem Village, Survey No. 35/17, 35/19, 35/20, 35/21, 35/22, Gidijala Post, Anandapuram Mandal, Visakhapatnam - 531117",Anandapuram Mandal,17.68009,83.20161,4,"Vizag, Vishākhapatnam, India",Fish,"Packing of Fresh / Chilled Fish & Fishery Products and Freezing of Raw Fish & Fishery Products (Block, Blast - IF & IQF)",18/06/2027,approved,true,documentation_verified,"EIC FFP approved unit #911. Scope: Packing of Fresh / Chilled Fish & Fishery Products and Freezing of Raw Fish & Fishery Products (Block, Blast - IF & IQF). Expiry: 18/06/2027."
913,COASTAL CORPORATION LIMITED UNIT-II (EIC #913),COASTAL CORPORATION LIMITED UNIT-II,India,Andhra Pradesh,Visakhapatnam,"Survey no 87, P.Dharmavaram Village, S.Rayavaram Mandal, Visakhapatnam -531055, Andhra Pradesh",Visakhapatnam -531055,17.83333,79.08333,9,"Telangana, India",Shrimp,"Freezing of Raw, Blanched and Cooked Fish & Fishery Products (Aquaculture and seacaught Shrimps IQF/ IF / BLOCK)",10/07/2027,approved,true,documentation_verified,"EIC FFP approved unit #913. Scope: Freezing of Raw, Blanched and Cooked Fish & Fishery Products (Aquaculture and seacaught Shrimps IQF/ IF / BLOCK). Expiry: 10/07/2027."
914,KAUSHALYA AQUA MARINE PRODUCT EXPORTS PVT. LTD (EIC #914),KAUSHALYA AQUA MARINE PRODUCT EXPORTS PVT. LTD,India,Tamil Nadu,Chennai,"No. 4/209, M.G.R Road, Palavakkam, Chennai-600041,Tamil Nadu",Chennai-600041,12.9495,80.2592,7,"600041, Tamil Nādu, India",Cephalopods|Crab|Shrimp,"Packing of Fresh/ Chilled Fish & Fishery Products and Freezing of Raw Fish & Fishery Products -Fishes (Histamine & Non- Histamine forming), Crustaceans -Shrimps (Aquaculture/Sea Caught/Wild Caught), Crabs (Sea caught) & Cephalopods",29/07/2027,approved,true,documentation_verified,"EIC FFP approved unit #914. Scope: Packing of Fresh/ Chilled Fish & Fishery Products and Freezing of Raw Fish & Fishery Products -Fishes (Histamine & Non- Histamine forming), Crustacean.... Expiry: 29/07/2027."
915,K.V. MARINE EXPORTS (EIC #915),K.V. MARINE EXPORTS,India,Tamil Nadu,Kancheepuram District,"1/30, Bajanai Koil Street, Padur Village, Kelambakkam, Kancheepuram District-603103, Tamil Nadu.",Kancheepuram District-603103,12.7808,80.2079,7,"603103, Tamil Nādu, India",Fish,Packing of Fresh/ Chilled Fish and Fishery Products and Freezing of Raw Fish and Fishery Products (Block/IQF),27/05/2027,approved,true,documentation_verified,EIC FFP approved unit #915. Scope: Packing of Fresh/ Chilled Fish and Fishery Products and Freezing of Raw Fish and Fishery Products (Block/IQF). Expiry: 27/05/2027.
916,DEVI SEA FOODS LIMITED (EIC #916),DEVI SEA FOODS LIMITED,India,Andhra Pradesh,Tanuku,"No.10-16-52, NH-16 (Old NH-5), Peravali Road,Tanuku - 534211, West Godavari District, Andhra Pradesh, India",Andhra Pradesh,16.7532,81.6846,7,"534211, Andhra Pradesh, India",Shrimp,Freezing of Raw Fish & Fishery Products (Block/IQF) and Freezing of Cooked Fish & Fishery Products (IQF) - Shrimps (Aquaculture),07/07/2027,approved,true,documentation_verified,EIC FFP approved unit #916. Scope: Freezing of Raw Fish & Fishery Products (Block/IQF) and Freezing of Cooked Fish & Fishery Products (IQF) - Shrimps (Aquaculture). Expiry: 07/07/2027.
920,Asvini Fisheries Private Limited (EIC #920),Asvini Fisheries Private Limited,India,Andhra Pradesh,West Godavari District,"R.S.NO.626/1,Dirusumarru Road,P.B.No.52,Bhimavaram,West Godavari District-534239,Andhra Pradesh",West Godavari District-534239,16.5515,81.3541,7,"534239, Andhra Pradesh, India",Shrimp,Freezing of Raw/Blanched and Cooked Fish&Fishery Products(IQF/Block) Aquaculture Shrimps,04/02/2028,approved,true,documentation_verified,EIC FFP approved unit #920. Scope: Freezing of Raw/Blanched and Cooked Fish&Fishery Products(IQF/Block) Aquaculture Shrimps. Expiry: 04/02/2028.
922,PHILLIPS FOODS INDIA PVT LTD (EIC #922),PHILLIPS FOODS INDIA PVT LTD,India,Tamil Nadu,Tuticorin-628 008,"C-75/76,Sipcot Industrial Complex,Madathoor P.O.,Tuticorin-628 008,Tamil Nadu",Tuticorin-628 008,8.7927,77.57409,9,"Tirunelveli Kattabo, India",Crab,Packing of Chilled Pasteurized Crab meat in Hermetically Sealed cans,28/02/2028,approved,true,documentation_verified,EIC FFP approved unit #922. Scope: Packing of Chilled Pasteurized Crab meat in Hermetically Sealed cans. Expiry: 28/02/2028.
927,ANJANEYA SEAFOODS (EIC #927),ANJANEYA SEAFOODS,India,Andhra Pradesh,Nellore District,"6-122 A, North Rajupalem Village, Kodavaluru Mandal, Nellore District -524366, Andhra Pradesh",Nellore District -524366,14.08333,79.58333,9,"Nellore District, India",Fish,"Freezing of Raw Fish & Fishery Products (Block, Individually Frozen, IQF) (Aquaculture and Sea caught)",03/03/2026,approved,true,documentation_verified,"EIC FFP approved unit #927. Scope: Freezing of Raw Fish & Fishery Products (Block, Individually Frozen, IQF) (Aquaculture and Sea caught). Expiry: 03/03/2026."
928,"JAYALAKSHMI SEAFOODS PVT. LTD., UNIT-II (EIC #928)","JAYALAKSHMI SEAFOODS PVT. LTD., UNIT-II",India,Andhra Pradesh,West Godavari District,"R. S.No.267/2 & 275/2, Seesali Village, Kalla Mandal, Bhimavaram-534237, West Godavari District, Andhra Pradesh",West Godavari District,16.54078,81.52322,6,"Bhīmavaram, West Godāvari, India",Shrimp,Freezing of Raw Fish and Fishery Products(IQF)- Shrimps(Aquaculture),04/06/2027,approved,true,documentation_verified,EIC FFP approved unit #928. Scope: Freezing of Raw Fish and Fishery Products(IQF)- Shrimps(Aquaculture). Expiry: 04/06/2027.
929,ANANDA FOODS (EIC #929),ANANDA FOODS,India,Andhra Pradesh,Andhra Pradesh,"R.S. No. 59 / 1 & 2 D. NO. 2-239/1-5, Ramayanapuram Village, Bhimavaram Mandal, West Godavri District, Andhra Pradesh, India - 543 239",Andhra Pradesh,15.7774356,80.3284858,9,"Abhi, Bapatla, Challareddypalem - 523187, Andhra Pradesh, India",Fish,Freezing of Raw & Blanched Fish & Fishery Products (IQF & Block),03/08/2027,approved,true,documentation_verified,EIC FFP approved unit #929. Scope: Freezing of Raw & Blanched Fish & Fishery Products (IQF & Block). Expiry: 03/08/2027.
934,WELLCOME FISHERIES LIMITED (EIC #934),WELLCOME FISHERIES LIMITED,India,,Undi Mandal,"Old No.1/409(New No:4-46),Vandram Village, Undi Mandal,Bhimavaram-534 199",Undi Mandal,16.54078,81.52322,6,"Bhīmavaram, West Godāvari, India",Fish,Freezing of Raw & Cooked (IQF & Block) Fish & Fishery products,08/04/2028,approved,true,documentation_verified,EIC FFP approved unit #934. Scope: Freezing of Raw & Cooked (IQF & Block) Fish & Fishery products. Expiry: 08/04/2028.
938,HYSON EXPORTS PRIVATE LIMITED (EIC #938),HYSON EXPORTS PRIVATE LIMITED,India,Andhra Pradesh,SPSR Nellore District,"Plot No. 6 & 7,APIIC Industrial Park,Kadalur Village,Sullurpet-524121,SPSR Nellore District,Andhra Pradesh",SPSR Nellore District,14.08333,79.58333,9,"Nellore District, India",,No Changes in the scope,10/11/2027,approved,true,documentation_verified,EIC FFP approved unit #938. Scope: No Changes in the scope. Expiry: 10/11/2027.
939,NILA SEA FOODS PVT LTD (EIC #939),NILA SEA FOODS PVT LTD,India,Andhra Pradesh,PUDURPANDIAPURAM,"137, PUDURPANDIAPURAM, TUTICORIN -628 002.",PUDURPANDIAPURAM,8.7927,77.57409,9,"Tirunelveli Kattabo, India",Fish,FREEZING (IQF/ BLOCK) OF RAW/BLANCHED/COOKED FISH & FISHERY PRODUCTS (SEA CAUGHT & AQUACULTURE),09/03/2026,approved,true,documentation_verified,EIC FFP approved unit #939. Scope: FREEZING (IQF/ BLOCK) OF RAW/BLANCHED/COOKED FISH & FISHERY PRODUCTS (SEA CAUGHT & AQUACULTURE). Expiry: 09/03/2026.
940,COASTAL CORPORATION LIMITED (EIC #940),COASTAL CORPORATION LIMITED,India,Andhra Pradesh,Visakhapatnam,"Marikavalasa Village, Paradesipalem Panchayat, Chinagadili Mandal, Visakhapatnam-531163, Andhra Pradesh.",Visakhapatnam-531163,17.8902,83.452,7,"531163, Andhra Pradesh, India",Shrimp,"Packing of Fresh/Chilled Fish & Fishery Products; Freezing of Raw, Skewered, Nobashi, Blanched, and Cooked Aquaculture and Sea-Caught Shrimps (IQF & Block)",17/06/2028,approved,true,documentation_verified,"EIC FFP approved unit #940. Scope: Packing of Fresh/Chilled Fish & Fishery Products; Freezing of Raw, Skewered, Nobashi, Blanched, and Cooked Aquaculture and Sea-Caught Shrimps (IQF & B.... Expiry: 17/06/2028."
941,THEVA & CO (EIC #941),THEVA & CO,India,Odisha,PUDUKOTTAI,"5/55,                    SENTHILAMPANNAI, PUDUKOTTAI,                       TUTICORIN-628103",PUDUKOTTAI,10.38128,78.82141,7,"Pudukkottai, India",Fish,PACKING OF FRESH /CHILLED FISH & FREEZING OF RAW FISH & FISHERY PRODUCTS.,23/06/2027,approved,true,documentation_verified,EIC FFP approved unit #941. Scope: PACKING OF FRESH /CHILLED FISH & FREEZING OF RAW FISH & FISHERY PRODUCTS.. Expiry: 23/06/2027.
946,SANDHYA MARINES LIMITED (EIC #946),SANDHYA MARINES LIMITED,India,Andhra Pradesh,West Godavari District,"Door No. 4-295, Poolapalli Village, Palakole Mandal, West Godavari District - 534261, Andhra Pradesh, India",Andhra Pradesh,17.0,81.16667,1,"West Godāvari, India",Fish,"Freezing of Raw Fish and Fishery Products (Block & IQF), Freezing of Cooked Fish & Fishery Products - IQF",28/08/2027,approved,true,documentation_verified,"EIC FFP approved unit #946. Scope: Freezing of Raw Fish and Fishery Products (Block & IQF), Freezing of Cooked Fish & Fishery Products - IQF. Expiry: 28/08/2027."
950,HANDY WATERBASE INDIA (P) LTD (EIC #950),HANDY WATERBASE INDIA (P) LTD,India,Odisha,MADATHUR,"Plot No.C-3 SIPCOT INDUSTRIAL COMPLEX,MADATHUR,TUTICORIN -628008",MADATHUR,8.7674,78.1342,7,"628008, Tamil Nādu, India",Crab,Processing and packing of pasteurized chilled crabmeat in Hermatically sealed cans,27/02/2028,approved,true,documentation_verified,EIC FFP approved unit #950. Scope: Processing and packing of pasteurized chilled crabmeat in Hermatically sealed cans. Expiry: 27/02/2028.
955,KADER EXPORTS PRIVATE LIMITED (EIC #955),KADER EXPORTS PRIVATE LIMITED,India,Andhra Pradesh,West Godavari District,"D. No. 1-3/1 to 6, Gollalakoderu, Palakoderu (M), Bhimavaram, West Godavari District, Andhra Pradesh- 534202",West Godavari District,17.2833,82.4,7,"534202, Andhra Pradesh, India",Shrimp,Freezing of Raw Fish & Fishery Products (Block/IQF) and Freezing of Blanched/Cooked Fish and Fishery Products (IQF)- Shrimps (Aquaculture),01/07/2027,approved,true,documentation_verified,EIC FFP approved unit #955. Scope: Freezing of Raw Fish & Fishery Products (Block/IQF) and Freezing of Blanched/Cooked Fish and Fishery Products (IQF)- Shrimps (Aquaculture). Expiry: 01/07/2027.
959,EDHAYAM FROZEN FOODS PVT.LTD. (EIC #959),EDHAYAM FROZEN FOODS PVT.LTD.,India,Odisha,TUTICORIN,"4/91-A&B, MARAVANMADAM VILLAGE, PUDUKOTTAI, TUTICORIN 628103, TAMILNADU.",TUTICORIN 628103,8.76735,78.13425,9,"Thoothukudi, Thoothukkudi, India",Cephalopods|Crab|Lobster|Shrimp,"Packing of Fresh/ Chilled Fishery Products and Freezing of Raw Fish & Fishery Products (Block/ Individually Frozen/ IQF)- Fishes (Histamine & Non-Histamine forming), Crustaceans- Shrimps (Aquaculture/ Sea caught/ wild caught), Crabs (Aquaculture/ Sea caught), Lobsters (Sea caught) & Cephalopods",19/06/2027,approved,true,documentation_verified,EIC FFP approved unit #959. Scope: Packing of Fresh/ Chilled Fishery Products and Freezing of Raw Fish & Fishery Products (Block/ Individually Frozen/ IQF)- Fishes (Histamine & Non-Hist.... Expiry: 19/06/2027.
975,KADER EXPORTS PRIVATE LIMITED UNIT 04 (EIC #975),KADER EXPORTS PRIVATE LIMITED UNIT 04,India,Tamil Nadu,TUTICORIN,"2/91, PATTINAMARUTHUR VILLAGE, THARUVAIKULAM POST, TUTICORIN - 628105, TAMIL NADU.",TUTICORIN - 628105,13.3924,79.6899,7,"628105, Tamil Nādu, India",Fish,"Old Scope:
Packing of Fresh/ Chilled Fish & Fishery Products and Freezing of Raw/ Cooked Frozen Fish & Fishery Products(IQF/ Block/ Blast)
New Scope Recommended:
Freezing and Packing of Raw/ Cooked Frozen Fish & Fishery Products(IQF/ Block/ Blast)
(New Scope Recommended as per the processor request letter dated 22.04.2025 to revise the scope) Letter attached as Annexure A.",26/06/2028,approved,true,documentation_verified,"EIC FFP approved unit #975. Scope: Old Scope:
Packing of Fresh/ Chilled Fish & Fishery Products and Freezing of Raw/ Cooked Frozen Fish & Fishery Products(IQF/ Block/ Blast)
New Scope R.... Expiry: 26/06/2028."
976,"KADER EXPORTS PRIVATE LIMITED, Unit 03 (EIC #976)","KADER EXPORTS PRIVATE LIMITED, Unit 03",India,Andhra Pradesh,Andhra Pradesh,"""A"" Block I.D.A, Autonagar, Visakhapatnam, Andhra Pradesh-530012, India",Andhra Pradesh-530012,17.9257,82.1293,7,"530012, Andhra Pradesh, India",Shrimp,Packing of Raw Fish & Fishery Products (Block) - Shrimps (Aquaculture/Sea caught),02/08/2027,approved,true,documentation_verified,EIC FFP approved unit #976. Scope: Packing of Raw Fish & Fishery Products (Block) - Shrimps (Aquaculture/Sea caught). Expiry: 02/08/2027.
990,DEVI FISHERIES LIMITED (EIC #990),DEVI FISHERIES LIMITED,India,Andhra Pradesh,Kakinada,"2-159, APSP Camp, Panasapadu, Kakinada-533005, Andhra Pradesh",Kakinada-533005,16.9452,82.2385,7,"533005, Andhra Pradesh, India",Shrimp,"Freezing of Raw /Blanched Shrimps - IQF/Block.
Freezing of Cooked Shrimps - IQF
Shrimps (Sea caught & Aquaculture)",07/03/2027,approved,true,documentation_verified,"EIC FFP approved unit #990. Scope: Freezing of Raw /Blanched Shrimps - IQF/Block.
Freezing of Cooked Shrimps - IQF
Shrimps (Sea caught & Aquaculture). Expiry: 07/03/2027."
CHE/FFP/02728,"Sandhya Aqua Exports Pvt. Ltd., Unit-II (EIC #CHE/FFP/02728)","Sandhya Aqua Exports Pvt. Ltd., Unit-II",India,Andhra Pradesh,Pamarru Post & Mandal Krishna District,"NH-65, Kurumaddali Village, Pamarru Post & Mandal Krishna District, Andhra Pradesh - 521157",Pamarru Post & Mandal Krishna District,16.66667,81.0,1,"Krishna, India",Fish,"Freezing of Raw Fish & Fishery Products (IQF & Block), Freezing of Cooked Fish & Fishery Products (IQF)",30/11/2027,approved,true,documentation_verified,"EIC FFP approved unit #CHE/FFP/02728. Scope: Freezing of Raw Fish & Fishery Products (IQF & Block), Freezing of Cooked Fish & Fishery Products (IQF). Expiry: 30/11/2027."
CHE/FFP/02741,GODAVARI MEGA AQUA  FOOD PARK  PRIVATE LIMITED (EIC #CHE/FFP/02741),GODAVARI MEGA AQUA  FOOD PARK  PRIVATE LIMITED,India,Andhra Pradesh,India,"R.S. No. 799,Tundurru Village,
Bhimavaram Mandal,West Godavari District,Andhra Pradesh,India,PIN-534207.",India,17.0,81.16667,1,"West Godāvari, India",Fish,"RAW, COOKED, MARINATED AND BREADED FROZEN FISH & FISHERY PRODUCTS AND PACKING OF FRESH/CHILLED FISH & FISHERY PRODUCTS",21/12/2027,approved,true,documentation_verified,"EIC FFP approved unit #CHE/FFP/02741. Scope: RAW, COOKED, MARINATED AND BREADED FROZEN FISH & FISHERY PRODUCTS AND PACKING OF FRESH/CHILLED FISH & FISHERY PRODUCTS. Expiry: 21/12/2027."
CHE/FFP/02744,MOURYA AQUEX PRIVATE LIMITED (EIC #CHE/FFP/02744),MOURYA AQUEX PRIVATE LIMITED,India,Andhra Pradesh,Bhimavaram,"1-330/1, Komarada Road, Rayalam Village, Bhimavaram-534208, West Godavari District, Andhra Pradesh, India",Andhra Pradesh,16.54078,81.52322,6,"Bhīmavaram, West Godāvari, India",Fish,"Freezing of Raw, Blanched and Cooked Fish & Fishery products(IQF & Block)",30/11/2027,approved,true,documentation_verified,"EIC FFP approved unit #CHE/FFP/02744. Scope: Freezing of Raw, Blanched and Cooked Fish & Fishery products(IQF & Block). Expiry: 30/11/2027."
CHE/FFP/02749,JENEFA INDIA (EIC #CHE/FFP/02749),JENEFA INDIA,India,Tamil Nadu,TUTICORIN District,"SY.NO.764/1,2,3, VADAKKU KARACHERI VILLAGE, SRIVAIKUNDAM, TUTICORIN District-628601, TAMIL NADU.",TUTICORIN District-628601,8.6293,77.9128,7,"628601, Tamil Nādu, India",Fish,"PRODUCTION OF FISH MEAL, FISH OIL, FISH SOLUBLE & FISH SILAGE (NOT FIT FOR HUMAN CONSUMPTION)",04/02/2028,approved,true,documentation_verified,"EIC FFP approved unit #CHE/FFP/02749. Scope: PRODUCTION OF FISH MEAL, FISH OIL, FISH SOLUBLE & FISH SILAGE (NOT FIT FOR HUMAN CONSUMPTION). Expiry: 04/02/2028."
CHE/FFP/02753,NK MARINE EXPORTS LLP (EIC #CHE/FFP/02753),NK MARINE EXPORTS LLP,India,Andhra Pradesh,West Godavari District,"Survey No. 750, Dosapadu Puntha Road, Duvva Village, Tanuka Mandal, West Godavari District-534211, Andhra Pradesh, India",Andhra Pradesh,15.9240905,80.1863809,1,"Andhra Pradesh, India",Shrimp,FREEZING OF RAW FISH & FISHERY PRODUCTS (BLOCK & IQF) AQUACULTURE SHRIMPS,15/12/2027,approved,true,documentation_verified,EIC FFP approved unit #CHE/FFP/02753. Scope: FREEZING OF RAW FISH & FISHERY PRODUCTS (BLOCK & IQF) AQUACULTURE SHRIMPS. Expiry: 15/12/2027.
CHE/FFP/02784,M/s. Satish Marine Exim Private Limited (EIC #CHE/FFP/02784),M/s. Satish Marine Exim Private Limited,India,Andhra Pradesh,Guntur District,"Dammanavaripalem Village & Post, Karlapalem Mandal, Guntur District-522111, Andhra Pradesh",Guntur District-522111,16.7,81.4667,7,"522111, Andhra Pradesh, India",Shrimp,"Freezing of Raw Fish & Fishery Products (Block, IQF, Brine IQF) (Aquaculture and Sea Caught Shrimps only)",27/01/2028,approved,true,documentation_verified,"EIC FFP approved unit #CHE/FFP/02784. Scope: Freezing of Raw Fish & Fishery Products (Block, IQF, Brine IQF) (Aquaculture and Sea Caught Shrimps only). Expiry: 27/01/2028."
CHE/FFP/02832,Monsoon Bounty Foods Manufacturing Private Limited (EIC #CHE/FFP/02832),Monsoon Bounty Foods Manufacturing Private Limited,India,Tamil Nadu,Thriruvallur,"Plot No,99,SIPCOT Industrial Estate, EPIP Zone, Gummidipoondi-601201,Thriruvallur, Tamil Nadu",Thriruvallur,11.0,78.33333,1,"Tamil Nādu, India",Fish,Packing of Fresh/Chilled Fish&Fishery Products and Raw Frozen Fish & Fishery Products(IQF/Block/IF),11/03/2028,approved,true,documentation_verified,EIC FFP approved unit #CHE/FFP/02832. Scope: Packing of Fresh/Chilled Fish&Fishery Products and Raw Frozen Fish & Fishery Products(IQF/Block/IF). Expiry: 11/03/2028.
CHE/FFP/02833,DANICA AQUA EXPORTS PRIVATE LIMITED (EIC #CHE/FFP/02833),DANICA AQUA EXPORTS PRIVATE LIMITED,India,Andhra Pradesh,Vizianagaram District,"Survey No. 4/10 to 4/19, Yerukonda Village, Poosapatirega Mandal-535213, Vizianagaram District, India",Vizianagaram District,18.41102,83.37677,9,"Vizianagaram District, India",Cephalopods|Shrimp,"Packing of Fresh/ Chilled Fish & Fishery Products, Freezing of Raw Fish & Fishery Products (IQF/Block/IF) (Aquaculture & Seacaught shrimps, Cephalopods, Histamine & Non-Histamine forming fishes)",29/04/2028,approved,true,documentation_verified,"EIC FFP approved unit #CHE/FFP/02833. Scope: Packing of Fresh/ Chilled Fish & Fishery Products, Freezing of Raw Fish & Fishery Products (IQF/Block/IF) (Aquaculture & Seacaught shrimps, Cephalopod.... Expiry: 29/04/2028."
CHE/FFP/02845,FINLEY MARINE PRODUCTS (EIC #CHE/FFP/02845),FINLEY MARINE PRODUCTS,India,Tamil Nadu,Radhapuram (TK),"SF No: 372/2 Sanganeri-Uralvoimozhi Road, Irrukanthurai Village Part-II, Nakkaneri Post-627111, Radhapuram (TK), Tirunelveli (DT) Tamil Nadu",Radhapuram (TK),8.27044,77.68613,9,"Radhapuram, Tirunelveli Kattabo, India",Fish,"Production of Steam Dried Fish Meal, Fish Oil and Fish Soluble Paste (Not For Human Consumption)",11/05/2028,approved,true,documentation_verified,"EIC FFP approved unit #CHE/FFP/02845. Scope: Production of Steam Dried Fish Meal, Fish Oil and Fish Soluble Paste (Not For Human Consumption). Expiry: 11/05/2028."
CHE/FFP/02852,HAMEED MARINE PRIVATE LIMITED (EIC #CHE/FFP/02852),HAMEED MARINE PRIVATE LIMITED,India,Tamil Nadu,Tirunelveli District,"Door no:2/1-D.S.No: 886/3C, Irrukandurai Village, Radhapuram taluk, Tirunelveli District- 627106, Tamil Nadu (India)",Tirunelveli District- 627106,8.72518,77.68452,7,"Tirunelveli, Tirunelveli Kattabo, India",Fish,Production of Steam Dried Fish Meal and Fish Oil (Not Fit For Human Consumption),19/05/2028,approved,true,documentation_verified,EIC FFP approved unit #CHE/FFP/02852. Scope: Production of Steam Dried Fish Meal and Fish Oil (Not Fit For Human Consumption). Expiry: 19/05/2028.
Conditional Approval No.1983,N G EXPORTS INTERNATIONAL (EIC #Conditional Approval No.1983),N G EXPORTS INTERNATIONAL,India,Andhra Pradesh,"ANDHRA
PRADESH","S.NO.4/3,4/2,3/2,VAJRAPUKOD
URU ROAD,KATHIPUDI (V),
SANKHAVARAM (M), KAKINADA
DIST, PIN. 533444, ANDHRA
PRADESH, INDIA.","ANDHRA
PRADESH",15.83333,79.75,1,"Andhra Pradesh, India",Fish,"Freezing of Raw Fish & Fishery Products
(Blast ,Block & IQF)",04/02/2028,approved,true,documentation_verified,"EIC FFP approved unit #Conditional Approval No.1983. Scope: Freezing of Raw Fish & Fishery Products
(Blast ,Block & IQF). Expiry: 04/02/2028."
Conditional Approval No.1986,CASTLEROCK FISHERIES PRIVATE LIMITED (EIC #Conditional Approval No.1986),CASTLEROCK FISHERIES PRIVATE LIMITED,India,Andhra Pradesh,Andhra Pradesh,"Sy No: 85-1, 85-2, 85-3, 85-4,85-5, 85-6, 86-1A, 86-1B, 86-1D, 86-2, 86-3, 86-4, 86-5A, 86-5B, 86-6, Maddali (V), Kota (M), SPSR Nellore District,  Andhra Pradesh, India. 524410.",Andhra Pradesh,14.08333,79.58333,9,"Nellore District, India",Cephalopods|Shrimp,"Freezing of Raw  Fish & Fishery Products(Block & IQF )Aquaculture shrimps, sea caught shrimps and cephalopods.",05/05/2028,approved,true,documentation_verified,"EIC FFP approved unit #Conditional Approval No.1986. Scope: Freezing of Raw  Fish & Fishery Products(Block & IQF )Aquaculture shrimps, sea caught shrimps and cephalopods.. Expiry: 05/05/2028."
Conditional approval No.1982,M/s. RAJYALAKSHMI MARINE EXPORTS (EIC #Conditional approval No.1982),M/s. RAJYALAKSHMI MARINE EXPORTS,India,Andhra Pradesh,KAKINADA DISTRICT,"SURVEY NO. 105-1, 105-2, 105-4A, MAMIDADA VILLAGE, JAGGAMPETA MANDAL, KAKINADA DISTRICT - 533435, ANDHRA PRADESH, INDIA.",ANDHRA PRADESH,16.96036,82.23809,4,"Kākināda, East Godāvari, India",Fish,Freezing of Raw Fish & Fishery Products (IQF & Block Frozen) (Aquacutured and Seacaught crustaceans),03/02/2028,approved,true,documentation_verified,EIC FFP approved unit #Conditional approval No.1982. Scope: Freezing of Raw Fish & Fishery Products (IQF & Block Frozen) (Aquacutured and Seacaught crustaceans). Expiry: 03/02/2028.
Conditional approval no.1989,GOKULAM MARINE EXPORT PRIVATE LIMITED (EIC #Conditional approval no.1989),GOKULAM MARINE EXPORT PRIVATE LIMITED,India,Puducherry,B-21 (PARTLY) PIPDIC INDUSTRIAL ESTATE PHASE-1,"PLOT NO B-11 TO B-16, B-22 TO B-26, SP B-27, B-21 (PARTLY) PIPDIC INDUSTRIAL ESTATE PHASE-1, SEDARAPET PUDUCHERRY  - 605 111",B-21 (PARTLY) PIPDIC INDUSTRIAL ESTATE PHASE-1,11.93381,79.82979,5,"Puducherry, India",Crab|Shrimp,Processing and Packing of Chilled Pasteurized Crab Meat (Sea Caught & Wild Caught) in Hermetically Sealed Cans and Plastic cups for exports to all countries excluding “CU &uncooked Prawns to Australia,26/05/2028,approved,true,documentation_verified,EIC FFP approved unit #Conditional approval no.1989. Scope: Processing and Packing of Chilled Pasteurized Crab Meat (Sea Caught & Wild Caught) in Hermetically Sealed Cans and Plastic cups for exports to all cou.... Expiry: 26/05/2028.
Fresh Approval,AL-KHAJA FREEZING PRIVATE LIMITED (EIC #Fresh Approval),AL-KHAJA FREEZING PRIVATE LIMITED,India,West Bengal,DIST- NORTH 24 PARGANAS,"VILL-MOHISGODI, P.O- MUDIAHAT, P.S- SHASAN, DIST- NORTH 24 PARGANAS, KOL-700128
WEST BENGAL",DIST- NORTH 24 PARGANAS,22.71,88.7108,9,"North 24 Parganas, India",Fish,"RAW, FROZEN (BLOCK FROZEN, BLAST FROZEN & IQF), FRESH & CHILLED FISH & FISHERY PRODUCT.",18/02/2028,approved,true,documentation_verified,"EIC FFP approved unit #Fresh Approval. Scope: RAW, FROZEN (BLOCK FROZEN, BLAST FROZEN & IQF), FRESH & CHILLED FISH & FISHERY PRODUCT.. Expiry: 18/02/2028."
KOC/FFP/02587,Nettos Marine Exports (EIC #KOC/FFP/02587),Nettos Marine Exports,India,Kerala,India,"V/551, Neendakara, Kollam, Kerala, India, Pin -691582",India,8.5386859,77.0212491,9,"State Bank of India, Vilappil Panchayath No.6/1396-1398, Manibhavan, Vattiyoorkav Puliyarakonam Road, Thiruvananthapuram, - 695573, Kerala, India",Cephalopods|Shrimp,"Freezing of Raw Fish & Fishery Products - Fishes ( Histamine & Non – Histamine Forming), Shrimps (Sea caught only)  & Cephalopods",21/07/2027,approved,true,documentation_verified,"EIC FFP approved unit #KOC/FFP/02587. Scope: Freezing of Raw Fish & Fishery Products - Fishes ( Histamine & Non – Histamine Forming), Shrimps (Sea caught only)  & Cephalopods. Expiry: 21/07/2027."
KOC/FFP/02694,Beloorbayir Biotech Ltd. (EIC #KOC/FFP/02694),Beloorbayir Biotech Ltd.,India,Odisha,NearPeenya 2nd Stage,"10,13th Crioss, 34th Ward37th Main, DoddannaIndustrial Estate, NearPeenya 2nd Stage,Bangalore 560091",NearPeenya 2nd Stage,20.5,84.41667,1,"Odisha, India",,"Processing of Glucosamine Hydrocloride,Glucosamine Sulfate Pottassium Chloride Glucosamine Sulfate Sodium Chloride",14/09/2027,approved,true,documentation_verified,"EIC FFP approved unit #KOC/FFP/02694. Scope: Processing of Glucosamine Hydrocloride,Glucosamine Sulfate Pottassium Chloride Glucosamine Sulfate Sodium Chloride. Expiry: 14/09/2027."
KOC/FFP/02701,GADRE MARINE EXPORT PRIVATE LIMITED - BRANCH 9 (EIC #KOC/FFP/02701),GADRE MARINE EXPORT PRIVATE LIMITED - BRANCH 9,India,Karnataka,Dakshina Kannada District,"Surimi Unit, Plot No. IP-32 & IP-33, Mangalore Special Economic Zone, Bajpe Post & Village, Mangaluru Taluk, Dakshina Kannada District-574142, Karnataka, India.",Karnataka,12.8226434,75.2265036,1,"Dakshina Kannada, India",Surimi,Manufacturing of Frozen Surimi (Fish Paste)-Block Frozen onlyFishes – (Histamine & Non-Histamine forming),09/10/2027,approved,true,documentation_verified,EIC FFP approved unit #KOC/FFP/02701. Scope: Manufacturing of Frozen Surimi (Fish Paste)-Block Frozen onlyFishes – (Histamine & Non-Histamine forming). Expiry: 09/10/2027.
KOC/FFP/02702,GADRE MARINE EXPORT PRIVATE LIMITED - BRANCH 8 (EIC #KOC/FFP/02702),GADRE MARINE EXPORT PRIVATE LIMITED - BRANCH 8,India,Karnataka,Dakshina Kannada District,"Fish Meal & Fish Oil Unit, Plot No.IP-32 &IP-33, Mangalore Special Economic Zone, Bajpe Post & Village, Mangaluru Taluk, Dakshina Kannada District-574142, Karnataka, India.",Karnataka,12.8226434,75.2265036,1,"Dakshina Kannada, India",Fish,"Processing of Steam dried Fish Meal & Crude Fish Oil (Unfit for Human Consumption)-Derived From Fish by Products (Sea Caught only) including fish heads Originating from M/s. Gadre Marine Export Private Limited, Branch-9",09/10/2027,approved,true,documentation_verified,EIC FFP approved unit #KOC/FFP/02702. Scope: Processing of Steam dried Fish Meal & Crude Fish Oil (Unfit for Human Consumption)-Derived From Fish by Products (Sea Caught only) including fish head.... Expiry: 09/10/2027.
KOC/FFP/02739,Yashaswi Fish Meal and Oil Company-Branch:2 (EIC #KOC/FFP/02739),Yashaswi Fish Meal and Oil Company-Branch:2,India,Karnataka,Dakshina Kannada,"Plot No IP-25A,PartII,PermudeVillage, Mangalore SERZ, Dakshina Kannada,Karnataka-574509.",Dakshina Kannada,15.1321,75.854,7,"574509, Karnātaka, India",Fish,"Processing and Packing of Steam Dried Fish Meal, Crude Fish Oil and Fish Soluble Paste (Unfit for Human Consumption) and  Fish Oil (Fit for Human Consumption after further processing)",08/01/2028,approved,true,documentation_verified,"EIC FFP approved unit #KOC/FFP/02739. Scope: Processing and Packing of Steam Dried Fish Meal, Crude Fish Oil and Fish Soluble Paste (Unfit for Human Consumption) and  Fish Oil (Fit for Human Cons.... Expiry: 08/01/2028."
MUM-PP-08,Hiravati Marine Products Pvt. Ltd. ( Independent Pre-Processing Plant) (EIC #MUM-PP-08),Hiravati Marine Products Pvt. Ltd. ( Independent Pre-Processing Plant),India,Gujarat,Porbandar,"Jawar Naka, Porbandar-360575, Gujarat, India.",Gujarat,21.6422,69.6093,7,"360575, Gujarat, India",Fish,Pre-processing of Fish & Fishery Products to Supply Pre-processed Material to Approved Establishment for Further Processing & export,20/03/2026,approved,true,documentation_verified,EIC FFP approved unit #MUM-PP-08. Scope: Pre-processing of Fish & Fishery Products to Supply Pre-processed Material to Approved Establishment for Further Processing & export. Expiry: 20/03/2026.
MUM/FFP/02565,Rahemat Fish Centre (EIC #MUM/FFP/02565),Rahemat Fish Centre,India,Gujarat,Gujarat,"Plot No. 812, G.I.D.C., Estate, Somnath Road,Veraval - 362 269, Dist. Gir Somnath, Gujarat, India",Gujarat,22.06655,71.36747,9,"Somnāth, Rājkot, India",Fish,"PROCESSING AND PACKING OF FRESH/CHILLED FISH & FISHERY PRODUCTS, FROZEN RAW FISH & FISHERY PRODUCTS (BLOCK/IF) (EXCLUDING AQUACULTURE)",09/07/2027,approved,true,documentation_verified,"EIC FFP approved unit #MUM/FFP/02565. Scope: PROCESSING AND PACKING OF FRESH/CHILLED FISH & FISHERY PRODUCTS, FROZEN RAW FISH & FISHERY PRODUCTS (BLOCK/IF) (EXCLUDING AQUACULTURE). Expiry: 09/07/2027."
MUM/FFP/02597,H.H. Marine. (EIC #MUM/FFP/02597),H.H. Marine.,India,Gujarat,Veraval,"Plot No. 19, Survey No. 1788/1, Near Win Marine Exports, Veraval-362269, Gujarat, India",Gujarat,20.9101099,70.365279,3,"Veraval, Patan Veraval Taluka, India",Fish,FREEZING OF RAW FISH & FISHERY PRODUCTS (BLOCK/BLAST/IF) (EXCLUDING AQUACULTURE),11/12/2027,approved,true,documentation_verified,EIC FFP approved unit #MUM/FFP/02597. Scope: FREEZING OF RAW FISH & FISHERY PRODUCTS (BLOCK/BLAST/IF) (EXCLUDING AQUACULTURE). Expiry: 11/12/2027.
MUM/FFP/02783,Silver Fish Steriliser (EIC #MUM/FFP/02783),Silver Fish Steriliser,India,Gujarat,Gujarat,"S.No. 32/IP, 32IP/5, Vill. Zavar, Porbandar, Gujarat-360575, India",Gujarat-360575,21.6422,69.6093,7,"360575, Gujarat, India",Fish,Processing and packing of Steam Dried Fish Meal Powder (Unfit For Human Consumption),17/12/2027,approved,true,documentation_verified,EIC FFP approved unit #MUM/FFP/02783. Scope: Processing and packing of Steam Dried Fish Meal Powder (Unfit For Human Consumption). Expiry: 17/12/2027.
conditional approval no.1985,GAYATRI MARINE PRODUCTS (EIC #conditional approval no.1985),GAYATRI MARINE PRODUCTS,India,Andhra Pradesh,Tirupati District,"SY. NO. 455-2A, 455-2B, 455-2C,455-2D, 455-2E, 455-2G2 , Chillakuru Mandal , Oduru Village, Tirupati District, Andhra Pradesh -524410",Tirupati District,25.44126,74.56979,7,"Māndal, Bhīlwāra, India",Cephalopods|Shrimp,"PACKING OF FRESH/CHILLED FISH AND FISHERY PRODUCTS,FREEZING OF FISH AND FISHERY PRODUCTS(IQF/BLOCK) (AQUACULTURE SHRIMPS,SEA CAUGHT SHRIMPS, AND CEPHALOPODS)",18/02/2028,approved,true,documentation_verified,"EIC FFP approved unit #conditional approval no.1985. Scope: PACKING OF FRESH/CHILLED FISH AND FISHERY PRODUCTS,FREEZING OF FISH AND FISHERY PRODUCTS(IQF/BLOCK) (AQUACULTURE SHRIMPS,SEA CAUGHT SHRIMPS, AND CEPHA.... Expiry: 18/02/2028."
