approval_no,plant_name,company,address,town_region,country,activity,activity_type
PEF.7.0053.15,4 A LOGISTIC,4 A LOGISTIC,"DOUAR LAHFAYA, OULED HADDOU, COMMUNE DE BOUSKOURA, NOUACEUR,CASABLANCA",CASABLANCA,Morocco,ENTREPOSAGE,ENTREPOSAGE DES PRODUITS DE LA PECHE SOUS TEMPERATURE DIRIGEE Y COMPRIS LES COQUILLAGES
PEF.25.0210.19,4 A LOGISTIC 2,4 A LOGISTIC 2,"Lot n° 81, Z I TASSILA III, TIKIOUINE- AGADIR",AGADIR,Morocco,ENTREPOSAGE,ENTREPOSAGE DES PRODUITS DE LA PECHE SOUS TEMPERATURE DIRIGEE Y COMPRIS LES COQUILLAGES
4315,ACE MAREE,ACE MAREE,LOT 141 HO2 ZI SIDI GHANEM ROUTE DE SAFI MARRAKECH,MARRAKECH,Morocco,CONDITIONNEMENT DU POISSON FRAIS ET ENTREPOSAGE,"ETABLISSEMENTS OU ENTREPRISES DE PRODUCTION, DE TRAITEMENT, DE TRANSFORMATION, DE CONDITIONNEMENT ET OU CONSERVATION DES PRODUITS ET SOUS PRODUITS DE LA PECHE"
2918,AFRO PESCA MAROC,AFRO PESCA MAROC,N° 74 ZONE INDUSTRIELLE EL MARSA LAAYOUNE,LAAYOUNE,Morocco,CONGELATION,"ETABLISSEMENTS OU ENTREPRISES DE PRODUCTION, DE TRAITEMENT, DE TRANSFORMATION, DE CONDITIONNEMENT ET OU CONSERVATION DES PRODUITS ET SOUS PRODUITS DE LA PECHE"
6047,AGADIR ICE,AGADIR ICE,PORT DE PECHE AGADIR PARCELLE N°247 AGADIR,AGADIR,Morocco,ENTREPOSAGE,ENTREPOSAGE DES PRODUITS DE LA PECHE SOUS TEMPERATURE DIRIGEE Y COMPRIS LES COQUILLAGES
6310,AGADIR OCEAN II,AGADIR OCEAN II,ZONE INDUSTRIELLE AIT MELLOUL BP 1640 AGADIR,AGADIR,Morocco,SEMI-CONSERVE,"ETABLISSEMENTS OU ENTREPRISES DE PRODUCTION, DE TRAITEMENT, DE TRANSFORMATION, DE CONDITIONNEMENT ET OU CONSERVATION DES PRODUITS ET SOUS PRODUITS DE LA PECHE"
PEF.59.0098.16,AGRICOLD FRIGO OULED HRIZ,AGRICOLD FRIGO OULED HRIZ,QUARTIER INDUSTRIEL LOT N°2 ROUTE AIN SAYARNI BERCHID,CASABLANCA,Morocco,ENTREPOSAGE,ENTREPOSAGE DES PRODUITS DE LA PECHE SOUS TEMPERATURE DIRIGEE Y COMPRIS LES COQUILLAGES
4070,AL ALYA FISHERIES,AL ALYA FISHERIES,LOT 3 EX MATRAP AVABDRRAHIM BOUABID LAAYOUNE,LAAYOUNE,Morocco,CONGELATION,"ETABLISSEMENTS OU ENTREPRISES DE PRODUCTION, DE TRAITEMENT, DE TRANSFORMATION, DE CONDITIONNEMENT ET OU CONSERVATION DES PRODUITS ET SOUS PRODUITS DE LA PECHE"
PP.48.0205.19,ALIDA SEAFOOD AND PROCESSING,ALIDA SEAFOOD AND PROCESSING,Zone d'activité économique Lot N°41 commune urbaine de Jerada,JERADA,Morocco,DECORTICAGE DES CREVETTES,"ETABLISSEMENTS OU ENTREPRISES DE PRODUCTION, DE TRAITEMENT, DE TRANSFORMATION, DE CONDITIONNEMENT ET OU CONSERVATION DES PRODUITS ET SOUS PRODUITS DE LA PECHE"
PP.46.6364.18,ALPHA POISSON,ALPHA POISSON,"KM, 7 ROUTE BERKANE -SAIDIA BERKANE",BERKANE,Morocco,CONDITIONNEMENT DES PRODUITS DE LA PECHE A L'ETAT FRAIS ET DECORTICAGE DES CREVETTES,"ETABLISSEMENTS OU ENTREPRISES DE PRODUCTION, DE TRAITEMENT, DE TRANSFORMATION, DE CONDITIONNEMENT ET OU CONSERVATION DES PRODUITS ET SOUS PRODUITS DE LA PECHE"
PP.50.0223.19,ALTO MARE,ALTO MARE,"PORT DE PECHE DE BENI ENSAR, NADOR",NADOR,Morocco,CONDITIONNEMENT DES PRODUITS DE LA PECHE A L'ETAT FRAIS ET CONGELATION,"ETABLISSEMENTS OU ENTREPRISES DE PRODUCTION, DE TRAITEMENT, DE TRANSFORMATION, DE CONDITIONNEMENT ET OU CONSERVATION DES PRODUITS ET SOUS PRODUITS DE LA PECHE"
2682,AMADIR,AMADIR,"AV AHMED EL HIBA , LOT 855 ZONE INDUSTRIELLE AIT MELLOUL INZEGANE AGADIR",AGADIR,Morocco,CONSERVE DE POISSON,"ETABLISSEMENTS OU ENTREPRISES DE PRODUCTION, DE TRAITEMENT, DE TRANSFORMATION, DE CONDITIONNEMENT ET OU CONSERVATION DES PRODUITS ET SOUS PRODUITS DE LA PECHE"
1657,AMAPEX,AMAPEX,PARCELLE 50 NOUVEAU PORT AGADIR 80000 AGADIR,AGADIR,Morocco,CONGELATION,"ETABLISSEMENTS OU ENTREPRISES DE PRODUCTION, DE TRAITEMENT, DE TRANSFORMATION, DE CONDITIONNEMENT ET OU CONSERVATION DES PRODUITS ET SOUS PRODUITS DE LA PECHE"
PP.60.0192.18,ANASS PESCA,ANASS PESCA,PORT DE MEHDIA KENITRA,KENITRA,Morocco,SALAISON DES ANCHOIS EN FUTS,"ETABLISSEMENTS OU ENTREPRISES DE PRODUCTION, DE TRAITEMENT, DE TRANSFORMATION, DE CONDITIONNEMENT ET OU CONSERVATION DES PRODUITS ET SOUS PRODUITS DE LA PECHE"
PP.27.2171.21,ANDREXPORT,ANDREXPORT,44 AV MED LQBAL BIOUGRA AIT BAHA AGADIR,AGADIR,Morocco,MATURATION ET STOCKAGE DES POISSONS SAL2S,"ETABLISSEMENTS OU ENTREPRISES DE PRODUCTION, DE TRAITEMENT, DE TRANSFORMATION, DE CONDITIONNEMENT ET OU CONSERVATION DES PRODUITS ET SOUS PRODUITS DE LA PECHE"
3718,ANDREXPORT II,ANDREXPORT II,ZONE INDUSTRIELLE D'AIT MELLOUL N° 638 BIS AGADIR,AGADIR,Morocco,SEMI-CONSERVE,"ETABLISSEMENTS OU ENTREPRISES DE PRODUCTION, DE TRAITEMENT, DE TRANSFORMATION, DE CONDITIONNEMENT ET OU CONSERVATION DES PRODUITS ET SOUS PRODUITS DE LA PECHE"
3416,ANOL,ANOL,QI ANZA AGADIR,AGADIR,Morocco,SEMI-CONSERVE,"ETABLISSEMENTS OU ENTREPRISES DE PRODUCTION, DE TRAITEMENT, DE TRANSFORMATION, DE CONDITIONNEMENT ET OU CONSERVATION DES PRODUITS ET SOUS PRODUITS DE LA PECHE"
PP.34.0188.18,ANTIPASTI-MED,ANTIPASTI-MED,"ZONE FRANCHE , SECTEUR B1, LOT N°2 , TANGER",TANGER,Morocco,SEMI-CONSERVE,"ETABLISSEMENTS OU ENTREPRISES DE PRODUCTION, DE TRAITEMENT, DE TRANSFORMATION, DE CONDITIONNEMENT ET OU CONSERVATION DES PRODUITS ET SOUS PRODUITS DE LA PECHE"
4605,AQUASUD,AQUASUD,AV MED V QUARTIER INDUSTRIEL DAKHLA BP 132 DAKHLA,DAKHLA,Morocco,CONDITIONNEMENT DES PRODUITS DE LA PECHE A L'ETAT FRAIS,"ETABLISSEMENTS OU ENTREPRISES DE PRODUCTION, DE TRAITEMENT, DE TRANSFORMATION, DE CONDITIONNEMENT ET OU CONSERVATION DES PRODUITS ET SOUS PRODUITS DE LA PECHE"
PP.74.0011.14,ARGOB FISH,ARGOB FISH,N°175-176 ZONE INDUSTRIELLE DAKHLA,DAKHLA,Morocco,TRIAGE ET CALIBRAGE DES PETITS PELAGIQUES,"ETABLISSEMENTS OU ENTREPRISES DE PRODUCTION, DE TRAITEMENT, DE TRANSFORMATION, DE CONDITIONNEMENT ET OU CONSERVATION DES PRODUITS ET SOUS PRODUITS DE LA PECHE"
PP.74.3108.18,ARTERE CONGEL,ARTERE CONGEL,ZONE PORTUAIRE DAKHLA,DAKHLA,Morocco,"CONGELATION, CONDITIONNEMENT DES PRODUITS DE LA PËCHE A L'ETAT FRAIS ET ETETAGE ET EVISCERATION DES PRODUITS DE LA PECHE","ETABLISSEMENTS OU ENTREPRISES DE PRODUCTION, DE TRAITEMENT, DE TRANSFORMATION, DE CONDITIONNEMENT ET OU CONSERVATION DES PRODUITS ET SOUS PRODUITS DE LA PECHE"
PEF.7.0099.16,ASMAK AL OUIFAK,ASMAK AL OUIFAK,DOUAR LAHFAYA KM 11 ROUTE DE MEDIOUNA NOUACEUR CASABLANCA,CASABLANCA,Morocco,ENTREPOSAGE,ENTREPOSAGE DES PRODUITS DE LA PECHE SOUS TEMPERATURE DIRIGEE Y COMPRIS LES COQUILLAGES
PEF.19.0208.19,ASMAK HAOUZ MARRAKECH,ASMAK HAOUZ MARRAKECH,"N° 781, LOTISSEMENT AL MASSAR ROUTE DE SAFI, MARRAKECH",MARRAKECH,Morocco,ENTREPOSAGE,ENTREPOSAGE DES PRODUITS DE LA PECHE SOUS TEMPERATURE DIRIGEE Y COMPRIS LES COQUILLAGES
4082,ASMAK MORSAD,ASMAK MORSAD,BP 8002 CITE DAKHLA AGADIR,AGADIR,Morocco,ENTREPOSAGE,ENTREPOSAGE DES PRODUITS DE LA PECHE SOUS TEMPERATURE DIRIGEE Y COMPRIS LES COQUILLAGES
PEF.19.0083.16,ASMAK TAHIRI,ASMAK TAHIRI,N° 136 HAY TARGA SIDI MBAREK MARAKECH,MARRAKECH,Morocco,ENTREPOSAGE,ENTREPOSAGE DES PRODUITS DE LA PECHE SOUS TEMPERATURE DIRIGEE Y COMPRIS LES COQUILLAGES
PP.71.0145.17,ASPAM,ASPAM,LOT A35 ZONE INDUSTRIELLE EL MARSA LAAYOUNE,LAAYOUNE,Morocco,CONGELATION,"ETABLISSEMENTS OU ENTREPRISES DE PRODUCTION, DE TRAITEMENT, DE TRANSFORMATION, DE CONDITIONNEMENT ET OU CONSERVATION DES PRODUITS ET SOUS PRODUITS DE LA PECHE"
PEF.53.0135.17,ASSALAMA FRIGOS 1,ASSALAMA FRIGOS 1,ZONE INDUSTRIELLE LOT 151 EL JADIDA,EL JADIDA,Morocco,ENTREPOSAGE,ENTREPOSAGE DES PRODUITS DE LA PECHE SOUS TEMPERATURE DIRIGEE Y COMPRIS LES COQUILLAGES
PP.53.0136.17,ASSALAMA FRIGOS 2,ASSALAMA FRIGOS 2,"ZONE INDUSTRIELLE LOT 151, EL JADIDA",EL JADIDA,Morocco,CONDITIONNEMENT DES PRODUITS DE LA PECHE A L'ETAT FRAIS ET CONGELATION,"ETABLISSEMENTS OU ENTREPRISES DE PRODUCTION, DE TRAITEMENT, DE TRANSFORMATION, DE CONDITIONNEMENT ET OU CONSERVATION DES PRODUITS ET SOUS PRODUITS DE LA PECHE"
PP.5.0213.19,ASSIETTE NORDIQUE,ASSIETTE NORDIQUE,"Lotissement Saadi, Lot n°6, Quartier Industriel Sidi Bernoussi-Casablanca",CASABLANCA,Morocco,"CONDITIONNEMENT DES PRODUITS DE LA PECHE, DES PRODUITS DE L'AQUACULTURE A L'ÉTÉ FRAIS ET CONGELATION, FILETAGE,FUMAGE, DECORTICAGE DES CREVETTES ET CUISSON DES CRUSTACES ET STOCKAGE DES PRODUITS CONGELES","ETABLISSEMENTS OU ENTREPRISES DE PRODUCTION, DE TRAITEMENT, DE TRANSFORMATION, DE CONDITIONNEMENT ET OU CONSERVATION DES PRODUITS ET SOUS PRODUITS DE LA PECHE"
PEF.5.0215.19,ASSIETTE NORDIQUE ENTREPOSAGE,ASSIETTE NORDIQUE ENTREPOSAGE,"Lotissement Saadi, Lot n° 16, Quartier Industriel Sidi Bernoussi-Casablanca",CASABLANCA,Morocco,ENTREPOSAGE,ENTREPOSAGE DES PRODUITS DE LA PECHE SOUS TEMPERATURE DIRIGEE Y COMPRIS LES COQUILLAGES
PEF.5.0262.20,ASSIETTE OCEANE,ASSIETTE OCEANE,"1, Allée de Mandariniers, Bd Chefchaouni, Ain Sbaa -Casablanca",CASABLANCA,Morocco,ENTREPOSAGE,ENTREPOSAGE DES PRODUITS DE LA PECHE SOUS TEMPERATURE DIRIGEE Y COMPRIS LES COQUILLAGES
PP.1.0087.16,FATIFISH FOOD,FATIFISH FOOD,ZONE INDUSTRIELLE BOUREGRAG,RABAT,Morocco,"CONGELATION DES PRODUITS DE LA PECHE ET DES COQUILLAGES, Conditionnement des produits de la peche a l'etat frais, FILETAGE ET DECORTICAGE DES CREVETTES","ETABLISSEMENTS OU ENTREPRISES DE PRODUCTION, DE TRAITEMENT, DE TRANSFORMATION, DE CONDITIONNEMENT ET OU CONSERVATION DES PRODUITS ET SOUS PRODUITS DE LA PECHE"
PP.68.3592.21,ATLANTIC BLEUE FIN,ATLANTIC BLEUE FIN,PORT DE PECHE DE TAN TAN,TAN TAN,Morocco,CONGELATION DES CEPHALOPODES ET POISSONS BLANCS,"ETABLISSEMENTS OU ENTREPRISES DE PRODUCTION, DE TRAITEMENT, DE TRANSFORMATION, DE CONDITIONNEMENT ET OU CONSERVATION DES PRODUITS ET SOUS PRODUITS DE LA PECHE"
3030,ATLANTIC CONSERVES,ATLANTIC CONSERVES,ZI AIT MELLOUL .BP 582 AGADIR,AGADIR,Morocco,CONSERVE DE POISSON,"ETABLISSEMENTS OU ENTREPRISES DE PRODUCTION, DE TRAITEMENT, DE TRANSFORMATION, DE CONDITIONNEMENT ET OU CONSERVATION DES PRODUITS ET SOUS PRODUITS DE LA PECHE"
PP.26.0162.18,ATLANTIC HOME SARDINES,ATLANTIC HOME SARDINES,ZONE INDUSTRIELLE LOT 676 AIT MELLOUL AGADIR,AGADIR,Morocco,CONSERVE DE POISSON,"ETABLISSEMENTS OU ENTREPRISES DE PRODUCTION, DE TRAITEMENT, DE TRANSFORMATION, DE CONDITIONNEMENT ET OU CONSERVATION DES PRODUITS ET SOUS PRODUITS DE LA PECHE"
3507,ATLANTIC SARDINE ANCHOVIES TAN TAN,ATLANTIC SARDINE ANCHOVIES TAN TAN,QUARTIER INDUSTRIEL ROUTE PRINCIPAL TAN TAN,TAN TAN,Morocco,CONSERVE DE POISSON,"ETABLISSEMENTS OU ENTREPRISES DE PRODUCTION, DE TRAITEMENT, DE TRANSFORMATION, DE CONDITIONNEMENT ET OU CONSERVATION DES PRODUITS ET SOUS PRODUITS DE LA PECHE"
2933,ATLANTIC SEA PRODUCTS,ATLANTIC SEA PRODUCTS,"N° 31, NOUVEAU PORT D’AGADIR",AGADIR,Morocco,CONGELATION,"ETABLISSEMENTS OU ENTREPRISES DE PRODUCTION, DE TRAITEMENT, DE TRANSFORMATION, DE CONDITIONNEMENT ET OU CONSERVATION DES PRODUITS ET SOUS PRODUITS DE LA PECHE"
3874,ATLAS SEAFOOD,ATLAS SEAFOOD,40 ANGLE AVENUE ABOUBAKER EL OUAHRANI ET RUE AVIATEUR VITALIS HAY HAY MOHAMMADI CASABLANCA,CASABLANCA,Morocco,"CONGELATION, CONDITIONNEMENT DES PRODUITS DE LA PECHE A L'ETAT FRAS ET CONDITIONNEMENT DES PIEDS DE BICHE","ETABLISSEMENTS OU ENTREPRISES DE PRODUCTION, DE TRAITEMENT, DE TRANSFORMATION, DE CONDITIONNEMENT ET OU CONSERVATION DES PRODUITS ET SOUS PRODUITS DE LA PECHE"
1155,ATUNEROS DEL NORTE,ATUNEROS DEL NORTE,PORT M DIQ- M DIQ TETOUAN 3 RUE ELRRAOUI APPT 26 1ER ETAGE TANGER TETOUAN,M'DIQ,Morocco,CONGELATION,"ETABLISSEMENTS OU ENTREPRISES DE PRODUCTION, DE TRAITEMENT, DE TRANSFORMATION, DE CONDITIONNEMENT ET OU CONSERVATION DES PRODUITS ET SOUS PRODUITS DE LA PECHE"
PP.74.0041.15,ATUNEROS DEL SUR,ATUNEROS DEL SUR,"N° 1,2 ZONE INDUSTRIELLE ESSALAM DAKHLA",DAKHLA,Morocco,CONGELATION,"ETABLISSEMENTS OU ENTREPRISES DE PRODUCTION, DE TRAITEMENT, DE TRANSFORMATION, DE CONDITIONNEMENT ET OU CONSERVATION DES PRODUITS ET SOUS PRODUITS DE LA PECHE"
1653,AVEIRO MAROC,AVEIRO MAROC,ZONE INDUSTRIELLE 80152 AIT MELLOUL,AGADIR,Morocco,CONSERVE DE POISSON,"ETABLISSEMENTS OU ENTREPRISES DE PRODUCTION, DE TRAITEMENT, DE TRANSFORMATION, DE CONDITIONNEMENT ET OU CONSERVATION DES PRODUITS ET SOUS PRODUITS DE LA PECHE"
PEF.40.0237.19,AYOUB DES POISSONS,AYOUB DES POISSONS,N° 138 ZONE INDUSTRIELLE -TETOUAN,TETOUAN,Morocco,ENTREPOSAGE,ENTREPOSAGE DES PRODUITS DE LA PECHE SOUS TEMPERATURE DIRIGEE Y COMPRIS LES COQUILLAGES
PEF.19.0094.16,AZUL FISH,AZUL FISH,LOT N° 756 LOTISSEMENT AL MASSAR ROUTE DE SAFI MARRAKECH,MARRAKECH,Morocco,ENTREPOSAGE,ENTREPOSAGE DES PRODUITS DE LA PECHE SOUS TEMPERATURE DIRIGEE Y COMPRIS LES COQUILLAGES
PP.19.0146.17,AZUL FISH 2,AZUL FISH 2,"N° 756,LOTISSEMENT AL MASSAR, ROUTE DE SAFI, 40000,MARRAKECH",MARRAKECH,Morocco,"CONDITIONNEMENT DES PRODUITS DE LA PECHE A L'ETAT FRAIS, CONGELATION ET FILETAGE","ETABLISSEMENTS OU ENTREPRISES DE PRODUCTION, DE TRAITEMENT, DE TRANSFORMATION, DE CONDITIONNEMENT ET OU CONSERVATION DES PRODUITS ET SOUS PRODUITS DE LA PECHE"
PEF.5.0175.18,AZUL FISH 3,AZUL FISH 3,"N° 310 LOTISSEMENT LINA ,ZI SIDI MAAROUF-CASABLANCA",CASABLANCA,Morocco,ENTREPOSAGE,ENTREPOSAGE DES PRODUITS DE LA PECHE SOUS TEMPERATURE DIRIGEE Y COMPRIS LES COQUILLAGES
PP.63.0155.18,BAHRI FISH,BAHRI FISH,LOT N° 62 ZONE INDUSTRIELLE DE BENI MELLAL,BENI MELLAL,Morocco,CONDITIONNEMENT DES PRODUITS DE LA PECHE A L'ETAT FRAIS ET CONGELATION,"ETABLISSEMENTS OU ENTREPRISES DE PRODUCTION, DE TRAITEMENT, DE TRANSFORMATION, DE CONDITIONNEMENT ET OU CONSERVATION DES PRODUITS ET SOUS PRODUITS DE LA PECHE"
3196,BAZEN,BAZEN,"167, BD DE BOURGOGNE CASABLANCA",MOHAMMADIA,Morocco,SECHAGE DE POISSON,"ETABLISSEMENTS OU ENTREPRISES DE PRODUCTION, DE TRAITEMENT, DE TRANSFORMATION, DE CONDITIONNEMENT ET OU CONSERVATION DES PRODUITS ET SOUS PRODUITS DE LA PECHE"
2817,BEAUX FRIGOS,BEAUX FRIGOS,ZONE INDUSTRIELLE ESSALAM DAKHLA,DAKHLA,Morocco,CONGELATION,"ETABLISSEMENTS OU ENTREPRISES DE PRODUCTION, DE TRAITEMENT, DE TRANSFORMATION, DE CONDITIONNEMENT ET OU CONSERVATION DES PRODUITS ET SOUS PRODUITS DE LA PECHE"
PP.25.3313.20,NATURA POISSONS,NATURA POISSONS,PARCELLE 64 NOUVEAU PORT ANZA AGADIR,AGADIR,Morocco,CONGELATION,"ETABLISSEMENTS OU ENTREPRISES DE PRODUCTION, DE TRAITEMENT, DE TRANSFORMATION, DE CONDITIONNEMENT ET OU CONSERVATION DES PRODUITS ET SOUS PRODUITS DE LA PECHE"
1709,BELMA,BELMA,"ZONE INDUSTRIELLE D'AIT MELLOUL, LOT N° 862",AGADIR,Morocco,CONSERVE DE POISSON,"ETABLISSEMENTS OU ENTREPRISES DE PRODUCTION, DE TRAITEMENT, DE TRANSFORMATION, DE CONDITIONNEMENT ET OU CONSERVATION DES PRODUITS ET SOUS PRODUITS DE LA PECHE"
3222,BENSSI FRIGO,BENSSI FRIGO,ZONE INDUSTRIELE HAY ESSALAM DAKHLA,DAKHLA,Morocco,CONGELATION,"ETABLISSEMENTS OU ENTREPRISES DE PRODUCTION, DE TRAITEMENT, DE TRANSFORMATION, DE CONDITIONNEMENT ET OU CONSERVATION DES PRODUITS ET SOUS PRODUITS DE LA PECHE"
PP.47.0278.21,BEST CONSERVES,BEST CONSERVES,"19 ROUTE NATIONAL RELIANT TAOURIRT ET DEBDOU, COMMUNE AHL OUES ZA, Province TAOURIRT",TAOURIRT,Morocco,DECORTICAGE DES CREVETTES,"ETABLISSEMENTS OU ENTREPRISES DE PRODUCTION, DE TRAITEMENT, DE TRANSFORMATION, DE CONDITIONNEMENT ET OU CONSERVATION DES PRODUITS ET SOUS PRODUITS DE LA PECHE"
5157,BIO FISH,BIO FISH,"N° 92 ZONE 1 PARC INDUSTRIEL DE BOUSKOURA, PROVINCE DE NOUACEUR CASABLANCA",CASABLANCA,Morocco,CONGELATION ET ENTREPOSAGE,"ETABLISSEMENTS OU ENTREPRISES DE PRODUCTION, DE TRAITEMENT, DE TRANSFORMATION, DE CONDITIONNEMENT ET OU CONSERVATION DES PRODUITS ET SOUS PRODUITS DE LA PECHE ENTREPOSAGE DES PRODUITS DE LA PECHE SOUS TEMPERATURE DIRIGEE Y COMPRIS LES COQUILLAGES"
2975,BLANCAMAR,BLANCAMAR,"LOTS 15 ET16, Z.I SAPINO PROVINCE DE NOUACEUR CASABLANCA",CASABLANCA,Morocco,CONGELATION,"ETABLISSEMENTS OU ENTREPRISES DE PRODUCTION, DE TRAITEMENT, DE TRANSFORMATION, DE CONDITIONNEMENT ET OU CONSERVATION DES PRODUITS ET SOUS PRODUITS DE LA PECHE"
2915,BLANMAR,BLANMAR,ZONE INDUSTRIELLE HAY ESSALAM DAKHLA,DAKHLA,Morocco,CONGELATION,"ETABLISSEMENTS OU ENTREPRISES DE PRODUCTION, DE TRAITEMENT, DE TRANSFORMATION, DE CONDITIONNEMENT ET OU CONSERVATION DES PRODUITS ET SOUS PRODUITS DE LA PECHE"
PP.1.0087.16,FATIFISH FOOD,FATIFISH FOOD,"8,9,10 ZONE INDUSTRIELLE ABI REGRAG,RABAT",RABAT,Morocco,"CONDITIONNEMENT DES PRODUITS DE LA PECHE A L'ETAT FRAIS, CONGELATION, FILETAGE, DECORTICAGE DES CREVETTES","ETABLISSEMENTS OU ENTREPRISES DE PRODUCTION, DE TRAITEMENT, DE TRANSFORMATION, DE CONDITIONNEMENT ET OU CONSERVATION DES PRODUITS ET SOUS PRODUITS DE LA PECHE"
PEF.1.0063.15,HANDELMA,HANDELMA,"N°1,ZONE INDUSTRIELLE ABI REGREG,TAKADOUM RABAT",RABAT,Morocco,ENTREPOSAGE,ENTREPOSAGE DES PRODUITS DE LA PECHE SOUS TEMPERATURE DIRIGEE Y COMPRIS LES COQUILLAGES
3087,BOUZERGTOUN SEAFOOD,BOUZERGTOUN SEAFOOD,STALLE N° 11 PORT DE PECHE S CASABLANCA,CASABLANCA,Morocco,CONDITIONNEMENT DES PRODUITS DE LA PECHE A L'ETAT FRAIS,"ETABLISSEMENTS OU ENTREPRISES DE PRODUCTION, DE TRAITEMENT, DE TRANSFORMATION, DE CONDITIONNEMENT ET OU CONSERVATION DES PRODUITS ET SOUS PRODUITS DE LA PECHE"
1963,C.C.I.D,C.C.I.D,BP 111 ZONE INDJUSTRIELLE DAKHLA,DAKHLA,Morocco,CONGELATION,"ETABLISSEMENTS OU ENTREPRISES DE PRODUCTION, DE TRAITEMENT, DE TRANSFORMATION, DE CONDITIONNEMENT ET OU CONSERVATION DES PRODUITS ET SOUS PRODUITS DE LA PECHE"
2761,CANPECHES,CANPECHES,LOT N° 10 ZONE INDUSTRIELLE BOUJDOUR,BOUJDOUR,Morocco,CONDITIONNEMENT DES PRODUITS DE LA PECHE A L'ETAT FRAIS ET CONGELATION,"ETABLISSEMENTS OU ENTREPRISES DE PRODUCTION, DE TRAITEMENT, DE TRANSFORMATION, DE CONDITIONNEMENT ET OU CONSERVATION DES PRODUITS ET SOUS PRODUITS DE LA PECHE"
3266,CENPESUD,CENPESUD,ZONE INDUSTRIELLE ESSALAML DAKHLA,DAKHLA,Morocco,CONGELATION,"ETABLISSEMENTS OU ENTREPRISES DE PRODUCTION, DE TRAITEMENT, DE TRANSFORMATION, DE CONDITIONNEMENT ET OU CONSERVATION DES PRODUITS ET SOUS PRODUITS DE LA PECHE"
PP.74.2512.18,CEPHALOPODES RIO DE ORO,CEPHALOPODES RIO DE ORO,nan,DAKHLA,Morocco,CONGELATION,"ETABLISSEMENTS OU ENTREPRISES DE PRODUCTION, DE TRAITEMENT, DE TRANSFORMATION, DE CONDITIONNEMENT ET OU CONSERVATION DES PRODUITS ET SOUS PRODUITS DE LA PECHE"
PP.68.0014.14,CIBEL,CIBEL,ZONE EXTRAPORTUAIRE BP 38 PORT DE TAN TAN,TAN TAN,Morocco,HUILE DE POISSON A CONSOMMATION HUMAINE,"ETABLISSEMENTS OU ENTREPRISES DE PRODUCTION, DE TRAITEMENT, DE TRANSFORMATION, DE CONDITIONNEMENT ET OU CONSERVATION DES PRODUITS ET SOUS PRODUITS DE LA PECHE"
9421,CIBEL IV,CIBEL IV,QI ANZA BP.135-AGADIR,AGADIR,Morocco,CONSERVE DE POISSON,"ETABLISSEMENTS OU ENTREPRISES DE PRODUCTION, DE TRAITEMENT, DE TRANSFORMATION, DE CONDITIONNEMENT ET OU CONSERVATION DES PRODUITS ET SOUS PRODUITS DE LA PECHE"
PEF.25.0044.15,CISNEROS SEA FOOD,CISNEROS SEA FOOD,"ZONE PORTUAIRE, ANCIEN PORT,AGADIR",AGADIR,Morocco,ENTREPOSAGE,ENTREPOSAGE DES PRODUITS DE LA PECHE SOUS TEMPERATURE DIRIGEE Y COMPRIS LES COQUILLAGES
3065,CODAKPO,CODAKPO,ZONE INDUSTRIELLE Hay Salam DAKHLA,DAKHLA,Morocco,CONGELATION,"ETABLISSEMENTS OU ENTREPRISES DE PRODUCTION, DE TRAITEMENT, DE TRANSFORMATION, DE CONDITIONNEMENT ET OU CONSERVATION DES PRODUITS ET SOUS PRODUITS DE LA PECHE"
5427,COFEPROMER,COFEPROMER,PROVINCE DE CHTOUKA AIT BAHA AGADIR,AGADIR,Morocco,SECHAGE DES MOULES,"ETABLISSEMENTS OU ENTREPRISES DE PRODUCTION, DE TRAITEMENT, DE TRANSFORMATION, DE CONDITIONNEMENT ET OU CONSERVATION DES PRODUITS ET SOUS PRODUITS DE LA PECHE"
PP.71.3335.18,COFRIGOB,COFRIGOB,LOT 53 ZONE INDUSTRIELLE EL MARSSA LAAYOUNE,LAAYOUNE,Morocco,CONGELATION,"ETABLISSEMENTS OU ENTREPRISES DE PRODUCTION, DE TRAITEMENT, DE TRANSFORMATION, DE CONDITIONNEMENT ET OU CONSERVATION DES PRODUITS ET SOUS PRODUITS DE LA PECHE"
PEF.71.0274.21,COFRIGOB ENTREPOSAGE,COFRIGOB ENTREPOSAGE,LOT 81 ZONE INDUSTRIELLE EL MARSSA LAAYOUNE,LAAYOUNE,Morocco,ENTREPOSAGE,ENTREPOSAGE DES PRODUITS DE LA PECHE SOUS TEMPERATURE DIRIGEE Y COMPRIS LES COQUILLAGES
1720,COLOCONSA,COLOCONSA,PRINCE MOULAY HASSAN BEN MEHDI- ASILAH,ASILAH,Morocco,SEMI-CONSERVE,"ETABLISSEMENTS OU ENTREPRISES DE PRODUCTION, DE TRAITEMENT, DE TRANSFORMATION, DE CONDITIONNEMENT ET OU CONSERVATION DES PRODUITS ET SOUS PRODUITS DE LA PECHE"
PP.52.4326.19,COMEA,COMEA,ZONE INDUSTRIELLE ZONE BASSE ROUTE DE JORF LIHOUDI SAFI,SAFI,Morocco,CONSERVE DE POISSON,"ETABLISSEMENTS OU ENTREPRISES DE PRODUCTION, DE TRAITEMENT, DE TRANSFORMATION, DE CONDITIONNEMENT ET OU CONSERVATION DES PRODUITS ET SOUS PRODUITS DE LA PECHE"
PP.71.2940.15,CONGEL D'CHERA,CONGEL D'CHERA,"38,BIS, ZONE INDUSTRIELLE , EL MARSA, LAYOUNE",LAAYOUNE,Morocco,CONGELATION,"ETABLISSEMENTS OU ENTREPRISES DE PRODUCTION, DE TRAITEMENT, DE TRANSFORMATION, DE CONDITIONNEMENT ET OU CONSERVATION DES PRODUITS ET SOUS PRODUITS DE LA PECHE"
3113,CONGEL MIRAMAR,CONGEL MIRAMAR,ZONE INDUSTRIELLE HAY ESSALAM DAKHLA,DAKHLA,Morocco,"CONGELATION, CONDITIONNEMENT DES PRODUITS DE LA PECHE A L'ETAT FRAIS, FILETAGE, EVISCERATION ET ETETAGE DES PETITS PELAGIQUES","ETABLISSEMENTS OU ENTREPRISES DE PRODUCTION, DE TRAITEMENT, DE TRANSFORMATION, DE CONDITIONNEMENT ET OU CONSERVATION DES PRODUITS ET SOUS PRODUITS DE LA PECHE"
PEF.40.0064.16,CONGELADO MANHATTAN,CONGELADO MANHATTAN,"4 GROUPE LOCAUX TECH, ZI TETOUAN",M'DIQ,Morocco,ENTREPOSAGE,ENTREPOSAGE DES PRODUITS DE LA PECHE SOUS TEMPERATURE DIRIGEE Y COMPRIS LES COQUILLAGES
3116,CONGELADOS PESCA,CONGELADOS PESCA,ZONE INDUSTRIELLE ESSALAM DAKHLA,DAKHLA,Morocco,CONGELATION,"ETABLISSEMENTS OU ENTREPRISES DE PRODUCTION, DE TRAITEMENT, DE TRANSFORMATION, DE CONDITIONNEMENT ET OU CONSERVATION DES PRODUITS ET SOUS PRODUITS DE LA PECHE"
PP.74.3011.18,CONGELATION AL JANOUB,CONGELATION AL JANOUB,ZONE INDUSTRIELLE ESSALAM DAKHLA,DAKHLA,Morocco,"CONDITIONNEMENT DES PRODUITS DE LA PECHE A L'ETAT FRAIS, CONGELATION ET FILETAGE","ETABLISSEMENTS OU ENTREPRISES DE PRODUCTION, DE TRAITEMENT, DE TRANSFORMATION, DE CONDITIONNEMENT ET OU CONSERVATION DES PRODUITS ET SOUS PRODUITS DE LA PECHE"
3066,CONGELATION AL KHALIJ,CONGELATION AL KHALIJ,ZONE INDUSTRIELLE HAY SALAM DAKHLA,DAKHLA,Morocco,CONGELATION,"ETABLISSEMENTS OU ENTREPRISES DE PRODUCTION, DE TRAITEMENT, DE TRANSFORMATION, DE CONDITIONNEMENT ET OU CONSERVATION DES PRODUITS ET SOUS PRODUITS DE LA PECHE"
2512,CONGELATION ALOUK DAS,CONGELATION ALOUK DAS,BP 83 ZONE INDUSTRIELLE DAKHLA,DAKHLA,Morocco,CONDITIONNEMENT DES PRODUITS DE LA PECHE A L'ETAT FRAIS ET CONGELATION,"ETABLISSEMENTS OU ENTREPRISES DE PRODUCTION, DE TRAITEMENT, DE TRANSFORMATION, DE CONDITIONNEMENT E T O U CONSERVATION DES PRODUITS ET SOUS PRODUITS DE LA PECHE"
3246,CONGELATION CABO BARBAS,CONGELATION CABO BARBAS,"LOT N° 23-24, 25 ZONE INDUSTRIELLE. HAY ESSALAM DAKHLA",DAKHLA,Morocco,CONGELATION,"ETABLISSEMENTS OU ENTREPRISES DE PRODUCTION, DE TRAITEMENT, DE TRANSFORMATION, DE CONDITIONNEMENT ET OU CONSERVATION DES PRODUITS ET SOUS PRODUITS DE LA PECHE"
PP.71.3921.18,CONGELATION EL MOUSTAKIM,CONGELATION EL MOUSTAKIM,nan,LAAYOUNE,Morocco,CONDITIONNEMENT DES PRODUITS DE LA PECHE A L'ETAT FRAIS ET CONGELATION,"ETABLISSEMENTS OU ENTREPRISES DE PRODUCTION, DE TRAITEMENT, DE TRANSFORMATION, DE CONDITIONNEMENT ET OU CONSERVATION DES PRODUITS ET SOUS PRODUITS DE LA PECHE"
2917,CONGELATION VILLAMAR,CONGELATION VILLAMAR,ZONE .INDUSTRIELLE HAY ESSALAM DAKHLA,DAKHLA,Morocco,CONGELATION,"ETABLISSEMENTS OU ENTREPRISES DE PRODUCTION, DE TRAITEMENT, DE TRANSFORMATION, DE CONDITIONNEMENT ET OU CONSERVATION DES PRODUITS ET SOUS PRODUITS DE LA PECHE"
3278,CONITAL,CONITAL,QI TASSILA AGADIR,AGADIR,Morocco,SEMI-CONSERVE,"ETABLISSEMENTS OU ENTREPRISES DE PRODUCTION, DE TRAITEMENT, DE TRANSFORMATION, DE CONDITIONNEMENT ET OU CONSERVATION DES PRODUITS ET SOUS PRODUITS DE LA PECHE"
1293,CONOR,CONOR,ZI HAY TAKADOUM BP 22 TAOURIRTE / LOT N° 44 ZONE INDUSTRIELLE OUJDA,TAOURIRT,Morocco,SEMI-CONSERVE,"ETABLISSEMENTS OU ENTREPRISES DE PRODUCTION, DE TRAITEMENT, DE TRANSFORMATION, DE CONDITIONNEMENT ET OU CONSERVATION DES PRODUITS ET SOUS PRODUITS DE LA PECHE"
3147,CONSERVAL,CONSERVAL,ROUTE DU JORF EL YOUDI BP 2253. RC 1425 SAFI,SAFI,Morocco,CONSERVE DE POISSON,"ETABLISSEMENTS OU ENTREPRISES DE PRODUCTION, DE TRAITEMENT, DE TRANSFORMATION, DE CONDITIONNEMENT ET OU CONSERVATION DES PRODUITS ET SOUS PRODUITS DE LA PECHE"
5381,CONSERVAL II,CONSERVAL II,ROUTE DJORF LYOUDI BP 2253,SAFI,Morocco,CONSERVE DE POISSON,"ETABLISSEMENTS OU ENTREPRISES DE PRODUCTION, DE TRAITEMENT, DE TRANSFORMATION, DE CONDITIONNEMENT ET OU CONSERVATION DES PRODUITS ET SOUS PRODUITS DE LA PECHE"
3014,CONSERVAS Y SALAZONES DEL ATLANTICO,CONSERVAS Y SALAZONES DEL ATLANTICO,NOUVEAU PORT DE LARACHE BP 572 LARACHE,LARACHE,Morocco,SEMI-CONSERVE,"ETABLISSEMENTS OU ENTREPRISES DE PRODUCTION, DE TRAITEMENT, DE TRANSFORMATION, DE CONDITIONNEMENT ET OU CONSERVATION DES PRODUITS ET SOUS PRODUITS DE LA PECHE"
1248,CONSERVERIE D’OUJDA,CONSERVERIE D’OUJDA,Q.I BP 361 OUJDA / LOT N° 44 ZONE INDUSTRIELLE OUJDA,OUJDA,Morocco,SEMI-CONSERVE,"ETABLISSEMENTS OU ENTREPRISES DE PRODUCTION, DE TRAITEMENT, DE TRANSFORMATION, DE CONDITIONNEMENT ET OU CONSERVATION DES PRODUITS ET SOUS PRODUITS DE LA PECHE"
2035,CONSERVERIE DES DEUX MERS,CONSERVERIE DES DEUX MERS,LOT 37-38-39-40-42 NOUVEAU PORT D' AGADIR,AGADIR,Morocco,SEMI-CONSERVE ET MARINADE DES ANCHOIS AU VINAIGRE ET FILETAGE DU POISSON SAL2,"ETABLISSEMENTS OU ENTREPRISES DE PRODUCTION, DE TRAITEMENT, DE TRANSFORMATION, DE CONDITIONNEMENT ET OU CONSERVATION DES PRODUITS ET SOUS PRODUITS DE LA PECHE"
PP.74.0265.20,CONSERVERIE DE OUED EDDAHAB,CONSERVERIE DE OUED EDDAHAB,"LOT N°3, ZONE INDUSTRIELLE PORTUAIRE -DAKHLA",DAKHLA,Morocco,CONSERVE DE POISSON,"ETABLISSEMENTS OU ENTREPRISES DE PRODUCTION, DE TRAITEMENT, DE TRANSFORMATION, DE CONDITIONNEMENT ET OU CONSERVATION DES PRODUITS ET SOUS PRODUITS DE LA PECHE"
PP.25.2294.18,CONSERVERIE IFNI,CONSERVERIE IFNI,ANGLE AVENUE AL MOUKAOUAMA ET RUE MOUSSA IBNOU NOUSSAIR ZONE INDUSTRIELLE BP 399 AGADIR,AGADIR,Morocco,CONGELATION,"ETABLISSEMENTS OU ENTREPRISES DE PRODUCTION, DE TRAITEMENT, DE TRANSFORMATION, DE CONDITIONNEMENT ET OU CONSERVATION DES PRODUITS ET SOUS PRODUITS DE LA PECHE"
4175,CONSERVERIE LA GIRONDE,CONSERVERIE LA GIRONDE,RUE MOUSSA IBNOU NOUSSAIR.QI.AGADIR,AGADIR,Morocco,CONSERVE DE POISSON,"ETABLISSEMENTS OU ENTREPRISES DE PRODUCTION, DE TRAITEMENT, DE TRANSFORMATION, DE CONDITIONNEMENT ET OU CONSERVATION DES PRODUITS ET SOUS PRODUITS DE LA PECHE"
1461,CONSERVERIES DES 2 MERS,CONSERVERIES DES 2 MERS,RUE 3 LOT 84 ZI ROUTE DE TETOUAN TANGER,TANGER,Morocco,SEMI-CONSERVE,"ETABLISSEMENTS OU ENTREPRISES DE PRODUCTION, DE TRAITEMENT, DE TRANSFORMATION, DE CONDITIONNEMENT ET OU CONSERVATION DES PRODUITS ET SOUS PRODUITS DE LA PECHE"
PP.74.0269.20,CONSERVERIES PELAGIQUES DE DAKHLA,CONSERVERIES PELAGIQUES DE DAKHLA,"Lot n° 2, ZONE INDUSTRIELLE PORTUAIRE -DAKHLA",DAKHLA,Morocco,CONSERVE DE POISSON,"ETABLISSEMENTS OU ENTREPRISES DE PRODUCTION, DE TRAITEMENT, DE TRANSFORMATION, DE CONDITIONNEMENT ET OU CONSERVATION DES PRODUITS ET SOUS PRODUITS DE LA PECHE"
PP.74.0260.20,CONSERVERIES RIO DE ORO,CONSERVERIES RIO DE ORO,"Lot n° 6, ZONE INDUSTRIELLE PORTUAIRE -DAKHLA",DAKHLA,Morocco,CONSERVE DE POISSON,"ETABLISSEMENTS OU ENTREPRISES DE PRODUCTION, DE TRAITEMENT, DE TRANSFORMATION, DE CONDITIONNEMENT ET OU CONSERVATION DES PRODUITS ET SOUS PRODUITS DE LA PECHE"
3227,COPELIT,COPELIT,BP 66 Z I LAAYOUNE PORT,LAAYOUNE,Morocco,CONGELATION,"ETABLISSEMENTS OU ENTREPRISES DE PRODUCTION, DE TRAITEMENT, DE TRANSFORMATION, DE CONDITIONNEMENT ET OU CONSERVATION DES PRODUITS ET SOUS PRODUITS DE LA PECHE"
5459,COPELIT,COPELIT,ZONE INDUSTRIELLE BP 66 PORT LAAYOUNE,LAAYOUNE,Morocco,HUILE DE POISSON A CONSOMMATION HUMAINE,"ETABLISSEMENTS OU ENTREPRISES DE PRODUCTION, DE TRAITEMENT, DE TRANSFORMATION, DE CONDITIONNEMENT ET OU CONSERVATION DES PRODUITS ET SOUS PRODUITS DE LA PECHE"
PP.33.0084.16,COPERATIVE ISLMANE IFNI,COPERATIVE ISLMANE IFNI,ZONE INDUSTRIELLE DE SIDI IFNI,SIDI IFNI,Morocco,SEMI-CONSERVE,"ETABLISSEMENTS OU ENTREPRISES DE PRODUCTION, DE TRAITEMENT, DE TRANSFORMATION, DE CONDITIONNEMENT ET OU CONSERVATION DES PRODUITS ET SOUS PRODUITS DE LA PECHE"
PP.26.0157.18,COPRALIM,COPRALIM,"ZONE INDUSTRIELLE TASSILA,N° 178 D'CHEIRA EL JIHADIA INEZGANE AIT MELLOUL",AGADIR,Morocco,"CONDITIONNEMENT DES PRODUITS DE LA PECHE A L'ETAT FRAIS, CONGELATION ET FILETAGE","ETABLISSEMENTS OU ENTREPRISES DE PRODUCTION, DE TRAITEMENT, DE TRANSFORMATION, DE CONDITIONNEMENT ET OU CONSERVATION DES PRODUITS ET SOUS PRODUITS DE LA PECHE"
2218,COPRAVE,COPRAVE,37 RUE AIT BA AMRANE CASA (RUE IBN BATOUTA ZI LOT N 115 EL JADIDA) USINES : N°115 QUARTIER INDUSTRIEL,EL JADIDA,Morocco,SEMI-CONSERVE,"ETABLISSEMENTS OU ENTREPRISES DE PRODUCTION, DE TRAITEMENT, DE TRANSFORMATION, DE CONDITIONNEMENT ET OU CONSERVATION DES PRODUITS ET SOUS PRODUITS DE LA PECHE"
2155,COPRINCO,COPRINCO,BP 186 PORT DE BENI NSAR NADOR 62050,NADOR,Morocco,CONGELATION,"ETABLISSEMENTS OU ENTREPRISES DE PRODUCTION, DE TRAITEMENT, DE TRANSFORMATION, DE CONDITIONNEMENT ET OU CONSERVATION DES PRODUITS ET SOUS PRODUITS DE LA PECHE"
2573,COQUILLAGES DAKHLA,COQUILLAGES DAKHLA,HAY MOULAY RACHID DAKHLA,DAKHLA,Morocco,EXPEDITION DES CRUSTACES VIVANTS,"ETABLISSEMENTS OU ENTREPRISES DE PRODUCTION, DE TRAITEMENT, DE TRANSFORMATION, DE CONDITIONNEMENT ET OU CONSERVATION DES PRODUITS ET SOUS PRODUITS DE LA PECHE"
3012,COSA PECHE,COSA PECHE,BP 1 ZONE INDUSTRIELLE HAY SALAM DAKHLA,DAKHLA,Morocco,CONGELATION,"ETABLISSEMENTS OU ENTREPRISES DE PRODUCTION, DE TRAITEMENT, DE TRANSFORMATION, DE CONDITIONNEMENT ET OU CONSERVATION DES PRODUITS ET SOUS PRODUITS DE LA PECHE"
PP.60.0088.16,COSTA CONSERVE,COSTA CONSERVE,"ZONE INDUSTRIELLE MUNICIPALE,LOT 89 KENITRA",KENITRA,Morocco,"SEMI-CONSERVE, MARINADE, CUISSON ET CONGELATION","ETABLISSEMENTS OU ENTREPRISES DE PRODUCTION, DE TRAITEMENT, DE TRANSFORMATION, DE CONDITIONNEMENT ET OU CONSERVATION DES PRODUITS ET SOUS PRODUITS DE LA PECHE"
3060,COUJDA II,COUJDA II,PORT DE PECHE DE MEHDIA,KENITRA,Morocco,SEMI-CONSERVE,"ETABLISSEMENTS OU ENTREPRISES DE PRODUCTION, DE TRAITEMENT, DE TRANSFORMATION, DE CONDITIONNEMENT ET OU CONSERVATION DES PRODUITS ET SOUS PRODUITS DE LA PECHE"
4803,CRANGOMAR,CRANGOMAR,"TANGER FREE ZONE, ILOT N° 118 B, LOT N° 2 TANGER BOUKHALEF",TANGER,Morocco,DECORTICAGE DES CREVETTES,"ETABLISSEMENTS OU ENTREPRISES DE PRODUCTION, DE TRAITEMENT, DE TRANSFORMATION, DE CONDITIONNEMENT ET OU CONSERVATION DES PRODUITS ET SOUS PRODUITS DE LA PECHE"
PP.52.0114.16,CRAWFISH,CRAWFISH,"LOT N° 42, ZONE INDUSTRIELLE, SAFI",SAFI,Morocco,CONDITIONNEMENT DES PRODUITS DE LA PECHE A L'ETAT FRAIS,"ETABLISSEMENTS OU ENTREPRISES DE PRODUCTION, DE TRAITEMENT, DE TRANSFORMATION, DE CONDITIONNEMENT ET OU CONSERVATION DES PRODUITS ET SOUS PRODUITS DE LA PECHE"
5222,CRUSTA FISH,CRUSTA FISH,ANGLE RUE ECHEIH CHAAIB ADOUKALI ET RUE IBN KHALDOUN EL FARABI QUARTIER DU PORT DE PECHE MOHAMMEDIA,MOHAMMADIA,Morocco,CONGELATION,"ETABLISSEMENTS OU ENTREPRISES DE PRODUCTION, DE TRAITEMENT, DE TRANSFORMATION, DE CONDITIONNEMENT ET OU CONSERVATION DES PRODUITS ET SOUS PRODUITS DE LA PECHE"
PP.74.2467.18,CSF,CSF,ZONE INDUSTRIELLE AVENUE BOUJDOUR DAKHLA,DAKHLA,Morocco,"CONGELATION, EVISCERATION ETETAGE, FILETAGE, CONDITIONNEMENT DES PRODUITS DE LA PECHE A L'ETAT FRAIS ET TRAITEMENT ET CONGELATION DES ŒUFS DE SEICHE ET DE COURBINE","ETABLISSEMENTS OU ENTREPRISES DE PRODUCTION, DE TRAITEMENT, DE TRANSFORMATION, DE CONDITIONNEMENT ET OU CONSERVATION DES PRODUITS ET SOUS PRODUITS DE LA PECHE"
1156,CUMAREX,CUMAREX,39 Z I DE TETOUAN BP 6037,M'DIQ,Morocco,CONSERVE DE POISSON,"ETABLISSEMENTS OU ENTREPRISES DE PRODUCTION, DE TRAITEMENT, DE TRANSFORMATION, DE CONDITIONNEMENT ET OU CONSERVATION DES PRODUITS ET SOUS PRODUITS DE LA PECHE"
3498,CUMAREX 1,CUMAREX 1,39 ZI DE TETOUAN BP 6049,M'DIQ,Morocco,"CONSERVE DE POISSON, CONSERVE DE COQUILLAGE ET CONSERVE DE POULPE","ETABLISSEMENTS OU ENTREPRISES DE PRODUCTION, DE TRAITEMENT, DE TRANSFORMATION, DE CONDITIONNEMENT ET OU CONSERVATION DES PRODUITS ET SOUS PRODUITS DE LA PECHE"
PEF.74.0193.18,DAKHLA STOCKAGE,DAKHLA STOCKAGE,"Lot n° 140 ZONE INDUSTRIELLE HAY ESSALAM, DAKHLA",DAKHLA,Morocco,ENTREPOSAGE,"ETABLISSEMENTS OU ENTREPRISES DE PRODUCTION, DE TRAITEMENT, DE TRANSFORMATION, DE CONDITIONNEMENT ET OU CONSERVATION DES PRODUITS ET SOUS PRODUITS DE LA PECHE"
2274,DAKMAR,DAKMAR,BP 132 ZONE INDUSTRIELLE ESSALAM DAKHLA,DAKHLA,Morocco,CONGELATION,"ETABLISSEMENTS OU ENTREPRISES DE PRODUCTION, DE TRAITEMENT, DE TRANSFORMATION, DE CONDITIONNEMENT ET OU CONSERVATION DES PRODUITS ET SOUS PRODUITS DE LA PECHE"
2698,DAKNAVE,DAKNAVE,BP 132 ZONE INDUSTRIELLE ESSALMAM DAKHLA,DAKHLA,Morocco,CONGELATION,"ETABLISSEMENTS OU ENTREPRISES DE PRODUCTION, DE TRAITEMENT, DE TRANSFORMATION, DE CONDITIONNEMENT ET OU CONSERVATION DES PRODUITS ET SOUS PRODUITS DE LA PECHE"
3404,DAKORO,DAKORO,LOT 36 NOUVELLE ZONE INDUSTRIELLE ESSALAM DAKHLA,DAKHLA,Morocco,CONGELATION,"ETABLISSEMENTS OU ENTREPRISES DE PRODUCTION, DE TRAITEMENT, DE TRANSFORMATION, DE CONDITIONNEMENT ET OU CONSERVATION DES PRODUITS ET SOUS PRODUITS DE LA PECHE"
1975,DAMJIGUEND,DAMJIGUEND,"ZONE INDUSTRIELE, MALAH,ROUTE DE TANGER BP 121 LARACHE",LARACHE,Morocco,CONGELATION ET SEMI-CONSERVE,"ETABLISSEMENTS OU ENTREPRISES DE PRODUCTION, DE TRAITEMENT, DE TRANSFORMATION, DE CONDITIONNEMENT ET OU CONSERVATION DES PRODUITS ET SOUS PRODUITS DE LA PECHE"
PP.34.1048.18,DAMPECHE,DAMPECHE,NOUVEAU POTR DE PECHE DE TANGER,TANGER,Morocco,CONDITIONNEMENT DES PRODUITS DE LA PECHE A L'ETAT FRAIS,"ETABLISSEMENTS OU ENTREPRISES DE PRODUCTION, DE TRAITEMENT, DE TRANSFORMATION, DE CONDITIONNEMENT ET OU CONSERVATION DES PRODUITS ET SOUS PRODUITS DE LA PECHE"
PP.37.0266.20,DAMPECHE 1,DAMPECHE 1,"N° 104, NOUVEAU POTR DE PECHE DE LARACHE",LARACHE,Morocco,SEMI CONSERVES D'ANCHOIS MARIN2S,"ETABLISSEMENTS OU ENTREPRISES DE PRODUCTION, DE TRAITEMENT, DE TRANSFORMATION, DE CONDITIONNEMENT ET OU CONSERVATION DES PRODUITS ET SOUS PRODUITS DE LA PECHE"
5210,DAMSA,DAMSA,59 ZONE INDUSTRIEL AM MARSA PORT DE LAAYOUNE,LAAYOUNE,Morocco,CONSERVE DE POISSON,"ETABLISSEMENTS OU ENTREPRISES DE PRODUCTION, DE TRAITEMENT, DE TRANSFORMATION, DE CONDITIONNEMENT ET OU CONSERVATION DES PRODUITS ET SOUS PRODUITS DE LA PECHE"
PEF.71.0102.16,DAMSA ENTREPOSAGE,DAMSA ENTREPOSAGE,LOT 21 ET 22 ZONE INDUSTRIELLE EL MARSA LAAYOUNE,LAAYOUNE,Morocco,ENTREPOSAGE,ENTREPOSAGE DES PRODUITS DE LA PECHE SOUS TEMPERATURE DIRIGEE Y COMPRIS LES COQUILLAGES
PEF.25.0036.14,DAR RAHA CONSTRUCTION,DAR RAHA CONSTRUCTION,"LOTISSEMENT AL HOUDA, LOT N° 467E,Q.I DE TASSILA AGADIR",AGADIR,Morocco,ENTREPOSAGE,ENTREPOSAGE DES PRODUITS DE LA PECHE SOUS TEMPERATURE DIRIGEE Y COMPRIS LES COQUILLAGES
PP.25.5112.18,DAUPHIN PECHE,DAUPHIN PECHE,PARCELLE N 48 NOUVEAU PORT AGADIR,AGADIR,Morocco,CONGELATION,"ETABLISSEMENTS OU ENTREPRISES DE PRODUCTION, DE TRAITEMENT, DE TRANSFORMATION, DE CONDITIONNEMENT ET OU CONSERVATION DES PRODUITS ET SOUS PRODUITS DE LA PECHE"
1498,DELIMAR,DELIMAR,ROUTE DE L OCEAN QI ANZA AGADIR BP 6145-CP 70014 AGADIR,AGADIR,Morocco,SEMI-CONSERVE,"ETABLISSEMENTS OU ENTREPRISES DE PRODUCTION, DE TRAITEMENT, DE TRANSFORMATION, DE CONDITIONNEMENT ET OU CONSERVATION DES PRODUITS ET SOUS PRODUITS DE LA PECHE"
6044,DELIMAR II,DELIMAR II,LOT B 606 ZONE INDUSTRIELLE AIT MELLOUL AGADIR,AGADIR,Morocco,ENTREPOSAGE,ENTREPOSAGE DES PRODUITS DE LA PECHE SOUS TEMPERATURE DIRIGEE Y COMPRIS LES COQUILLAGES
6340,DELIMAR III,DELIMAR III,LOT B 610 ZONE INDUSTRIELLE AIT MELLOUL AGADIR,AGADIR,Morocco,CONGELATION,"ETABLISSEMENTS OU ENTREPRISES DE PRODUCTION, DE TRAITEMENT, DE TRANSFORMATION, DE CONDITIONNEMENT ET OU CONSERVATION DES PRODUITS ET SOUS PRODUITS DE LA PECHE"
1354,DELTA FISH,DELTA FISH,45-47 IMM N° 64 AVENUE DAKHLA HAY EL INARA Z I.CASA,CASABLANCA,Morocco,"CONDITIONNEMENT DES PRODUITS DE LA PECHE A L'ETAT FRAIS, CRUSTACES VIVANTS, DECORTICAGEDES CEREVETTES ET CONGELATION ET STOKAGE DES PRODUITS CONGELES","ETABLISSEMENTS OU ENTREPRISES DE PRODUCTION, DE TRAITEMENT, DE TRANSFORMATION, DE CONDITIONNEMENT ET OU CONSERVATION DES PRODUITS ET SOUS PRODUITS DE LA PECHE"
PP.71.0168.18,DELTA OCEAN 2,DELTA OCEAN 2,"ZONE INDUSTRIELLE EL MARSA, B.P,41,LAAYOUNE",LAAYOUNE,Morocco,HUILE DE POISSON A CONSOMMATION HUMAINE,ENTREPOSAGE DES PRODUITS DE LA PECHE SOUS TEMPERATURE DIRIGEE Y COMPRIS LES COQUILLAGES
4740,DERAL,DERAL,ZONE INDUSTRIELLE DE LA VILLE D'EL MARSSA PORT DE LAAYOUNE,LAAYOUNE,Morocco,CONGELATION,"ETABLISSEMENTS OU ENTREPRISES DE PRODUCTION, DE TRAITEMENT, DE TRANSFORMATION, DE CONDITIONNEMENT ET OU CONSERVATION DES PRODUITS ET SOUS PRODUITS DE LA PECHE"
3010,DERHEM SEA FOOD,DERHEM SEA FOOD,ZONE INDUSTRIELLE ESSALAM DAKHLA,DAKHLA,Morocco,"CONGELATION, CONDITIONNEMENT DES PRODUITS DE LA PECHE A L'ETAT FRAIS, EVISCERATION ET ETETAGE ET FILETAGE DES PETITS PELAGIQUES","ETABLISSEMENTS OU ENTREPRISES DE PRODUCTION, DE TRAITEMENT, DE TRANSFORMATION, DE CONDITIONNEMENT ET OU CONSERVATION DES PRODUITS ET SOUS PRODUITS DE LA PECHE"
3931,DERHEM SEA FOOD,DERHEM SEA FOOD,ZI TASSILA III AIT MELLOUL TIQIOUINE,AGADIR,Morocco,ENTREPOSAGE,ENTREPOSAGE DES PRODUITS DE LA PECHE SOUS TEMPERATURE DIRIGEE Y COMPRIS LES COQUILLAGES
3107,DERHEM SEA FOOD II,DERHEM SEA FOOD II,ZI TASSILA III AIT MELLOUL TIQIOUINE,AGADIR,Morocco,CONGELATION,"ETABLISSEMENTS OU ENTREPRISES DE PRODUCTION, DE TRAITEMENT, DE TRANSFORMATION, DE CONDITIONNEMENT ET OU CONSERVATION DES PRODUITS ET SOUS PRODUITS DE LA PECHE"
3073,DESHAYSES THERRY,DESHAYSES THERRY,QUARTIER INDUSTRIEL ESSAOUIRA,ESSAOUIRA,Morocco,FUMAGE,"ETABLISSEMENTS OU ENTREPRISES DE PRODUCTION, DE TRAITEMENT, DE TRANSFORMATION, DE CONDITIONNEMENT ET OU CONSERVATION DES PRODUITS ET SOUS PRODUITS DE LA PECHE"
PP.71.2199.18,DIPROMER I,DIPROMER I,ZONE INDUSTRIELLE PORT DE LAAYOUNE,LAAYOUNE,Morocco,CONGELATION ET MARINADE,"ETABLISSEMENTS OU ENTREPRISES DE PRODUCTION, DE TRAITEMENT, DE TRANSFORMATION, DE CONDITIONNEMENT ET OU CONSERVATION DES PRODUITS ET SOUS PRODUITS DE LA PECHE"
2265,DIPROMER II,DIPROMER II,BP 322 ZI VILLE DE QUARTIER EL MASSIRA ZI BP 327 DAKHLA,DAKHLA,Morocco,CONGELATION,"ETABLISSEMENTS OU ENTREPRISES DE PRODUCTION, DE TRAITEMENT, DE TRANSFORMATION, DE CONDITIONNEMENT ET OU CONSERVATION DES PRODUITS ET SOUS PRODUITS DE LA PECHE"
3360,DIPROMER III,DIPROMER III,ENCEINTE NOUVEAU PORT N° 6264 DAKHLA,DAKHLA,Morocco,CONGELATION,"ETABLISSEMENTS OU ENTREPRISES DE PRODUCTION, DE TRAITEMENT, DE TRANSFORMATION, DE CONDITIONNEMENT ET OU CONSERVATION DES PRODUITS ET SOUS PRODUITS DE LA PECHE"
PEF.5.0066.15,DISTRIBUTION LEGHLAM,DISTRIBUTION LEGHLAM,"N° 02 ROUTE 107, SIDI MOUMEN, CASABLANCA",CASABLANCA,Morocco,ENTREPOSAGE,ENTREPOSAGE DES PRODUITS DE LA PECHE SOUS TEMPERATURE DIRIGEE Y COMPRIS LES COQUILLAGES
1727,DOHA,DOHA,ZI AIT MELLOUL BIOUGRA BP 417 AGAIR,AGADIR,Morocco,CONSERVE DE POISSON,"ETABLISSEMENTS OU ENTREPRISES DE PRODUCTION, DE TRAITEMENT, DE TRANSFORMATION, DE CONDITIONNEMENT ET OU CONSERVATION DES PRODUITS ET SOUS PRODUITS DE LA PECHE"
PA.15.1.21,DOMAINE D’AIN AGHBAL,DOMAINE D’AIN AGHBAL,BP 54- 53100 AZROU,AZROU,Morocco,CONGELATION,"ETABLISSEMENTS OU ENTREPRISES DE PRODUCTION, DE TRAITEMENT, DE TRANSFORMATION, DE CONDITIONNEMENT ET OU CONSERVATION DES PRODUITS ET SOUS PRODUITS DE LA PECHE"
PP.26.0263.20,E.D.M FISH TRADING,E.D.M FISH TRADING,"LOT C55 ZI TASSILA, DCHEIRA ELJIHADIA-INZEGANE AIT MELLOUL",AGADIR,Morocco,EVICETATION ET CONDITIONNEMENT DES PRODUITS DE LA PECHE A L'ETAT FRAIS,"ETABLISSEMENTS OU ENTREPRISES DE PRODUCTION, DE TRAITEMENT, DE TRANSFORMATION, DE CONDITIONNEMENT ET OU CONSERVATION DES PRODUITS ET SOUS PRODUITS DE LA PECHE"
3026,EL LEON DEL DESIERTO II,EL LEON DEL DESIERTO II,"11 RUE FILAA HAY MY RACHID, , 71000BOUJDOUR",BOUJDOUR,Morocco,CONDITIONNEMENT DES PRODUITS DE LA PECHE A L'ETAT FRAIS,nan
3438,EL LEON DEL DESIERTO III,EL LEON DEL DESIERTO III,CITE DITE M'HMED AUTOROUTE TEMARA,TEMARA,Morocco,"CONDITIONNEMENT DES PRODUITS DE LA PECHE A L'ETAT FRAIS,CONGELATION, FILETAGE ET ENTREPOSAGE","ETABLISSEMENTS OU ENTREPRISES DE PRODUCTION, DE TRAITEMENT, DE TRANSFORMATION, DE CONDITIONNEMENT ET OU CONSERVATION DES PRODUITS ET SOUS PRODUITS DE LA PECHE"
PEF.6.0156.18,ENTREPOT FRIGORIFIQUE PATY'S,ENTREPOT FRIGORIFIQUE PATY'S,LOT 169 à 180 ZONE INDUSTRIELLE SUD OUEST DE MOHAMMEDIA,MOHAMMEDIA,Morocco,ENTREPOSAGE,ENTREPOSAGE DES PRODUITS DE LA PECHE SOUS TEMPERATURE DIRIGEE Y COMPRIS LES COQUILLAGES
PEF.25.0216.19,ENTREPOT FRIGORIFIQUE SAY FISHERIES,ENTREPOT FRIGORIFIQUE SAY FISHERIES,"PARCELLE N° 261, ZONE DE PECHE HAUTURIERE, PORT DE PECHE AGADIR",AGADIR,Morocco,ENTREPOSAGE,ENTREPOSAGE DES PRODUITS DE LA PECHE SOUS TEMPERATURE DIRIGEE Y COMPRIS LES COQUILLAGES
PEF.74.0234.20,ENTREPOT VILLAMAR,ENTREPOT VILLAMAR,ZONE INDUSTRIELLE HAY SALAM - DAKHLA,DAKHLA,Morocco,ENTREPOSAGE,ENTREPOSAGE DES PRODUITS DE LA PECHE SOUS TEMPERATURE DIRIGEE Y COMPRIS LES COQUILLAGES
6091,ERG CONSERVE,ERG CONSERVE,234 ZONE INDUSTRIELLE ESSALAM DAKHLA,DAKHLA,Morocco,CONSERVE DE POISSON,"ETABLISSEMENTS OU ENTREPRISES DE PRODUCTION, DE TRAITEMENT, DE TRANSFORMATION, DE CONDITIONNEMENT ET OU CONSERVATION DES PRODUITS ET SOUS PRODUITS DE LA PECHE"
6370,ERG DELICE,ERG DELICE,ZONE INDUSTRIELLE ESSALAM DAKHLA,DAKHLA,Morocco,PLATS CUISINES,"ETABLISSEMENTS OU ENTREPRISES DE PRODUCTION, DE TRAITEMENT, DE TRANSFORMATION, DE CONDITIONNEMENT ET OU CONSERVATION DES PRODUITS ET SOUS PRODUITS DE LA PECHE"
PP.50.0176.18,ESTRELLA DE MAR,ESTRELLA DE MAR,PORT DE PECHE BENI-ENSAR NADOR,NADOR,Morocco,CONDITIONNEMENT DES PRODUITS DE LA PECHE A L'ETAT FRAIS,"ETABLISSEMENTS OU ENTREPRISES DE PRODUCTION, DE TRAITEMENT, DE TRANSFORMATION, DE CONDITIONNEMENT ET OU CONSERVATION DES PRODUITS ET SOUS PRODUITS DE LA PECHE"
3517,ETABLISSEMENT AL HARDOUFI,ETABLISSEMENT AL HARDOUFI,"PARCELLES N° 73 , 74 ET 75 ZONE INDUSTRIELLE I NOUVEAU PORT D’AGADIR",AGADIR,Morocco,CONGELATION,"ETABLISSEMENTS OU ENTREPRISES DE PRODUCTION, DE TRAITEMENT, DE TRANSFORMATION, DE CONDITIONNEMENT ET OU CONSERVATION DES PRODUITS ET SOUS PRODUITS DE LA PECHE"
PEF.25.0150.18,ETABLISSEMENT EL HARDOUFI 2,ETABLISSEMENT EL HARDOUFI 2,PARCELLE 73-74 et 75 NOUVEAU PORT D' AGADIR,AGADIR,Morocco,ENTREPOSAGE,ENTREPOSAGE DES PRODUITS DE LA PECHE SOUS TEMPERATURE DIRIGEE Y COMPRIS LES COQUILLAGES
PP.24.0248.20,ETABLISSEMENT SOUIRAH,ETABLISSEMENT SOUIRAH,"73 Bd MOULAY HICHAM, ZONE INDUSTRIELLE",ESSAOUIRA,Morocco,CONSERVE,"ETABLISSEMENTS OU ENTREPRISES DE PRODUCTION, DE TRAITEMENT, DE TRANSFORMATION, DE CONDITIONNEMENT ET OU CONSERVATION DES PRODUITS ET SOUS PRODUITS DE LA PECHE"
1005,EVER FREESE,EVER FREESE,ESSAOUIRA,AGADIR,Morocco,CONGELATION,"ETABLISSEMENTS OU ENTREPRISES DE PRODUCTION, DE TRAITEMENT, DE TRANSFORMATION, DE CONDITIONNEMENT ET OU CONSERVATION DES PRODUITS ET SOUS PRODUITS DE LA PECHE"
2457,EXPRESS FISH,EXPRESS FISH,ROUTE DE JORF EL YOUDI LOT CONTRAS,CASABLANCA,Morocco,"CONDITIONNEMENT DES PRODUITS DE LA PECHE A L'ETAT FRAIS, ETETAGE ET EVISCERATION ET FILETAGE DU POISSON","ETABLISSEMENTS OU ENTREPRISES DE PRODUCTION, DE TRAITEMENT, DE TRANSFORMATION, DE CONDITIONNEMENT ET OU CONSERVATION DES PRODUITS ET SOUS PRODUITS DE LA PECHE"
PP.26.0010.14,EXPRESS MAREE,EXPRESS MAREE,"LOT N°33-34 ZONE INDUSTRIELLE TASSILA JIHADIA,DCHEIRA INZEGANE AIT MELLOUL AGADIR",AGADIR,Morocco,CONGELATION,"ETABLISSEMENTS OU ENTREPRISES DE PRODUCTION, DE TRAITEMENT, DE TRANSFORMATION, DE CONDITIONNEMENT ET OU CONSERVATION DES PRODUITS ET SOUS PRODUITS DE LA PECHE"
1884,F.M.C.A,F.M.C.A,ROUTE DE L OCEAN QI ANZA AGADIR BP 6145-CP 70014 AGADIR,AGADIR,Morocco,SEMI-CONSERVE,"ETABLISSEMENTS OU ENTREPRISES DE PRODUCTION, DE TRAITEMENT, DE TRANSFORMATION, DE CONDITIONNEMENT ET OU CONSERVATION DES PRODUITS ET SOUS PRODUITS DE LA PECHE"
2647,FADILI FRIGO,FADILI FRIGO,ZONE INDUSTRIELLE .HAY ESSALAM DAKHLA,DAKHLA,Morocco,CONGELATION,"ETABLISSEMENTS OU ENTREPRISES DE PRODUCTION, DE TRAITEMENT, DE TRANSFORMATION, DE CONDITIONNEMENT ET OU CONSERVATION DES PRODUITS ET SOUS PRODUITS DE LA PECHE"
PP.19.0005.14,FATINA FOOD BUSINESS,FATINA FOOD BUSINESS,"LOT 184, Q.I SIDI GHANEM, ROUTE DE SAFI MARRAKECH",MARRAKECH,Morocco,SEMI-CONSERVE ET CONSERVES DE POISSON,"ETABLISSEMENTS OU ENTREPRISES DE PRODUCTION, DE TRAITEMENT, DE TRANSFORMATION, DE CONDITIONNEMENT ET OU CONSERVATION DES PRODUITS ET SOUS PRODUITS DE LA PECHE"
PP.34.3846.19,EL HANDAOUI,EL HANDAOUI,PORT DE PECHE TANGER,TANGER,Morocco,SEMI-CONSERVE,"ETABLISSEMENTS OU ENTREPRISES DE PRODUCTION, DE TRAITEMENT, DE TRANSFORMATION, DE CONDITIONNEMENT ET OU CONSERVATION DES PRODUITS ET SOUS PRODUITS DE LA PECHE"
2329,FINNAOUI PESCA ALGARVE,FINNAOUI PESCA ALGARVE,QUARTIER INDUSTRIEL PORT DE LAAYOUNE,LAAYOUNE,Morocco,CONGELATION,"ETABLISSEMENTS OU ENTREPRISES DE PRODUCTION, DE TRAITEMENT, DE TRANSFORMATION, DE CONDITIONNEMENT ET OU CONSERVATION DES PRODUITS ET SOUS PRODUITS DE LA PECHE"
PP.34.0033.14,FISH AND COMPANY T.F.Z,FISH AND COMPANY T.F.Z,LOT N° 17 ZONE FRANCHE D'EXPORTATION GZENAYA TANGER,TANGER,Morocco,DECORTICAGE DES CREVETTES,"ETABLISSEMENTS OU ENTREPRISES DE PRODUCTION, DE TRAITEMENT, DE TRANSFORMATION, DE CONDITIONNEMENT ET OU CONSERVATION DES PRODUITS ET SOUS PRODUITS DE LA PECHE"
3217,FISHLAY,FISHLAY,N° 209 210 ZONE INDUSTRIELLE ESSALAM DAKHLA,DAKHLA,Morocco,CONGELATION,"ETABLISSEMENTS OU ENTREPRISES DE PRODUCTION, DE TRAITEMENT, DE TRANSFORMATION, DE CONDITIONNEMENT ET OU CONSERVATION DES PRODUITS ET SOUS PRODUITS DE LA PECHE"
PEF.8.0200.19,FISH MER,FISH MER,"Route El Gara, km 6,8 Sidi hajjaj Tit Mellil",MEDIOUNA/NOUACEUR,Morocco,ENTREPOSAGE,ENTREPOSAGE DES PRODUITS DE LA PECHE SOUS TEMPERATURE DIRIGEE Y COMPRIS LES COQUILLAGES
PP.8.0267.20,FISH MER 1,FISH MER 1,"Route El Gara, km 6,8 Sidi hajjaj Tit Mellil",MEDIOUNA/NOUACEUR,Morocco,"CONGELATION DES PRODUITS DE LA PECHE, FILETAGE ET CUISSON","ETABLISSEMENTS OU ENTREPRISES DE PRODUCTION, DE TRAITEMENT, DE TRANSFORMATION, DE CONDITIONNEMENT ET OU CONSERVATION DES PRODUITS ET SOUS PRODUITS DE LA PECHE"
PP.71.0191.18,FLUCA PESCA,FLUCA PESCA,Lot N° 96 ZONE INDUSTRIELLE EL MARSA LAAYOUNE,LAAYOUNE,Morocco,CONDITIONNEMENT DES PRODUITS DE LA PECHE A L'ETAT FRAIS,"ETABLISSEMENTS OU ENTREPRISES DE PRODUCTION, DE TRAITEMENT, DE TRANSFORMATION, DE CONDITIONNEMENT ET OU CONSERVATION DES PRODUITS ET SOUS PRODUITS DE LA PECHE"
PP.52.3128.18,FOR FISH,FOR FISH,102 RUE BOUMAZEL QUARTIER INDUSTRIELSAFI,SAFI,Morocco,CONDITIONNEMENT DES PRODUITS DE LA PECHE A L'ETAT FRAIS,"ETABLISSEMENTS OU ENTREPRISES DE PRODUCTION, DE TRAITEMENT, DE TRANSFORMATION, DE CONDITIONNEMENT ET OU CONSERVATION DES PRODUITS ET SOUS PRODUITS DE LA PECHE"
4081,FRAIMER,FRAIMER,"LOT EL MASSAR, N 728 QUARTIER INDUSTRIELLE SIDI GHANEM MARRAKECH",MARRAKECH,Morocco,CONGELATION,"ETABLISSEMENTS OU ENTREPRISES DE PRODUCTION, DE TRAITEMENT, DE TRANSFORMATION, DE CONDITIONNEMENT ET OU CONSERVATION DES PRODUITS ET SOUS PRODUITS DE LA PECHE"
3283,FRATERE - B –PESCA,FRATERE - B –PESCA,LOT N° 8 ZONE INDUSTRIELLE ESSALAM DAKHLA,DAKHLA,Morocco,CONGELATION,"ETABLISSEMENTS OU ENTREPRISES DE PRODUCTION, DE TRAITEMENT, DE TRANSFORMATION, DE CONDITIONNEMENT ET OU CONSERVATION DES PRODUITS ET SOUS PRODUITS DE LA PECHE"
1571,FRE SOUSS(STE),FRE SOUSS(STE),"67, BOULVARD AHMED MANSOUR EDDAHBI QUARTIER INDUSTRIELLE AGADIR",AGADIR,Morocco,CONGELATION,"ETABLISSEMENTS OU ENTREPRISES DE PRODUCTION, DE TRAITEMENT, DE TRANSFORMATION, DE CONDITIONNEMENT ET OU CONSERVATION DES PRODUITS ET SOUS PRODUITS DE LA PECHE"
PEF.19.0170.18,FRICTAS,FRICTAS,"N° 516 LOTISSEMENT AL MASSAR, EXTENSION ATELIER I QUARTIER INDUSTRIEL 40000 MARRAKECH",MARRAKECH,Morocco,ENTREPOSAGE,ENTREPOSAGE DES PRODUITS DE LA PECHE SOUS TEMPERATURE DIRIGEE Y COMPRIS LES COQUILLAGES
2008,FRIGEMA,FRIGEMA,N° 10 RUE 2 MARS QUARTIER INDUSTRIELLE BP 232 AGADIR,AGADIR,Morocco,"CONGELATION, FILETAGE ET ENTREPOSAGE","ETABLISSEMENTS OU ENTREPRISES DE PRODUCTION, DE TRAITEMENT, DE TRANSFORMATION, DE CONDITIONNEMENT ET OU CONSERVATION DES PRODUITS ET SOUS PRODUITS DE LA PECHE"
PP.74.3395.18,FRIGO ADNANE,FRIGO ADNANE,ZONE.NDUSTRIELLE I HAY ESSALAM DAKHLA,DAKHLA,Morocco,"CONGELATION, ETETAGE ET EVISCERATION DES PETITS PELAGIQUES ET CONDITIONNEMENT DES PRODUITS DE LA PECHE A L'ETAT FRAIS","ETABLISSEMENTS OU ENTREPRISES DE PRODUCTION, DE TRAITEMENT, DE TRANSFORMATION, DE CONDITIONNEMENT ET OU CONSERVATION DES PRODUITS ET SOUS PRODUITS DE LA PECHE"
3088,FRIGO AMRAD,FRIGO AMRAD,ZONE INDUSTRIELLE HAY ESSALAM DAKHLA,DAKHLA,Morocco,CONGELATION,"ETABLISSEMENTS OU ENTREPRISES DE PRODUCTION, DE TRAITEMENT, DE TRANSFORMATION, DE CONDITIONNEMENT ET OU CONSERVATION DES PRODUITS ET SOUS PRODUITS DE LA PECHE"
PP.68.4021.18,FRIGO BOUCHTA,FRIGO BOUCHTA,ZONE INDUSTRIELLE EXTRAPORTUAIRE BP 115 EL OUATIA TAN TAN PLAGE,TAN TAN,Morocco,"CONGELATION, FILETAGE, CONDITIONNEMENT DES PRODUITS DE LA PECHE A L'ETAT FRAIS, MARINADE ET SALAGE DE POISSON","ETABLISSEMENTS OU ENTREPRISES DE PRODUCTION, DE TRAITEMENT, DE TRANSFORMATION, DE CONDITIONNEMENT ET OU CONSERVATION DES PRODUITS ET SOUS PRODUITS DE LA PECHE"
3218,FRIGO CHORFA,FRIGO CHORFA,ZONE INDUSTRIELLE ESSALAM DAKHLA,DAKHLA,Morocco,CONGELATION,"ETABLISSEMENTS OU ENTREPRISES DE PRODUCTION, DE TRAITEMENT, DE TRANSFORMATION, DE CONDITIONNEMENT ET OU CONSERVATION DES PRODUITS ET SOUS PRODUITS DE LA PECHE"
2247,FRIGO DIDA MAR,FRIGO DIDA MAR,HAY MOULAY RACHID VILLE DE DAKHLA,DAKHLA,Morocco,CONGELATION,"ETABLISSEMENTS OU ENTREPRISES DE PRODUCTION, DE TRAITEMENT, DE TRANSFORMATION, DE CONDITIONNEMENT ET OU CONSERVATION DES PRODUITS ET SOUS PRODUITS DE LA PECHE"
3029,FRIGO MASSIRA,FRIGO MASSIRA,LOT N° 97 ZONE INDUSTRIELLE DAKHLA,DAKHLA,Morocco,CONGELATION,"ETABLISSEMENTS OU ENTREPRISES DE PRODUCTION, DE TRAITEMENT, DE TRANSFORMATION, DE CONDITIONNEMENT ET OU CONSERVATION DES PRODUITS ET SOUS PRODUITS DE LA PECHE"
1621,FRIGO ONP,FRIGO ONP,COMPLEXE FRIGORIFIQUE DE L ONP BP 42 ANCIEN PORT AGADIR,AGADIR,Morocco,ENTREPOSAGE,ENTREPOSAGE DES PRODUITS DE LA PECHE SOUS TEMPERATURE DIRIGEE Y COMPRIS LES COQUILLAGES
PEF.59.0206.19,FRIGO OULED ZIANE,FRIGO OULED ZIANE,"Tribu Ouled Ziane Douar Lagrarsa Commune rurale Deroua, Berrechid",BERRECHID,Morocco,ENTREPOSAGE,ENTREPOSAGE DES PRODUITS DE LA PECHE SOUS TEMPERATURE DIRIGEE Y COMPRIS LES COQUILLAGES
3476,FRIGO TASSILA,FRIGO TASSILA,"LOT 61, QUARTIER INDUSTRIELLE TASSILA III TIKIOUINE AGADIR",AGADIR,Morocco,CONGELATION,"ETABLISSEMENTS OU ENTREPRISES DE PRODUCTION, DE TRAITEMENT, DE TRANSFORMATION, DE CONDITIONNEMENT ET OU CONSERVATION DES PRODUITS ET SOUS PRODUITS DE LA PECHE"
2916,FRIOCONDAL,FRIOCONDAL,ZONE INDUSTRIELLE ESSALAM DAKHLA,DAKHLA,Morocco,CONGELATION,"ETABLISSEMENTS OU ENTREPRISES DE PRODUCTION, DE TRAITEMENT, DE TRANSFORMATION, DE CONDITIONNEMENT ET OU CONSERVATION DES PRODUITS ET SOUS PRODUITS DE LA PECHE"
PEF.35.0133.17,FRIOPUERTO TANGER,FRIOPUERTO TANGER,"ZONE FRANCHE LOGISTIQUE TANGER MED LOT 81, OUED R'MEL COMMUNE KSAR AL MAJAZ PROVINCE ANJRA TANGER",FAHS ANJRA,Morocco,ENTREPOSAGE,ENTREPOSAGE DES PRODUITS DE LA PECHE SOUS TEMPERATURE DIRIGEE Y COMPRIS LES COQUILLAGES
PP.74.0252.20,FRIPECHE,FRIPECHE,"Lot n°H Zone Industrielle Hay Essalam, Dakhla",DAKHLA,Morocco,"MARINADE ET FUMAGE DES PETITS PELAGIQUES, FILETAGE ET DECOUPAGE EN RONDELLES DES PETITS PELAGIQUES ET POISSON BLANC, SAUMURAGE DES PETITS PELAGIQUES ET POISSON BLANC, ETETAGE EVISCERATION ET EQUETAGE ET SURGELATION EN IQF DES PETITS PELAGIQUES ET DU POISSON BLANC","ETABLISSEMENTS OU ENTREPRISES DE PRODUCTION, DE TRAITEMENT, DE TRANSFORMATION, DE CONDITIONNEMENT ET OU CONSERVATION DES PRODUITS ET SOUS PRODUITS DE LA PECHE"
PEF.5.0110.16,nan,nan,KM 11 ROUTE PRINCIPALE D'EL JADIDA N° 8 LISSASFA CASABLANCA,CASABLANCA,Morocco,ENTREPOSAGE,ENTREPOSAGE DES PRODUITS DE LA PECHE SOUS TEMPERATURE DIRIGEE Y COMPRIS LES COQUILLAGES
3806,GASTRONOMIA NAPOLITANA,GASTRONOMIA NAPOLITANA,PORT CREVETTIER DE MEHDIA,KENITRA,Morocco,"CONDITIONNEMENT DES PRODUITS DE LA PECHE A L'ETAT FRAIS, SALAISON, MARINADE ET CUISSON","ETABLISSEMENTS OU ENTREPRISES DE PRODUCTION, DE TRAITEMENT, DE TRANSFORMATION, DE CONDITIONNEMENT ET OU CONSERVATION DES PRODUITS ET SOUS PRODUITS DE LA PECHE"
2604,GEL FISH,GEL FISH,BP 52 ZONE INDUSTRIELLE PORT DE PECHE LAAYOUNE RC 1335 LAAYOUNE.,LAAYOUNE,Morocco,"CONGELATION DES PETITS PELAGIQUES, FILETAGE DU POISSON, CONDITIONNEMENT DES PRODUITS DE LA PECHE A L'ETAT FRAIS, ENTREPOSAGE DE VOS PROPRES PRODUITS","ETABLISSEMENTS OU ENTREPRISES DE PRODUCTION, DE TRAITEMENT, DE TRANSFORMATION, DE CONDITIONNEMENT ET OU CONSERVATION DES PRODUITS ET SOUS PRODUITS DE LA PECHE"
3508,GIL COMES I,GIL COMES I,NOUVEAU PORT DE LARACHE,LARACHE,Morocco,SEMI-CONSERVE ET FUMAGE,"ETABLISSEMENTS OU ENTREPRISES DE PRODUCTION, DE TRAITEMENT, DE TRANSFORMATION, DE CONDITIONNEMENT ET OU CONSERVATION DES PRODUITS ET SOUS PRODUITS DE LA PECHE"
4389,GIL COMES II,GIL COMES II,NOUVEAU PORT DE LARACHE,LARACHE,Morocco,SEMI-CONSERVE,"ETABLISSEMENTS OU ENTREPRISES DE PRODUCTION, DE TRAITEMENT, DE TRANSFORMATION, DE CONDITIONNEMENT ET OU CONSERVATION DES PRODUITS ET SOUS PRODUITS DE LA PECHE"
6153,GIL COMES M'LALAH,GIL COMES M'LALAH,NOUVEAU PORT DE LARACHE,LARACHE,Morocco,SEMI-CONSERVE,"ETABLISSEMENTS OU ENTREPRISES DE PRODUCTION, DE TRAITEMENT, DE TRANSFORMATION, DE CONDITIONNEMENT ET OU CONSERVATION DES PRODUITS ET SOUS PRODUITS DE LA PECHE"
PP.33.0060.15,GLACIAIRE DE SIDI IFNI,GLACIAIRE DE SIDI IFNI,"PARCELLE N° 91, Q.I, PORT DE SIDI IFNI",SIDI IFNI,Morocco,SEMI-CONSERVE,"ETABLISSEMENTS OU ENTREPRISES DE PRODUCTION, DE TRAITEMENT, DE TRANSFORMATION, DE CONDITIONNEMENT ET OU CONSERVATION DES PRODUITS ET SOUS PRODUITS DE LA PECHE"
3396,GOLD SEA FISH II,GOLD SEA FISH II,LOT 234 ET 235 ZONE INDUSTRIELLE ESSALAM DAKHLA,DAKHLA,Morocco,CONGELATION,"ETABLISSEMENTS OU ENTREPRISES DE PRODUCTION, DE TRAITEMENT, DE TRANSFORMATION, DE CONDITIONNEMENT ET OU CONSERVATION DES PRODUITS ET SOUS PRODUITS DE LA PECHE"
3284,GOLDEN GOLF,GOLDEN GOLF,LOT 234 ET 235 ZONE INDUSTRIELLE ESSALAM DAKHLA,DAKHLA,Morocco,CONGELATION,"ETABLISSEMENTS OU ENTREPRISES DE PRODUCTION, DE TRAITEMENT, DE TRANSFORMATION, DE CONDITIONNEMENT ET OU CONSERVATION DES PRODUITS ET SOUS PRODUITS DE LA PECHE"
2919,GOURTI POULMAR,GOURTI POULMAR,ZONE INDUSTRIELLE HAY ESSALAM DAKHLA,DAKHLA,Morocco,CONGELATION,"ETABLISSEMENTS OU ENTREPRISES DE PRODUCTION, DE TRAITEMENT, DE TRANSFORMATION, DE CONDITIONNEMENT ET OU CONSERVATION DES PRODUITS ET SOUS PRODUITS DE LA PECHE"
PP.34.0236.19,GREEN STEP,GREEN STEP,SAF LHMAMCOMMUNE SEBT ZINAT- TANGER,TANGER,Morocco,SECHAGE DES CARAPACES DE CREVETTES DESTINEES A LA CONSOMMATION HUMAINE,"ETABLISSEMENTS OU ENTREPRISES DE PRODUCTION, DE TRAITEMENT, DE TRANSFORMATION, DE CONDITIONNEMENT ET OU CONSERVATION DES PRODUITS ET SOUS PRODUITS DE LA PECHE"
2862,GROUPEMENT ALIMENTAIRE REUNI,GROUPEMENT ALIMENTAIRE REUNI,"KM 33, N° 1 COMMUNE MANSOURIA, BP 72 MOHAMMEDIA",MOHAMMADIA,Morocco,CONSERVE DE POISSON,"ETABLISSEMENTS OU ENTREPRISES DE PRODUCTION, DE TRAITEMENT, DE TRANSFORMATION, DE CONDITIONNEMENT ET OU CONSERVATION DES PRODUITS ET SOUS PRODUITS DE LA PECHE"
2395,GRUPECHE,GRUPECHE,N° 6 NOUVEAU PORT D' AGADIR,AGADIR,Morocco,CONGELATION,"ETABLISSEMENTS OU ENTREPRISES DE PRODUCTION, DE TRAITEMENT, DE TRANSFORMATION, DE CONDITIONNEMENT ET OU CONSERVATION DES PRODUITS ET SOUS PRODUITS DE LA PECHE"
PP.71.0068.15,HACHIMAR,HACHIMAR,N°102 ZONE INDUSTRIELLE EL MARSA LAAYOUNE,LAAYOUNE,Morocco,CONDITIONNEMENT DES PRODUITS DE LA PECHE A L'ETAT FRAIS,"ETABLISSEMENTS OU ENTREPRISES DE PRODUCTION, DE TRAITEMENT, DE TRANSFORMATION, DE CONDITIONNEMENT ET OU CONSERVATION DES PRODUITS ET SOUS PRODUITS DE LA PECHE"
2847,HAFSA SAMAK,HAFSA SAMAK,332 LOTISSEMENT LINA ZONE INDUSTRIELLE SIDI MAAROUF CASABLANCA,CASABLANCA,Morocco,"CONGELATION DE POISSON ENTIER OU FILETE, CONGELATION DES ŒUFS DE POISSONS, CONDITIONNEMENT DES PRODUITS DE LA PECHE A L'ETAT FRAIS, DECORTICAGE ET CONGELATION DES CREVETTES, ENTREPOSAGE DE VOS PROPRES PRODUITS CONGELES","ETABLISSEMENTS OU ENTREPRISES DE PRODUCTION, DE TRAITEMENT, DE TRANSFORMATION, DE CONDITIONNEMENT ET OU CONSERVATION DES PRODUITS ET SOUS PRODUITS DE LA PECHE"
3722,HAIFEN FROID,HAIFEN FROID,NOUVEAU PORT D AGADIR,AGADIR,Morocco,CONGELATION ET ENTREPOSAGE,"ETABLISSEMENTS OU ENTREPRISES DE PRODUCTION, DE TRAITEMENT, DE TRANSFORMATION, DE CONDITIONNEMENT ET OU CONSERVATION DES PRODUITS ET SOUS PRODUITS DE LA PECHE"
5505,HALIEUTES PROCESS,HALIEUTES PROCESS,PARCELLE N° 30 A LA ZONE INDUSTRIELLE EL MARSA BP 65 LAAYOUNE,LAAYOUNE,Morocco,CONGELATION,"ETABLISSEMENTS OU ENTREPRISES DE PRODUCTION, DE TRAITEMENT, DE TRANSFORMATION, DE CONDITIONNEMENT ET OU CONSERVATION DES PRODUITS ET SOUS PRODUITS DE LA PECHE"
PEF.71.0165.18,HALIEUTES ENTREPOSAGE,HALIEUTES ENTREPOSAGE,N° 110 ZONE INDUSTRIELLE EL EL MARSA LAAYOUNE,LAAYOUNE,Morocco,ENTREPOSAGE,ENTREPOSAGE DES PRODUITS DE LA PECHE SOUS TEMPERATURE DIRIGEE Y COMPRIS LES COQUILLAGES
PP.53.0078.16,HOURIATES SIDI ABED,HOURIATES SIDI ABED,PDA SIDI ABED EL JADIDA,EL JADIDA,Morocco,SEMI-CONSERVE,"ETABLISSEMENTS OU ENTREPRISES DE PRODUCTION, DE TRAITEMENT, DE"
3377,IDOU PESCA,IDOU PESCA,PARCELLE N° 28 NOUVEAU PORT AGADIR,AGADIR,Morocco,CONGELATION,"ETABLISSEMENTS OU ENTREPRISES DE PRODUCTION, DE TRAITEMENT, DE TRANSFORMATION, DE CONDITIONNEMENT ET OU CONSERVATION DES PRODUITS ET SOUS PRODUITS DE LA PECHE"
2459,IFNI FRIGO,IFNI FRIGO,LOTISSEMENT N°1 ZONE INDUSTRIELLE ESSALAM LOT 28 ET 29 DAKHLA,DAKHLA,Morocco,"CONGELATION, ETETAGE ET EVISCERATION DES PETITS PELAGIQUES ET CONDITIONNEMENT DES PRODUITS DE LA PECHE A L'ETAT FRAIS","ETABLISSEMENTS OU ENTREPRISES DE PRODUCTION, DE TRAITEMENT, DE TRANSFORMATION, DE CONDITIONNEMENT ET OU CONSERVATION DES PRODUITS ET SOUS PRODUITS DE LA PECHE"
2407,IGLO FISH,IGLO FISH,ANGLE AVENUE MOHAMED YAZIDIX BOULVARD ABDERRAHMAN BOUAABID EL RAISE LAAYOUNE BP73 PORTDE LAAYOUNE,LAAYOUNE,Morocco,CONGELATION,"ETABLISSEMENTS OU ENTREPRISES DE PRODUCTION, DE TRAITEMENT, DE TRANSFORMATION, DE CONDITIONNEMENT ET OU CONSERVATION DES PRODUITS ET SOUS PRODUITS DE LA PECHE"
2461,INDUSMAR,INDUSMAR,ZONE INDUSTRIELLE ESSALAM III DAKHLA,DAKHLA,Morocco,CONGELATION,"ETABLISSEMENTS OU ENTREPRISES DE PRODUCTION, DE TRAITEMENT, DE TRANSFORMATION, DE CONDITIONNEMENT ET OU CONSERVATION DES PRODUITS ET SOUS PRODUITS DE LA PECHE"
3444,INDUSTRIE MAROCAINE D’ANCHOIS,INDUSTRIE MAROCAINE D’ANCHOIS,QUARTIER NDUSTRIEL ANZA BP 6143 AGADIR,AGADIR,Morocco,CONGELATION,"ETABLISSEMENTS OU ENTREPRISES DE PRODUCTION, DE TRAITEMENT, DE TRANSFORMATION, DE CONDITIONNEMENT ET OU CONSERVATION DES PRODUITS ET SOUS PRODUITS DE LA PECHE"
2143,INDUSTRY MAROCCAN ANCHOVIES,INDUSTRY MAROCCAN ANCHOVIES,QI ANZA BP 6143 AGADIR,AGADIR,Morocco,SEMI-CONSERVE,"ETABLISSEMENTS OU ENTREPRISES DE PRODUCTION, DE TRAITEMENT, DE TRANSFORMATION, DE CONDITIONNEMENT ET OU CONSERVATION DES PRODUITS ET SOUS PRODUITS DE LA PECHE"
5589,INTERNATIONAL CANNING COMPANY,INTERNATIONAL CANNING COMPANY,LOT 5 ET 6 NOUVEAU QUARTIER INDUSTRIEL ROUTE DE DJORF SAFI,SAFI,Morocco,CONSERVE DE POISSON,"ETABLISSEMENTS OU ENTREPRISES DE PRODUCTION, DE TRAITEMENT, DE TRANSFORMATION, DE CONDITIONNEMENT ET OU CONSERVATION DES PRODUITS ET SOUS PRODUITS DE LA PECHE"
PP.34.0189.18,ISIBAG FISH,ISIBAG FISH,NOUVEAU PORT DE PECHE DE TANGER,TANGER,Morocco,CONDITIONNEMENT DES PRODUITS DE LA PECHE A L'ETAT FRAIS ET CONGELATION,"ETABLISSEMENTS OU ENTREPRISES DE PRODUCTION, DE TRAITEMENT, DE TRANSFORMATION, DE CONDITIONNEMENT ET OU CONSERVATION DES PRODUITS ET SOUS PRODUITS DE LA PECHE"
6219,ISSALMAN RIVER,ISSALMAN RIVER,ROUTE OULED BERRJAL KM 2 KENITRA,KENITRA,Morocco,EXPIDITION DES ANGUILLES VIVANTES,"ETABLISSEMENTS OU ENTREPRISES DE PRODUCTION, DE TRAITEMENT, DE TRANSFORMATION, DE CONDITIONNEMENT ET OU CONSERVATION DES PRODUITS ET SOUS PRODUITS DE LA PECHE"
6296,IPOMA,IPOMA,LOT 131 - 132 ZONE INDUSTRIELLE SUD OUEST MOHAMMEDIA,MOHAMMADIA,Morocco,CONSERVE DE POISSON,"ETABLISSEMENTS OU ENTREPRISES DE PRODUCTION, DE TRAITEMENT, DE TRANSFORMATION, DE CONDITIONNEMENT ET OU CONSERVATION DES PRODUITS ET SOUS PRODUITS DE LA PECHE"
PP.68.0047.15,ITAL FISH,ITAL FISH,PORT DE PECHE DE TAN TAN,TAN TAN,Morocco,SEMI-CONSERVE,"ETABLISSEMENTS OU ENTREPRISES DE PRODUCTION, DE TRAITEMENT, DE TRANSFORMATION, DE CONDITIONNEMENT ET OU CONSERVATION DES PRODUITS ET SOUS PRODUITS DE LA PECHE"
PP.71.3590.18,JAMAL FRERES,JAMAL FRERES,ZONE INDUSTRIELLE LOT N° 45 VILLE D'EL MARSA LAAYOUNE,LAAYOUNE,Morocco,CONGELATION,"ETABLISSEMENTS OU ENTREPRISES DE PRODUCTION, DE TRAITEMENT, DE TRANSFORMATION, DE CONDITIONNEMENT ET OU CONSERVATION DES PRODUITS ET SOUS PRODUITS DE LA PECHE"
PP.71.0182.18,JANAH FRERES CONSERVE,JANAH FRERES CONSERVE,LOT 40 ZI EL MARSA LAAYOUNE,LAAYOUNE,Morocco,CONSERVE DE POISSON,"ETABLISSEMENTS OU ENTREPRISES DE PRODUCTION, DE TRAITEMENT, DE TRANSFORMATION, DE CONDITIONNEMENT ET OU CONSERVATION DES PRODUITS ET SOUS PRODUITS DE LA PECHE"
1861,JISA,JISA,PARCELLE N° 89 ET 90 PORT D’ AGADIR,AGADIR,Morocco,CONGELATION ET ENTREPOSAGE,"ETABLISSEMENTS OU ENTREPRISES DE PRODUCTION, DE TRAITEMENT, DE TRANSFORMATION, DE CONDITIONNEMENT ET OU CONSERVATION DES PRODUITS ET SOUS PRODUITS DE LA PECHE"
4885,JISAKA,JISAKA,PORT DE BENI NSAR NADOR,NADOR,Morocco,CONGELATION,"ETABLISSEMENTS OU ENTREPRISES DE PRODUCTION, DE TRAITEMENT, DE TRANSFORMATION, DE CONDITIONNEMENT ET OU CONSERVATION DES PRODUITS ET SOUS PRODUITS DE LA PECHE"
3605,JOSICOP,JOSICOP,ZONE INDUSTRIELLE N° 103 DAKHLA,DAKHLA,Morocco,CONGELATION,"ETABLISSEMENTS OU ENTREPRISES DE PRODUCTION, DE TRAITEMENT, DE TRANSFORMATION, DE CONDITIONNEMENT ET OU CONSERVATION DES PRODUITS ET SOUS PRODUITS DE LA PECHE"
3117,JOUMAD FRIGO,JOUMAD FRIGO,LOT N° 211 ET 212 ZONE INDUSTRIELLE HAY ESSALAM DAKHLA,DAKHLA,Morocco,CONGELATION,"ETABLISSEMENTS OU ENTREPRISES DE PRODUCTION, DE TRAITEMENT, DE TRANSFORMATION, DE CONDITIONNEMENT ET OU CONSERVATION DES PRODUITS ET SOUS PRODUITS DE LA PECHE"
3410,KACEM PECHE,KACEM PECHE,LOT N° 63 Z . I ESSALAM DAKHLA,DAKHLA,Morocco,CONGELATION,"ETABLISSEMENTS OU ENTREPRISES DE PRODUCTION, DE TRAITEMENT, DE TRANSFORMATION, DE CONDITIONNEMENT ET OU CONSERVATION DES PRODUITS ET SOUS PRODUITS DE LA PECHE"
PP.72.0074.16,KATASAB FISH SARL,KATASAB FISH SARL,N° 50 ZONE INDUSTRIELLE AL FATH BOUJDOUR,BOUJDOUR,Morocco,CONGELATION,"ETABLISSEMENTS OU ENTREPRISES DE PRODUCTION, DE TRAITEMENT, DE TRANSFORMATION, DE CONDITIONNEMENT ET OU CONSERVATION DES PRODUITS ET SOUS PRODUITS DE LA PECHE"
PP.71.0031.15,KB FISH,KB FISH,"ZONE INDUSTRIELLE, EL MARSA, LAAYOUNE",LAAYOUNE,Morocco,HUILE DE POISSON A CONSOMMATION HUMAINE,"ETABLISSEMENTS OU ENTREPRISES DE PRODUCTION, DE TRAITEMENT, DE TRANSFORMATION, DE CONDITIONNEMENT ET OU CONSERVATION DES PRODUITS ET SOUS PRODUITS DE LA PECHE"
PP.34.0221.19,KLAAS PUUL HAND PEELED,KLAAS PUUL HAND PEELED,"ZONE FRANCHE, ILOT N°1, LOT N°7, TANGER",TANGER,Morocco,DECORTICAGE DES CREVETTES,"ETABLISSEMENTS OU ENTREPRISES DE PRODUCTION, DE TRAITEMENT, DE"
PP.34.0013.14,KLAAS PUUL MAROC,KLAAS PUUL MAROC,"Z.I. AL MAJD, BEHAER, AOUAMA TANGER",TANGER,Morocco,DECORTICAGE DES CREVETTES,"ETABLISSEMENTS OU ENTREPRISES DE PRODUCTION, DE TRAITEMENT, DE TRANSFORMATION, DE CONDITIONNEMENT ET OU CONSERVATION DES PRODUITS ET SOUS PRODUITS DE LA PECHE"
3999,KOMEZMAR,KOMEZMAR,LOT N° 99 Z I BIR RAMI KENITRA,KENITRA,Morocco,CONGELATION,"ETABLISSEMENTS OU ENTREPRISES DE PRODUCTION, DE TRAITEMENT, DE TRANSFORMATION, DE CONDITIONNEMENT ET OU CONSERVATION DES PRODUITS ET SOUS PRODUITS DE LA PECHE"
PP.71.3460.18,KOMO FISH,KOMO FISH,"LOT N°47,ZONE INDUSTRIELLE EL MARSA LAAYOUNE",LAAYOUNE,Morocco,CONDITIONNEMENT DES PRODUITS DE LA PECHE A L'ETAT FRAIS ET CONGELATION,"ETABLISSEMENTS OU ENTREPRISES DE PRODUCTION, DE TRAITEMENT, DE TRANSFORMATION, DE CONDITIONNEMENT ET OU CONSERVATION DES PRODUITS ET SOUS PRODUITS DE LA PECHE"
1767,L’ESPADON,L’ESPADON,Q I AGADIR,AGADIR,Morocco,CONSERVE DE POISSON,"ETABLISSEMENTS OU ENTREPRISES DE PRODUCTION, DE TRAITEMENT, DE TRANSFORMATION, DE CONDITIONNEMENT ET OU CONSERVATION DES PRODUITS ET SOUS PRODUITS DE LA PECHE"
PP.25.0043.15,LA BEL VIE,LA BEL VIE,"ANGLE ROUTE NATIONALE N° 1 ET NATIONALE N° 8 COMMUNE TIKIOUINE AGADIR IDAOUTANATE,AGADIR",AGADIR,Morocco,CONDITIONNEMENT DES PRODUITS DE LA PECHE A L'ETAT FRAIS,"ETABLISSEMENTS OU ENTREPRISES DE PRODUCTION, DE TRAITEMENT, DE TRANSFORMATION, DE CONDITIONNEMENT ET OU CONSERVATION DES PRODUITS ET SOUS PRODUITS DE LA PECHE"
3432,LA VICTOIRE FISH,LA VICTOIRE FISH,N° 127/B2 ZONE INDUSTRIELLE TASSILA AGADIR,AGADIR,Morocco,CONGELATION,"ETABLISSEMENTS OU ENTREPRISES DE PRODUCTION, DE TRAITEMENT, DE TRANSFORMATION, DE CONDITIONNEMENT ET OU CONSERVATION DES PRODUITS ET SOUS PRODUITS DE LA PECHE"
4012,LAAYOUNE CONSERVE NAGJIR,LAAYOUNE CONSERVE NAGJIR,LOT 38 Z I VILLE EL MARSA LAAYOUNE PORT,LAAYOUNE,Morocco,CONSERVE DE POISSON,"ETABLISSEMENTS OU ENTREPRISES DE PRODUCTION, DE TRAITEMENT, DE TRANSFORMATION, DE CONDITIONNEMENT ET OU CONSERVATION DES PRODUITS ET SOUS PRODUITS DE LA PECHE"
PP.71.0061.15,LAAYOUNE PROTEINE,LAAYOUNE PROTEINE,"ZONE INDUSTRIELLE EL MARSA, B.P,41,LAAYOUNE",LAAYOUNE,Morocco,HUILE DE POISSON A CONSOMMATION HUMAINE,"ETABLISSEMENTS OU ENTREPRISES DE PRODUCTION, DE TRAITEMENT, DE TRANSFORMATION, DE CONDITIONNEMENT ET OU CONSERVATION DES PRODUITS ET SOUS PRODUITS DE LA PECHE"
PP.25.0002.14,LADRARMAR,LADRARMAR,"N° 87, ZONE INDUSTRIELLE TASSILA III TIKIOUINE,AGADIR",AGADIR,Morocco,CONGELATION,"ETABLISSEMENTS OU ENTREPRISES DE PRODUCTION, DE TRAITEMENT, DE TRANSFORMATION, DE CONDITIONNEMENT ET OU CONSERVATION DES PRODUITS ET SOUS PRODUITS DE LA PECHE"
PEF.25.0100.16,LADRARMAR 2,LADRARMAR 2,Z.I Tassila3 N° 87 Tikouine Agadir,AGADIR,Morocco,ENTREPOSAGE,ENTREPOSAGE DES PRODUITS DE LA PECHE SOUS TEMPERATURE DIRIGEE Y COMPRIS LES COQUILLAGES
PP.7.0050.15,LAURA FISH,LAURA FISH,LOT N° 709 PARC INDUSTRIEL SAPINO NOUACEUR CASABLANCA,CASABLANCA,Morocco,"CONDITIONNEMENT DES PP A L'ETAT FRAIS, CONGELATION, CUISSON, FILETAGE, DECORTIVAGE DES CREVETTES ET PREPARATION DES PRODUITS DE LA PECHE MARINES A L'ETAT FRAIS ET CONGELE","ETABLISSEMENTS OU ENTREPRISES DE PRODUCTION, DE TRAITEMENT, DE TRANSFORMATION, DE CONDITIONNEMENT ET OU CONSERVATION DES PRODUITS ET SOUS PRODUITS DE LA PECHE"
PEF.7.0052.15,LAURA FISH,LAURA FISH,LOT N° 709 PAC INDUSTRIEL SAPINO NOUACER CASABLANCA,CASABLANCA,Morocco,ENTREPOSAGE,ENTREPOSAGE DES PRODUITS DE LA PECHE SOUS TEMPERATURE DIRIGEE Y COMPRIS LES COQUILLAGES
PP.7.0037.14,LE FUMET DE L'ATLAS,LE FUMET DE L'ATLAS,9-10 Z.I DAR BOUAZZA PROVINCE DE NOUCEUR CASABLANCA,CASABLANCA,Morocco,"CONDITIONNEMENT DES PRODUITS DE LA PECHE A L'ETAT FRAIS,FILETAGE ET FUMAGE DU POISSON ET DES PRODUITS D'AQUACULTURE","ETABLISSEMENTS OU ENTREPRISES DE PRODUCTION, DE TRAITEMENT, DE TRANSFORMATION, DE CONDITIONNEMENT ET OU CONSERVATION DES PRODUITS ET SOUS PRODUITS DE LA PECHE"
1312,LES FRIGORIFIQUES BOUZERGHTOUN,LES FRIGORIFIQUES BOUZERGHTOUN,DOUAR LAGOUASSEM BOUSKOURA PAR SIDI MAAROUF ZONE RURALE CASABLANCA,CASABLANCA,Morocco,"CONGELATION, FILETAGE, DECORTICAGE DES CREVETTES, EXTRACTION ET CONGELATION DE LA VESSIE NATATOIRE DE LA COURBINE ET CONDITIONNEMENT DES PRODUITS DE LA PECHE A L'ETAT FRAIS","ETABLISSEMENTS OU ENTREPRISES DE PRODUCTION, DE TRAITEMENT, DE TRANSFORMATION, DE CONDITIONNEMENT ET OU CONSERVATION DES PRODUITS ET SOUS PRODUITS DE LA PECHE"
1885,LGMC /CHERIFIENNE,LGMC /CHERIFIENNE,ROUTE ELL YOUDI BP 96 SAFI,SAFI,Morocco,CONSERVE DE POISSON,"ETABLISSEMENTS OU ENTREPRISES DE PRODUCTION, DE TRAITEMENT, DE TRANSFORMATION, DE CONDITIONNEMENT ET OU CONSERVATION DES PRODUITS ET SOUS PRODUITS DE LA PECHE"
2469,LGMC /COMOSA,LGMC /COMOSA,ROUTE EL YOUDI BP 96 SAFI,SAFI,Morocco,CONSERVE DE POISSON,"ETABLISSEMENTS OU ENTREPRISES DE PRODUCTION, DE TRAITEMENT, DE TRANSFORMATION, DE CONDITIONNEMENT ET OU CONSERVATION DES PRODUITS ET SOUS PRODUITS DE LA PECHE"
2715,LGMC /MARIANA,LGMC /MARIANA,ROUTE DU JORF EL YOUDI BP 96 SAFI,SAFI,Morocco,CONSERVE DE POISSON,"ETABLISSEMENTS OU ENTREPRISES DE PRODUCTION, DE TRAITEMENT, DE TRANSFORMATION, DE CONDITIONNEMENT ET OU CONSERVATION DES PRODUITS ET SOUS PRODUITS DE LA PECHE"
1418,LGMC/ AMIAROC,LGMC/ AMIAROC,Q I AGADIR,AGADIR,Morocco,CONSERVE DE POISSON,"ETABLISSEMENTS OU ENTREPRISES DE PRODUCTION, DE TRAITEMENT, DE TRANSFORMATION, DE CONDITIONNEMENT ET OU CONSERVATION DES PRODUITS ET SOUS PRODUITS DE LA PECHE"
PP.7.0117.16,LIVING FISH 1,LIVING FISH 1,LOT N° 1102 ZONE INDUSTRIELLE SAPINO PROVINCE DE NOUCEUR CASABLANCA,CASABLANCA,Morocco,CONGELATION,"ETABLISSEMENTS OU ENTREPRISES DE PRODUCTION, DE TRAITEMENT, DE TRANSFORMATION, DE CONDITIONNEMENT ET OU CONSERVATION DES PRODUITS ET SOUS PRODUITS DE LA PECHE"
PEF.7.0118.16,LIVING FISH 2,LIVING FISH 2,LOT N° 1102 ZONE INDUSTRIELLE SAPINO PROVINCE DE NOUCEUR CASABLANCA,CASABLANCA,Morocco,ENTREPOSAGE,ENTREPOSAGE DES PRODUITS DE LA PECHE SOUS TEMPERATURE DIRIGEE Y COMPRIS LES COQUILLAGES
PEF.7.0062.15,LOGICOLD,LOGICOLD,POLE INDUSTRIEL ONDA NOUACEUR CASABLANCA,CASABLANCA,Morocco,ENTREPOSAGE,ENTREPOSAGE DES PRODUITS DE LA PECHE SOUS TEMPERATURE DIRIGEE Y COMPRIS LES COQUILLAGES
6359,LOGIFOOD,LOGIFOOD,LOT 115 PARC INDUSTRIEL OULED SALEH PROVINCE DE NOUCEUR CASABLANCA,CASABLANCA,Morocco,CONSERVE DE POISSON,"ETABLISSEMENTS OU ENTREPRISES DE PRODUCTION, DE TRAITEMENT, DE TRANSFORMATION, DE CONDITIONNEMENT ET OU CONSERVATION DES PRODUITS ET SOUS PRODUITS DE LA PECHE"
3123,LOMEN FRIGO,LOMEN FRIGO,Z.I HAY ESSALAM DAKHLA,DAKHLA,Morocco,CONGELATION,"ETABLISSEMENTS OU ENTREPRISES DE PRODUCTION, DE TRAITEMENT, DE TRANSFORMATION, DE CONDITIONNEMENT ET OU CONSERVATION DES PRODUITS ET SOUS PRODUITS DE LA PECHE"
PEF.6.0261.20,LOTRAF,LOTRAF,"Zone logistique SNTL, entrepôt D5. Zi MOHAMMEDIA",MOHAMMEDIA,Morocco,ENTREPOSAGE,ENTREPOSAGE DES PRODUITS DE LA PECHE SOUS TEMPERATURE DIRIGEE Y COMPRIS LES COQUILLAGES
4000,LONJA SELECCION,LONJA SELECCION,LOT N° 86 ZONE INDUSTRIELLE DAR BOUAZZA REGION DE CASA,CASABLANCA,Morocco,CUISSON et CONGELATION ET RECUPERATION DES CARAPACES VIDES DES CRABES ET DES OURSINS,"ETABLISSEMENTS OU ENTREPRISES DE PRODUCTION, DE TRAITEMENT, DE TRANSFORMATION, DE CONDITIONNEMENT ET OU CONSERVATION DES PRODUITS ET SOUS PRODUITS DE LA PECHE"
3427,LOTTE FISHING,LOTTE FISHING,ZONE PORTUAIRE PARCELLE N3 DAKHLA,DAKHLA,Morocco,"congélation des PP, filtage et conditionnement des PP","ETABLISSEMENTS OU ENTREPRISES DE PRODUCTION, DE TRAITEMENT, DE TRANSFORMATION, DE CONDITIONNEMENT ET OU CONSERVATION DES PRODUITS ET SOUS PRODUITS DE LA PECHE"
3221,MAALAININE FRIGO,MAALAININE FRIGO,NOUVELLE ZI LOTS 12 ET 13 DAKHLA,DAKHLA,Morocco,CONGELATION,"ETABLISSEMENTS OU ENTREPRISES DE PRODUCTION, DE TRAITEMENT, DE TRANSFORMATION, DE CONDITIONNEMENT ET OU CONSERVATION DES PRODUITS ET SOUS PRODUITS DE LA PECHE"
5879,MALUFRA,MALUFRA,Z.I N° 364 ROUTE DEBDOU BP 53 TAOURIRT,TAOURIRT,Morocco,"DECORTICAGE DES CREVETTES, CONGELATION DES CARAPACES DE CREVETTES DESTIN2ES A LA CONSOMMATION HUMAINE","ETABLISSEMENTS OU ENTREPRISES DE PRODUCTION, DE TRAITEMENT, DE TRANSFORMATION, DE CONDITIONNEMENT ET OU CONSERVATION DES PRODUITS ET SOUS PRODUITS DE LA PECHE"
4659,MANAL FRIGO,MANAL FRIGO,"Z I OULED ESSALAM LOT N° 226, BP N° 841 DAKHLA",DAKHLA,Morocco,CONGELATION,"ETABLISSEMENTS OU ENTREPRISES DE PRODUCTION, DE TRAITEMENT, DE TRANSFORMATION, DE CONDITIONNEMENT ET OU CONSERVATION DES PRODUITS ET SOUS PRODUITS DE LA PECHE"
1927,MAPI,MAPI,RUE DE DJORF LIHOUDI QUARTIER INDUSTRIELLE SAFI,SAFI,Morocco,CONSERVE DE POISSON,"ETABLISSEMENTS OU ENTREPRISES DE PRODUCTION, DE TRAITEMENT, DE TRANSFORMATION, DE CONDITIONNEMENT ET OU CONSERVATION DES PRODUITS ET SOUS PRODUITS DE LA PECHE"
PP.74.0178.18,MAR SEAFOOD,MAR SEAFOOD,"LOT N° 140, ZONE INDUSTRIELLE HAY ESSALAM, DAKHLA",DAKHLA,Morocco,CONGELATION,"ETABLISSEMENTS OU ENTREPRISES DE PRODUCTION, DE TRAITEMENT, DE TRANSFORMATION, DE CONDITIONNEMENT ET OU CONSERVATION DES PRODUITS ET SOUS PRODUITS DE LA PECHE"
3325,MARISCO SERVISUR,MARISCO SERVISUR,PORT DE BENI NSAR NADOR,NADOR,Morocco,CONDITIONNEMENT DES PRODUITS DE LA PECHE A L'ETAT FRAIS,"ETABLISSEMENTS OU ENTREPRISES DE PRODUCTION, DE TRAITEMENT, DE TRANSFORMATION, DE CONDITIONNEMENT ET OU CONSERVATION DES PRODUITS ET SOUS PRODUITS DE LA PECHE"
4522,MARJANE HOLDING,MARJANE HOLDING,"13, RUE MUSTAPHA EL MAÂNI CASABLANCA",CASABLANCA,Morocco,CONDITIONNEMENT DES PRODUITS DE LA PECHE A L'ETAT FRAIS,"ETABLISSEMENTS OU ENTREPRISES DE PRODUCTION, DE TRAITEMENT, DE TRANSFORMATION, DE CONDITIONNEMENT ET OU CONSERVATION DES PRODUITS ET SOUS PRODUITS DE LA PECHE"
PP.25.0242.20,MAROC INDUSTRIE OVERSAE,MAROC INDUSTRIE OVERSAE,"PARCELLE N° 280 ANCIEN PORT, AGADIR",AGADIR,Morocco,"TRAITEMENT ET CONGELATION DES PRODUITS DE LA PECHE, FILETAGE DES PRODUITS DE LA PECHE ET CONDITIONNEMENT DES PRODUITS DE LA PECHE A L'ETAT FRAIS","ETABLISSEMENTS OU ENTREPRISES DE PRODUCTION, DE TRAITEMENT, DE TRANSFORMATION, DE CONDITIONNEMENT ET OU CONSERVATION DES PRODUITS ET SOUS PRODUITS DE LA PECHE"
PP.53.0076.16,MARO PAWS SARL AU,MARO PAWS SARL AU,LOT 157 Z.I EL JADIDA ROUTE DE MARRAKECH,EL JADIDA,Morocco,"CONDITIONNEMENT DES PRODUITS DE LA PECHE A L'ETAT FRAIS, CONGELATION ET DECORTICAGE DES CREVETTES","ETABLISSEMENTS OU ENTREPRISES DE PRODUCTION, DE TRAITEMENT, DE TRANSFORMATION, DE CONDITIONNEMENT ET OU CONSERVATION DES PRODUITS ET SOUS PRODUITS DE LA PECHE"
2888,MAROMAR,MAROMAR,NOUVEAU PORT DE LARACHE BP 573 LARACHE,LARACHE,Morocco,CONGELATION,"ETABLISSEMENTS OU ENTREPRISES DE PRODUCTION, DE TRAITEMENT, DE TRANSFORMATION, DE CONDITIONNEMENT ET OU CONSERVATION DES PRODUITS ET SOUS PRODUITS DE LA PECHE"
4972,MAROMEGA,MAROMEGA,PORT DE PECHE DE TAN TAN,TAN TAN,Morocco,HUILE DE POISSON A CONSOMMATION HUMAINE,"ETABLISSEMENTS OU ENTREPRISES DE PRODUCTION, DE TRAITEMENT, DE TRANSFORMATION, DE CONDITIONNEMENT ET OU CONSERVATION DES PRODUITS ET SOUS PRODUITS DE LA PECHE"
3960,MARPEX,MARPEX,ANCIEN PORT D'AGADIR PARCELLE N° 70,AGADIR,Morocco,SEMI-CONSERVE,"ETABLISSEMENTS OU ENTREPRISES DE PRODUCTION, DE TRAITEMENT, DE TRANSFORMATION, DE CONDITIONNEMENT ET OU CONSERVATION DES PRODUITS ET SOUS PRODUITS DE LA PECHE"
PP.7.0240.20,MEAT CORP,MEAT CORP,"LOT 136, COMPLEXE INDUSTRIEL SAPINO, Province de NOUACEUR",MEDIOUNA/NOUACEUR,Morocco,CONSERVE DE POISSON,"ETABLISSEMENTS OU ENTREPRISES DE PRODUCTION, DE TRAITEMENT, DE TRANSFORMATION, DE CONDITIONNEMENT ET OU CONSERVATION DES PRODUITS ET SOUS PRODUITS DE LA PECHE"
PP.7.0228.19,MATRAVIA,MATRAVIA,"LOT 29 PARC INDUSTRIEL DE BOUSKOURA, NOUACEUR",MEDIOUNA/NOUACEUR,Morocco,"CONDITIONNEMENT DES PRODUITS DE LA PECHE A L'ETAT FRAIS, FILETAGE, DECORTICAGE DES CREVETTES, CUISSON DES CRUSTAC2S ET CONGELATION","ETABLISSEMENTS OU ENTREPRISES DE PRODUCTION, DE TRAITEMENT, DE TRANSFORMATION, DE CONDITIONNEMENT ET OU CONSERVATION DES PRODUITS ET SOUS PRODUITS DE LA PECHE"
PP.34.0204.19,MED PECHE,MED PECHE,Nouveau port de pêche de Tanger,TANGER,Morocco,CONDITIONNEMENT DES PRODUITS DE LA PECHE A L'ETAT FRAIS ET CONGELATION,"ETABLISSEMENTS OU ENTREPRISES DE PRODUCTION, DE TRAITEMENT, DE TRANSFORMATION, DE CONDITIONNEMENT ET OU CONSERVATION DES PRODUITS ET SOUS PRODUITS DE LA PECHE"
5649,MED SEA FOOD,MED SEA FOOD,LOT 814 ZONE INDUSTIRIELLE AL MAJD TANGER,TANGER,Morocco,CONGELATION,"ETABLISSEMENTS OU ENTREPRISES DE PRODUCTION, DE TRAITEMENT, DE TRANSFORMATION, DE CONDITIONNEMENT ET OU CONSERVATION DES PRODUITS ET SOUS PRODUITS DE LA PECHE"
3280,MELLALE PECHE,MELLALE PECHE,Z.I ESSALAM DAKHLA,DAKHLA,Morocco,CONGELATION,"ETABLISSEMENTS OU ENTREPRISES DE PRODUCTION, DE TRAITEMENT, DE TRANSFORMATION, DE CONDITIONNEMENT ET OU CONSERVATION DES PRODUITS ET SOUS PRODUITS DE LA PECHE"
4279,MER FRUIT,MER FRUIT,PORT DE BENI NSAR NADOR,NADOR,Morocco,CONGELATION,"ETABLISSEMENTS OU ENTREPRISES DE PRODUCTION, DE TRAITEMENT, DE TRANSFORMATION, DE CONDITIONNEMENT ET OU CONSERVATION DES PRODUITS ET SOUS PRODUITS DE LA PECHE"
PEF.19.124.17,MERZAGA,MERZAGA,LOT N° 656 AL MASSAR ROUTE DE SAFI MARRAKECH,MARRAKECH,Morocco,ENTREPOSAGE,ENTREPOSAGE DES PRODUITS DE LA PECHE SOUS TEMPERATURE DIRIGEE Y COMPRIS LES COQUILLAGES
5898,MERVEILLES DES MERS,MERVEILLES DES MERS,BP 270 ZONE INDUSTRIEL ROUTE TELEMZOUNE TAN TAN,TAN TAN,Morocco,CONSERVE DE POISSON,"ETABLISSEMENTS OU ENTREPRISES DE PRODUCTION, DE TRAITEMENT, DE TRANSFORMATION, DE CONDITIONNEMENT ET OU CONSERVATION DES PRODUITS ET SOUS PRODUITS DE LA PECHE"
PP.68.0224.19,MERVEILLES DES MERS 2,MERVEILLES DES MERS 2,ZONE INDUSTRIEL ROUTE TELEMZOUNE TAN TAN 82000,TAN TAN,Morocco,"CONGELATION DES PETITS PELAGIQUES ETETES, EVISCERES ET FILETES","ETABLISSEMENTS OU ENTREPRISES DE PRODUCTION, DE TRAITEMENT, DE TRANSFORMATION, DE CONDITIONNEMENT ET OU CONSERVATION DES PRODUITS ET SOUS PRODUITS DE LA PECHE"
1347,MIDAV,MIDAV,ROUTE SIDI OUASSEL BP 301 SAFI,SAFI,Morocco,CONSERVE DE POISSON,"ETABLISSEMENTS OU ENTREPRISES DE PRODUCTION, DE TRAITEMENT, DE TRANSFORMATION, DE CONDITIONNEMENT ET OU CONSERVATION DES PRODUITS ET SOUS PRODUITS DE LA PECHE"
PEF.9.0158.18,MIDL FISH,MIDL FISH,21 LOT NAMAE BENSOUDA FES,FES,Morocco,ENTREPOSAGE,ENTREPOSAGE DES PRODUITS DE LA PECHE SOUS TEMPERATURE DIRIGEE Y COMPRIS LES COQUILLAGES
4690,MIFACOP,MIFACOP,PORT DE BENI NSAR NADOR,NADOR,Morocco,CONGELATION ET CONDITIONNEMENT DES PRODUITS DE LA PECHE A L'ETAT FRAIS,"ETABLISSEMENTS OU ENTREPRISES DE PRODUCTION, DE TRAITEMENT, DE TRANSFORMATION, DE CONDITIONNEMENT ET OU CONSERVATION DES PRODUITS ET SOUS PRODUITS DE LA PECHE"
2348,MIPROMER,MIPROMER,PARCELLE N 85 BP 1712 NOUVEAU PORT AGADIR,AGADIR,Morocco,CONGELATION ET ENTREPOSAGE,"ETABLISSEMENTS OU ENTREPRISES DE PRODUCTION, DE TRAITEMENT, DE TRANSFORMATION, DE CONDITIONNEMENT ET OU CONSERVATION DES PRODUITS ET SOUS PRODUITS DE LA PECHE"
3515,MOHDAVNOR,MOHDAVNOR,ZONE FRANCHE DE TANGER,TANGER,Morocco,DECORTICAGE DES CREVETTES,"ETABLISSEMENTS OU ENTREPRISES DE PRODUCTION, DE TRAITEMENT, DE TRANSFORMATION, DE CONDITIONNEMENT ET OU CONSERVATION DES PRODUITS ET SOUS PRODUITS DE LA PECHE"
PP.5.0001.14,MOUSSAOUI FISH FOOD,MOUSSAOUI FISH FOOD,N°97 HAY RAJAA ANGLE RUE DES PLEIADES ET ALLEE DES LIONS CASABLANCA,CASABLANCA,Morocco,CONGELATION ET ENTREPOSAGE,"ETABLISSEMENTS OU ENTREPRISES DE PRODUCTION, DE TRAITEMENT, DE TRANSFORMATION, DE CONDITIONNEMENT ET OU CONSERVATION DES PRODUITS ET SOUS PRODUITS DE LA PECHE"
PEF.5.0129.17,MOUSSAOUI FISH FOOD 2,MOUSSAOUI FISH FOOD 2,N° 97 HAY RAJJA RUE DES PLEIADES ET A LLEE DES LIONS CASABLANCA,CASABLANCA,Morocco,ENTREPOSAGE,ENTREPOSAGE DES PRODUITS DE LA PECHE SOUS TEMPERATURE DIRIGEE Y COMPRIS LES COQUILLAGES
2388,MOUTEI ET GONZALEZ,MOUTEI ET GONZALEZ,AVANT PORT DE MEHDIA KENITRA,KENITRA,Morocco,CONDITIONNEMENT DES PRODUITS DE LA PECHE A L'ETAT FRAIS,"ETABLISSEMENTS OU ENTREPRISES DE PRODUCTION, DE TRAITEMENT, DE TRANSFORMATION, DE CONDITIONNEMENT ET OU CONSERVATION DES PRODUITS ET SOUS PRODUITS DE LA PECHE"
PEF.25.0045.16,MULTI MEAT,MULTI MEAT,LOT N° 280 (E63) ZONE INDUSTRIELLE TASSILA II AGADIR,AGADIR,Morocco,ENTREPOSAGE,ENTREPOSAGE DES PRODUITS DE LA PECHE SOUS TEMPERATURE DIRIGEE Y COMPRIS LES COQUILLAGES
PP.26.0040.14,NABAOCTOPUS,NABAOCTOPUS,N° 674 FARHAT HACHAD Z.I DCHEIRA EL JIHADIA INEZGANE AIT MELLOUL AGADIR,AGADIR,Morocco,CONGELATION,"ETABLISSEMENTS OU ENTREPRISES DE PRODUCTION, DE TRAITEMENT, DE TRANSFORMATION, DE CONDITIONNEMENT ET OU CONSERVATION DES PRODUITS ET SOUS PRODUITS DE LA PECHE"
3879,NEPTON FRIGO,NEPTON FRIGO,"Z.I. EXTRA PORTUAIRE BP 317, EL OUATIA, TANTAN PLAGE",TAN TAN,Morocco,CONGELATION,"ETABLISSEMENTS OU ENTREPRISES DE PRODUCTION, DE TRAITEMENT, DE TRANSFORMATION, DE CONDITIONNEMENT ET OU CONSERVATION DES PRODUITS ET SOUS PRODUITS DE LA PECHE"
PEF.34.0227.19,NERMINE FISH,NERMINE FISH,Lot n° 33 ZONE INDUSTRIELLE GZENAYA TANGER,TANGER,Morocco,ENTREPOSAGE,ENTREPOSAGE DES PRODUITS DE LA PECHE SOUS TEMPERATURE DIRIGEE Y COMPRIS LES COQUILLAGES
4984,NEW INDUS FISH,NEW INDUS FISH,"LOT 80,ZONE INDUSTRIELLE BASSE,ROUTE DJORF,SAFI",SAFI,Morocco,CONGELATION,"ETABLISSEMENTS OU ENTREPRISES DE PRODUCTION, DE TRAITEMENT, DE TRANSFORMATION, DE CONDITIONNEMENT ET OU CONSERVATION DES PRODUITS ET SOUS PRODUITS DE LA PECHE"
PP.6.0167.18,NOBLEMAR,NOBLEMAR,PORT DE PECHE DE MOHAMMEDIA,MOHAMMEDIA,Morocco,CONDITIONNEMENT DES PRODUITS DE LA PECHE A L'ETAT FRAIS ET CRUSTACES VIVANTS,"ETABLISSEMENTS OU ENTREPRISES DE PRODUCTION, DE TRAITEMENT, DE TRANSFORMATION, DE CONDITIONNEMENT ET OU CONSERVATION DES PRODUITS ET SOUS PRODUITS DE LA PECHE"
PP.60.0121.16,NOR-DANSKE,NOR-DANSKE,PORT DE MEHDIA KENITRA,MEHDIA,Morocco,"FUMAGE, EVISCERATION ET ETETEGE ET FILETAGE","ETABLISSEMENTS OU ENTREPRISES DE PRODUCTION, DE TRAITEMENT, DE TRANSFORMATION, DE CONDITIONNEMENT ET OU CONSERVATION DES PRODUITS ET SOUS PRODUITS DE LA PECHE"
3339,NOUN’S FISH,NOUN’S FISH,"Km 42, CENTRE SIDI RAHAL ROUTE COTIERE CASA AZEMOUR SIDI RAHAL PLAGE",CASABLANCA,Morocco,CONGELATION,"ETABLISSEMENTS OU ENTREPRISES DE PRODUCTION, DE TRAITEMENT, DE TRANSFORMATION, DE CONDITIONNEMENT ET OU CONSERVATION DES PRODUITS ET SOUS PRODUITS DE LA PECHE"
4512,NOUNE MAROC,NOUNE MAROC,QUARTIER MUNICIPAL INDUSTRIEL LOT N° 71 KENITRA,KENITRA,Morocco,EXPIDITION DES ANGUILLES VIVANTES,"ETABLISSEMENTS OU ENTREPRISES DE PRODUCTION, DE TRAITEMENT, DE TRANSFORMATION, DE CONDITIONNEMENT ET OU CONSERVATION DES PRODUITS ET SOUS PRODUITS DE LA PECHE"
PP.68.0012.14,NOUVELLE OUGALA,NOUVELLE OUGALA,PORT DE PECHE DE TAN TAN,TAN TAN,Morocco,HUILE DE POISSON A CONSOMMATION HUMAINE,"ETABLISSEMENTS OU ENTREPRISES DE PRODUCTION, DE TRAITEMENT, DE TRANSFORMATION, DE CONDITIONNEMENT ET OU CONSERVATION DES PRODUITS ET SOUS PRODUITS DE LA PECHE"
3148,NOUVELLE AVEIRO MAROC II,NOUVELLE AVEIRO MAROC II,QI AIT MELLOUL AGADIR,AGADIR,Morocco,"CONGELATION, ENTREPOSAGE","ETABLISSEMENTS OU ENTREPRISES DE PRODUCTION, DE TRAITEMENT, DE TRANSFORMATION, DE CONDITIONNEMENT ET OU CONSERVATION DES PRODUITS ET SOUS PRODUITS DE LA PECHE"
2081,NOUVELLE COSARNO,NOUVELLE COSARNO,RUE AL BAHARA QI. ANZA. BP.6196. AGADIR,AGADIR,Morocco,CONSERVE DE POISSON,"ETABLISSEMENTS OU ENTREPRISES DE PRODUCTION, DE TRAITEMENT, DE TRANSFORMATION, DE CONDITIONNEMENT ET OU CONSERVATION DES PRODUITS ET SOUS PRODUITS DE LA PECHE"
PEF.25.0195.18,NOUVELLE COSARNO 2,NOUVELLE COSARNO 2,RUE AL BAHARA QI. ANZA. BP.6196. AGADIR,AGADIR,Morocco,ENTREPOSAGE,"ETABLISSEMENTS OU ENTREPRISES DE PRODUCTION, DE TRAITEMENT, DE TRANSFORMATION, DE CONDITIONNEMENT ET OU CONSERVATION DES PRODUITS ET SOUS PRODUITS DE LA PECHE"
PP.72.0251.20,NOUVELLE UNITE DIPROMER,NOUVELLE UNITE DIPROMER,"ZONE INDUSTRIELLE 2EME TRANCHE, LOT N° 26-27-28-29 BOUJDOUR",BOUJDOUR,Morocco,"ETETAGE, EVISCERATION ET FILETAE DES PETITS PELAGIQUES, MARINADE DE POISSON, CONDITIONNEMENT DE FILET DE POISSON, TRAITEMENT ET CONGELATION DES PRODUITS DE LA PECHE ET CONGELATION EN iqf PAR IMMERSION EN SAUMURE","ETABLISSEMENTS OU ENTREPRISES DE PRODUCTION, DE TRAITEMENT, DE TRANSFORMATION, DE CONDITIONNEMENT ET OU CONSERVATION DES PRODUITS ET SOUS PRODUITS DE LA PECHE"
PP.71.0250.20,O-2A-FISH,O-2A-FISH,N° 136 Zone Industrielle Al Marsa Layoune,LAAYOUNE,Morocco,"ETETAGE, EVISCERATION DES PETITS PELAGIQUES, FILETAGE ET CONGELATION DES CEPHALOPODES EN IQF ET SALAGE DE LA SARDINE CONGELATION, FILETAGE ET PREPARATION DU POISSON PANE","ETABLISSEMENTS OU ENTREPRISES DE PRODUCTION, DE TRAITEMENT, DE TRANSFORMATION, DE CONDITIONNEMENT ET OU CONSERVATION DES PRODUITS ET SOUS PRODUITS DE LA PECHE"
PP.72.0139.17,OCEAMIC BOUJDOUR,OCEAMIC BOUJDOUR,"LOT H 13, ZONE INDUSTRIELLE BOUJDOUR",BOUJDOUR,Morocco,"ETABLISSEMENTS OU ENTREPRISES DE PRODUCTION, DE TRAITEMENT, DE TRANSFORMATION, DE CONDITIONNEMENT ET OU CONSERVATION DES PRODUITS ET SOUS PRODUITS DE LA PECHE",nan
3336,OCEAMIC LAAYOUNE,OCEAMIC LAAYOUNE,ZI LOT N 47 EL MARSA LAAYOUNE,LAAYOUNE,Morocco,CONGELATION,"ETABLISSEMENTS OU ENTREPRISES DE PRODUCTION, DE TRAITEMENT, DE TRANSFORMATION, DE CONDITIONNEMENT ET OU CONSERVATION DES PRODUITS ET SOUS PRODUITS DE LA PECHE"
6127,OCEAMIC LAAYOUNE II,OCEAMIC LAAYOUNE II,MUNICIPALITE EL MARSA LOT N° 60 ZON E INDUSTRIELLE LAAYOUNE,LAAYOUNE,Morocco,CONSERVE DE POISSON,"ETABLISSEMENTS OU ENTREPRISES DE PRODUCTION, DE TRAITEMENT, DE TRANSFORMATION, DE CONDITIONNEMENT ET OU CONSERVATION DES PRODUITS ET SOUS PRODUITS DE LA PECHE"
PP.25.3535.17,OCEAN DELIGHTS,OCEAN DELIGHTS,LOT 238 PE 26 ZONE INDUSTRIELLE AGADIR,AGADIR,Morocco,CONGELATION,"ETABLISSEMENTS OU ENTREPRISES DE PRODUCTION, DE TRAITEMENT, DE TRANSFORMATION, DE CONDITIONNEMENT ET OU CONSERVATION DES PRODUITS ET SOUS PRODUITS DE LA PECHE"
4079,OLVEA ATLANTIC,OLVEA ATLANTIC,Z I LOT 631 BP 1761 AIT MELLOUL AGADIR,AGADIR,Morocco,FILTRATION DE L'HUILE DE POISSON DESTINEE A LA CONSOMATION HUMAINE,"ETABLISSEMENTS OU ENTREPRISES DE PRODUCTION, DE TRAITEMENT, DE TRANSFORMATION, DE CONDITIONNEMENT ET OU CONSERVATION DES PRODUITS ET SOUS PRODUITS DE LA PECHE"
1425,OMNIUM MAROCAIN DE PECHE INDUSTRIE,OMNIUM MAROCAIN DE PECHE INDUSTRIE,PORT DE PECHE DE TAN TAN,TAN TAN,Morocco,CONGELATION,"ETABLISSEMENTS OU ENTREPRISES DE PRODUCTION, DE TRAITEMENT, DE TRANSFORMATION, DE CONDITIONNEMENT ET OU CONSERVATION DES PRODUITS ET SOUS PRODUITS DE LA PECHE"
3211,OPROP CONGELATION,OPROP CONGELATION,PORT DE PECHE DE TAN TAN,TAN TAN,Morocco,CONGELATION,"ETABLISSEMENTS OU ENTREPRISES DE PRODUCTION, DE TRAITEMENT, DE TRANSFORMATION, DE CONDITIONNEMENT ET OU CONSERVATION DES PRODUITS ET SOUS PRODUITS DE LA PECHE"
6043,ORGAFOOD,ORGAFOOD,ROUTE DU DJORF EL YOUDI SAFI,SAFI,Morocco,CONSERVE DE POISSON,"ETABLISSEMENTS OU ENTREPRISES DE PRODUCTION, DE TRAITEMENT, DE TRANSFORMATION, DE CONDITIONNEMENT ET OU CONSERVATION DES PRODUITS ET SOUS PRODUITS DE LA PECHE"
PEF.74.0277.21,OULAD LAKHLIGA FISH,OULAD LAKHLIGA FISH,LOT 140 ZONE INDUSTRIELLE ASSALAM DAKHLA,DAKHLA,Morocco,ENTREPOSAGE DES PRODUTS DE LA PECHE ET DE L'AQUACULTURE,ENTREPOSAGE DES PRODUITS DE LA PECHE SOUS TEMPERATURE DIRIGEE Y COMPRIS LES COQUILLAGES
6046,OUARZA FOOD,OUARZA FOOD,237 HAY EL MASSIRA OURZAZAT,OURZAZAT,Morocco,ENTREPOSAGE,ENTREPOSAGE DES PRODUITS DE LA PECHE SOUS TEMPERATURE DIRIGEE Y COMPRIS LES COQUILLAGES
3653,OUGALA II,OUGALA II,PORT DE PECHE DE TAN TAN,TAN TAN,Morocco,CONGELATION,"ETABLISSEMENTS OU ENTREPRISES DE PRODUCTION, DE TRAITEMENT, DE TRANSFORMATION, DE CONDITIONNEMENT ET OU CONSERVATION DES PRODUITS ET SOUS PRODUITS DE LA PECHE"
PEF.5.0207.19,OUJDA SAMAK,OUJDA SAMAK,Lot Laayoune n° 33 Ain BORJA Casablanca,CASABLANCA,Morocco,ENTREPOSAGE,ENTREPOSAGE DES PRODUITS DE LA PECHE SOUS TEMPERATURE DIRIGEE Y COMPRIS LES COQUILLAGES
5889,OVERSEAS LINK INTERNATIONAL,OVERSEAS LINK INTERNATIONAL,ROUTE LAAYOUNE QUARTIER INDUSTRIEL AL WATAYA N° 56/914 ZONE EXTRA PORTUAIRE TAN TAN PORT,TAN TAN,Morocco,"CONDITIONNEMENT DES PRODUITS DE LA PECHE A L'ETAT FRAIS,CONGELATION ET FILETAGE","ETABLISSEMENTS OU ENTREPRISES DE PRODUCTION, DE TRAITEMENT, DE TRANSFORMATION, DE CONDITIONNEMENT ET OU CONSERVATION DES PRODUITS ET SOUS PRODUITS DE LA PECHE"
4572,PALACE FISHES,PALACE FISHES,Z.I LOT N° 52 WIFAK OULFA SASABLANCA,CASABLANCA,Morocco,CONGELATION ET ENTREPOSAGE,"ETABLISSEMENTS OU ENTREPRISES DE PRODUCTION, DE TRAITEMENT, DE TRANSFORMATION, DE CONDITIONNEMENT ET OU CONSERVATION DES PRODUITS ET SOUS PRODUITS DE LA PECHE ENTREPOSAGE DES PRODUITS DE LA PECHE SOUS TEMPERATURE DIRIGEE Y COMPRIS LES COQUILLAGES"
3276,PAMAPECHE,PAMAPECHE,PARCELLE N° 30 ZI NOUVEAU PORT D’ANZA AGADIR,AGADIR,Morocco,CONGELATION,"ETABLISSEMENTS OU ENTREPRISES DE PRODUCTION, DE TRAITEMENT, DE TRANSFORMATION, DE CONDITIONNEMENT ET OU CONSERVATION DES PRODUITS ET SOUS PRODUITS DE LA PECHE"
PP.6.0190.18,PATY'S,PATY'S,LOT 169 à 180ZONE INDUSTRIELLE SUD- OUEST DE MOHAMMEDIA,MOHAMMEDIA,Morocco,"ELABORATION DES PRODUITS PRECUITS, PANES ET SURGEL2S 0 BASE DES PRODUITS DE LA PECHE","ETABLISSEMENTS OU ENTREPRISES DE PRODUCTION, DE TRAITEMENT, DE TRANSFORMATION, DE CONDITIONNEMENT ET OU CONSERVATION DES PRODUITS ET SOUS PRODUITS DE LA PECHE"
1322,PECHE ET FROID DU SOUSS,PECHE ET FROID DU SOUSS,ANCIEN PORT DE PECHE AGADIR,AGADIR,Morocco,CONGELATION,"ETABLISSEMENTS OU ENTREPRISES DE PRODUCTION, DE TRAITEMENT, DE TRANSFORMATION, DE CONDITIONNEMENT ET OU CONSERVATION DES PRODUITS ET SOUS PRODUITS DE LA PECHE"
PP.25.0220.19,PELAGIQUE INDUSTRIE,PELAGIQUE INDUSTRIE,"N°1-11,LOT PARC HALIOPOLIS, CR DRARGA TIKIOUINE, AGADIR",AGADIR,Morocco,CONSERVE DE POISSON,"ETABLISSEMENTS OU ENTREPRISES DE PRODUCTION, DE TRAITEMENT, DE TRANSFORMATION, DE CONDITIONNEMENT ET OU CONSERVATION DES PRODUITS ET SOUS PRODUITS DE LA PECHE"
PP.71.0186.18,PELAPRO,PELAPRO,LOT N° 35 ZONE INDUSTRIELLE EL MARSA,LAAYOUNE,Morocco,CONDITIONNEMENT DES PRODUITS DE LA PECHE A L'ETAT FRAIS ET CONGELATION,"ETABLISSEMENTS OU ENTREPRISES DE PRODUCTION, DE TRAITEMENT, DE TRANSFORMATION, DE CONDITIONNEMENT ET OU CONSERVATION DES PRODUITS ET SOUS PRODUITS DE LA PECHE"
5443,PESBAK ET BENJELLOUN II,PESBAK ET BENJELLOUN II,MAGASIN N° 1 PORT DE PECHE TANGER,TANGER,Morocco,CONGELATION,"ETABLISSEMENTS OU ENTREPRISES DE PRODUCTION, DE TRAITEMENT, DE TRANSFORMATION, DE CONDITIONNEMENT ET OU CONSERVATION DES PRODUITS ET SOUS PRODUITS DE LA PECHE"
PP.34.0164.18,PESCAB,PESCAB,LOCAL N° 13-14 PORT DE PECHE DE TANGER,TANGER,Morocco,CONDITIONNEMENT DES PRODUITS DE LA PECHE A L'ETAT FRAIS ET FILETAGE,"ETABLISSEMENTS OU ENTREPRISES DE PRODUCTION, DE TRAITEMENT, DE TRANSFORMATION, DE CONDITIONNEMENT ET OU CONSERVATION DES PRODUITS ET SOUS PRODUITS DE LA PECHE"
2385,PESCA DEL SUR,PESCA DEL SUR,ZI VILLE DE DAKHLA,DAKHLA,Morocco,CONGELATION,"ETABLISSEMENTS OU ENTREPRISES DE PRODUCTION, DE TRAITEMENT, DE TRANSFORMATION, DE CONDITIONNEMENT ET OU CONSERVATION DES PRODUITS ET SOUS PRODUITS DE LA PECHE"
3287,PESCA GHARB,PESCA GHARB,AVANT PORT DE MEHDIA,KENITRA,Morocco,"CONDITIONNEMENT DES PRODUITS DE LA PECHE A L'ETAT FRAIS, CONGELATION, PREPARATION DES PRODUITS SEMI CUITS, DECORTICAGE DES OURSINS ET MARINADE","ETABLISSEMENTS OU ENTREPRISES DE PRODUCTION, DE TRAITEMENT, DE TRANSFORMATION, DE CONDITIONNEMENT ET OU CONSERVATION DES PRODUITS ET SOUS PRODUITS DE LA PECHE"
PP.7.3389.17,PESCA MAREE IMPORT EXPORT,PESCA MAREE IMPORT EXPORT,Km 16.5 DOUAR AARABA DAR BOUAZZA PROVINCE DE NOUCEUR CASABLANCA,CASABLANCA,Morocco,CONDITIONNEMENT DES PRODUITS DE LA PECHE A L'ETAT FRAIS,"ETABLISSEMENTS OU ENTREPRISES DE PRODUCTION, DE TRAITEMENT, DE TRANSFORMATION, DE CONDITIONNEMENT ET OU CONSERVATION DES PRODUITS ET SOUS PRODUITS DE LA PECHE"
PP.34.3583.19,PESCA ZERHOUN,PESCA ZERHOUN,PORT DE PECHE DE TANGER,TANGER,Morocco,CONDITIONNEMENT DES PRODUITS DE LA PECHE A L'ETAT FRAIS,"ETABLISSEMENTS OU ENTREPRISES DE PRODUCTION, DE TRAITEMENT, DE TRANSFORMATION, DE CONDITIONNEMENT ET OU CONSERVATION DES PRODUITS ET SOUS PRODUITS DE LA PECHE"
3411,PESCADAK,PESCADAK,Z I ESSALAM DAKHLA,DAKHLA,Morocco,CONGELATION,"ETABLISSEMENTS OU ENTREPRISES DE PRODUCTION, DE TRAITEMENT, DE TRANSFORMATION, DE CONDITIONNEMENT ET OU CONSERVATION DES PRODUITS ET SOUS PRODUITS DE LA PECHE"
PP.50.0142.17,PESCADOS LA COSTA DEL MAR,PESCADOS LA COSTA DEL MAR,N° 10 PORT DE M DIQ BP 251,NADOR,Morocco,CONDITIONNEMENT DES PRODUITS DE LA PECHE A L'ETAT FRAIS,"ETABLISSEMENTS OU ENTREPRISES DE PRODUCTION, DE TRAITEMENT, DE TRANSFORMATION, DE CONDITIONNEMENT ET OU CONSERVATION DES PRODUITS ET SOUS PRODUITS DE LA PECHE"
2515,PESCADOS DEL CANTO,PESCADOS DEL CANTO,PORT DE PECHE DE BENI ENSAR,M'DIQ,Morocco,CONGELATION,"ETABLISSEMENTS OU ENTREPRISES DE PRODUCTION, DE TRAITEMENT, DE TRANSFORMATION, DE CONDITIONNEMENT ET OU CONSERVATION DES PRODUITS ET SOUS PRODUITS DE LA PECHE"
PP.60.0198.19,PESCADOS PUNTAMAR,PESCADOS PUNTAMAR,Port de Mehdia kENITRA,KENITRA,Morocco,CONDITIONNEMENT DES PRODUITS DE LA PECHE A L'ETAT FRAIS,"ETABLISSEMENTS OU ENTREPRISES DE PRODUCTION, DE TRAITEMENT, DE TRANSFORMATION, DE CONDITIONNEMENT ET OU CONSERVATION DES PRODUITS ET SOUS PRODUITS DE LA PECHE"
3122,PESCONDA,PESCONDA,NOUVELLE ZI LOT 181 ET 182 DAKHLA,DAKHLA,Morocco,CONGELATION,"ETABLISSEMENTS OU ENTREPRISES DE PRODUCTION, DE TRAITEMENT, DE TRANSFORMATION, DE CONDITIONNEMENT ET OU CONSERVATION DES PRODUITS ET SOUS PRODUITS DE LA PECHE"
4116,PINK SALMON,PINK SALMON,N 442 ZI SIDI GHANEM MARRAKECH,MARRAKECH,Morocco,FUMAGE,"ETABLISSEMENTS OU ENTREPRISES DE PRODUCTION, DE TRAITEMENT, DE TRANSFORMATION, DE CONDITIONNEMENT ET OU CONSERVATION DES PRODUITS ET SOUS PRODUITS DE LA PECHE"
PEF.19.0149.17,PLURI FISH,PLURI FISH,LOT AL MASSAR N° 31 ROUTE DE SAFI MARRAKECH,MARRAKECH,Morocco,ENTREPOSAGE,ENTREPOSAGE DES PRODUITS DE LA PECHE SOUS TEMPERATURE DIRIGEE Y COMPRIS LES COQUILLAGES
PEF.7.0072.15,POLE FISHS,POLE FISHS,"DOUAR HART HAMRI, DAR BOUAZZA,NOUACEUR CASABLANCA",CASABLANCA,Morocco,ENTREPOSAGE,ENTREPOSAGE DES PRODUITS DE LA PECHE SOUS TEMPERATURE DIRIGEE Y COMPRIS LES COQUILLAGES
1310,POLYVALENT ENNAJAH,POLYVALENT ENNAJAH,29 RUE DE LA PYRAMIDE BELVEDERE CASABLANCA,CASABLANCA,Morocco,CONDITIONNEMENT DES PRODUITS DE LA PECHE A L'ETAT FRAIS,"ETABLISSEMENTS OU ENTREPRISES DE PRODUCTION, DE TRAITEMENT, DE TRANSFORMATION, DE CONDITIONNEMENT ET OU CONSERVATION DES PRODUITS ET SOUS PRODUITS DE LA PECHE"
3237,POULPO MAR,POULPO MAR,LOT 121 NOUVELLE ZI DAKHLA,DAKHLA,Morocco,CONGELATION,"ETABLISSEMENTS OU ENTREPRISES DE PRODUCTION, DE TRAITEMENT, DE TRANSFORMATION, DE CONDITIONNEMENT ET OU CONSERVATION DES PRODUITS ET SOUS PRODUITS DE LA PECHE"
3694,PRO CO SAF,PRO CO SAF,ZI ROUTE DE JORF LYOUDI,SAFI,Morocco,CONGELATION,"ETABLISSEMENTS OU ENTREPRISES DE PRODUCTION, DE TRAITEMENT, DE TRANSFORMATION, DE CONDITIONNEMENT ET OU CONSERVATION DES PRODUITS ET SOUS PRODUITS DE LA PECHE"
PEF.25.0109.16,PROCESSING AND TRADING SEAFOOD,PROCESSING AND TRADING SEAFOOD,"LOT HALIOPOLIS N° 11,12 COMMUNE DRARGA AGADIR",AGADIR,Morocco,ENTREPOSAGE,"ETABLISSEMENTS OU ENTREPRISES DE PRODUCTION, DE TRAITEMENT, DE TRANSFORMATION, DE CONDITIONNEMENT ET OU CONSERVATION DES PRODUITS ET SOUS PRODUITS DE LA PECHE"
PP.25.0122.17,PROCESSING AND TRADING SEAFOOD 2,PROCESSING AND TRADING SEAFOOD 2,LOT HALIOPOLIS N° 11 ET 12 AGADIR COMMUNE DRARGAR,AGADIR,Morocco,CONGELATION,"ETABLISSEMENTS OU ENTREPRISES DE PRODUCTION, DE TRAITEMENT, DE TRANSFORMATION, DE CONDITIONNEMENT ET OU CONSERVATION DES PRODUITS ET SOUS PRODUITS DE LA PECHE"
3223,RAISSMER,RAISSMER,ZI LOT 32 ET 33 DAKHLA,DAKHLA,Morocco,CONGELATION,"ETABLISSEMENTS OU ENTREPRISES DE PRODUCTION, DE TRAITEMENT, DE TRANSFORMATION, DE CONDITIONNEMENT ET OU CONSERVATION DES PRODUITS ET SOUS PRODUITS DE LA PECHE"
2580,RAOIHANE,RAOIHANE,RUE ASSINAA QUARTIER INDUSTRIEL ANZA AGADIR,AGADIR,Morocco,CONGELATION,"ETABLISSEMENTS OU ENTREPRISES DE PRODUCTION, DE TRAITEMENT, DE TRANSFORMATION, DE CONDITIONNEMENT ET OU CONSERVATION DES PRODUITS ET SOUS PRODUITS DE LA PECHE"
PP.25.0219.19,RAYLO,RAYLO,RUE ALMILAHA Q I D'ANZA,AGADIR,Morocco,DECORTICAGE ET MARINADE DES CREVETTESET CONGELATION DU JUS DE L'EXTRAIT DES ISSUES DE DECOPRTICAGEDES CREVETTES,"ETABLISSEMENTS OU ENTREPRISES DE PRODUCTION, DE TRAITEMENT, DE TRANSFORMATION, DE CONDITIONNEMENT ET OU CONSERVATION DES PRODUITS ET SOUS PRODUITS DE LA PECHE"
PEF.5.0067.15,REGIE AUTONOME DES FRIGORIFIQUES DE CASABLANCA,REGIE AUTONOME DES FRIGORIFIQUES DE CASABLANCA,"AVENUE 10 MARS SIDI OTHMAN, CASABLANCA",CASABLANCA,Morocco,ENTREPOSAGE,ENTREPOSAGE DES PRODUITS DE LA PECHE SOUS TEMPERATURE DIRIGEE Y COMPRIS LES COQUILLAGES
1393,REINA D’EL COSTA,REINA D’EL COSTA,KHALIL II RUE 4 N 97 LA VILETTE CASABLANCA,CASABLANCA,Morocco,CONDITIONNEMENT DES PRODUITS DE LA PECHE A L'ETAT FRAIS,"ETABLISSEMENTS OU ENTREPRISES DE PRODUCTION, DE TRAITEMENT, DE TRANSFORMATION, DE CONDITIONNEMENT ET OU CONSERVATION DES PRODUITS ET SOUS PRODUITS DE LA PECHE"
2022,REKTA KRIFA,REKTA KRIFA,RUE PRESIDENT BEKKAI Q.I AGADIR,AGADIR,Morocco,CONGELATION,"ETABLISSEMENTS OU ENTREPRISES DE PRODUCTION, DE TRAITEMENT, DE TRANSFORMATION, DE CONDITIONNEMENT ET OU CONSERVATION DES PRODUITS ET SOUS PRODUITS DE LA PECHE"
PP.8.0048.15,RESTAURANT LANGOS,RESTAURANT LANGOS,"DOUAR LAHFARI, COMMUNE RURALE MEJATIA OULED TALEB MEDIOUNA CASABLANCA",CASABLANCA,Morocco,CONGELATION,"ETABLISSEMENTS OU ENTREPRISES DE PRODUCTION, DE TRAITEMENT, DE TRANSFORMATION, DE CONDITIONNEMENT ET OU CONSERVATION DES PRODUITS ET SOUS PRODUITS DE LA PECHE"
3192,RESTINGA MAR,RESTINGA MAR,"Z.I N° 18 BP 77 SELOUANE, PR DE NADOR",NADOR,Morocco,"CONGELATION, CONDITIONNEMENT DES PRODUITS DE LA PECHE A L'ETAT FRAIS, MARINADE, PREPARATION DE POISSON SALE CONGELE, CUISSON DE POULPE ET CONGELATION DE POULPE CUIT","ETABLISSEMENTS OU ENTREPRISES DE PRODUCTION, DE TRAITEMENT, DE TRANSFORMATION, DE CONDITIONNEMENT ET OU CONSERVATION DES PRODUITS ET SOUS PRODUITS DE LA PECHE"
1301,REYTE MAROC,REYTE MAROC,STALLE N 8 PORT DE PECHE CASABLANCA,CASABLANCA,Morocco,CONDITIONNEMENT DES PRODUITS DE LA PECHE A L'ETAT FRAIS,"ETABLISSEMENTS OU ENTREPRISES DE PRODUCTION, DE TRAITEMENT, DE TRANSFORMATION, DE CONDITIONNEMENT ET OU CONSERVATION DES PRODUITS ET SOUS PRODUITS DE LA PECHE"
5108,RGUIMAR QUESADA,RGUIMAR QUESADA,LOTS 41 ZONE INDUSTRIELLE BP 808 SAFI,SAFI,Morocco,CONDITIONNEMENT DES PRODUITS DE LA PECHE A L'ETAT FRAIS,"ETABLISSEMENTS OU ENTREPRISES DE PRODUCTION, DE TRAITEMENT, DE TRANSFORMATION, DE CONDITIONNEMENT ET OU CONSERVATION DES PRODUITS ET SOUS PRODUITS DE LA PECHE"
3400,RIJAL SAKIA AL HAMRA,RIJAL SAKIA AL HAMRA,ZI LOTS 181-192 ESSALAM DAKHLA,DAKHLA,Morocco,CONGELATION,"ETABLISSEMENTS OU ENTREPRISES DE PRODUCTION, DE TRAITEMENT, DE TRANSFORMATION, DE CONDITIONNEMENT ET OU CONSERVATION DES PRODUITS ET SOUS PRODUITS DE LA PECHE"
PP.71.0027.14,RIJAL SAKIA EL HAMRA,RIJAL SAKIA EL HAMRA,ZONE INDUSTRIELLE EL MRSA LAAYOUNE,LAAYOUNE,Morocco,CONGELATION ET FILETAGE,"ETABLISSEMENTS OU ENTREPRISES DE PRODUCTION, DE TRAITEMENT, DE TRANSFORMATION, DE CONDITIONNEMENT ET OU CONSERVATION DES PRODUITS ET SOUS PRODUITS DE LA PECHE"
2914,RIO EXPORT,RIO EXPORT,QI HAY ES SALAM DAKHLA NOUVEAU QI,DAKHLA,Morocco,CONGELATION,"ETABLISSEMENTS OU ENTREPRISES DE PRODUCTION, DE TRAITEMENT, DE TRANSFORMATION, DE CONDITIONNEMENT ET OU CONSERVATION DES PRODUITS ET SOUS PRODUITS DE LA PECHE"
3031,RIO GLACE,RIO GLACE,LOT 99 /100 HAY ESSALAM DAKHLA,DAKHLA,Morocco,"CONGELATION DES PETITS PELAGIQUES, ETETAGE ET EVISCERATION ET PREPARATION DE LA PATE DE SARDINES ET MAQUEREAUX","ETABLISSEMENTS OU ENTREPRISES DE PRODUCTION, DE TRAITEMENT, DE TRANSFORMATION, DE CONDITIONNEMENT ET OU CONSERVATION DES PRODUITS ET SOUS PRODUITS DE LA PECHE"
3939,SAFA SAMAK,SAFA SAMAK,19 LOT ENNACER AFOURER AZILAL,AZILAL,Morocco,ENTREPOSAGE,ENTREPOSAGE DES PRODUITS DE LA PECHE SOUS TEMPERATURE DIRIGEE Y COMPRIS LES COQUILLAGES
PP.52.0108.16,SAFI PESCADOS,SAFI PESCADOS,LOT 33 Z.I SAFI,SAFI,Morocco,CONDITIONNEMENT DES PRODUITS DE LA PECHE A L'ETAT FRAIS,"ETABLISSEMENTS OU ENTREPRISES DE PRODUCTION, DE TRAITEMENT, DE TRANSFORMATION, DE CONDITIONNEMENT ET OU CONSERVATION DES PRODUITS ET SOUS PRODUITS DE LA PECHE"
PP.26.0241.20,SAHARA SEALAN FOOD,SAHARA SEALAN FOOD,N° 112 A2 ZONE INDUSTRIELLE TASSILA- INEZGANE-AIT MELLOUL,AGADIR,Morocco,"CONDITIONNEMENT DES PRODUITS DE LA PECHE A L'ETAT FRAIS, CONGELATION ET FILETAGE DES PRODUITS DE LA PECHE ET STOCKAGE DE SES PROPRES PRODUITS DE LA PECHE A L'ETAT CONGELE","ETABLISSEMENTS OU ENTREPRISES DE PRODUCTION, DE TRAITEMENT, DE TRANSFORMATION, DE CONDITIONNEMENT ET OU CONSERVATION DES PRODUITS ET SOUS PRODUITS DE LA PECHE"
PP.5.5446.18,SAIF AL BAHR,SAIF AL BAHR,"N° 43, RUE AL KHOUZAMA, QUARTIER LA GIRONDE CASABLANCA",CASABLANCA,Morocco,CONDITIONNEMENT DES PRODUITS DE LA PECHE A L'ETAT FRAIS ET FILETAGE,"ETABLISSEMENTS OU ENTREPRISES DE PRODUCTION, DE TRAITEMENT, DE TRANSFORMATION, DE CONDITIONNEMENT ET OU CONSERVATION DES PRODUITS ET SOUS PRODUITS DE LA PECHE"
PEF.5.0171.18,SAIF AL BAHR ENTREPOSAGE,SAIF AL BAHR ENTREPOSAGE,"N° 43, RUE AL KHOUZAMA, QUARTIER LA GIRONDE CASABLANCA",CASABLANCA,Morocco,ENTREPOSAGE,ENTREPOSAGE DES PRODUITS DE LA PECHE SOUS TEMPERATURE DIRIGEE Y COMPRIS LES COQUILLAGES
2372,SAITO,SAITO,QI N° 35 TASSILLA D'CHEIRA EL JIHADIA INEZGANE AGADIR,AGADIR,Morocco,CONGELATION,"ETABLISSEMENTS OU ENTREPRISES DE PRODUCTION, DE TRAITEMENT, DE TRANSFORMATION, DE CONDITIONNEMENT ET OU CONSERVATION DES PRODUITS ET SOUS PRODUITS DE LA PECHE"
PP.19.0105.16,SALYM MENARA SERVICE,SALYM MENARA SERVICE,N° 9 ZONE INDUSTRIELLE AL MAAZOUZIA SIDI GHANEM MARRAKECH,MARRAKECH,Morocco,CONDITIONNEMENT DES PRODUITS DE LA PECHE A L'ETAT FRAIS ET CONGELATION,"ETABLISSEMENTS OU ENTREPRISES DE PRODUCTION, DE TRAITEMENT, DE TRANSFORMATION, DE CONDITIONNEMENT ET OU CONSERVATION DES PRODUITS ET SOUS PRODUITS DE LA PECHE"
PEF.19.0106.16,SALYM MENARA SERVICE 2,SALYM MENARA SERVICE 2,N°9 ZONE INDUSTRIELLE AL MAAZOUZIA SIDI GHANEM MARRAKECH,MARRAKECH,Morocco,ENTREPOSAGE,ENTREPOSAGE DES PRODUITS DE LA PECHE SOUS TEMPERATURE DIRIGEE Y COMPRIS LES COQUILLAGES
3191,SAMAK ANWAL,SAMAK ANWAL,N° 7 PORT DE BENI NSAR NADOR,NADOR,Morocco,CONGELATION,"ETABLISSEMENTS OU ENTREPRISES DE PRODUCTION, DE TRAITEMENT, DE TRANSFORMATION, DE CONDITIONNEMENT ET OU CONSERVATION DES PRODUITS ET SOUS PRODUITS DE LA PECHE"
PEF.50.0159.18,SAMAK ANWAL,SAMAK ANWAL,N° 7 PORT DE BENI NSAR NADOR,NADOR,Morocco,ENTREPOSAGE,ENTREPOSAGE DES PRODUITS DE LA PECHE SOUS TEMPERATURE DIRIGEE Y COMPRIS LES COQUILLAGES
PP.1.0232.19,SAMAK BEN PROJET,SAMAK BEN PROJET,"ZI LOT 2263, LOTISSEMENT OULED ZAERS, AIN AOUDA",RABAT (AIN AOUDA),Morocco,"CONDITIONNEMENT DES PRODUITS DE LA PECHE A L'ETAT FRAIS, ETETAGE ET EVISCERATION, FILETAGE, ET CONGELATION","ETABLISSEMENTS OU ENTREPRISES DE PRODUCTION, DE TRAITEMENT, DE TRANSFORMATION, DE CONDITIONNEMENT ET OU CONSERVATION DES PRODUITS ET SOUS PRODUITS DE LA PECHE"
PEF.1.0233.19,SAMAK BEN PROJET ENTREPOSAGE,SAMAK BEN PROJET ENTREPOSAGE,"ZI LOT 2263, LOTISSEMENT OULED ZAERS, AIN AOUDA",RABAT (AIN AOUDA),Morocco,ENTREPOSAGE,ENTREPOSAGE DES PRODUITS DE LA PECHE SOUS TEMPERATURE DIRIGEE Y COMPRIS LES COQUILLAGES
4521,SAMARA,SAMARA,QUARTIER INDUSTRIEL ESSAOUIRA,ESSAOUIRA,Morocco,CONSERVE DE POISSON,"ETABLISSEMENTS OU ENTREPRISES DE PRODUCTION, DE TRAITEMENT, DE TRANSFORMATION, DE CONDITIONNEMENT ET OU CONSERVATION DES PRODUITS ET SOUS PRODUITS DE LA PECHE"
3516,SAREX,SAREX,ROUTE DU DJORF EL YOUDI BP 294 SAFI,SAFI,Morocco,CONSERVE DE POISSON,"ETABLISSEMENTS OU ENTREPRISES DE PRODUCTION, DE TRAITEMENT, DE TRANSFORMATION, DE CONDITIONNEMENT ET OU CONSERVATION DES PRODUITS ET SOUS PRODUITS DE LA PECHE"
PP.74.2500.19,SARGA FRIGO,SARGA FRIGO,ZI AVENUE MOHAMED V DAKHLA,DAKHLA,Morocco,CONGELATION,"ETABLISSEMENTS OU ENTREPRISES DE PRODUCTION, DE TRAITEMENT, DE TRANSFORMATION, DE CONDITIONNEMENT ET OU CONSERVATION DES PRODUITS ET SOUS PRODUITS DE LA PECHE"
3437,SARGA FRIGO II,SARGA FRIGO II,ZI LOT N°1 DAKHLA,DAKHLA,Morocco,CONGELATION,"ETABLISSEMENTS OU ENTREPRISES DE PRODUCTION, DE TRAITEMENT, DE TRANSFORMATION, DE CONDITIONNEMENT ET OU CONSERVATION DES PRODUITS ET SOUS PRODUITS DE LA PECHE"
4577,SAVEUR DE L'OCEAN,SAVEUR DE L'OCEAN,ROUTE DE TETOUAN Z I 3éme RUE N° 85 90000 TANGER,TANGER,Morocco,SEMI-CONSERVE,"ETABLISSEMENTS OU ENTREPRISES DE PRODUCTION, DE TRAITEMENT, DE TRANSFORMATION, DE CONDITIONNEMENT ET OU CONSERVATION DES PRODUITS ET SOUS PRODUITS DE LA PECHE"
4188,SCANDIMAR,SCANDIMAR,LOT 14 ZI SUD OUEST MOHAMMEDIA,MOHAMMADIA,Morocco,"CONGELATION, Conditionnement des produits de la pêche à l'état frais, Fumage, Séchage, congélation de la chair de crabe cuite, Emulsion de poisson en conserve, boulettes de poisson en conserve et Terrine de poisson en semiconserve","ETABLISSEMENTS OU ENTREPRISES DE PRODUCTION, DE TRAITEMENT, DE TRANSFORMATION, DE CONDITIONNEMENT ET OU CONSERVATION DES PRODUITS ET SOUS PRODUITS DE LA PECHE"
PP.26.0246.20,SELECT FISH,SELECT FISH,"LOT N° B775 QUARTIER 9INDUSTRIEL, INZGANE-AIT MELLOUL",AGADIR,Morocco,CONDITIONNEMENT ET FILETAGE DE POISSON FRAIS,"ETABLISSEMENTS OU ENTREPRISES DE PRODUCTION, DE TRAITEMENT, DE TRANSFORMATION, DE CONDITIONNEMENT ET OU CONSERVATION DES PRODUITS ET SOUS PRODUITS DE LA PECHE"
PP.71.0185.18,SEPOMER SAHARA 2,SEPOMER SAHARA 2,"ZONE INDUSTRIELLE EL MARSA,LAAYOUNE",LAAYOUNE,Morocco,HUILE DE POISSON A CONSOMMATION HUMAINE,"ETABLISSEMENTS OU ENTREPRISES DE PRODUCTION, DE TRAITEMENT, DE TRANSFORMATION, DE CONDITIONNEMENT ET OU CONSERVATION DES PRODUITS ET SOUS PRODUITS DE LA PECHE"
PP.52.0016.14,SCERO,SCERO,"ZONE INDUSTRIELLE, ROUTE DE DJORF ELYOUDI SAFI",SAFI,Morocco,CONSERVE DE POISSON,"ETABLISSEMENTS OU ENTREPRISES DE PRODUCTION, DE TRAITEMENT, DE TRANSFORMATION, DE CONDITIONNEMENT ET OU CONSERVATION DES PRODUITS ET SOUS PRODUITS DE LA PECHE"
2381,SERCODA,SERCODA,ZI N 1 DAKHLA,DAKHLA,Morocco,CONGELATION,"ETABLISSEMENTS OU ENTREPRISES DE PRODUCTION, DE TRAITEMENT, DE TRANSFORMATION, DE CONDITIONNEMENT ET OU CONSERVATION DES PRODUITS ET SOUS PRODUITS DE LA PECHE"
4275,SHRIMPALIDA,SHRIMPALIDA,12 Z.I OUJDA,OUJDA,Morocco,DECORTICAGE DES CREVETTES,"ETABLISSEMENTS OU ENTREPRISES DE PRODUCTION, DE TRAITEMENT, DE TRANSFORMATION, DE CONDITIONNEMENT ET OU CONSERVATION DES PRODUITS ET SOUS PRODUITS DE LA PECHE"
6099,SHRIMPMADELEINE,SHRIMPMADELEINE,"Z.I N° 40 BP 6000 SELOUANE,NADOR",NADOR,Morocco,DECORTICAGE DES CREVETTES ET CONGELATION DES CREVETTES DECORTIQUESET CONGELATION DU CALAMAR,"ETABLISSEMENTS OU ENTREPRISES DE PRODUCTION, DE TRAITEMENT, DE TRANSFORMATION, DE CONDITIONNEMENT ET OU CONSERVATION DES PRODUITS ET SOUS PRODUITS DE LA PECHE"
1898,SIALCO,SIALCO,QI ANZA BP 6294 ANZA 80002 AGADIR,AGADIR,Morocco,SEMI-CONSERVE,"ETABLISSEMENTS OU ENTREPRISES DE PRODUCTION, DE TRAITEMENT, DE TRANSFORMATION, DE CONDITIONNEMENT ET OU CONSERVATION DES PRODUITS ET SOUS PRODUITS DE LA PECHE"
PP.25.3976.20,BINEG,BINEG,ANCIEN PORT D'AGADIR,AGADIR,Morocco,CONGELATION ET ENTREPOSAGE,"ETABLISSEMENTS OU ENTREPRISES DE PRODUCTION, DE TRAITEMENT, DE TRANSFORMATION, DE CONDITIONNEMENT ET OU CONSERVATION DES PRODUITS ET SOUS PRODUITS DE LA PECHE"
2824,SIGMA PECHE,SIGMA PECHE,PORT DE PECHE D'AGADIR,AGADIR,Morocco,CONGELATION,"ETABLISSEMENTS OU ENTREPRISES DE PRODUCTION, DE TRAITEMENT, DE TRANSFORMATION, DE CONDITIONNEMENT ET OU CONSERVATION DES PRODUITS ET SOUS PRODUITS DE LA PECHE"
4123,SILVER FOOD,SILVER FOOD,DOUAR BOUHALA COMMUNE DE SAHEL OULED HARIZ BERRACHID,CASABLANCA,Morocco,CONSERVE DE POISSON,"ETABLISSEMENTS OU ENTREPRISES DE PRODUCTION, DE TRAITEMENT, DE TRANSFORMATION, DE CONDITIONNEMENT ET OU CONSERVATION DES PRODUITS ET SOUS PRODUITS DE LA PECHE"
PEF.7.0230.19,SIMACOM,SIMACOM,"LOT 85 SECTEUR 13S, ZI OUELED SALEH, NOUACEUR-CASABLANCA",CASABLANCA,Morocco,ENTREPOSAGE,ENTREPOSAGE DES PRODUITS DE LA PECHE SOUS TEMPERATURE DIRIGEE Y COMPRIS LES COQUILLAGES
3711,SIMPA,SIMPA,"16 RUE DE TINGHIRT, ROCHE NOIRE, AÏN SEBAA, CASABLANCA ZONE INDUSTRIELLE",CASABLANCA,Morocco,CONSERVE DE POISSON ET SEMI CONSERVE,"ETABLISSEMENTS OU ENTREPRISES DE PRODUCTION, DE TRAITEMENT, DE TRANSFORMATION, DE CONDITIONNEMENT ET OU CONSERVATION DES PRODUITS ET SOUS PRODUITS DE LA PECHE"
3458,SINGLE FISHERIE EL KHALIFA,SINGLE FISHERIE EL KHALIFA,ZI LOTS 207 ET 208 DAKHLA,DAKHLA,Morocco,CONGELATION,"ETABLISSEMENTS OU ENTREPRISES DE PRODUCTION, DE TRAITEMENT, DE TRANSFORMATION, DE CONDITIONNEMENT ET OU CONSERVATION DES PRODUITS ET SOUS PRODUITS DE LA PECHE"
3120,SJOVIK MOROCCO S.A,SJOVIK MOROCCO S.A,ZONE INDUSTRIELLE ESALAM DAKHLA,DAKHLA,Morocco,CONGELATION,"ETABLISSEMENTS OU ENTREPRISES DE PRODUCTION, DE TRAITEMENT, DE TRANSFORMATION, DE CONDITIONNEMENT ET OU CONSERVATION DES PRODUITS ET SOUS PRODUITS DE LA PECHE"
3110,SMOCO,SMOCO,Z.I HAY ESSALAM DAKHLA,DAKHLA,Morocco,CONGELATION,"ETABLISSEMENTS OU ENTREPRISES DE PRODUCTION, DE TRAITEMENT, DE TRANSFORMATION, DE CONDITIONNEMENT ET OU CONSERVATION DES PRODUITS ET SOUS PRODUITS DE LA PECHE"
PP.74.0187.18,SOBIFISH,SOBIFISH,Z.I HAY ESSALAM DAKHLA,DAKHLA,Morocco,EVISCERATION ET CONGELATION,"ETABLISSEMENTS OU ENTREPRISES DE PRODUCTION, DE TRAITEMENT, DE TRANSFORMATION, DE CONDITIONNEMENT ET OU CONSERVATION DES PRODUITS ET SOUS PRODUITS DE LA PECHE"
2908,SOCCOPO,SOCCOPO,"LOT N° 80 ZONE INDUSTRIELLE,PORT DE LAAYOUNE BP 52",LAAYOUNE,Morocco,CONGELATION,"ETABLISSEMENTS OU ENTREPRISES DE PRODUCTION, DE TRAITEMENT, DE TRANSFORMATION, DE CONDITIONNEMENT ET OU CONSERVATION DES PRODUITS ET SOUS PRODUITS DE LA PECHE"
PP.71.3335.18,SOCIETE DE CONGELATION EL MOSTAKIM,SOCIETE DE CONGELATION EL MOSTAKIM,LOT 110 ZONE INDUSTRIELLE EL MARSA LAAYOUNE,LAAYOUNE,Morocco,CONGELATION,"ETABLISSEMENTS OU ENTREPRISES DE PRODUCTION, DE TRAITEMENT, DE TRANSFORMATION, DE CONDITIONNEMENT ET OU CONSERVATION DES PRODUITS ET SOUS PRODUITS DE LA PECHE"
2330,SOCOPTER,SOCOPTER,PARCELLE 81 NOUVEAU PORT BP 1798 AGADIR,AGADIR,Morocco,CONGELATION,"ETABLISSEMENTS OU ENTREPRISES DE PRODUCTION, DE TRAITEMENT, DE TRANSFORMATION, DE CONDITIONNEMENT ET OU CONSERVATION DES PRODUITS ET SOUS PRODUITS DE LA PECHE"
PP.71.0161.18,SOGSACO,SOGSACO,"ZONE INDUSTRIEL,PORT DE LAAYOUNE",LAAYOUNE,Morocco,CONDITIONNEMENT DES PRODUITS DE LA PECHE A L'ETAT FRAIS ET CONGELATION,"ETABLISSEMENTS OU ENTREPRISES DE PRODUCTION, DE TRAITEMENT, DE TRANSFORMATION, DE CONDITIONNEMENT ET OU CONSERVATION DES PRODUITS ET SOUS PRODUITS DE LA PECHE"
1905,SOGENCO I,SOGENCO I,ROUTE DU JORF EL YOUDI BP 56 SAFI,SAFI,Morocco,CONSERVE DE POISSON,"ETABLISSEMENTS OU ENTREPRISES DE PRODUCTION, DE TRAITEMENT, DE TRANSFORMATION, DE CONDITIONNEMENT ET OU CONSERVATION DES PRODUITS ET SOUS PRODUITS DE LA PECHE"
1638,SOGENCO II,SOGENCO II,ROUTE DU JORF EL YOUDI BP 56 SAFI,SAFI,Morocco,CONSERVE DE POISSON,"ETABLISSEMENTS OU ENTREPRISES DE PRODUCTION, DE TRAITEMENT, DE TRANSFORMATION, DE CONDITIONNEMENT ET OU CONSERVATION DES PRODUITS ET SOUS PRODUITS DE LA PECHE"
6225,SOGLAMA,SOGLAMA,PARCELLE N° 2 NOUVEAU PORT D'AGADIR,AGADIR,Morocco,SEMI-CONSERVE,"ETABLISSEMENTS OU ENTREPRISES DE PRODUCTION, DE TRAITEMENT, DE TRANSFORMATION, DE CONDITIONNEMENT ET OU CONSERVATION DES PRODUITS ET SOUS PRODUITS DE LA PECHE"
3210,SOLACOP,SOLACOP,NOUVELLE ZI LOT N 87 DAKHLA,DAKHLA,Morocco,CONGELATION DES PRODUITS DE LA PECHE ET FILETAGE,"ETABLISSEMENTS OU ENTREPRISES DE PRODUCTION, DE TRAITEMENT, DE TRANSFORMATION, DE CONDITIONNEMENT ET OU CONSERVATION DES PRODUITS ET SOUS PRODUITS DE LA PECHE"
4696,SOLICOMA,SOLICOMA,RUE DE L'OCEAN QUARTIER INDUSTRIEL ANZA AGADIR 80090 AGADIR,AGADIR,Morocco,"CONGELATION, ETEVISCERATION ET FILETAGE","ETABLISSEMENTS OU ENTREPRISES DE PRODUCTION, DE TRAITEMENT, DE TRANSFORMATION, DE CONDITIONNEMENT ET OU CONSERVATION DES PRODUITS ET SOUS PRODUITS DE LA PECHE"
PEF.25.0177.18,SOLICOMA III,SOLICOMA III,QUARTIER INDUSTRIEL ANZA AGADIR,AGADIR,Morocco,ENTREPOSAGE,ENTREPOSAGE DES PRODUITS DE LA PECHE SOUS TEMPERATURE DIRIGEE Y COMPRIS LES COQUILLAGES
1518,SOMAFACO,SOMAFACO,"KM 10.500 ROUTE D'ELJADIDA, LISSASFA 20230 CASABLANCA",CASABLANCA,Morocco,CHARCUTERIE A BASE DE SURIMI DE POISSON CONGELE,"ETABLISSEMENTS OU ENTREPRISES DE PRODUCTION, DE TRAITEMENT, DE TRANSFORMATION, DE CONDITIONNEMENT ET OU CONSERVATION DES PRODUITS ET SOUS PRODUITS DE LA PECHE"
3665,SOMAFISH,SOMAFISH,"NOT 44 – 46, NOUVEAU PORT D'AGADIR",AGADIR,Morocco,"CONDITIONNEMENT DES PRODUITS DE LA PECHE A L'ETAT FRAIS, CONGELATION, FILETAGE, FUMAGE DU POISSON ISSU DE LA PECHE ET DE L'AQUACULTURE, ENTREPOSAGE ET PREPARARTION DE BURGERS DE POISSONS CONGELES, DE BOULETTES DE POISSON CONGELES ET DU MERGUEZ","ETABLISSEMENTS OU ENTREPRISES DE PRODUCTION, DE TRAITEMENT, DE TRANSFORMATION, DE CONDITIONNEMENT ET OU CONSERVATION DES PRODUITS ET SOUS PRODUITS DE LA PECHE ENTREPOSAGE DES PRODUITS DE LA PECHE SOUS TEMPERATURE DIRIGEE Y COMPRIS LES COQUILLAGES"
1795,SOMECOP,SOMECOP,ZONE INDUSTRIELLE LOTISSEMENT 38 ROUTE DE MARTIL TETOUAN,M'DIQ,Morocco,"CONDITIONNEMENT DES PRODUITS DE LA PECHE A L'ETAT FRAIS, CONGELATION, FILETAGE, SEMI- CONSERVE, CUISSON DE POISSON, DECORTICAGE ET CONGELATION DES OURSINS DE MER, DECORTICAGE DE L'ENGOUSTINE CONGELEE ET PRE-CUISSON ET CONGELATION DES ANEMONES DE MER","ETABLISSEMENTS OU ENTREPRISES DE PRODUCTION, DE TRAITEMENT, DE TRANSFORMATION, DE CONDITIONNEMENT ET OU CONSERVATION DES PRODUITS ET SOUS PRODUITS DE LA PECHE"
PP.34.0197.19,SOMECOP 2,SOMECOP 2,NOUVEAU PORT DE TANGER,TANGER,Morocco,CONDITIONNEMENT DES PRODUITS DE LA PECHE A L'ETAT FRAIS,"ETABLISSEMENTS OU ENTREPRISES DE PRODUCTION, DE TRAITEMENT, DE TRANSFORMATION, DE CONDITIONNEMENT ET OU CONSERVATION DES PRODUITS ET SOUS PRODUITS DE LA PECHE"
4645,SOMERPIP II,SOMERPIP II,ZONE INDUSTRIELLE D'EL JADIDA LOT 266,EL JADIDA,Morocco,CONDITIONNEMENT DES PRODUITS DE LA PECHE A L'ETAT FRAIS,"ETABLISSEMENTS OU ENTREPRISES DE PRODUCTION, DE TRAITEMENT, DE TRANSFORMATION, DE CONDITIONNEMENT ET OU CONSERVATION DES PRODUITS ET SOUS PRODUITS DE LA PECHE"
3748,SOPCODA,SOPCODA,"Z.I. EXTRA PORTUAIRE BP 217, EL OUATIA, TANTAN PLAGE",TAN TAN,Morocco,CONGELATION,"ETABLISSEMENTS OU ENTREPRISES DE PRODUCTION, DE TRAITEMENT, DE TRANSFORMATION, DE CONDITIONNEMENT ET OU CONSERVATION DES PRODUITS ET SOUS PRODUITS DE LA PECHE"
PP.71.3702.19,SOPIMAS,SOPIMAS,LOT B 37 Z I PORT DE LAAYOUNE,LAAYOUNE,Morocco,CONDITIONNEMENT DES PRODUITS DE LA PECHA A L'ETAT FRAIS ETCONGELATION,"ETABLISSEMENTS OU ENTREPRISES DE PRODUCTION, DE TRAITEMENT, DE TRANSFORMATION, DE CONDITIONNEMENT ET OU CONSERVATION DES PRODUITS ET SOUS PRODUITS DE LA PECHE"
3282,SOSAFRED,SOSAFRED,ZI ESSALAM DAKHLA,DAKHLA,Morocco,CONGELATION,"ETABLISSEMENTS OU ENTREPRISES DE PRODUCTION, DE TRAITEMENT, DE TRANSFORMATION, DE CONDITIONNEMENT ET OU CONSERVATION DES PRODUITS ET SOUS PRODUITS DE LA PECHE"
3363,SOTRA PECHE,SOTRA PECHE,NOUVELLE ZI LOT 69 ET 71 DAKHLA,DAKHLA,Morocco,CONGELATION,"ETABLISSEMENTS OU ENTREPRISES DE PRODUCTION, DE TRAITEMENT, DE TRANSFORMATION, DE CONDITIONNEMENT ET OU CONSERVATION DES PRODUITS ET SOUS PRODUITS DE LA PECHE"
PP.71.0126.17,SOTRAGEL CONGELATION,SOTRAGEL CONGELATION,BP N° 62 ZONE INDUSTRIELLE EL MARSA LAAYOUNE,LAAYOUNE,Morocco,"CONDITIONNEMENT POISSON FRAIS, CONGELATION ET FILETAGE","ETABLISSEMENTS OU ENTREPRISES DE PRODUCTION, DE TRAITEMENT, DE TRANSFORMATION, DE CONDITIONNEMENT ET OU CONSERVATION DES PRODUITS ET SOUS PRODUITS DE LA PECHE"
PP.59.6092.20,FRESH CORP MOROCCO (SOTRET),FRESH CORP MOROCCO (SOTRET),"COMMUNE OUELD SEBBAH, HANGAR N°3 EL GARA BERCHID",BERRECHID,Morocco,"CONDITIONNEMENT DES PRODUITS DE LA PECHE A L'ETAT FRAIS, CONGELATION, ENTREPOSAGE ET PLATS CUISINES","ETABLISSEMENTS OU ENTREPRISES DE PRODUCTION, DE TRAITEMENT, DE TRANSFORMATION, DE CONDITIONNEMENT ET OU CONSERVATION DES PRODUITS ET SOUS PRODUITS DE LA PECHE"
PP.50.0196.18,SOUFISH,SOUFISH,PORT DE PECHE SE BENI ENSAR NADOR,NADOR,Morocco,CONDITIONNEMENT DES PRODUITS DE LA PECHE A L'ETAT FRAIS ET CONGELATION,"ETABLISSEMENTS OU ENTREPRISES DE PRODUCTION, DE TRAITEMENT, DE TRANSFORMATION, DE CONDITIONNEMENT ET OU CONSERVATION DES PRODUITS ET SOUS PRODUITS DE LA PECHE"
PP.26.0201.19,SOUSS POISSONS,SOUSS POISSONS,"Avenue Alfarabi, lot D4 ZI Tassila Dceira- Inzegane AIT Melloul",AGADIR,Morocco,CONGELATION ET FILETAGE,"ETABLISSEMENTS OU ENTREPRISES DE PRODUCTION, DE TRAITEMENT, DE TRANSFORMATION, DE CONDITIONNEMENT ET OU CONSERVATION DES PRODUITS ET SOUS PRODUITS DE LA PECHE"
4971,SOVAPEC,SOVAPEC,PORT DE PECHE DE TAN TAN,TAN TAN,Morocco,HUILE DE POISSON A CONSOMMATION HUMAINE,"ETABLISSEMENTS OU ENTREPRISES DE PRODUCTION, DE TRAITEMENT, DE TRANSFORMATION, DE CONDITIONNEMENT ET OU CONSERVATION DES PRODUITS ET SOUS PRODUITS DE LA PECHE"
2939,SOZACOP,SOZACOP,QI HAY ES SALAM DAKHLA OU NOUVELLE ZI DAKHLA,DAKHLA,Morocco,CONGELATION,"ETABLISSEMENTS OU ENTREPRISES DE PRODUCTION, DE TRAITEMENT, DE TRANSFORMATION, DE CONDITIONNEMENT ET OU CONSERVATION DES PRODUITS ET SOUS PRODUITS DE LA PECHE"
PP.52.0107.16,SP.MAR,SP.MAR,"Z.I ROUTE DE DJORF EL YOUDI,SAFI",SAFI,Morocco,CONDITIONNEMENT DES PRODUITS DE LA PECHE A L'ETAT FRAIS,"ETABLISSEMENTS OU ENTREPRISES DE PRODUCTION, DE TRAITEMENT, DE TRANSFORMATION, DE CONDITIONNEMENT ET OU CONSERVATION DES PRODUITS ET SOUS PRODUITS DE LA PECHE"
2921,SUPER CONGEL,SUPER CONGEL,QI HAY ES SALAM DAKHLA NOUVELLE ZI,DAKHLA,Morocco,"ETETAGE, EVISCERATION, CONGELATION DES PETITS PELAGIQUES ET CONDITIONNEMENT DES PRODUITS DE L'AQUACULTURE FRAIS","ETABLISSEMENTS OU ENTREPRISES DE PRODUCTION, DE TRAITEMENT, DE TRANSFORMATION, DE CONDITIONNEMENT ET OU CONSERVATION DES PRODUITS ET SOUS PRODUITS DE LA PECHE"
PP.74.2599.18,SYNEDAKH,SYNEDAKH,ZONE INDUSTRIELLE HAY ESSALAM DAKHLA,DAKHLA,Morocco,CONDITIONNEMENT DES PRODUITS DE LA PECHE A L'ETAT FRAIS,"ETABLISSEMENTS OU ENTREPRISES DE PRODUCTION, DE TRAITEMENT, DE TRANSFORMATION, DE CONDITIONNEMENT ET OU CONSERVATION DES PRODUITS ET SOUS PRODUITS DE LA PECHE"
3746,TAJMID FISH,TAJMID FISH,ZI MOULAY RACHID RUE 3 LOT 124 CASABLANCA,CASABLANCA,Morocco,CONGELATION,"ETABLISSEMENTS OU ENTREPRISES DE PRODUCTION, DE TRAITEMENT, DE TRANSFORMATION, DE CONDITIONNEMENT ET OU CONSERVATION DES PRODUITS ET SOUS PRODUITS DE LA PECHE"
2723,TAM,TAM,BD DES ZENETAS ET HASSAN II. MOHAMMEDIA,MOHAMMADIA,Morocco,CONSERVE DE POISSON,"ETABLISSEMENTS OU ENTREPRISES DE PRODUCTION, DE TRAITEMENT, DE TRANSFORMATION, DE CONDITIONNEMENT ET OU CONSERVATION DES PRODUITS ET SOUS PRODUITS DE LA PECHE"
PP.74.0229.19,TAN TAN FRIGO,TAN TAN FRIGO,Lot n° 6 ZONE INDUSTRIELLE HAY ESSALAM DAKHLA,DAKHLA,Morocco,"ETETAGE, EVISCERATION ET CONGELATION","ETABLISSEMENTS OU ENTREPRISES DE PRODUCTION, DE TRAITEMENT, DE TRANSFORMATION, DE CONDITIONNEMENT ET OU CONSERVATION DES PRODUITS ET SOUS PRODUITS DE LA PECHE"
PP.60.0089.16,TARIFET DOS MAR,TARIFET DOS MAR,PORT DE MEHDIA KENITRA,KENITRA,Morocco,CONDITIONNEMENT DES PRODUITS DE LA PECHE A L'ETAT FRAIS,"ETABLISSEMENTS OU ENTREPRISES DE PRODUCTION, DE TRAITEMENT, DE TRANSFORMATION, DE CONDITIONNEMENT ET OU CONSERVATION DES PRODUITS ET SOUS PRODUITS DE LA PECHE"
3224,TAYART FRIGO,TAYART FRIGO,RUE OUED ESDDAHAB N° 5 DAKHLA,DAKHLA,Morocco,CONGELATION,"ETABLISSEMENTS OU ENTREPRISES DE PRODUCTION, DE TRAITEMENT, DE TRANSFORMATION, DE CONDITIONNEMENT ET OU CONSERVATION DES PRODUITS ET SOUS PRODUITS DE LA PECHE"
PP.42.0069.15,TAZA FOOD SERVICES SARL,TAZA FOOD SERVICES SARL,"LOT 81,82,83,84,85 ZONE INDUSTRIELLE 2 TAZA",TAZA,Morocco,DECORTICAGE DES CREVETTES,"ETABLISSEMENTS OU ENTREPRISES DE PRODUCTION, DE TRAITEMENT, DE TRANSFORMATION, DE CONDITIONNEMENT ET OU CONSERVATION DES PRODUITS ET SOUS PRODUITS DE LA PECHE"
PEF.42.0070.15,TAZA FOOD SERVICES SARL,TAZA FOOD SERVICES SARL,"LOT 81,82,83,84,85 ZONEINDUSTRIELLE 2 TAZA",TAZA,Morocco,ENTREPOSAGE,ENTREPOSAGE DES PRODUITS DE LA PECHE SOUS TEMPERATURE DIRIGEE Y COMPRIS LES COQUILLAGES
3397,TECHLA,TECHLA,Z I Hay SalamDAKHLA,DAKHLA,Morocco,"ETETAGE, EVISCERATION ET CONGELATION DES PETITS PELAGIQUES","ETABLISSEMENTS OU ENTREPRISES DE PRODUCTION, DE TRAITEMENT, DE TRANSFORMATION, DE CONDITIONNEMENT ET OU CONSERVATION DES PRODUITS ET SOUS PRODUITS DE LA PECHE"
2742,THALASSA PRODUCTS,THALASSA PRODUCTS,PARCELLE N° 9 NOUVEAU PORT AGADIR,AGADIR,Morocco,CONGELATION,"ETABLISSEMENTS OU ENTREPRISES DE PRODUCTION, DE TRAITEMENT, DE TRANSFORMATION, DE CONDITIONNEMENT ET OU CONSERVATION DES PRODUITS ET SOUS PRODUITS DE LA PECHE"
PP.74.2582.18,TICHNA PECHE,TICHNA PECHE,N° 209 210 ZONE INDUSTRIELLE ESSALAM DAKHLA,DAKHLA,Morocco,EVISCERATION ET CONGELATION,"ETABLISSEMENTS OU ENTREPRISES DE PRODUCTION, DE TRAITEMENT, DE TRANSFORMATION, DE CONDITIONNEMENT ET OU CONSERVATION DES PRODUITS ET SOUS PRODUITS DE LA PECHE"
3009,TIRES MER,TIRES MER,85 QI HAY ES SALAM DAKHLA ZI HAY ESSALAM,DAKHLA,Morocco,CONGELATION,"ETABLISSEMENTS OU ENTREPRISES DE PRODUCTION, DE TRAITEMENT, DE TRANSFORMATION, DE CONDITIONNEMENT ET OU CONSERVATION DES PRODUITS ET SOUS PRODUITS DE LA PECHE"
PP.71.5042.20,TISSIR PORT,TISSIR PORT,LOT N° 32 ZONE INDUSTRIELLE EL MARSA PORT DE LAAYOUNE,LAAYOUNE,Morocco,"CONGELATION DES PRODUITS DE LA PECHE, CONDITIONNEMENT DES PRODUITS DE LA PECHE A L'ETAT FRAIS ET FILETAGE","ETABLISSEMENTS OU ENTREPRISES DE PRODUCTION, DE TRAITEMENT, DE TRANSFORMATION, DE CONDITIONNEMENT ET OU CONSERVATION DES PRODUITS ET SOUS PRODUITS DE LA PECHE"
PP.40.2004.18,TK FISH,TK FISH,N 42 ZONE INDUSTRIELLE ROUTE DE MARTIL TETOUAN,M'DIQ,Morocco,"CONDITIONNEMENT DES PRODUITS DE LA PECHE A L'ETAT FRAIS ET DECORTICAGE DES CREVETTES, SAUMURAGE DES CREVETTES DECORTIQUES, MARINADE, CONDITIONNEMENT DES PRODUITS DE L'AQUACULTURE, CONDITIONNEMENT ET TRANSFORMATION DES TRANCHES DE SAUMON FARCIES AU FROMAGE BLANC ET RECUPERATION ET CONDITIONNEMENT DE LA CARAPACE FRAICHE DES CREVETTES DESTINEE A LA CONSOMMATION HUMAINE ET CONGELATION DES CREVETTES","ETABLISSEMENTS OU ENTREPRISES DE PRODUCTION, DE TRAITEMENT, DE TRANSFORMATION, DE CONDITIONNEMENT ET OU CONSERVATION DES PRODUITS ET SOUS PRODUITS DE LA PECHE"
2503,TOP QUALITY FISH SERVICE,TOP QUALITY FISH SERVICE,PARCELLE N 8 NOUVEAU PORT AGADIR BP 5231,AGADIR,Morocco,SEMI-CONSERVE,"ETABLISSEMENTS OU ENTREPRISES DE PRODUCTION, DE TRAITEMENT, DE TRANSFORMATION, DE CONDITIONNEMENT ET OU CONSERVATION DES PRODUITS ET SOUS PRODUITS DE LA PECHE"
1654,UNIMER / ETAMAR,UNIMER / ETAMAR,11 ROUTE DE ZENATAS RUE L – AIN SEBAA CASABLANCA Q.I ANZA AGADIR BP 124,AGADIR,Morocco,CONSERVE DE POISSON,"ETABLISSEMENTS OU ENTREPRISES DE PRODUCTION, DE TRAITEMENT, DE TRANSFORMATION, DE CONDITIONNEMENT ET OU CONSERVATION DES PRODUITS ET SOUS PRODUITS DE LA PECHE"
4138,UNIMER CNA 1,UNIMER CNA 1,ROUTE ELL YOUDI SAFI BP 129 SAFI,SAFI,Morocco,CONSERVE DE POISSON,"ETABLISSEMENTS OU ENTREPRISES DE PRODUCTION, DE TRAITEMENT, DE TRANSFORMATION, DE CONDITIONNEMENT ET OU CONSERVATION DES PRODUITS ET SOUS PRODUITS DE LA PECHE"
1061,UNIMER CNA 2,UNIMER CNA 2,ROUTE DU JORF EL YOUDI BP 41 SAFI,SAFI,Morocco,CONSERVE DE POISSON,"ETABLISSEMENTS OU ENTREPRISES DE PRODUCTION, DE TRAITEMENT, DE TRANSFORMATION, DE CONDITIONNEMENT ET OU CONSERVATION DES PRODUITS ET SOUS PRODUITS DE LA PECHE"
1592,UNIMER CNA 3,UNIMER CNA 3,N° 4 RUE EL BAHARA BP 85 Q.I ANZA AGADIR,AGADIR,Morocco,CONSERVE DE POISSON,"ETABLISSEMENTS OU ENTREPRISES DE PRODUCTION, DE TRAITEMENT, DE TRANSFORMATION, DE CONDITIONNEMENT ET OU CONSERVATION DES PRODUITS ET SOUS PRODUITS DE LA PECHE"
3530,UNIMER/ ETAMAR,UNIMER/ ETAMAR,ROUTE EL YOUDI BP 114 SAFI,SAFI,Morocco,CONSERVE DE POISSON,"ETABLISSEMENTS OU ENTREPRISES DE PRODUCTION, DE TRAITEMENT, DE TRANSFORMATION, DE CONDITIONNEMENT ET OU CONSERVATION DES PRODUITS ET SOUS PRODUITS DE LA PECHE"
1172,UNIMER-MEHDIA,UNIMER-MEHDIA,BP 228 PORT DE MEHDIA,KENITRA,Morocco,SEMI-CONSERVE,"ETABLISSEMENTS OU ENTREPRISES DE PRODUCTION, DE TRAITEMENT, DE TRANSFORMATION, DE CONDITIONNEMENT ET OU CONSERVATION DES PRODUITS ET SOUS PRODUITS DE LA PECHE"
1896,UNION MAREE,UNION MAREE,"1, PLACE PRINCE SIDI MOHAMED BP 1544 CASA CARE 20300 SAFI",SAFI,Morocco,CONDITIONNEMENT DES PRODUITSS DE LA PECHE A L'ETAT FRAIS ET DES ŒUFS D'OURSINS,"ETABLISSEMENTS OU ENTREPRISES DE PRODUCTION, DE TRAITEMENT, DE TRANSFORMATION, DE CONDITIONNEMENT E T O U CONSERVATION DES PRODUITS ET SOUS PRODUITS DE LA PECHE"
1897,UPA II,UPA II,ROUTE EL YOUDI SAFI,SAFI,Morocco,CONSERVE DE POISSON,"ETABLISSEMENTS OU ENTREPRISES DE PRODUCTION, DE TRAITEMENT, DE TRANSFORMATION, DE CONDITIONNEMENT ET OU CONSERVATION DES PRODUITS ET SOUS PRODUITS DE LA PECHE"
1433,UPA III,UPA III,ROUTE EL YOUDI SAFI,SAFI,Morocco,CONSERVE DE POISSON,"ETABLISSEMENTS OU ENTREPRISES DE PRODUCTION, DE TRAITEMENT, DE TRANSFORMATION, DE CONDITIONNEMENT ET OU CONSERVATION DES PRODUITS ET SOUS PRODUITS DE LA PECHE"
PP.71.0217.19,VAL FISH,VAL FISH,"LOT 113, ZONE INDUSTRIELLE EL MARSA, LAAYOUNE",LAAYOUNE,Morocco,MARINADE DES PETITS PELAGIQUES ET CEPHALOPODES ET CONGELATION ET FILETAGE,"ETABLISSEMENTS OU ENTREPRISES DE PRODUCTION, DE TRAITEMENT, DE TRANSFORMATION, DE CONDITIONNEMENT ET OU CONSERVATION DES PRODUITS ET SOUS PRODUITS DE LA PECHE"
PP.34.3747.18,VALOFISH,VALOFISH,PORT DE PECHE TANGER,TANGER,Morocco,CONDITIONNEMENT DES PRODUITS DE LA PECHE A L'ETAT FRAIS,"ETABLISSEMENTS OU ENTREPRISES DE PRODUCTION, DE TRAITEMENT, DE TRANSFORMATION, DE CONDITIONNEMENT ET OU CONSERVATION DES PRODUITS ET SOUS PRODUITS DE LA PECHE"
1363,VANELLI MAROC,VANELLI MAROC,QI AIT MELLOUL AGADIR,AGADIR,Morocco,SEMI-CONSERVE,"ETABLISSEMENTS OU ENTREPRISES DE PRODUCTION, DE TRAITEMENT, DE TRANSFORMATION, DE CONDITIONNEMENT ET OU CONSERVATION DES PRODUITS ET SOUS PRODUITS DE LA PECHE"
PEF.19.0104.16,VITA MER,VITA MER,LOT N° 508 LOTISSEMENT AL MASSAR ROUTE DE SAFI MARRAKECH,MARRAKECH,Morocco,ENTREPOSAGE,ENTREPOSAGE DES PRODUITS DE LA PECHE SOUS TEMPERATURE DIRIGEE Y COMPRIS LES COQUILLAGES
3305,VMM,VMM,"KM 9 ROUTE EL JADIDA, ZI DE LISSASFA. CASA 9 RUE SAINT EMILLON 20300 CASA",CASABLANCA,Morocco,CONSERVE DE POISSON,"ETABLISSEMENTS OU ENTREPRISES DE PRODUCTION, DE TRAITEMENT, DE TRANSFORMATION, DE CONDITIONNEMENT ET OU CONSERVATION DES PRODUITS ET SOUS PRODUITS DE LA PECHE"
PEF.5.0054.15,VMM,VMM,"Z.I LISSASFA,KM 9,ROUTE EL JADIDA CASABLANCA",CASABLANCA,Morocco,ENTREPOSAGE,ENTREPOSAGE DES PRODUITS DE LA PECHE SOUS TEMPERATURE DIRIGEE Y COMPRIS LES COQUILLAGES
2422,WELL FISHING,WELL FISHING,ZONE INDUSTRIELLE PORT LAAYOUNE,LAAYOUNE,Morocco,CONGELATION,"ETABLISSEMENTS OU ENTREPRISES DE PRODUCTION, DE TRAITEMENT, DE TRANSFORMATION, DE CONDITIONNEMENT ET OU CONSERVATION DES PRODUITS ET SOUS PRODUITS DE LA PECHE"
PP.50.0268.20,ZAKAMINE,ZAKAMINE,zone industrielle PORTUAIRE-PORT DE BENI ENSAR,NADOR,Morocco,DECORTICAGE DES CREVETTES,"ETABLISSEMENTS OU ENTREPRISES DE PRODUCTION, DE TRAITEMENT, DE TRANSFORMATION, DE CONDITIONNEMENT ET OU CONSERVATION DES PRODUITS ET SOUS PRODUITS DE LA PECHE"
PP.26.0169.18,FISHMARK,FISHMARK,A62 ZI TASSILA INEZGANE AIT MEOUL AGADIR,AGADIR,Morocco,CONDITIONNEMENT DES PRODUITS DE LA PECHE A L'ETAT FRAIS,"ETABLISSEMENTS OU ENTREPRISES DE PRODUCTION, DE TRAITEMENT, DE TRANSFORMATION, DE CONDITIONNEMENT ET OU CONSERVATION DES PRODUITS ET SOUS PRODUITS DE LA PECHE"
