NOM DE L'ETABLISSEMENT,ADRESSE,PROVINCE/SERVICE PROVINCIAL/PORT D'ATTACHE,NUMERO AGREMENT/AUTORISATION,ACTIVITE DE L'ETABLISSEMENT,TYPE D'ACTIVITE
4 A LOGISTIC,"DOUAR LAHFAYA, OULED HADDOU, COMMUNE DE BOUSKOURA, NOUACEUR,CASABLANCA",CASABLANCA,PEF.7.0053.15,ENTREPOSAGE,ENTREPOSAGE DES PRODUITS DE LA PECHE SOUS TEMPERATURE DIRIGEE Y COMPRIS LES COQUILLAGES
4 A LOGISTIC 2,"Lot n° 81, Z I TASSILA III, TIKIOUINE- AGADIR",AGADIR,PEF.25.0210.19,ENTREPOSAGE,ENTREPOSAGE DES PRODUITS DE LA PECHE SOUS TEMPERATURE DIRIGEE Y COMPRIS LES COQUILLAGES
ACE MAREE,LOT 141 HO2 ZI SIDI GHANEM ROUTE DE SAFI MARRAKECH,MARRAKECH,4315,CONDITIONNEMENT DU POISSON FRAIS ET ENTREPOSAGE,"ETABLISSEMENTS OU ENTREPRISES DE PRODUCTION, DE TRAITEMENT, DE TRANSFORMATION, DE CONDITIONNEMENT ET OU CONSERVATION DES PRODUITS ET SOUS PRODUITS DE LA PECHE"
AFRO PESCA MAROC,N° 74 ZONE INDUSTRIELLE EL MARSA LAAYOUNE,LAAYOUNE,2918,CONGELATION,"ETABLISSEMENTS OU ENTREPRISES DE PRODUCTION, DE TRAITEMENT, DE TRANSFORMATION, DE CONDITIONNEMENT ET OU CONSERVATION DES PRODUITS ET SOUS PRODUITS DE LA PECHE"
AGADIR ICE,PORT DE PECHE AGADIR PARCELLE N°247 AGADIR,AGADIR,6047,ENTREPOSAGE,ENTREPOSAGE DES PRODUITS DE LA PECHE SOUS TEMPERATURE DIRIGEE Y COMPRIS LES COQUILLAGES
AGADIR OCEAN II,ZONE INDUSTRIELLE AIT MELLOUL BP 1640 AGADIR,AGADIR,6310,SEMI-CONSERVE,"ETABLISSEMENTS OU ENTREPRISES DE PRODUCTION, DE TRAITEMENT, DE TRANSFORMATION, DE CONDITIONNEMENT ET OU CONSERVATION DES PRODUITS ET SOUS PRODUITS DE LA PECHE"
AGRICOLD FRIGO OULED HRIZ,QUARTIER INDUSTRIEL LOT N°2 ROUTE AIN SAYARNI BERCHID,CASABLANCA,PEF.59.0098.16,ENTREPOSAGE,ENTREPOSAGE DES PRODUITS DE LA PECHE SOUS TEMPERATURE DIRIGEE Y COMPRIS LES COQUILLAGES
AL ALYA FISHERIES,LOT 3 EX MATRAP AVABDRRAHIM BOUABID LAAYOUNE,LAAYOUNE,4070,CONGELATION,"ETABLISSEMENTS OU ENTREPRISES DE PRODUCTION, DE TRAITEMENT, DE TRANSFORMATION, DE CONDITIONNEMENT ET OU CONSERVATION DES PRODUITS ET SOUS PRODUITS DE LA PECHE"
ALIDA SEAFOOD AND PROCESSING,Zone d'activité économique Lot N°41 commune urbaine de Jerada,JERADA,PP.48.0205.19,DECORTICAGE DES CREVETTES,"ETABLISSEMENTS OU ENTREPRISES DE PRODUCTION, DE TRAITEMENT, DE TRANSFORMATION, DE CONDITIONNEMENT ET OU CONSERVATION DES PRODUITS ET SOUS PRODUITS DE LA PECHE"
ALPHA POISSON,"KM, 7 ROUTE BERKANE -SAIDIA BERKANE",BERKANE,PP.46.6364.18,CONDITIONNEMENT DES PRODUITS DE LA PECHE A L'ETAT FRAIS ET DECORTICAGE DES CREVETTES,"ETABLISSEMENTS OU ENTREPRISES DE PRODUCTION, DE TRAITEMENT, DE TRANSFORMATION, DE CONDITIONNEMENT ET OU CONSERVATION DES PRODUITS ET SOUS PRODUITS DE LA PECHE"
ALTO MARE,"PORT DE PECHE DE BENI ENSAR, NADOR",NADOR,PP.50.0223.19,CONDITIONNEMENT DES PRODUITS DE LA PECHE A L'ETAT FRAIS ET CONGELATION,"ETABLISSEMENTS OU ENTREPRISES DE PRODUCTION, DE TRAITEMENT, DE TRANSFORMATION, DE CONDITIONNEMENT ET OU CONSERVATION DES PRODUITS ET SOUS PRODUITS DE LA PECHE"
AMADIR,"AV AHMED EL HIBA , LOT 855 ZONE INDUSTRIELLE AIT MELLOUL INZEGANE AGADIR",AGADIR,2682,CONSERVE DE POISSON,"ETABLISSEMENTS OU ENTREPRISES DE PRODUCTION, DE TRAITEMENT, DE TRANSFORMATION, DE CONDITIONNEMENT ET OU CONSERVATION DES PRODUITS ET SOUS PRODUITS DE LA PECHE"
AMAPEX,PARCELLE 50 NOUVEAU PORT AGADIR 80000 AGADIR,AGADIR,1657,CONGELATION,"ETABLISSEMENTS OU ENTREPRISES DE PRODUCTION, DE TRAITEMENT, DE TRANSFORMATION, DE CONDITIONNEMENT ET OU CONSERVATION DES PRODUITS ET SOUS PRODUITS DE LA PECHE"
ANASS PESCA,PORT DE MEHDIA KENITRA,KENITRA,PP.60.0192.18,SALAISON DES ANCHOIS EN FUTS,"ETABLISSEMENTS OU ENTREPRISES DE PRODUCTION, DE TRAITEMENT, DE TRANSFORMATION, DE CONDITIONNEMENT ET OU CONSERVATION DES PRODUITS ET SOUS PRODUITS DE LA PECHE"
ANDREXPORT,44 AV MED LQBAL BIOUGRA AIT BAHA AGADIR,AGADIR,PP.27.2171.21,MATURATION ET STOCKAGE DES POISSONS SAL2S,"ETABLISSEMENTS OU ENTREPRISES DE PRODUCTION, DE TRAITEMENT, DE TRANSFORMATION, DE CONDITIONNEMENT ET OU CONSERVATION DES PRODUITS ET SOUS PRODUITS DE LA PECHE"
ANDREXPORT II,ZONE INDUSTRIELLE D'AIT MELLOUL N° 638 BIS AGADIR,AGADIR,3718,SEMI-CONSERVE,"ETABLISSEMENTS OU ENTREPRISES DE PRODUCTION, DE TRAITEMENT, DE TRANSFORMATION, DE CONDITIONNEMENT ET OU CONSERVATION DES PRODUITS ET SOUS PRODUITS DE LA PECHE"
ANOL,QI ANZA AGADIR,AGADIR,3416,SEMI-CONSERVE,"ETABLISSEMENTS OU ENTREPRISES DE PRODUCTION, DE TRAITEMENT, DE TRANSFORMATION, DE CONDITIONNEMENT ET OU CONSERVATION DES PRODUITS ET SOUS PRODUITS DE LA PECHE"
ANTIPASTI-MED,"ZONE FRANCHE , SECTEUR B1, LOT N°2 , TANGER",TANGER,PP.34.0188.18,SEMI-CONSERVE,"ETABLISSEMENTS OU ENTREPRISES DE PRODUCTION, DE TRAITEMENT, DE TRANSFORMATION, DE CONDITIONNEMENT ET OU CONSERVATION DES PRODUITS ET SOUS PRODUITS DE LA PECHE"
AQUASUD,AV MED V QUARTIER INDUSTRIEL DAKHLA BP 132 DAKHLA,DAKHLA,4605,CONDITIONNEMENT DES PRODUITS DE LA PECHE A L'ETAT FRAIS,"ETABLISSEMENTS OU ENTREPRISES DE PRODUCTION, DE TRAITEMENT, DE TRANSFORMATION, DE CONDITIONNEMENT ET OU CONSERVATION DES PRODUITS ET SOUS PRODUITS DE LA PECHE"
ARGOB FISH,N°175-176 ZONE INDUSTRIELLE DAKHLA,DAKHLA,PP.74.0011.14,TRIAGE ET CALIBRAGE DES PETITS PELAGIQUES,"ETABLISSEMENTS OU ENTREPRISES DE PRODUCTION, DE TRAITEMENT, DE TRANSFORMATION, DE CONDITIONNEMENT ET OU CONSERVATION DES PRODUITS ET SOUS PRODUITS DE LA PECHE"
ARTERE CONGEL,ZONE PORTUAIRE DAKHLA,DAKHLA,PP.74.3108.18,"CONGELATION, CONDITIONNEMENT DES PRODUITS DE LA PËCHE A L'ETAT FRAIS ET ETETAGE ET EVISCERATION DES PRODUITS DE LA PECHE","ETABLISSEMENTS OU ENTREPRISES DE PRODUCTION, DE TRAITEMENT, DE TRANSFORMATION, DE CONDITIONNEMENT ET OU CONSERVATION DES PRODUITS ET SOUS PRODUITS DE LA PECHE"
ASMAK AL OUIFAK,DOUAR LAHFAYA KM 11 ROUTE DE MEDIOUNA NOUACEUR CASABLANCA,CASABLANCA,PEF.7.0099.16,ENTREPOSAGE,ENTREPOSAGE DES PRODUITS DE LA PECHE SOUS TEMPERATURE DIRIGEE Y COMPRIS LES COQUILLAGES
ASMAK HAOUZ MARRAKECH,"N° 781, LOTISSEMENT AL MASSAR ROUTE DE SAFI, MARRAKECH",MARRAKECH,PEF.19.0208.19,ENTREPOSAGE,ENTREPOSAGE DES PRODUITS DE LA PECHE SOUS TEMPERATURE DIRIGEE Y COMPRIS LES COQUILLAGES
ASMAK MORSAD,BP 8002 CITE DAKHLA AGADIR,AGADIR,4082,ENTREPOSAGE,ENTREPOSAGE DES PRODUITS DE LA PECHE SOUS TEMPERATURE DIRIGEE Y COMPRIS LES COQUILLAGES
ASMAK TAHIRI,N° 136 HAY TARGA SIDI MBAREK MARAKECH,MARRAKECH,PEF.19.0083.16,ENTREPOSAGE,ENTREPOSAGE DES PRODUITS DE LA PECHE SOUS TEMPERATURE DIRIGEE Y COMPRIS LES COQUILLAGES
ASPAM,LOT A35 ZONE INDUSTRIELLE EL MARSA LAAYOUNE,LAAYOUNE,PP.71.0145.17,CONGELATION,"ETABLISSEMENTS OU ENTREPRISES DE PRODUCTION, DE TRAITEMENT, DE TRANSFORMATION, DE CONDITIONNEMENT ET OU CONSERVATION DES PRODUITS ET SOUS PRODUITS DE LA PECHE"
ASSALAMA FRIGOS 1,ZONE INDUSTRIELLE LOT 151 EL JADIDA,EL JADIDA,PEF.53.0135.17,ENTREPOSAGE,ENTREPOSAGE DES PRODUITS DE LA PECHE SOUS TEMPERATURE DIRIGEE Y COMPRIS LES COQUILLAGES
ASSALAMA FRIGOS 2,"ZONE INDUSTRIELLE LOT 151, EL JADIDA",EL JADIDA,PP.53.0136.17,CONDITIONNEMENT DES PRODUITS DE LA PECHE A L'ETAT FRAIS ET CONGELATION,"ETABLISSEMENTS OU ENTREPRISES DE PRODUCTION, DE TRAITEMENT, DE TRANSFORMATION, DE CONDITIONNEMENT ET OU CONSERVATION DES PRODUITS ET SOUS PRODUITS DE LA PECHE"
ASSIETTE NORDIQUE,"Lotissement Saadi, Lot n°6, Quartier Industriel Sidi Bernoussi-Casablanca",CASABLANCA,PP.5.0213.19,"CONDITIONNEMENT DES PRODUITS DE LA PECHE, DES PRODUITS DE L'AQUACULTURE A L'ÉTÉ FRAIS ET CONGELATION, FILETAGE,FUMAGE, DECORTICAGE DES CREVETTES ET CUISSON DES CRUSTACES ET STOCKAGE DES PRODUITS CONGELES","ETABLISSEMENTS OU ENTREPRISES DE PRODUCTION, DE TRAITEMENT, DE TRANSFORMATION, DE CONDITIONNEMENT ET OU CONSERVATION DES PRODUITS ET SOUS PRODUITS DE LA PECHE"
ASSIETTE NORDIQUE ENTREPOSAGE,"Lotissement Saadi, Lot n° 16, Quartier Industriel Sidi Bernoussi-Casablanca",CASABLANCA,PEF.5.0215.19,ENTREPOSAGE,ENTREPOSAGE DES PRODUITS DE LA PECHE SOUS TEMPERATURE DIRIGEE Y COMPRIS LES COQUILLAGES
ASSIETTE OCEANE,"1, Allée de Mandariniers, Bd Chefchaouni, Ain Sbaa -Casablanca",CASABLANCA,PEF.5.0262.20,ENTREPOSAGE,ENTREPOSAGE DES PRODUITS DE LA PECHE SOUS TEMPERATURE DIRIGEE Y COMPRIS LES COQUILLAGES
FATIFISH FOOD,ZONE INDUSTRIELLE BOUREGRAG,RABAT,PP.1.0087.16,"CONGELATION DES PRODUITS DE LA PECHE ET DES COQUILLAGES, Conditionnement des produits de la peche a l'etat frais, FILETAGE ET DECORTICAGE DES CREVETTES","ETABLISSEMENTS OU ENTREPRISES DE PRODUCTION, DE TRAITEMENT, DE TRANSFORMATION, DE CONDITIONNEMENT ET OU CONSERVATION DES PRODUITS ET SOUS PRODUITS DE LA PECHE"
ATLANTIC BLEUE FIN,PORT DE PECHE DE TAN TAN,TAN TAN,PP.68.3592.21,CONGELATION DES CEPHALOPODES ET POISSONS BLANCS,"ETABLISSEMENTS OU ENTREPRISES DE PRODUCTION, DE TRAITEMENT, DE TRANSFORMATION, DE CONDITIONNEMENT ET OU CONSERVATION DES PRODUITS ET SOUS PRODUITS DE LA PECHE"
ATLANTIC CONSERVES,ZI AIT MELLOUL .BP 582 AGADIR,AGADIR,3030,CONSERVE DE POISSON,"ETABLISSEMENTS OU ENTREPRISES DE PRODUCTION, DE TRAITEMENT, DE TRANSFORMATION, DE CONDITIONNEMENT ET OU CONSERVATION DES PRODUITS ET SOUS PRODUITS DE LA PECHE"
ATLANTIC HOME SARDINES,ZONE INDUSTRIELLE LOT 676 AIT MELLOUL AGADIR,AGADIR,PP.26.0162.18,CONSERVE DE POISSON,"ETABLISSEMENTS OU ENTREPRISES DE PRODUCTION, DE TRAITEMENT, DE TRANSFORMATION, DE CONDITIONNEMENT ET OU CONSERVATION DES PRODUITS ET SOUS PRODUITS DE LA PECHE"
ATLANTIC SARDINE ANCHOVIES TAN TAN,QUARTIER INDUSTRIEL ROUTE PRINCIPAL TAN TAN,TAN TAN,3507,CONSERVE DE POISSON,"ETABLISSEMENTS OU ENTREPRISES DE PRODUCTION, DE TRAITEMENT, DE TRANSFORMATION, DE CONDITIONNEMENT ET OU CONSERVATION DES PRODUITS ET SOUS PRODUITS DE LA PECHE"
ATLANTIC SEA PRODUCTS,"N° 31, NOUVEAU PORT D’AGADIR",AGADIR,2933,CONGELATION,"ETABLISSEMENTS OU ENTREPRISES DE PRODUCTION, DE TRAITEMENT, DE TRANSFORMATION, DE CONDITIONNEMENT ET OU CONSERVATION DES PRODUITS ET SOUS PRODUITS DE LA PECHE"
ATLAS SEAFOOD,40 ANGLE AVENUE ABOUBAKER EL OUAHRANI ET RUE AVIATEUR VITALIS HAY HAY MOHAMMADI CASABLANCA,CASABLANCA,3874,"CONGELATION, CONDITIONNEMENT DES PRODUITS DE LA PECHE A L'ETAT FRAS ET CONDITIONNEMENT DES PIEDS DE BICHE","ETABLISSEMENTS OU ENTREPRISES DE PRODUCTION, DE TRAITEMENT, DE TRANSFORMATION, DE CONDITIONNEMENT ET OU CONSERVATION DES PRODUITS ET SOUS PRODUITS DE LA PECHE"
ATUNEROS DEL NORTE,PORT M DIQ- M DIQ TETOUAN 3 RUE ELRRAOUI APPT 26 1ER ETAGE TANGER TETOUAN,M'DIQ,1155,CONGELATION,"ETABLISSEMENTS OU ENTREPRISES DE PRODUCTION, DE TRAITEMENT, DE TRANSFORMATION, DE CONDITIONNEMENT ET OU CONSERVATION DES PRODUITS ET SOUS PRODUITS DE LA PECHE"
ATUNEROS DEL SUR,"N° 1,2 ZONE INDUSTRIELLE ESSALAM DAKHLA",DAKHLA,PP.74.0041.15,CONGELATION,"ETABLISSEMENTS OU ENTREPRISES DE PRODUCTION, DE TRAITEMENT, DE TRANSFORMATION, DE CONDITIONNEMENT ET OU CONSERVATION DES PRODUITS ET SOUS PRODUITS DE LA PECHE"
AVEIRO MAROC,ZONE INDUSTRIELLE 80152 AIT MELLOUL,AGADIR,1653,CONSERVE DE POISSON,"ETABLISSEMENTS OU ENTREPRISES DE PRODUCTION, DE TRAITEMENT, DE TRANSFORMATION, DE CONDITIONNEMENT ET OU CONSERVATION DES PRODUITS ET SOUS PRODUITS DE LA PECHE"
AYOUB DES POISSONS,N° 138 ZONE INDUSTRIELLE -TETOUAN,TETOUAN,PEF.40.0237.19,ENTREPOSAGE,ENTREPOSAGE DES PRODUITS DE LA PECHE SOUS TEMPERATURE DIRIGEE Y COMPRIS LES COQUILLAGES
AZUL FISH,LOT N° 756 LOTISSEMENT AL MASSAR ROUTE DE SAFI MARRAKECH,MARRAKECH,PEF.19.0094.16,ENTREPOSAGE,ENTREPOSAGE DES PRODUITS DE LA PECHE SOUS TEMPERATURE DIRIGEE Y COMPRIS LES COQUILLAGES
AZUL FISH 2,"N° 756,LOTISSEMENT AL MASSAR, ROUTE DE SAFI, 40000,MARRAKECH",MARRAKECH,PP.19.0146.17,"CONDITIONNEMENT DES PRODUITS DE LA PECHE A L'ETAT FRAIS, CONGELATION ET FILETAGE","ETABLISSEMENTS OU ENTREPRISES DE PRODUCTION, DE TRAITEMENT, DE TRANSFORMATION, DE CONDITIONNEMENT ET OU CONSERVATION DES PRODUITS ET SOUS PRODUITS DE LA PECHE"
AZUL FISH 3,"N° 310 LOTISSEMENT LINA ,ZI SIDI MAAROUF-CASABLANCA",CASABLANCA,PEF.5.0175.18,ENTREPOSAGE,ENTREPOSAGE DES PRODUITS DE LA PECHE SOUS TEMPERATURE DIRIGEE Y COMPRIS LES COQUILLAGES
BAHRI FISH,LOT N° 62 ZONE INDUSTRIELLE DE BENI MELLAL,BENI MELLAL,PP.63.0155.18,CONDITIONNEMENT DES PRODUITS DE LA PECHE A L'ETAT FRAIS ET CONGELATION,"ETABLISSEMENTS OU ENTREPRISES DE PRODUCTION, DE TRAITEMENT, DE TRANSFORMATION, DE CONDITIONNEMENT ET OU CONSERVATION DES PRODUITS ET SOUS PRODUITS DE LA PECHE"
BAZEN,"167, BD DE BOURGOGNE CASABLANCA",MOHAMMADIA,3196,SECHAGE DE POISSON,"ETABLISSEMENTS OU ENTREPRISES DE PRODUCTION, DE TRAITEMENT, DE TRANSFORMATION, DE CONDITIONNEMENT ET OU CONSERVATION DES PRODUITS ET SOUS PRODUITS DE LA PECHE"
BEAUX FRIGOS,ZONE INDUSTRIELLE ESSALAM DAKHLA,DAKHLA,2817,CONGELATION,"ETABLISSEMENTS OU ENTREPRISES DE PRODUCTION, DE TRAITEMENT, DE TRANSFORMATION, DE CONDITIONNEMENT ET OU CONSERVATION DES PRODUITS ET SOUS PRODUITS DE LA PECHE"
NATURA POISSONS,PARCELLE 64 NOUVEAU PORT ANZA AGADIR,AGADIR,PP.25.3313.20,CONGELATION,"ETABLISSEMENTS OU ENTREPRISES DE PRODUCTION, DE TRAITEMENT, DE TRANSFORMATION, DE CONDITIONNEMENT ET OU CONSERVATION DES PRODUITS ET SOUS PRODUITS DE LA PECHE"
BELMA,"ZONE INDUSTRIELLE D'AIT MELLOUL, LOT N° 862",AGADIR,1709,CONSERVE DE POISSON,"ETABLISSEMENTS OU ENTREPRISES DE PRODUCTION, DE TRAITEMENT, DE TRANSFORMATION, DE CONDITIONNEMENT ET OU CONSERVATION DES PRODUITS ET SOUS PRODUITS DE LA PECHE"
BENSSI FRIGO,ZONE INDUSTRIELE HAY ESSALAM DAKHLA,DAKHLA,3222,CONGELATION,"ETABLISSEMENTS OU ENTREPRISES DE PRODUCTION, DE TRAITEMENT, DE TRANSFORMATION, DE CONDITIONNEMENT ET OU CONSERVATION DES PRODUITS ET SOUS PRODUITS DE LA PECHE"
BEST CONSERVES,"19 ROUTE NATIONAL RELIANT TAOURIRT ET DEBDOU, COMMUNE AHL OUES ZA, Province TAOURIRT",TAOURIRT,PP.47.0278.21,DECORTICAGE DES CREVETTES,"ETABLISSEMENTS OU ENTREPRISES DE PRODUCTION, DE TRAITEMENT, DE TRANSFORMATION, DE CONDITIONNEMENT ET OU CONSERVATION DES PRODUITS ET SOUS PRODUITS DE LA PECHE"
BIO FISH,"N° 92 ZONE 1 PARC INDUSTRIEL DE BOUSKOURA, PROVINCE DE NOUACEUR CASABLANCA",CASABLANCA,5157,CONGELATION ET ENTREPOSAGE,"ETABLISSEMENTS OU ENTREPRISES DE PRODUCTION, DE TRAITEMENT, DE TRANSFORMATION, DE CONDITIONNEMENT ET OU CONSERVATION DES PRODUITS ET SOUS PRODUITS DE LA PECHE ENTREPOSAGE DES PRODUITS DE LA PECHE SOUS TEMPERATURE DIRIGEE Y COMPRIS LES COQUILLAGES"
BLANCAMAR,"LOTS 15 ET16, Z.I SAPINO PROVINCE DE NOUACEUR CASABLANCA",CASABLANCA,2975,CONGELATION,"ETABLISSEMENTS OU ENTREPRISES DE PRODUCTION, DE TRAITEMENT, DE TRANSFORMATION, DE CONDITIONNEMENT ET OU CONSERVATION DES PRODUITS ET SOUS PRODUITS DE LA PECHE"
BLANMAR,ZONE INDUSTRIELLE HAY ESSALAM DAKHLA,DAKHLA,2915,CONGELATION,"ETABLISSEMENTS OU ENTREPRISES DE PRODUCTION, DE TRAITEMENT, DE TRANSFORMATION, DE CONDITIONNEMENT ET OU CONSERVATION DES PRODUITS ET SOUS PRODUITS DE LA PECHE"
FATIFISH FOOD,"8,9,10 ZONE INDUSTRIELLE ABI REGRAG,RABAT",RABAT,PP.1.0087.16,"CONDITIONNEMENT DES PRODUITS DE LA PECHE A L'ETAT FRAIS, CONGELATION, FILETAGE, DECORTICAGE DES CREVETTES","ETABLISSEMENTS OU ENTREPRISES DE PRODUCTION, DE TRAITEMENT, DE TRANSFORMATION, DE CONDITIONNEMENT ET OU CONSERVATION DES PRODUITS ET SOUS PRODUITS DE LA PECHE"
HANDELMA,"N°1,ZONE INDUSTRIELLE ABI REGREG,TAKADOUM RABAT",RABAT,PEF.1.0063.15,ENTREPOSAGE,ENTREPOSAGE DES PRODUITS DE LA PECHE SOUS TEMPERATURE DIRIGEE Y COMPRIS LES COQUILLAGES
BOUZERGTOUN SEAFOOD,STALLE N° 11 PORT DE PECHE S CASABLANCA,CASABLANCA,3087,CONDITIONNEMENT DES PRODUITS DE LA PECHE A L'ETAT FRAIS,"ETABLISSEMENTS OU ENTREPRISES DE PRODUCTION, DE TRAITEMENT, DE TRANSFORMATION, DE CONDITIONNEMENT ET OU CONSERVATION DES PRODUITS ET SOUS PRODUITS DE LA PECHE"
C.C.I.D,BP 111 ZONE INDJUSTRIELLE DAKHLA,DAKHLA,1963,CONGELATION,"ETABLISSEMENTS OU ENTREPRISES DE PRODUCTION, DE TRAITEMENT, DE TRANSFORMATION, DE CONDITIONNEMENT ET OU CONSERVATION DES PRODUITS ET SOUS PRODUITS DE LA PECHE"
CANPECHES,LOT N° 10 ZONE INDUSTRIELLE BOUJDOUR,BOUJDOUR,2761,CONDITIONNEMENT DES PRODUITS DE LA PECHE A L'ETAT FRAIS ET CONGELATION,"ETABLISSEMENTS OU ENTREPRISES DE PRODUCTION, DE TRAITEMENT, DE TRANSFORMATION, DE CONDITIONNEMENT ET OU CONSERVATION DES PRODUITS ET SOUS PRODUITS DE LA PECHE"
CENPESUD,ZONE INDUSTRIELLE ESSALAML DAKHLA,DAKHLA,3266,CONGELATION,"ETABLISSEMENTS OU ENTREPRISES DE PRODUCTION, DE TRAITEMENT, DE TRANSFORMATION, DE CONDITIONNEMENT ET OU CONSERVATION DES PRODUITS ET SOUS PRODUITS DE LA PECHE"
CEPHALOPODES RIO DE ORO,,DAKHLA,PP.74.2512.18,CONGELATION,"ETABLISSEMENTS OU ENTREPRISES DE PRODUCTION, DE TRAITEMENT, DE TRANSFORMATION, DE CONDITIONNEMENT ET OU CONSERVATION DES PRODUITS ET SOUS PRODUITS DE LA PECHE"
CIBEL,ZONE EXTRAPORTUAIRE BP 38 PORT DE TAN TAN,TAN TAN,PP.68.0014.14,HUILE DE POISSON A CONSOMMATION HUMAINE,"ETABLISSEMENTS OU ENTREPRISES DE PRODUCTION, DE TRAITEMENT, DE TRANSFORMATION, DE CONDITIONNEMENT ET OU CONSERVATION DES PRODUITS ET SOUS PRODUITS DE LA PECHE"
CIBEL IV,QI ANZA BP.135-AGADIR,AGADIR,9421,CONSERVE DE POISSON,"ETABLISSEMENTS OU ENTREPRISES DE PRODUCTION, DE TRAITEMENT, DE TRANSFORMATION, DE CONDITIONNEMENT ET OU CONSERVATION DES PRODUITS ET SOUS PRODUITS DE LA PECHE"
CISNEROS SEA FOOD,"ZONE PORTUAIRE, ANCIEN PORT,AGADIR",AGADIR,PEF.25.0044.15,ENTREPOSAGE,ENTREPOSAGE DES PRODUITS DE LA PECHE SOUS TEMPERATURE DIRIGEE Y COMPRIS LES COQUILLAGES
CODAKPO,ZONE INDUSTRIELLE Hay Salam DAKHLA,DAKHLA,3065,CONGELATION,"ETABLISSEMENTS OU ENTREPRISES DE PRODUCTION, DE TRAITEMENT, DE TRANSFORMATION, DE CONDITIONNEMENT ET OU CONSERVATION DES PRODUITS ET SOUS PRODUITS DE LA PECHE"
COFEPROMER,PROVINCE DE CHTOUKA AIT BAHA AGADIR,AGADIR,5427,SECHAGE DES MOULES,"ETABLISSEMENTS OU ENTREPRISES DE PRODUCTION, DE TRAITEMENT, DE TRANSFORMATION, DE CONDITIONNEMENT ET OU CONSERVATION DES PRODUITS ET SOUS PRODUITS DE LA PECHE"
COFRIGOB,LOT 53 ZONE INDUSTRIELLE EL MARSSA LAAYOUNE,LAAYOUNE,PP.71.3335.18,CONGELATION,"ETABLISSEMENTS OU ENTREPRISES DE PRODUCTION, DE TRAITEMENT, DE TRANSFORMATION, DE CONDITIONNEMENT ET OU CONSERVATION DES PRODUITS ET SOUS PRODUITS DE LA PECHE"
COFRIGOB ENTREPOSAGE,LOT 81 ZONE INDUSTRIELLE EL MARSSA LAAYOUNE,LAAYOUNE,PEF.71.0274.21,ENTREPOSAGE,ENTREPOSAGE DES PRODUITS DE LA PECHE SOUS TEMPERATURE DIRIGEE Y COMPRIS LES COQUILLAGES
COLOCONSA,PRINCE MOULAY HASSAN BEN MEHDI- ASILAH,ASILAH,1720,SEMI-CONSERVE,"ETABLISSEMENTS OU ENTREPRISES DE PRODUCTION, DE TRAITEMENT, DE TRANSFORMATION, DE CONDITIONNEMENT ET OU CONSERVATION DES PRODUITS ET SOUS PRODUITS DE LA PECHE"
COMEA,ZONE INDUSTRIELLE ZONE BASSE ROUTE DE JORF LIHOUDI SAFI,SAFI,PP.52.4326.19,CONSERVE DE POISSON,"ETABLISSEMENTS OU ENTREPRISES DE PRODUCTION, DE TRAITEMENT, DE TRANSFORMATION, DE CONDITIONNEMENT ET OU CONSERVATION DES PRODUITS ET SOUS PRODUITS DE LA PECHE"
CONGEL D'CHERA,"38,BIS, ZONE INDUSTRIELLE , EL MARSA, LAYOUNE",LAAYOUNE,PP.71.2940.15,CONGELATION,"ETABLISSEMENTS OU ENTREPRISES DE PRODUCTION, DE TRAITEMENT, DE TRANSFORMATION, DE CONDITIONNEMENT ET OU CONSERVATION DES PRODUITS ET SOUS PRODUITS DE LA PECHE"
CONGEL MIRAMAR,ZONE INDUSTRIELLE HAY ESSALAM DAKHLA,DAKHLA,3113,"CONGELATION, CONDITIONNEMENT DES PRODUITS DE LA PECHE A L'ETAT FRAIS, FILETAGE, EVISCERATION ET ETETAGE DES PETITS PELAGIQUES","ETABLISSEMENTS OU ENTREPRISES DE PRODUCTION, DE TRAITEMENT, DE TRANSFORMATION, DE CONDITIONNEMENT ET OU CONSERVATION DES PRODUITS ET SOUS PRODUITS DE LA PECHE"
CONGELADO MANHATTAN,"4 GROUPE LOCAUX TECH, ZI TETOUAN",M'DIQ,PEF.40.0064.16,ENTREPOSAGE,ENTREPOSAGE DES PRODUITS DE LA PECHE SOUS TEMPERATURE DIRIGEE Y COMPRIS LES COQUILLAGES
CONGELADOS PESCA,ZONE INDUSTRIELLE ESSALAM DAKHLA,DAKHLA,3116,CONGELATION,"ETABLISSEMENTS OU ENTREPRISES DE PRODUCTION, DE TRAITEMENT, DE TRANSFORMATION, DE CONDITIONNEMENT ET OU CONSERVATION DES PRODUITS ET SOUS PRODUITS DE LA PECHE"
CONGELATION AL JANOUB,ZONE INDUSTRIELLE ESSALAM DAKHLA,DAKHLA,PP.74.3011.18,"CONDITIONNEMENT DES PRODUITS DE LA PECHE A L'ETAT FRAIS, CONGELATION ET FILETAGE","ETABLISSEMENTS OU ENTREPRISES DE PRODUCTION, DE TRAITEMENT, DE TRANSFORMATION, DE CONDITIONNEMENT ET OU CONSERVATION DES PRODUITS ET SOUS PRODUITS DE LA PECHE"
CONGELATION AL KHALIJ,ZONE INDUSTRIELLE HAY SALAM DAKHLA,DAKHLA,3066,CONGELATION,"ETABLISSEMENTS OU ENTREPRISES DE PRODUCTION, DE TRAITEMENT, DE TRANSFORMATION, DE CONDITIONNEMENT ET OU CONSERVATION DES PRODUITS ET SOUS PRODUITS DE LA PECHE"
CONGELATION ALOUK DAS,BP 83 ZONE INDUSTRIELLE DAKHLA,DAKHLA,2512,CONDITIONNEMENT DES PRODUITS DE LA PECHE A L'ETAT FRAIS ET CONGELATION,"ETABLISSEMENTS OU ENTREPRISES DE PRODUCTION, DE TRAITEMENT, DE TRANSFORMATION, DE CONDITIONNEMENT E T O U CONSERVATION DES PRODUITS ET SOUS PRODUITS DE LA PECHE"
CONGELATION CABO BARBAS,"LOT N° 23-24, 25 ZONE INDUSTRIELLE. HAY ESSALAM DAKHLA",DAKHLA,3246,CONGELATION,"ETABLISSEMENTS OU ENTREPRISES DE PRODUCTION, DE TRAITEMENT, DE TRANSFORMATION, DE CONDITIONNEMENT ET OU CONSERVATION DES PRODUITS ET SOUS PRODUITS DE LA PECHE"
CONGELATION EL MOUSTAKIM,,LAAYOUNE,PP.71.3921.18,CONDITIONNEMENT DES PRODUITS DE LA PECHE A L'ETAT FRAIS ET CONGELATION,"ETABLISSEMENTS OU ENTREPRISES DE PRODUCTION, DE TRAITEMENT, DE TRANSFORMATION, DE CONDITIONNEMENT ET OU CONSERVATION DES PRODUITS ET SOUS PRODUITS DE LA PECHE"
CONGELATION VILLAMAR,ZONE .INDUSTRIELLE HAY ESSALAM DAKHLA,DAKHLA,2917,CONGELATION,"ETABLISSEMENTS OU ENTREPRISES DE PRODUCTION, DE TRAITEMENT, DE TRANSFORMATION, DE CONDITIONNEMENT ET OU CONSERVATION DES PRODUITS ET SOUS PRODUITS DE LA PECHE"
CONITAL,QI TASSILA AGADIR,AGADIR,3278,SEMI-CONSERVE,"ETABLISSEMENTS OU ENTREPRISES DE PRODUCTION, DE TRAITEMENT, DE TRANSFORMATION, DE CONDITIONNEMENT ET OU CONSERVATION DES PRODUITS ET SOUS PRODUITS DE LA PECHE"
CONOR,ZI HAY TAKADOUM BP 22 TAOURIRTE / LOT N° 44 ZONE INDUSTRIELLE OUJDA,TAOURIRT,1293,SEMI-CONSERVE,"ETABLISSEMENTS OU ENTREPRISES DE PRODUCTION, DE TRAITEMENT, DE TRANSFORMATION, DE CONDITIONNEMENT ET OU CONSERVATION DES PRODUITS ET SOUS PRODUITS DE LA PECHE"
CONSERVAL,ROUTE DU JORF EL YOUDI BP 2253. RC 1425 SAFI,SAFI,3147,CONSERVE DE POISSON,"ETABLISSEMENTS OU ENTREPRISES DE PRODUCTION, DE TRAITEMENT, DE TRANSFORMATION, DE CONDITIONNEMENT ET OU CONSERVATION DES PRODUITS ET SOUS PRODUITS DE LA PECHE"
CONSERVAL II,ROUTE DJORF LYOUDI BP 2253,SAFI,5381,CONSERVE DE POISSON,"ETABLISSEMENTS OU ENTREPRISES DE PRODUCTION, DE TRAITEMENT, DE TRANSFORMATION, DE CONDITIONNEMENT ET OU CONSERVATION DES PRODUITS ET SOUS PRODUITS DE LA PECHE"
CONSERVAS Y SALAZONES DEL ATLANTICO,NOUVEAU PORT DE LARACHE BP 572 LARACHE,LARACHE,3014,SEMI-CONSERVE,"ETABLISSEMENTS OU ENTREPRISES DE PRODUCTION, DE TRAITEMENT, DE TRANSFORMATION, DE CONDITIONNEMENT ET OU CONSERVATION DES PRODUITS ET SOUS PRODUITS DE LA PECHE"
CONSERVERIE D’OUJDA,Q.I BP 361 OUJDA / LOT N° 44 ZONE INDUSTRIELLE OUJDA,OUJDA,1248,SEMI-CONSERVE,"ETABLISSEMENTS OU ENTREPRISES DE PRODUCTION, DE TRAITEMENT, DE TRANSFORMATION, DE CONDITIONNEMENT ET OU CONSERVATION DES PRODUITS ET SOUS PRODUITS DE LA PECHE"
CONSERVERIE DES DEUX MERS,LOT 37-38-39-40-42 NOUVEAU PORT D' AGADIR,AGADIR,2035,SEMI-CONSERVE ET MARINADE DES ANCHOIS AU VINAIGRE ET FILETAGE DU POISSON SAL2,"ETABLISSEMENTS OU ENTREPRISES DE PRODUCTION, DE TRAITEMENT, DE TRANSFORMATION, DE CONDITIONNEMENT ET OU CONSERVATION DES PRODUITS ET SOUS PRODUITS DE LA PECHE"
CONSERVERIE DE OUED EDDAHAB,"LOT N°3, ZONE INDUSTRIELLE PORTUAIRE -DAKHLA",DAKHLA,PP.74.0265.20,CONSERVE DE POISSON,"ETABLISSEMENTS OU ENTREPRISES DE PRODUCTION, DE TRAITEMENT, DE TRANSFORMATION, DE CONDITIONNEMENT ET OU CONSERVATION DES PRODUITS ET SOUS PRODUITS DE LA PECHE"
CONSERVERIE IFNI,ANGLE AVENUE AL MOUKAOUAMA ET RUE MOUSSA IBNOU NOUSSAIR ZONE INDUSTRIELLE BP 399 AGADIR,AGADIR,PP.25.2294.18,CONGELATION,"ETABLISSEMENTS OU ENTREPRISES DE PRODUCTION, DE TRAITEMENT, DE TRANSFORMATION, DE CONDITIONNEMENT ET OU CONSERVATION DES PRODUITS ET SOUS PRODUITS DE LA PECHE"
CONSERVERIE LA GIRONDE,RUE MOUSSA IBNOU NOUSSAIR.QI.AGADIR,AGADIR,4175,CONSERVE DE POISSON,"ETABLISSEMENTS OU ENTREPRISES DE PRODUCTION, DE TRAITEMENT, DE TRANSFORMATION, DE CONDITIONNEMENT ET OU CONSERVATION DES PRODUITS ET SOUS PRODUITS DE LA PECHE"
CONSERVERIES DES 2 MERS,RUE 3 LOT 84 ZI ROUTE DE TETOUAN TANGER,TANGER,1461,SEMI-CONSERVE,"ETABLISSEMENTS OU ENTREPRISES DE PRODUCTION, DE TRAITEMENT, DE TRANSFORMATION, DE CONDITIONNEMENT ET OU CONSERVATION DES PRODUITS ET SOUS PRODUITS DE LA PECHE"
CONSERVERIES PELAGIQUES DE DAKHLA,"Lot n° 2, ZONE INDUSTRIELLE PORTUAIRE -DAKHLA",DAKHLA,PP.74.0269.20,CONSERVE DE POISSON,"ETABLISSEMENTS OU ENTREPRISES DE PRODUCTION, DE TRAITEMENT, DE TRANSFORMATION, DE CONDITIONNEMENT ET OU CONSERVATION DES PRODUITS ET SOUS PRODUITS DE LA PECHE"
CONSERVERIES RIO DE ORO,"Lot n° 6, ZONE INDUSTRIELLE PORTUAIRE -DAKHLA",DAKHLA,PP.74.0260.20,CONSERVE DE POISSON,"ETABLISSEMENTS OU ENTREPRISES DE PRODUCTION, DE TRAITEMENT, DE TRANSFORMATION, DE CONDITIONNEMENT ET OU CONSERVATION DES PRODUITS ET SOUS PRODUITS DE LA PECHE"
COPELIT,BP 66 Z I LAAYOUNE PORT,LAAYOUNE,3227,CONGELATION,"ETABLISSEMENTS OU ENTREPRISES DE PRODUCTION, DE TRAITEMENT, DE TRANSFORMATION, DE CONDITIONNEMENT ET OU CONSERVATION DES PRODUITS ET SOUS PRODUITS DE LA PECHE"
COPELIT,ZONE INDUSTRIELLE BP 66 PORT LAAYOUNE,LAAYOUNE,5459,HUILE DE POISSON A CONSOMMATION HUMAINE,"ETABLISSEMENTS OU ENTREPRISES DE PRODUCTION, DE TRAITEMENT, DE TRANSFORMATION, DE CONDITIONNEMENT ET OU CONSERVATION DES PRODUITS ET SOUS PRODUITS DE LA PECHE"
COPERATIVE ISLMANE IFNI,ZONE INDUSTRIELLE DE SIDI IFNI,SIDI IFNI,PP.33.0084.16,SEMI-CONSERVE,"ETABLISSEMENTS OU ENTREPRISES DE PRODUCTION, DE TRAITEMENT, DE TRANSFORMATION, DE CONDITIONNEMENT ET OU CONSERVATION DES PRODUITS ET SOUS PRODUITS DE LA PECHE"
COPRALIM,"ZONE INDUSTRIELLE TASSILA,N° 178 D'CHEIRA EL JIHADIA INEZGANE AIT MELLOUL",AGADIR,PP.26.0157.18,"CONDITIONNEMENT DES PRODUITS DE LA PECHE A L'ETAT FRAIS, CONGELATION ET FILETAGE","ETABLISSEMENTS OU ENTREPRISES DE PRODUCTION, DE TRAITEMENT, DE TRANSFORMATION, DE CONDITIONNEMENT ET OU CONSERVATION DES PRODUITS ET SOUS PRODUITS DE LA PECHE"
COPRAVE,37 RUE AIT BA AMRANE CASA (RUE IBN BATOUTA ZI LOT N 115 EL JADIDA) USINES : N°115 QUARTIER INDUSTRIEL,EL JADIDA,2218,SEMI-CONSERVE,"ETABLISSEMENTS OU ENTREPRISES DE PRODUCTION, DE TRAITEMENT, DE TRANSFORMATION, DE CONDITIONNEMENT ET OU CONSERVATION DES PRODUITS ET SOUS PRODUITS DE LA PECHE"
COPRINCO,BP 186 PORT DE BENI NSAR NADOR 62050,NADOR,2155,CONGELATION,"ETABLISSEMENTS OU ENTREPRISES DE PRODUCTION, DE TRAITEMENT, DE TRANSFORMATION, DE CONDITIONNEMENT ET OU CONSERVATION DES PRODUITS ET SOUS PRODUITS DE LA PECHE"
COQUILLAGES DAKHLA,HAY MOULAY RACHID DAKHLA,DAKHLA,2573,EXPEDITION DES CRUSTACES VIVANTS,"ETABLISSEMENTS OU ENTREPRISES DE PRODUCTION, DE TRAITEMENT, DE TRANSFORMATION, DE CONDITIONNEMENT ET OU CONSERVATION DES PRODUITS ET SOUS PRODUITS DE LA PECHE"
COSA PECHE,BP 1 ZONE INDUSTRIELLE HAY SALAM DAKHLA,DAKHLA,3012,CONGELATION,"ETABLISSEMENTS OU ENTREPRISES DE PRODUCTION, DE TRAITEMENT, DE TRANSFORMATION, DE CONDITIONNEMENT ET OU CONSERVATION DES PRODUITS ET SOUS PRODUITS DE LA PECHE"
COSTA CONSERVE,"ZONE INDUSTRIELLE MUNICIPALE,LOT 89 KENITRA",KENITRA,PP.60.0088.16,"SEMI-CONSERVE, MARINADE, CUISSON ET CONGELATION","ETABLISSEMENTS OU ENTREPRISES DE PRODUCTION, DE TRAITEMENT, DE TRANSFORMATION, DE CONDITIONNEMENT ET OU CONSERVATION DES PRODUITS ET SOUS PRODUITS DE LA PECHE"
COUJDA II,PORT DE PECHE DE MEHDIA,KENITRA,3060,SEMI-CONSERVE,"ETABLISSEMENTS OU ENTREPRISES DE PRODUCTION, DE TRAITEMENT, DE TRANSFORMATION, DE CONDITIONNEMENT ET OU CONSERVATION DES PRODUITS ET SOUS PRODUITS DE LA PECHE"
CRANGOMAR,"TANGER FREE ZONE, ILOT N° 118 B, LOT N° 2 TANGER BOUKHALEF",TANGER,4803,DECORTICAGE DES CREVETTES,"ETABLISSEMENTS OU ENTREPRISES DE PRODUCTION, DE TRAITEMENT, DE TRANSFORMATION, DE CONDITIONNEMENT ET OU CONSERVATION DES PRODUITS ET SOUS PRODUITS DE LA PECHE"
CRAWFISH,"LOT N° 42, ZONE INDUSTRIELLE, SAFI",SAFI,PP.52.0114.16,CONDITIONNEMENT DES PRODUITS DE LA PECHE A L'ETAT FRAIS,"ETABLISSEMENTS OU ENTREPRISES DE PRODUCTION, DE TRAITEMENT, DE TRANSFORMATION, DE CONDITIONNEMENT ET OU CONSERVATION DES PRODUITS ET SOUS PRODUITS DE LA PECHE"
CRUSTA FISH,ANGLE RUE ECHEIH CHAAIB ADOUKALI ET RUE IBN KHALDOUN EL FARABI QUARTIER DU PORT DE PECHE MOHAMMEDIA,MOHAMMADIA,5222,CONGELATION,"ETABLISSEMENTS OU ENTREPRISES DE PRODUCTION, DE TRAITEMENT, DE TRANSFORMATION, DE CONDITIONNEMENT ET OU CONSERVATION DES PRODUITS ET SOUS PRODUITS DE LA PECHE"
CSF,ZONE INDUSTRIELLE AVENUE BOUJDOUR DAKHLA,DAKHLA,PP.74.2467.18,"CONGELATION, EVISCERATION ETETAGE, FILETAGE, CONDITIONNEMENT DES PRODUITS DE LA PECHE A L'ETAT FRAIS ET TRAITEMENT ET CONGELATION DES ŒUFS DE SEICHE ET DE COURBINE","ETABLISSEMENTS OU ENTREPRISES DE PRODUCTION, DE TRAITEMENT, DE TRANSFORMATION, DE CONDITIONNEMENT ET OU CONSERVATION DES PRODUITS ET SOUS PRODUITS DE LA PECHE"
CUMAREX,39 Z I DE TETOUAN BP 6037,M'DIQ,1156,CONSERVE DE POISSON,"ETABLISSEMENTS OU ENTREPRISES DE PRODUCTION, DE TRAITEMENT, DE TRANSFORMATION, DE CONDITIONNEMENT ET OU CONSERVATION DES PRODUITS ET SOUS PRODUITS DE LA PECHE"
CUMAREX 1,39 ZI DE TETOUAN BP 6049,M'DIQ,3498,"CONSERVE DE POISSON, CONSERVE DE COQUILLAGE ET CONSERVE DE POULPE","ETABLISSEMENTS OU ENTREPRISES DE PRODUCTION, DE TRAITEMENT, DE TRANSFORMATION, DE CONDITIONNEMENT ET OU CONSERVATION DES PRODUITS ET SOUS PRODUITS DE LA PECHE"
DAKHLA STOCKAGE,"Lot n° 140 ZONE INDUSTRIELLE HAY ESSALAM, DAKHLA",DAKHLA,PEF.74.0193.18,ENTREPOSAGE,"ETABLISSEMENTS OU ENTREPRISES DE PRODUCTION, DE TRAITEMENT, DE TRANSFORMATION, DE CONDITIONNEMENT ET OU CONSERVATION DES PRODUITS ET SOUS PRODUITS DE LA PECHE"
DAKMAR,BP 132 ZONE INDUSTRIELLE ESSALAM DAKHLA,DAKHLA,2274,CONGELATION,"ETABLISSEMENTS OU ENTREPRISES DE PRODUCTION, DE TRAITEMENT, DE TRANSFORMATION, DE CONDITIONNEMENT ET OU CONSERVATION DES PRODUITS ET SOUS PRODUITS DE LA PECHE"
DAKNAVE,BP 132 ZONE INDUSTRIELLE ESSALMAM DAKHLA,DAKHLA,2698,CONGELATION,"ETABLISSEMENTS OU ENTREPRISES DE PRODUCTION, DE TRAITEMENT, DE TRANSFORMATION, DE CONDITIONNEMENT ET OU CONSERVATION DES PRODUITS ET SOUS PRODUITS DE LA PECHE"
DAKORO,LOT 36 NOUVELLE ZONE INDUSTRIELLE ESSALAM DAKHLA,DAKHLA,3404,CONGELATION,"ETABLISSEMENTS OU ENTREPRISES DE PRODUCTION, DE TRAITEMENT, DE TRANSFORMATION, DE CONDITIONNEMENT ET OU CONSERVATION DES PRODUITS ET SOUS PRODUITS DE LA PECHE"
DAMJIGUEND,"ZONE INDUSTRIELE, MALAH,ROUTE DE TANGER BP 121 LARACHE",LARACHE,1975,CONGELATION ET SEMI-CONSERVE,"ETABLISSEMENTS OU ENTREPRISES DE PRODUCTION, DE TRAITEMENT, DE TRANSFORMATION, DE CONDITIONNEMENT ET OU CONSERVATION DES PRODUITS ET SOUS PRODUITS DE LA PECHE"
DAMPECHE,NOUVEAU POTR DE PECHE DE TANGER,TANGER,PP.34.1048.18,CONDITIONNEMENT DES PRODUITS DE LA PECHE A L'ETAT FRAIS,"ETABLISSEMENTS OU ENTREPRISES DE PRODUCTION, DE TRAITEMENT, DE TRANSFORMATION, DE CONDITIONNEMENT ET OU CONSERVATION DES PRODUITS ET SOUS PRODUITS DE LA PECHE"
DAMPECHE 1,"N° 104, NOUVEAU POTR DE PECHE DE LARACHE",LARACHE,PP.37.0266.20,SEMI CONSERVES D'ANCHOIS MARIN2S,"ETABLISSEMENTS OU ENTREPRISES DE PRODUCTION, DE TRAITEMENT, DE TRANSFORMATION, DE CONDITIONNEMENT ET OU CONSERVATION DES PRODUITS ET SOUS PRODUITS DE LA PECHE"
DAMSA,59 ZONE INDUSTRIEL AM MARSA PORT DE LAAYOUNE,LAAYOUNE,5210,CONSERVE DE POISSON,"ETABLISSEMENTS OU ENTREPRISES DE PRODUCTION, DE TRAITEMENT, DE TRANSFORMATION, DE CONDITIONNEMENT ET OU CONSERVATION DES PRODUITS ET SOUS PRODUITS DE LA PECHE"
DAMSA ENTREPOSAGE,LOT 21 ET 22 ZONE INDUSTRIELLE EL MARSA LAAYOUNE,LAAYOUNE,PEF.71.0102.16,ENTREPOSAGE,ENTREPOSAGE DES PRODUITS DE LA PECHE SOUS TEMPERATURE DIRIGEE Y COMPRIS LES COQUILLAGES
DAR RAHA CONSTRUCTION,"LOTISSEMENT AL HOUDA, LOT N° 467E,Q.I DE TASSILA AGADIR",AGADIR,PEF.25.0036.14,ENTREPOSAGE,ENTREPOSAGE DES PRODUITS DE LA PECHE SOUS TEMPERATURE DIRIGEE Y COMPRIS LES COQUILLAGES
DAUPHIN PECHE,PARCELLE N 48 NOUVEAU PORT AGADIR,AGADIR,PP.25.5112.18,CONGELATION,"ETABLISSEMENTS OU ENTREPRISES DE PRODUCTION, DE TRAITEMENT, DE TRANSFORMATION, DE CONDITIONNEMENT ET OU CONSERVATION DES PRODUITS ET SOUS PRODUITS DE LA PECHE"
DELIMAR,ROUTE DE L OCEAN QI ANZA AGADIR BP 6145-CP 70014 AGADIR,AGADIR,1498,SEMI-CONSERVE,"ETABLISSEMENTS OU ENTREPRISES DE PRODUCTION, DE TRAITEMENT, DE TRANSFORMATION, DE CONDITIONNEMENT ET OU CONSERVATION DES PRODUITS ET SOUS PRODUITS DE LA PECHE"
DELIMAR II,LOT B 606 ZONE INDUSTRIELLE AIT MELLOUL AGADIR,AGADIR,6044,ENTREPOSAGE,ENTREPOSAGE DES PRODUITS DE LA PECHE SOUS TEMPERATURE DIRIGEE Y COMPRIS LES COQUILLAGES
DELIMAR III,LOT B 610 ZONE INDUSTRIELLE AIT MELLOUL AGADIR,AGADIR,6340,CONGELATION,"ETABLISSEMENTS OU ENTREPRISES DE PRODUCTION, DE TRAITEMENT, DE TRANSFORMATION, DE CONDITIONNEMENT ET OU CONSERVATION DES PRODUITS ET SOUS PRODUITS DE LA PECHE"
DELTA FISH,45-47 IMM N° 64 AVENUE DAKHLA HAY EL INARA Z I.CASA,CASABLANCA,1354,"CONDITIONNEMENT DES PRODUITS DE LA PECHE A L'ETAT FRAIS, CRUSTACES VIVANTS, DECORTICAGEDES CEREVETTES ET CONGELATION ET STOKAGE DES PRODUITS CONGELES","ETABLISSEMENTS OU ENTREPRISES DE PRODUCTION, DE TRAITEMENT, DE TRANSFORMATION, DE CONDITIONNEMENT ET OU CONSERVATION DES PRODUITS ET SOUS PRODUITS DE LA PECHE"
DELTA OCEAN 2,"ZONE INDUSTRIELLE EL MARSA, B.P,41,LAAYOUNE",LAAYOUNE,PP.71.0168.18,HUILE DE POISSON A CONSOMMATION HUMAINE,ENTREPOSAGE DES PRODUITS DE LA PECHE SOUS TEMPERATURE DIRIGEE Y COMPRIS LES COQUILLAGES
DERAL,ZONE INDUSTRIELLE DE LA VILLE D'EL MARSSA PORT DE LAAYOUNE,LAAYOUNE,4740,CONGELATION,"ETABLISSEMENTS OU ENTREPRISES DE PRODUCTION, DE TRAITEMENT, DE TRANSFORMATION, DE CONDITIONNEMENT ET OU CONSERVATION DES PRODUITS ET SOUS PRODUITS DE LA PECHE"
DERHEM SEA FOOD,ZONE INDUSTRIELLE ESSALAM DAKHLA,DAKHLA,3010,"CONGELATION, CONDITIONNEMENT DES PRODUITS DE LA PECHE A L'ETAT FRAIS, EVISCERATION ET ETETAGE ET FILETAGE DES PETITS PELAGIQUES","ETABLISSEMENTS OU ENTREPRISES DE PRODUCTION, DE TRAITEMENT, DE TRANSFORMATION, DE CONDITIONNEMENT ET OU CONSERVATION DES PRODUITS ET SOUS PRODUITS DE LA PECHE"
DERHEM SEA FOOD,ZI TASSILA III AIT MELLOUL TIQIOUINE,AGADIR,3931,ENTREPOSAGE,ENTREPOSAGE DES PRODUITS DE LA PECHE SOUS TEMPERATURE DIRIGEE Y COMPRIS LES COQUILLAGES
DERHEM SEA FOOD II,ZI TASSILA III AIT MELLOUL TIQIOUINE,AGADIR,3107,CONGELATION,"ETABLISSEMENTS OU ENTREPRISES DE PRODUCTION, DE TRAITEMENT, DE TRANSFORMATION, DE CONDITIONNEMENT ET OU CONSERVATION DES PRODUITS ET SOUS PRODUITS DE LA PECHE"
DESHAYSES THERRY,QUARTIER INDUSTRIEL ESSAOUIRA,ESSAOUIRA,3073,FUMAGE,"ETABLISSEMENTS OU ENTREPRISES DE PRODUCTION, DE TRAITEMENT, DE TRANSFORMATION, DE CONDITIONNEMENT ET OU CONSERVATION DES PRODUITS ET SOUS PRODUITS DE LA PECHE"
DIPROMER I,ZONE INDUSTRIELLE PORT DE LAAYOUNE,LAAYOUNE,PP.71.2199.18,CONGELATION ET MARINADE,"ETABLISSEMENTS OU ENTREPRISES DE PRODUCTION, DE TRAITEMENT, DE TRANSFORMATION, DE CONDITIONNEMENT ET OU CONSERVATION DES PRODUITS ET SOUS PRODUITS DE LA PECHE"
DIPROMER II,BP 322 ZI VILLE DE QUARTIER EL MASSIRA ZI BP 327 DAKHLA,DAKHLA,2265,CONGELATION,"ETABLISSEMENTS OU ENTREPRISES DE PRODUCTION, DE TRAITEMENT, DE TRANSFORMATION, DE CONDITIONNEMENT ET OU CONSERVATION DES PRODUITS ET SOUS PRODUITS DE LA PECHE"
DIPROMER III,ENCEINTE NOUVEAU PORT N° 6264 DAKHLA,DAKHLA,3360,CONGELATION,"ETABLISSEMENTS OU ENTREPRISES DE PRODUCTION, DE TRAITEMENT, DE TRANSFORMATION, DE CONDITIONNEMENT ET OU CONSERVATION DES PRODUITS ET SOUS PRODUITS DE LA PECHE"
DISTRIBUTION LEGHLAM,"N° 02 ROUTE 107, SIDI MOUMEN, CASABLANCA",CASABLANCA,PEF.5.0066.15,ENTREPOSAGE,ENTREPOSAGE DES PRODUITS DE LA PECHE SOUS TEMPERATURE DIRIGEE Y COMPRIS LES COQUILLAGES
DOHA,ZI AIT MELLOUL BIOUGRA BP 417 AGAIR,AGADIR,1727,CONSERVE DE POISSON,"ETABLISSEMENTS OU ENTREPRISES DE PRODUCTION, DE TRAITEMENT, DE TRANSFORMATION, DE CONDITIONNEMENT ET OU CONSERVATION DES PRODUITS ET SOUS PRODUITS DE LA PECHE"
DOMAINE D’AIN AGHBAL,BP 54- 53100 AZROU,AZROU,PA.15.1.21,CONGELATION,"ETABLISSEMENTS OU ENTREPRISES DE PRODUCTION, DE TRAITEMENT, DE TRANSFORMATION, DE CONDITIONNEMENT ET OU CONSERVATION DES PRODUITS ET SOUS PRODUITS DE LA PECHE"
E.D.M FISH TRADING,"LOT C55 ZI TASSILA, DCHEIRA ELJIHADIA-INZEGANE AIT MELLOUL",AGADIR,PP.26.0263.20,EVICETATION ET CONDITIONNEMENT DES PRODUITS DE LA PECHE A L'ETAT FRAIS,"ETABLISSEMENTS OU ENTREPRISES DE PRODUCTION, DE TRAITEMENT, DE TRANSFORMATION, DE CONDITIONNEMENT ET OU CONSERVATION DES PRODUITS ET SOUS PRODUITS DE LA PECHE"
EL LEON DEL DESIERTO II,"11 RUE FILAA HAY MY RACHID, , 71000BOUJDOUR",BOUJDOUR,3026,CONDITIONNEMENT DES PRODUITS DE LA PECHE A L'ETAT FRAIS,
EL LEON DEL DESIERTO III,CITE DITE M'HMED AUTOROUTE TEMARA,TEMARA,3438,"CONDITIONNEMENT DES PRODUITS DE LA PECHE A L'ETAT FRAIS,CONGELATION, FILETAGE ET ENTREPOSAGE","ETABLISSEMENTS OU ENTREPRISES DE PRODUCTION, DE TRAITEMENT, DE TRANSFORMATION, DE CONDITIONNEMENT ET OU CONSERVATION DES PRODUITS ET SOUS PRODUITS DE LA PECHE"
ENTREPOT FRIGORIFIQUE PATY'S,LOT 169 à 180 ZONE INDUSTRIELLE SUD OUEST DE MOHAMMEDIA,MOHAMMEDIA,PEF.6.0156.18,ENTREPOSAGE,ENTREPOSAGE DES PRODUITS DE LA PECHE SOUS TEMPERATURE DIRIGEE Y COMPRIS LES COQUILLAGES
ENTREPOT FRIGORIFIQUE SAY FISHERIES,"PARCELLE N° 261, ZONE DE PECHE HAUTURIERE, PORT DE PECHE AGADIR",AGADIR,PEF.25.0216.19,ENTREPOSAGE,ENTREPOSAGE DES PRODUITS DE LA PECHE SOUS TEMPERATURE DIRIGEE Y COMPRIS LES COQUILLAGES
ENTREPOT VILLAMAR,ZONE INDUSTRIELLE HAY SALAM - DAKHLA,DAKHLA,PEF.74.0234.20,ENTREPOSAGE,ENTREPOSAGE DES PRODUITS DE LA PECHE SOUS TEMPERATURE DIRIGEE Y COMPRIS LES COQUILLAGES
ERG CONSERVE,234 ZONE INDUSTRIELLE ESSALAM DAKHLA,DAKHLA,6091,CONSERVE DE POISSON,"ETABLISSEMENTS OU ENTREPRISES DE PRODUCTION, DE TRAITEMENT, DE TRANSFORMATION, DE CONDITIONNEMENT ET OU CONSERVATION DES PRODUITS ET SOUS PRODUITS DE LA PECHE"
ERG DELICE,ZONE INDUSTRIELLE ESSALAM DAKHLA,DAKHLA,6370,PLATS CUISINES,"ETABLISSEMENTS OU ENTREPRISES DE PRODUCTION, DE TRAITEMENT, DE TRANSFORMATION, DE CONDITIONNEMENT ET OU CONSERVATION DES PRODUITS ET SOUS PRODUITS DE LA PECHE"
ESTRELLA DE MAR,PORT DE PECHE BENI-ENSAR NADOR,NADOR,PP.50.0176.18,CONDITIONNEMENT DES PRODUITS DE LA PECHE A L'ETAT FRAIS,"ETABLISSEMENTS OU ENTREPRISES DE PRODUCTION, DE TRAITEMENT, DE TRANSFORMATION, DE CONDITIONNEMENT ET OU CONSERVATION DES PRODUITS ET SOUS PRODUITS DE LA PECHE"
ETABLISSEMENT AL HARDOUFI,"PARCELLES N° 73 , 74 ET 75 ZONE INDUSTRIELLE I NOUVEAU PORT D’AGADIR",AGADIR,3517,CONGELATION,"ETABLISSEMENTS OU ENTREPRISES DE PRODUCTION, DE TRAITEMENT, DE TRANSFORMATION, DE CONDITIONNEMENT ET OU CONSERVATION DES PRODUITS ET SOUS PRODUITS DE LA PECHE"
ETABLISSEMENT EL HARDOUFI 2,PARCELLE 73-74 et 75 NOUVEAU PORT D' AGADIR,AGADIR,PEF.25.0150.18,ENTREPOSAGE,ENTREPOSAGE DES PRODUITS DE LA PECHE SOUS TEMPERATURE DIRIGEE Y COMPRIS LES COQUILLAGES
ETABLISSEMENT SOUIRAH,"73 Bd MOULAY HICHAM, ZONE INDUSTRIELLE",ESSAOUIRA,PP.24.0248.20,CONSERVE,"ETABLISSEMENTS OU ENTREPRISES DE PRODUCTION, DE TRAITEMENT, DE TRANSFORMATION, DE CONDITIONNEMENT ET OU CONSERVATION DES PRODUITS ET SOUS PRODUITS DE LA PECHE"
EVER FREESE,ESSAOUIRA,AGADIR,1005,CONGELATION,"ETABLISSEMENTS OU ENTREPRISES DE PRODUCTION, DE TRAITEMENT, DE TRANSFORMATION, DE CONDITIONNEMENT ET OU CONSERVATION DES PRODUITS ET SOUS PRODUITS DE LA PECHE"
EXPRESS FISH,ROUTE DE JORF EL YOUDI LOT CONTRAS,CASABLANCA,2457,"CONDITIONNEMENT DES PRODUITS DE LA PECHE A L'ETAT FRAIS, ETETAGE ET EVISCERATION ET FILETAGE DU POISSON","ETABLISSEMENTS OU ENTREPRISES DE PRODUCTION, DE TRAITEMENT, DE TRANSFORMATION, DE CONDITIONNEMENT ET OU CONSERVATION DES PRODUITS ET SOUS PRODUITS DE LA PECHE"
EXPRESS MAREE,"LOT N°33-34 ZONE INDUSTRIELLE TASSILA JIHADIA,DCHEIRA INZEGANE AIT MELLOUL AGADIR",AGADIR,PP.26.0010.14,CONGELATION,"ETABLISSEMENTS OU ENTREPRISES DE PRODUCTION, DE TRAITEMENT, DE TRANSFORMATION, DE CONDITIONNEMENT ET OU CONSERVATION DES PRODUITS ET SOUS PRODUITS DE LA PECHE"
F.M.C.A,ROUTE DE L OCEAN QI ANZA AGADIR BP 6145-CP 70014 AGADIR,AGADIR,1884,SEMI-CONSERVE,"ETABLISSEMENTS OU ENTREPRISES DE PRODUCTION, DE TRAITEMENT, DE TRANSFORMATION, DE CONDITIONNEMENT ET OU CONSERVATION DES PRODUITS ET SOUS PRODUITS DE LA PECHE"
FADILI FRIGO,ZONE INDUSTRIELLE .HAY ESSALAM DAKHLA,DAKHLA,2647,CONGELATION,"ETABLISSEMENTS OU ENTREPRISES DE PRODUCTION, DE TRAITEMENT, DE TRANSFORMATION, DE CONDITIONNEMENT ET OU CONSERVATION DES PRODUITS ET SOUS PRODUITS DE LA PECHE"
FATINA FOOD BUSINESS,"LOT 184, Q.I SIDI GHANEM, ROUTE DE SAFI MARRAKECH",MARRAKECH,PP.19.0005.14,SEMI-CONSERVE ET CONSERVES DE POISSON,"ETABLISSEMENTS OU ENTREPRISES DE PRODUCTION, DE TRAITEMENT, DE TRANSFORMATION, DE CONDITIONNEMENT ET OU CONSERVATION DES PRODUITS ET SOUS PRODUITS DE LA PECHE"
EL HANDAOUI,PORT DE PECHE TANGER,TANGER,PP.34.3846.19,SEMI-CONSERVE,"ETABLISSEMENTS OU ENTREPRISES DE PRODUCTION, DE TRAITEMENT, DE TRANSFORMATION, DE CONDITIONNEMENT ET OU CONSERVATION DES PRODUITS ET SOUS PRODUITS DE LA PECHE"
FINNAOUI PESCA ALGARVE,QUARTIER INDUSTRIEL PORT DE LAAYOUNE,LAAYOUNE,2329,CONGELATION,"ETABLISSEMENTS OU ENTREPRISES DE PRODUCTION, DE TRAITEMENT, DE TRANSFORMATION, DE CONDITIONNEMENT ET OU CONSERVATION DES PRODUITS ET SOUS PRODUITS DE LA PECHE"
FISH AND COMPANY T.F.Z,LOT N° 17 ZONE FRANCHE D'EXPORTATION GZENAYA TANGER,TANGER,PP.34.0033.14,DECORTICAGE DES CREVETTES,"ETABLISSEMENTS OU ENTREPRISES DE PRODUCTION, DE TRAITEMENT, DE TRANSFORMATION, DE CONDITIONNEMENT ET OU CONSERVATION DES PRODUITS ET SOUS PRODUITS DE LA PECHE"
FISHLAY,N° 209 210 ZONE INDUSTRIELLE ESSALAM DAKHLA,DAKHLA,3217,CONGELATION,"ETABLISSEMENTS OU ENTREPRISES DE PRODUCTION, DE TRAITEMENT, DE TRANSFORMATION, DE CONDITIONNEMENT ET OU CONSERVATION DES PRODUITS ET SOUS PRODUITS DE LA PECHE"
FISH MER,"Route El Gara, km 6,8 Sidi hajjaj Tit Mellil",MEDIOUNA/NOUACEUR,PEF.8.0200.19,ENTREPOSAGE,ENTREPOSAGE DES PRODUITS DE LA PECHE SOUS TEMPERATURE DIRIGEE Y COMPRIS LES COQUILLAGES
FISH MER 1,"Route El Gara, km 6,8 Sidi hajjaj Tit Mellil",MEDIOUNA/NOUACEUR,PP.8.0267.20,"CONGELATION DES PRODUITS DE LA PECHE, FILETAGE ET CUISSON","ETABLISSEMENTS OU ENTREPRISES DE PRODUCTION, DE TRAITEMENT, DE TRANSFORMATION, DE CONDITIONNEMENT ET OU CONSERVATION DES PRODUITS ET SOUS PRODUITS DE LA PECHE"
FLUCA PESCA,Lot N° 96 ZONE INDUSTRIELLE EL MARSA LAAYOUNE,LAAYOUNE,PP.71.0191.18,CONDITIONNEMENT DES PRODUITS DE LA PECHE A L'ETAT FRAIS,"ETABLISSEMENTS OU ENTREPRISES DE PRODUCTION, DE TRAITEMENT, DE TRANSFORMATION, DE CONDITIONNEMENT ET OU CONSERVATION DES PRODUITS ET SOUS PRODUITS DE LA PECHE"
FOR FISH,102 RUE BOUMAZEL QUARTIER INDUSTRIELSAFI,SAFI,PP.52.3128.18,CONDITIONNEMENT DES PRODUITS DE LA PECHE A L'ETAT FRAIS,"ETABLISSEMENTS OU ENTREPRISES DE PRODUCTION, DE TRAITEMENT, DE TRANSFORMATION, DE CONDITIONNEMENT ET OU CONSERVATION DES PRODUITS ET SOUS PRODUITS DE LA PECHE"
FRAIMER,"LOT EL MASSAR, N 728 QUARTIER INDUSTRIELLE SIDI GHANEM MARRAKECH",MARRAKECH,4081,CONGELATION,"ETABLISSEMENTS OU ENTREPRISES DE PRODUCTION, DE TRAITEMENT, DE TRANSFORMATION, DE CONDITIONNEMENT ET OU CONSERVATION DES PRODUITS ET SOUS PRODUITS DE LA PECHE"
FRATERE - B –PESCA,LOT N° 8 ZONE INDUSTRIELLE ESSALAM DAKHLA,DAKHLA,3283,CONGELATION,"ETABLISSEMENTS OU ENTREPRISES DE PRODUCTION, DE TRAITEMENT, DE TRANSFORMATION, DE CONDITIONNEMENT ET OU CONSERVATION DES PRODUITS ET SOUS PRODUITS DE LA PECHE"
FRE SOUSS(STE),"67, BOULVARD AHMED MANSOUR EDDAHBI QUARTIER INDUSTRIELLE AGADIR",AGADIR,1571,CONGELATION,"ETABLISSEMENTS OU ENTREPRISES DE PRODUCTION, DE TRAITEMENT, DE TRANSFORMATION, DE CONDITIONNEMENT ET OU CONSERVATION DES PRODUITS ET SOUS PRODUITS DE LA PECHE"
FRICTAS,"N° 516 LOTISSEMENT AL MASSAR, EXTENSION ATELIER I QUARTIER INDUSTRIEL 40000 MARRAKECH",MARRAKECH,PEF.19.0170.18,ENTREPOSAGE,ENTREPOSAGE DES PRODUITS DE LA PECHE SOUS TEMPERATURE DIRIGEE Y COMPRIS LES COQUILLAGES
FRIGEMA,N° 10 RUE 2 MARS QUARTIER INDUSTRIELLE BP 232 AGADIR,AGADIR,2008,"CONGELATION, FILETAGE ET ENTREPOSAGE","ETABLISSEMENTS OU ENTREPRISES DE PRODUCTION, DE TRAITEMENT, DE TRANSFORMATION, DE CONDITIONNEMENT ET OU CONSERVATION DES PRODUITS ET SOUS PRODUITS DE LA PECHE"
FRIGO ADNANE,ZONE.NDUSTRIELLE I HAY ESSALAM DAKHLA,DAKHLA,PP.74.3395.18,"CONGELATION, ETETAGE ET EVISCERATION DES PETITS PELAGIQUES ET CONDITIONNEMENT DES PRODUITS DE LA PECHE A L'ETAT FRAIS","ETABLISSEMENTS OU ENTREPRISES DE PRODUCTION, DE TRAITEMENT, DE TRANSFORMATION, DE CONDITIONNEMENT ET OU CONSERVATION DES PRODUITS ET SOUS PRODUITS DE LA PECHE"
FRIGO AMRAD,ZONE INDUSTRIELLE HAY ESSALAM DAKHLA,DAKHLA,3088,CONGELATION,"ETABLISSEMENTS OU ENTREPRISES DE PRODUCTION, DE TRAITEMENT, DE TRANSFORMATION, DE CONDITIONNEMENT ET OU CONSERVATION DES PRODUITS ET SOUS PRODUITS DE LA PECHE"
FRIGO BOUCHTA,ZONE INDUSTRIELLE EXTRAPORTUAIRE BP 115 EL OUATIA TAN TAN PLAGE,TAN TAN,PP.68.4021.18,"CONGELATION, FILETAGE, CONDITIONNEMENT DES PRODUITS DE LA PECHE A L'ETAT FRAIS, MARINADE ET SALAGE DE POISSON","ETABLISSEMENTS OU ENTREPRISES DE PRODUCTION, DE TRAITEMENT, DE TRANSFORMATION, DE CONDITIONNEMENT ET OU CONSERVATION DES PRODUITS ET SOUS PRODUITS DE LA PECHE"
FRIGO CHORFA,ZONE INDUSTRIELLE ESSALAM DAKHLA,DAKHLA,3218,CONGELATION,"ETABLISSEMENTS OU ENTREPRISES DE PRODUCTION, DE TRAITEMENT, DE TRANSFORMATION, DE CONDITIONNEMENT ET OU CONSERVATION DES PRODUITS ET SOUS PRODUITS DE LA PECHE"
FRIGO DIDA MAR,HAY MOULAY RACHID VILLE DE DAKHLA,DAKHLA,2247,CONGELATION,"ETABLISSEMENTS OU ENTREPRISES DE PRODUCTION, DE TRAITEMENT, DE TRANSFORMATION, DE CONDITIONNEMENT ET OU CONSERVATION DES PRODUITS ET SOUS PRODUITS DE LA PECHE"
FRIGO MASSIRA,LOT N° 97 ZONE INDUSTRIELLE DAKHLA,DAKHLA,3029,CONGELATION,"ETABLISSEMENTS OU ENTREPRISES DE PRODUCTION, DE TRAITEMENT, DE TRANSFORMATION, DE CONDITIONNEMENT ET OU CONSERVATION DES PRODUITS ET SOUS PRODUITS DE LA PECHE"
FRIGO ONP,COMPLEXE FRIGORIFIQUE DE L ONP BP 42 ANCIEN PORT AGADIR,AGADIR,1621,ENTREPOSAGE,ENTREPOSAGE DES PRODUITS DE LA PECHE SOUS TEMPERATURE DIRIGEE Y COMPRIS LES COQUILLAGES
FRIGO OULED ZIANE,"Tribu Ouled Ziane Douar Lagrarsa Commune rurale Deroua, Berrechid",BERRECHID,PEF.59.0206.19,ENTREPOSAGE,ENTREPOSAGE DES PRODUITS DE LA PECHE SOUS TEMPERATURE DIRIGEE Y COMPRIS LES COQUILLAGES
FRIGO TASSILA,"LOT 61, QUARTIER INDUSTRIELLE TASSILA III TIKIOUINE AGADIR",AGADIR,3476,CONGELATION,"ETABLISSEMENTS OU ENTREPRISES DE PRODUCTION, DE TRAITEMENT, DE TRANSFORMATION, DE CONDITIONNEMENT ET OU CONSERVATION DES PRODUITS ET SOUS PRODUITS DE LA PECHE"
FRIOCONDAL,ZONE INDUSTRIELLE ESSALAM DAKHLA,DAKHLA,2916,CONGELATION,"ETABLISSEMENTS OU ENTREPRISES DE PRODUCTION, DE TRAITEMENT, DE TRANSFORMATION, DE CONDITIONNEMENT ET OU CONSERVATION DES PRODUITS ET SOUS PRODUITS DE LA PECHE"
FRIOPUERTO TANGER,"ZONE FRANCHE LOGISTIQUE TANGER MED LOT 81, OUED R'MEL COMMUNE KSAR AL MAJAZ PROVINCE ANJRA TANGER",FAHS ANJRA,PEF.35.0133.17,ENTREPOSAGE,ENTREPOSAGE DES PRODUITS DE LA PECHE SOUS TEMPERATURE DIRIGEE Y COMPRIS LES COQUILLAGES
FRIPECHE,"Lot n°H Zone Industrielle Hay Essalam, Dakhla",DAKHLA,PP.74.0252.20,"MARINADE ET FUMAGE DES PETITS PELAGIQUES, FILETAGE ET DECOUPAGE EN RONDELLES DES PETITS PELAGIQUES ET POISSON BLANC, SAUMURAGE DES PETITS PELAGIQUES ET POISSON BLANC, ETETAGE EVISCERATION ET EQUETAGE ET SURGELATION EN IQF DES PETITS PELAGIQUES ET DU POISSON BLANC","ETABLISSEMENTS OU ENTREPRISES DE PRODUCTION, DE TRAITEMENT, DE TRANSFORMATION, DE CONDITIONNEMENT ET OU CONSERVATION DES PRODUITS ET SOUS PRODUITS DE LA PECHE"
,KM 11 ROUTE PRINCIPALE D'EL JADIDA N° 8 LISSASFA CASABLANCA,CASABLANCA,PEF.5.0110.16,ENTREPOSAGE,ENTREPOSAGE DES PRODUITS DE LA PECHE SOUS TEMPERATURE DIRIGEE Y COMPRIS LES COQUILLAGES
GASTRONOMIA NAPOLITANA,PORT CREVETTIER DE MEHDIA,KENITRA,3806,"CONDITIONNEMENT DES PRODUITS DE LA PECHE A L'ETAT FRAIS, SALAISON, MARINADE ET CUISSON","ETABLISSEMENTS OU ENTREPRISES DE PRODUCTION, DE TRAITEMENT, DE TRANSFORMATION, DE CONDITIONNEMENT ET OU CONSERVATION DES PRODUITS ET SOUS PRODUITS DE LA PECHE"
GEL FISH,BP 52 ZONE INDUSTRIELLE PORT DE PECHE LAAYOUNE RC 1335 LAAYOUNE.,LAAYOUNE,2604,"CONGELATION DES PETITS PELAGIQUES, FILETAGE DU POISSON, CONDITIONNEMENT DES PRODUITS DE LA PECHE A L'ETAT FRAIS, ENTREPOSAGE DE VOS PROPRES PRODUITS","ETABLISSEMENTS OU ENTREPRISES DE PRODUCTION, DE TRAITEMENT, DE TRANSFORMATION, DE CONDITIONNEMENT ET OU CONSERVATION DES PRODUITS ET SOUS PRODUITS DE LA PECHE"
GIL COMES I,NOUVEAU PORT DE LARACHE,LARACHE,3508,SEMI-CONSERVE ET FUMAGE,"ETABLISSEMENTS OU ENTREPRISES DE PRODUCTION, DE TRAITEMENT, DE TRANSFORMATION, DE CONDITIONNEMENT ET OU CONSERVATION DES PRODUITS ET SOUS PRODUITS DE LA PECHE"
GIL COMES II,NOUVEAU PORT DE LARACHE,LARACHE,4389,SEMI-CONSERVE,"ETABLISSEMENTS OU ENTREPRISES DE PRODUCTION, DE TRAITEMENT, DE TRANSFORMATION, DE CONDITIONNEMENT ET OU CONSERVATION DES PRODUITS ET SOUS PRODUITS DE LA PECHE"
GIL COMES M'LALAH,NOUVEAU PORT DE LARACHE,LARACHE,6153,SEMI-CONSERVE,"ETABLISSEMENTS OU ENTREPRISES DE PRODUCTION, DE TRAITEMENT, DE TRANSFORMATION, DE CONDITIONNEMENT ET OU CONSERVATION DES PRODUITS ET SOUS PRODUITS DE LA PECHE"
GLACIAIRE DE SIDI IFNI,"PARCELLE N° 91, Q.I, PORT DE SIDI IFNI",SIDI IFNI,PP.33.0060.15,SEMI-CONSERVE,"ETABLISSEMENTS OU ENTREPRISES DE PRODUCTION, DE TRAITEMENT, DE TRANSFORMATION, DE CONDITIONNEMENT ET OU CONSERVATION DES PRODUITS ET SOUS PRODUITS DE LA PECHE"
GOLD SEA FISH II,LOT 234 ET 235 ZONE INDUSTRIELLE ESSALAM DAKHLA,DAKHLA,3396,CONGELATION,"ETABLISSEMENTS OU ENTREPRISES DE PRODUCTION, DE TRAITEMENT, DE TRANSFORMATION, DE CONDITIONNEMENT ET OU CONSERVATION DES PRODUITS ET SOUS PRODUITS DE LA PECHE"
GOLDEN GOLF,LOT 234 ET 235 ZONE INDUSTRIELLE ESSALAM DAKHLA,DAKHLA,3284,CONGELATION,"ETABLISSEMENTS OU ENTREPRISES DE PRODUCTION, DE TRAITEMENT, DE TRANSFORMATION, DE CONDITIONNEMENT ET OU CONSERVATION DES PRODUITS ET SOUS PRODUITS DE LA PECHE"
GOURTI POULMAR,ZONE INDUSTRIELLE HAY ESSALAM DAKHLA,DAKHLA,2919,CONGELATION,"ETABLISSEMENTS OU ENTREPRISES DE PRODUCTION, DE TRAITEMENT, DE TRANSFORMATION, DE CONDITIONNEMENT ET OU CONSERVATION DES PRODUITS ET SOUS PRODUITS DE LA PECHE"
GREEN STEP,SAF LHMAMCOMMUNE SEBT ZINAT- TANGER,TANGER,PP.34.0236.19,SECHAGE DES CARAPACES DE CREVETTES DESTINEES A LA CONSOMMATION HUMAINE,"ETABLISSEMENTS OU ENTREPRISES DE PRODUCTION, DE TRAITEMENT, DE TRANSFORMATION, DE CONDITIONNEMENT ET OU CONSERVATION DES PRODUITS ET SOUS PRODUITS DE LA PECHE"
GROUPEMENT ALIMENTAIRE REUNI,"KM 33, N° 1 COMMUNE MANSOURIA, BP 72 MOHAMMEDIA",MOHAMMADIA,2862,CONSERVE DE POISSON,"ETABLISSEMENTS OU ENTREPRISES DE PRODUCTION, DE TRAITEMENT, DE TRANSFORMATION, DE CONDITIONNEMENT ET OU CONSERVATION DES PRODUITS ET SOUS PRODUITS DE LA PECHE"
GRUPECHE,N° 6 NOUVEAU PORT D' AGADIR,AGADIR,2395,CONGELATION,"ETABLISSEMENTS OU ENTREPRISES DE PRODUCTION, DE TRAITEMENT, DE TRANSFORMATION, DE CONDITIONNEMENT ET OU CONSERVATION DES PRODUITS ET SOUS PRODUITS DE LA PECHE"
HACHIMAR,N°102 ZONE INDUSTRIELLE EL MARSA LAAYOUNE,LAAYOUNE,PP.71.0068.15,CONDITIONNEMENT DES PRODUITS DE LA PECHE A L'ETAT FRAIS,"ETABLISSEMENTS OU ENTREPRISES DE PRODUCTION, DE TRAITEMENT, DE TRANSFORMATION, DE CONDITIONNEMENT ET OU CONSERVATION DES PRODUITS ET SOUS PRODUITS DE LA PECHE"
HAFSA SAMAK,332 LOTISSEMENT LINA ZONE INDUSTRIELLE SIDI MAAROUF CASABLANCA,CASABLANCA,2847,"CONGELATION DE POISSON ENTIER OU FILETE, CONGELATION DES ŒUFS DE POISSONS, CONDITIONNEMENT DES PRODUITS DE LA PECHE A L'ETAT FRAIS, DECORTICAGE ET CONGELATION DES CREVETTES, ENTREPOSAGE DE VOS PROPRES PRODUITS CONGELES","ETABLISSEMENTS OU ENTREPRISES DE PRODUCTION, DE TRAITEMENT, DE TRANSFORMATION, DE CONDITIONNEMENT ET OU CONSERVATION DES PRODUITS ET SOUS PRODUITS DE LA PECHE"
HAIFEN FROID,NOUVEAU PORT D AGADIR,AGADIR,3722,CONGELATION ET ENTREPOSAGE,"ETABLISSEMENTS OU ENTREPRISES DE PRODUCTION, DE TRAITEMENT, DE TRANSFORMATION, DE CONDITIONNEMENT ET OU CONSERVATION DES PRODUITS ET SOUS PRODUITS DE LA PECHE"
HALIEUTES PROCESS,PARCELLE N° 30 A LA ZONE INDUSTRIELLE EL MARSA BP 65 LAAYOUNE,LAAYOUNE,5505,CONGELATION,"ETABLISSEMENTS OU ENTREPRISES DE PRODUCTION, DE TRAITEMENT, DE TRANSFORMATION, DE CONDITIONNEMENT ET OU CONSERVATION DES PRODUITS ET SOUS PRODUITS DE LA PECHE"
HALIEUTES ENTREPOSAGE,N° 110 ZONE INDUSTRIELLE EL EL MARSA LAAYOUNE,LAAYOUNE,PEF.71.0165.18,ENTREPOSAGE,ENTREPOSAGE DES PRODUITS DE LA PECHE SOUS TEMPERATURE DIRIGEE Y COMPRIS LES COQUILLAGES
HOURIATES SIDI ABED,PDA SIDI ABED EL JADIDA,EL JADIDA,PP.53.0078.16,SEMI-CONSERVE,"ETABLISSEMENTS OU ENTREPRISES DE PRODUCTION, DE TRAITEMENT, DE"
IDOU PESCA,PARCELLE N° 28 NOUVEAU PORT AGADIR,AGADIR,3377,CONGELATION,"ETABLISSEMENTS OU ENTREPRISES DE PRODUCTION, DE TRAITEMENT, DE TRANSFORMATION, DE CONDITIONNEMENT ET OU CONSERVATION DES PRODUITS ET SOUS PRODUITS DE LA PECHE"
IFNI FRIGO,LOTISSEMENT N°1 ZONE INDUSTRIELLE ESSALAM LOT 28 ET 29 DAKHLA,DAKHLA,2459,"CONGELATION, ETETAGE ET EVISCERATION DES PETITS PELAGIQUES ET CONDITIONNEMENT DES PRODUITS DE LA PECHE A L'ETAT FRAIS","ETABLISSEMENTS OU ENTREPRISES DE PRODUCTION, DE TRAITEMENT, DE TRANSFORMATION, DE CONDITIONNEMENT ET OU CONSERVATION DES PRODUITS ET SOUS PRODUITS DE LA PECHE"
IGLO FISH,ANGLE AVENUE MOHAMED YAZIDIX BOULVARD ABDERRAHMAN BOUAABID EL RAISE LAAYOUNE BP73 PORTDE LAAYOUNE,LAAYOUNE,2407,CONGELATION,"ETABLISSEMENTS OU ENTREPRISES DE PRODUCTION, DE TRAITEMENT, DE TRANSFORMATION, DE CONDITIONNEMENT ET OU CONSERVATION DES PRODUITS ET SOUS PRODUITS DE LA PECHE"
INDUSMAR,ZONE INDUSTRIELLE ESSALAM III DAKHLA,DAKHLA,2461,CONGELATION,"ETABLISSEMENTS OU ENTREPRISES DE PRODUCTION, DE TRAITEMENT, DE TRANSFORMATION, DE CONDITIONNEMENT ET OU CONSERVATION DES PRODUITS ET SOUS PRODUITS DE LA PECHE"
INDUSTRIE MAROCAINE D’ANCHOIS,QUARTIER NDUSTRIEL ANZA BP 6143 AGADIR,AGADIR,3444,CONGELATION,"ETABLISSEMENTS OU ENTREPRISES DE PRODUCTION, DE TRAITEMENT, DE TRANSFORMATION, DE CONDITIONNEMENT ET OU CONSERVATION DES PRODUITS ET SOUS PRODUITS DE LA PECHE"
INDUSTRY MAROCCAN ANCHOVIES,QI ANZA BP 6143 AGADIR,AGADIR,2143,SEMI-CONSERVE,"ETABLISSEMENTS OU ENTREPRISES DE PRODUCTION, DE TRAITEMENT, DE TRANSFORMATION, DE CONDITIONNEMENT ET OU CONSERVATION DES PRODUITS ET SOUS PRODUITS DE LA PECHE"
INTERNATIONAL CANNING COMPANY,LOT 5 ET 6 NOUVEAU QUARTIER INDUSTRIEL ROUTE DE DJORF SAFI,SAFI,5589,CONSERVE DE POISSON,"ETABLISSEMENTS OU ENTREPRISES DE PRODUCTION, DE TRAITEMENT, DE TRANSFORMATION, DE CONDITIONNEMENT ET OU CONSERVATION DES PRODUITS ET SOUS PRODUITS DE LA PECHE"
ISIBAG FISH,NOUVEAU PORT DE PECHE DE TANGER,TANGER,PP.34.0189.18,CONDITIONNEMENT DES PRODUITS DE LA PECHE A L'ETAT FRAIS ET CONGELATION,"ETABLISSEMENTS OU ENTREPRISES DE PRODUCTION, DE TRAITEMENT, DE TRANSFORMATION, DE CONDITIONNEMENT ET OU CONSERVATION DES PRODUITS ET SOUS PRODUITS DE LA PECHE"
ISSALMAN RIVER,ROUTE OULED BERRJAL KM 2 KENITRA,KENITRA,6219,EXPIDITION DES ANGUILLES VIVANTES,"ETABLISSEMENTS OU ENTREPRISES DE PRODUCTION, DE TRAITEMENT, DE TRANSFORMATION, DE CONDITIONNEMENT ET OU CONSERVATION DES PRODUITS ET SOUS PRODUITS DE LA PECHE"
IPOMA,LOT 131 - 132 ZONE INDUSTRIELLE SUD OUEST MOHAMMEDIA,MOHAMMADIA,6296,CONSERVE DE POISSON,"ETABLISSEMENTS OU ENTREPRISES DE PRODUCTION, DE TRAITEMENT, DE TRANSFORMATION, DE CONDITIONNEMENT ET OU CONSERVATION DES PRODUITS ET SOUS PRODUITS DE LA PECHE"
ITAL FISH,PORT DE PECHE DE TAN TAN,TAN TAN,PP.68.0047.15,SEMI-CONSERVE,"ETABLISSEMENTS OU ENTREPRISES DE PRODUCTION, DE TRAITEMENT, DE TRANSFORMATION, DE CONDITIONNEMENT ET OU CONSERVATION DES PRODUITS ET SOUS PRODUITS DE LA PECHE"
JAMAL FRERES,ZONE INDUSTRIELLE LOT N° 45 VILLE D'EL MARSA LAAYOUNE,LAAYOUNE,PP.71.3590.18,CONGELATION,"ETABLISSEMENTS OU ENTREPRISES DE PRODUCTION, DE TRAITEMENT, DE TRANSFORMATION, DE CONDITIONNEMENT ET OU CONSERVATION DES PRODUITS ET SOUS PRODUITS DE LA PECHE"
JANAH FRERES CONSERVE,LOT 40 ZI EL MARSA LAAYOUNE,LAAYOUNE,PP.71.0182.18,CONSERVE DE POISSON,"ETABLISSEMENTS OU ENTREPRISES DE PRODUCTION, DE TRAITEMENT, DE TRANSFORMATION, DE CONDITIONNEMENT ET OU CONSERVATION DES PRODUITS ET SOUS PRODUITS DE LA PECHE"
JISA,PARCELLE N° 89 ET 90 PORT D’ AGADIR,AGADIR,1861,CONGELATION ET ENTREPOSAGE,"ETABLISSEMENTS OU ENTREPRISES DE PRODUCTION, DE TRAITEMENT, DE TRANSFORMATION, DE CONDITIONNEMENT ET OU CONSERVATION DES PRODUITS ET SOUS PRODUITS DE LA PECHE"
JISAKA,PORT DE BENI NSAR NADOR,NADOR,4885,CONGELATION,"ETABLISSEMENTS OU ENTREPRISES DE PRODUCTION, DE TRAITEMENT, DE TRANSFORMATION, DE CONDITIONNEMENT ET OU CONSERVATION DES PRODUITS ET SOUS PRODUITS DE LA PECHE"
JOSICOP,ZONE INDUSTRIELLE N° 103 DAKHLA,DAKHLA,3605,CONGELATION,"ETABLISSEMENTS OU ENTREPRISES DE PRODUCTION, DE TRAITEMENT, DE TRANSFORMATION, DE CONDITIONNEMENT ET OU CONSERVATION DES PRODUITS ET SOUS PRODUITS DE LA PECHE"
JOUMAD FRIGO,LOT N° 211 ET 212 ZONE INDUSTRIELLE HAY ESSALAM DAKHLA,DAKHLA,3117,CONGELATION,"ETABLISSEMENTS OU ENTREPRISES DE PRODUCTION, DE TRAITEMENT, DE TRANSFORMATION, DE CONDITIONNEMENT ET OU CONSERVATION DES PRODUITS ET SOUS PRODUITS DE LA PECHE"
KACEM PECHE,LOT N° 63 Z . I ESSALAM DAKHLA,DAKHLA,3410,CONGELATION,"ETABLISSEMENTS OU ENTREPRISES DE PRODUCTION, DE TRAITEMENT, DE TRANSFORMATION, DE CONDITIONNEMENT ET OU CONSERVATION DES PRODUITS ET SOUS PRODUITS DE LA PECHE"
KATASAB FISH SARL,N° 50 ZONE INDUSTRIELLE AL FATH BOUJDOUR,BOUJDOUR,PP.72.0074.16,CONGELATION,"ETABLISSEMENTS OU ENTREPRISES DE PRODUCTION, DE TRAITEMENT, DE TRANSFORMATION, DE CONDITIONNEMENT ET OU CONSERVATION DES PRODUITS ET SOUS PRODUITS DE LA PECHE"
KB FISH,"ZONE INDUSTRIELLE, EL MARSA, LAAYOUNE",LAAYOUNE,PP.71.0031.15,HUILE DE POISSON A CONSOMMATION HUMAINE,"ETABLISSEMENTS OU ENTREPRISES DE PRODUCTION, DE TRAITEMENT, DE TRANSFORMATION, DE CONDITIONNEMENT ET OU CONSERVATION DES PRODUITS ET SOUS PRODUITS DE LA PECHE"
KLAAS PUUL HAND PEELED,"ZONE FRANCHE, ILOT N°1, LOT N°7, TANGER",TANGER,PP.34.0221.19,DECORTICAGE DES CREVETTES,"ETABLISSEMENTS OU ENTREPRISES DE PRODUCTION, DE TRAITEMENT, DE"
KLAAS PUUL MAROC,"Z.I. AL MAJD, BEHAER, AOUAMA TANGER",TANGER,PP.34.0013.14,DECORTICAGE DES CREVETTES,"ETABLISSEMENTS OU ENTREPRISES DE PRODUCTION, DE TRAITEMENT, DE TRANSFORMATION, DE CONDITIONNEMENT ET OU CONSERVATION DES PRODUITS ET SOUS PRODUITS DE LA PECHE"
KOMEZMAR,LOT N° 99 Z I BIR RAMI KENITRA,KENITRA,3999,CONGELATION,"ETABLISSEMENTS OU ENTREPRISES DE PRODUCTION, DE TRAITEMENT, DE TRANSFORMATION, DE CONDITIONNEMENT ET OU CONSERVATION DES PRODUITS ET SOUS PRODUITS DE LA PECHE"
KOMO FISH,"LOT N°47,ZONE INDUSTRIELLE EL MARSA LAAYOUNE",LAAYOUNE,PP.71.3460.18,CONDITIONNEMENT DES PRODUITS DE LA PECHE A L'ETAT FRAIS ET CONGELATION,"ETABLISSEMENTS OU ENTREPRISES DE PRODUCTION, DE TRAITEMENT, DE TRANSFORMATION, DE CONDITIONNEMENT ET OU CONSERVATION DES PRODUITS ET SOUS PRODUITS DE LA PECHE"
L’ESPADON,Q I AGADIR,AGADIR,1767,CONSERVE DE POISSON,"ETABLISSEMENTS OU ENTREPRISES DE PRODUCTION, DE TRAITEMENT, DE TRANSFORMATION, DE CONDITIONNEMENT ET OU CONSERVATION DES PRODUITS ET SOUS PRODUITS DE LA PECHE"
LA BEL VIE,"ANGLE ROUTE NATIONALE N° 1 ET NATIONALE N° 8 COMMUNE TIKIOUINE AGADIR IDAOUTANATE,AGADIR",AGADIR,PP.25.0043.15,CONDITIONNEMENT DES PRODUITS DE LA PECHE A L'ETAT FRAIS,"ETABLISSEMENTS OU ENTREPRISES DE PRODUCTION, DE TRAITEMENT, DE TRANSFORMATION, DE CONDITIONNEMENT ET OU CONSERVATION DES PRODUITS ET SOUS PRODUITS DE LA PECHE"
LA VICTOIRE FISH,N° 127/B2 ZONE INDUSTRIELLE TASSILA AGADIR,AGADIR,3432,CONGELATION,"ETABLISSEMENTS OU ENTREPRISES DE PRODUCTION, DE TRAITEMENT, DE TRANSFORMATION, DE CONDITIONNEMENT ET OU CONSERVATION DES PRODUITS ET SOUS PRODUITS DE LA PECHE"
LAAYOUNE CONSERVE NAGJIR,LOT 38 Z I VILLE EL MARSA LAAYOUNE PORT,LAAYOUNE,4012,CONSERVE DE POISSON,"ETABLISSEMENTS OU ENTREPRISES DE PRODUCTION, DE TRAITEMENT, DE TRANSFORMATION, DE CONDITIONNEMENT ET OU CONSERVATION DES PRODUITS ET SOUS PRODUITS DE LA PECHE"
LAAYOUNE PROTEINE,"ZONE INDUSTRIELLE EL MARSA, B.P,41,LAAYOUNE",LAAYOUNE,PP.71.0061.15,HUILE DE POISSON A CONSOMMATION HUMAINE,"ETABLISSEMENTS OU ENTREPRISES DE PRODUCTION, DE TRAITEMENT, DE TRANSFORMATION, DE CONDITIONNEMENT ET OU CONSERVATION DES PRODUITS ET SOUS PRODUITS DE LA PECHE"
LADRARMAR,"N° 87, ZONE INDUSTRIELLE TASSILA III TIKIOUINE,AGADIR",AGADIR,PP.25.0002.14,CONGELATION,"ETABLISSEMENTS OU ENTREPRISES DE PRODUCTION, DE TRAITEMENT, DE TRANSFORMATION, DE CONDITIONNEMENT ET OU CONSERVATION DES PRODUITS ET SOUS PRODUITS DE LA PECHE"
LADRARMAR 2,Z.I Tassila3 N° 87 Tikouine Agadir,AGADIR,PEF.25.0100.16,ENTREPOSAGE,ENTREPOSAGE DES PRODUITS DE LA PECHE SOUS TEMPERATURE DIRIGEE Y COMPRIS LES COQUILLAGES
LAURA FISH,LOT N° 709 PARC INDUSTRIEL SAPINO NOUACEUR CASABLANCA,CASABLANCA,PP.7.0050.15,"CONDITIONNEMENT DES PP A L'ETAT FRAIS, CONGELATION, CUISSON, FILETAGE, DECORTIVAGE DES CREVETTES ET PREPARATION DES PRODUITS DE LA PECHE MARINES A L'ETAT FRAIS ET CONGELE","ETABLISSEMENTS OU ENTREPRISES DE PRODUCTION, DE TRAITEMENT, DE TRANSFORMATION, DE CONDITIONNEMENT ET OU CONSERVATION DES PRODUITS ET SOUS PRODUITS DE LA PECHE"
LAURA FISH,LOT N° 709 PAC INDUSTRIEL SAPINO NOUACER CASABLANCA,CASABLANCA,PEF.7.0052.15,ENTREPOSAGE,ENTREPOSAGE DES PRODUITS DE LA PECHE SOUS TEMPERATURE DIRIGEE Y COMPRIS LES COQUILLAGES
LE FUMET DE L'ATLAS,9-10 Z.I DAR BOUAZZA PROVINCE DE NOUCEUR CASABLANCA,CASABLANCA,PP.7.0037.14,"CONDITIONNEMENT DES PRODUITS DE LA PECHE A L'ETAT FRAIS,FILETAGE ET FUMAGE DU POISSON ET DES PRODUITS D'AQUACULTURE","ETABLISSEMENTS OU ENTREPRISES DE PRODUCTION, DE TRAITEMENT, DE TRANSFORMATION, DE CONDITIONNEMENT ET OU CONSERVATION DES PRODUITS ET SOUS PRODUITS DE LA PECHE"
LES FRIGORIFIQUES BOUZERGHTOUN,DOUAR LAGOUASSEM BOUSKOURA PAR SIDI MAAROUF ZONE RURALE CASABLANCA,CASABLANCA,1312,"CONGELATION, FILETAGE, DECORTICAGE DES CREVETTES, EXTRACTION ET CONGELATION DE LA VESSIE NATATOIRE DE LA COURBINE ET CONDITIONNEMENT DES PRODUITS DE LA PECHE A L'ETAT FRAIS","ETABLISSEMENTS OU ENTREPRISES DE PRODUCTION, DE TRAITEMENT, DE TRANSFORMATION, DE CONDITIONNEMENT ET OU CONSERVATION DES PRODUITS ET SOUS PRODUITS DE LA PECHE"
LGMC /CHERIFIENNE,ROUTE ELL YOUDI BP 96 SAFI,SAFI,1885,CONSERVE DE POISSON,"ETABLISSEMENTS OU ENTREPRISES DE PRODUCTION, DE TRAITEMENT, DE TRANSFORMATION, DE CONDITIONNEMENT ET OU CONSERVATION DES PRODUITS ET SOUS PRODUITS DE LA PECHE"
LGMC /COMOSA,ROUTE EL YOUDI BP 96 SAFI,SAFI,2469,CONSERVE DE POISSON,"ETABLISSEMENTS OU ENTREPRISES DE PRODUCTION, DE TRAITEMENT, DE TRANSFORMATION, DE CONDITIONNEMENT ET OU CONSERVATION DES PRODUITS ET SOUS PRODUITS DE LA PECHE"
LGMC /MARIANA,ROUTE DU JORF EL YOUDI BP 96 SAFI,SAFI,2715,CONSERVE DE POISSON,"ETABLISSEMENTS OU ENTREPRISES DE PRODUCTION, DE TRAITEMENT, DE TRANSFORMATION, DE CONDITIONNEMENT ET OU CONSERVATION DES PRODUITS ET SOUS PRODUITS DE LA PECHE"
LGMC/ AMIAROC,Q I AGADIR,AGADIR,1418,CONSERVE DE POISSON,"ETABLISSEMENTS OU ENTREPRISES DE PRODUCTION, DE TRAITEMENT, DE TRANSFORMATION, DE CONDITIONNEMENT ET OU CONSERVATION DES PRODUITS ET SOUS PRODUITS DE LA PECHE"
LIVING FISH 1,LOT N° 1102 ZONE INDUSTRIELLE SAPINO PROVINCE DE NOUCEUR CASABLANCA,CASABLANCA,PP.7.0117.16,CONGELATION,"ETABLISSEMENTS OU ENTREPRISES DE PRODUCTION, DE TRAITEMENT, DE TRANSFORMATION, DE CONDITIONNEMENT ET OU CONSERVATION DES PRODUITS ET SOUS PRODUITS DE LA PECHE"
LIVING FISH 2,LOT N° 1102 ZONE INDUSTRIELLE SAPINO PROVINCE DE NOUCEUR CASABLANCA,CASABLANCA,PEF.7.0118.16,ENTREPOSAGE,ENTREPOSAGE DES PRODUITS DE LA PECHE SOUS TEMPERATURE DIRIGEE Y COMPRIS LES COQUILLAGES
LOGICOLD,POLE INDUSTRIEL ONDA NOUACEUR CASABLANCA,CASABLANCA,PEF.7.0062.15,ENTREPOSAGE,ENTREPOSAGE DES PRODUITS DE LA PECHE SOUS TEMPERATURE DIRIGEE Y COMPRIS LES COQUILLAGES
LOGIFOOD,LOT 115 PARC INDUSTRIEL OULED SALEH PROVINCE DE NOUCEUR CASABLANCA,CASABLANCA,6359,CONSERVE DE POISSON,"ETABLISSEMENTS OU ENTREPRISES DE PRODUCTION, DE TRAITEMENT, DE TRANSFORMATION, DE CONDITIONNEMENT ET OU CONSERVATION DES PRODUITS ET SOUS PRODUITS DE LA PECHE"
LOMEN FRIGO,Z.I HAY ESSALAM DAKHLA,DAKHLA,3123,CONGELATION,"ETABLISSEMENTS OU ENTREPRISES DE PRODUCTION, DE TRAITEMENT, DE TRANSFORMATION, DE CONDITIONNEMENT ET OU CONSERVATION DES PRODUITS ET SOUS PRODUITS DE LA PECHE"
LOTRAF,"Zone logistique SNTL, entrepôt D5. Zi MOHAMMEDIA",MOHAMMEDIA,PEF.6.0261.20,ENTREPOSAGE,ENTREPOSAGE DES PRODUITS DE LA PECHE SOUS TEMPERATURE DIRIGEE Y COMPRIS LES COQUILLAGES
LONJA SELECCION,LOT N° 86 ZONE INDUSTRIELLE DAR BOUAZZA REGION DE CASA,CASABLANCA,4000,CUISSON et CONGELATION ET RECUPERATION DES CARAPACES VIDES DES CRABES ET DES OURSINS,"ETABLISSEMENTS OU ENTREPRISES DE PRODUCTION, DE TRAITEMENT, DE TRANSFORMATION, DE CONDITIONNEMENT ET OU CONSERVATION DES PRODUITS ET SOUS PRODUITS DE LA PECHE"
LOTTE FISHING,ZONE PORTUAIRE PARCELLE N3 DAKHLA,DAKHLA,3427,"congélation des PP, filtage et conditionnement des PP","ETABLISSEMENTS OU ENTREPRISES DE PRODUCTION, DE TRAITEMENT, DE TRANSFORMATION, DE CONDITIONNEMENT ET OU CONSERVATION DES PRODUITS ET SOUS PRODUITS DE LA PECHE"
MAALAININE FRIGO,NOUVELLE ZI LOTS 12 ET 13 DAKHLA,DAKHLA,3221,CONGELATION,"ETABLISSEMENTS OU ENTREPRISES DE PRODUCTION, DE TRAITEMENT, DE TRANSFORMATION, DE CONDITIONNEMENT ET OU CONSERVATION DES PRODUITS ET SOUS PRODUITS DE LA PECHE"
MALUFRA,Z.I N° 364 ROUTE DEBDOU BP 53 TAOURIRT,TAOURIRT,5879,"DECORTICAGE DES CREVETTES, CONGELATION DES CARAPACES DE CREVETTES DESTIN2ES A LA CONSOMMATION HUMAINE","ETABLISSEMENTS OU ENTREPRISES DE PRODUCTION, DE TRAITEMENT, DE TRANSFORMATION, DE CONDITIONNEMENT ET OU CONSERVATION DES PRODUITS ET SOUS PRODUITS DE LA PECHE"
MANAL FRIGO,"Z I OULED ESSALAM LOT N° 226, BP N° 841 DAKHLA",DAKHLA,4659,CONGELATION,"ETABLISSEMENTS OU ENTREPRISES DE PRODUCTION, DE TRAITEMENT, DE TRANSFORMATION, DE CONDITIONNEMENT ET OU CONSERVATION DES PRODUITS ET SOUS PRODUITS DE LA PECHE"
MAPI,RUE DE DJORF LIHOUDI QUARTIER INDUSTRIELLE SAFI,SAFI,1927,CONSERVE DE POISSON,"ETABLISSEMENTS OU ENTREPRISES DE PRODUCTION, DE TRAITEMENT, DE TRANSFORMATION, DE CONDITIONNEMENT ET OU CONSERVATION DES PRODUITS ET SOUS PRODUITS DE LA PECHE"
MAR SEAFOOD,"LOT N° 140, ZONE INDUSTRIELLE HAY ESSALAM, DAKHLA",DAKHLA,PP.74.0178.18,CONGELATION,"ETABLISSEMENTS OU ENTREPRISES DE PRODUCTION, DE TRAITEMENT, DE TRANSFORMATION, DE CONDITIONNEMENT ET OU CONSERVATION DES PRODUITS ET SOUS PRODUITS DE LA PECHE"
MARISCO SERVISUR,PORT DE BENI NSAR NADOR,NADOR,3325,CONDITIONNEMENT DES PRODUITS DE LA PECHE A L'ETAT FRAIS,"ETABLISSEMENTS OU ENTREPRISES DE PRODUCTION, DE TRAITEMENT, DE TRANSFORMATION, DE CONDITIONNEMENT ET OU CONSERVATION DES PRODUITS ET SOUS PRODUITS DE LA PECHE"
MARJANE HOLDING,"13, RUE MUSTAPHA EL MAÂNI CASABLANCA",CASABLANCA,4522,CONDITIONNEMENT DES PRODUITS DE LA PECHE A L'ETAT FRAIS,"ETABLISSEMENTS OU ENTREPRISES DE PRODUCTION, DE TRAITEMENT, DE TRANSFORMATION, DE CONDITIONNEMENT ET OU CONSERVATION DES PRODUITS ET SOUS PRODUITS DE LA PECHE"
MAROC INDUSTRIE OVERSAE,"PARCELLE N° 280 ANCIEN PORT, AGADIR",AGADIR,PP.25.0242.20,"TRAITEMENT ET CONGELATION DES PRODUITS DE LA PECHE, FILETAGE DES PRODUITS DE LA PECHE ET CONDITIONNEMENT DES PRODUITS DE LA PECHE A L'ETAT FRAIS","ETABLISSEMENTS OU ENTREPRISES DE PRODUCTION, DE TRAITEMENT, DE TRANSFORMATION, DE CONDITIONNEMENT ET OU CONSERVATION DES PRODUITS ET SOUS PRODUITS DE LA PECHE"
MARO PAWS SARL AU,LOT 157 Z.I EL JADIDA ROUTE DE MARRAKECH,EL JADIDA,PP.53.0076.16,"CONDITIONNEMENT DES PRODUITS DE LA PECHE A L'ETAT FRAIS, CONGELATION ET DECORTICAGE DES CREVETTES","ETABLISSEMENTS OU ENTREPRISES DE PRODUCTION, DE TRAITEMENT, DE TRANSFORMATION, DE CONDITIONNEMENT ET OU CONSERVATION DES PRODUITS ET SOUS PRODUITS DE LA PECHE"
MAROMAR,NOUVEAU PORT DE LARACHE BP 573 LARACHE,LARACHE,2888,CONGELATION,"ETABLISSEMENTS OU ENTREPRISES DE PRODUCTION, DE TRAITEMENT, DE TRANSFORMATION, DE CONDITIONNEMENT ET OU CONSERVATION DES PRODUITS ET SOUS PRODUITS DE LA PECHE"
MAROMEGA,PORT DE PECHE DE TAN TAN,TAN TAN,4972,HUILE DE POISSON A CONSOMMATION HUMAINE,"ETABLISSEMENTS OU ENTREPRISES DE PRODUCTION, DE TRAITEMENT, DE TRANSFORMATION, DE CONDITIONNEMENT ET OU CONSERVATION DES PRODUITS ET SOUS PRODUITS DE LA PECHE"
MARPEX,ANCIEN PORT D'AGADIR PARCELLE N° 70,AGADIR,3960,SEMI-CONSERVE,"ETABLISSEMENTS OU ENTREPRISES DE PRODUCTION, DE TRAITEMENT, DE TRANSFORMATION, DE CONDITIONNEMENT ET OU CONSERVATION DES PRODUITS ET SOUS PRODUITS DE LA PECHE"
MEAT CORP,"LOT 136, COMPLEXE INDUSTRIEL SAPINO, Province de NOUACEUR",MEDIOUNA/NOUACEUR,PP.7.0240.20,CONSERVE DE POISSON,"ETABLISSEMENTS OU ENTREPRISES DE PRODUCTION, DE TRAITEMENT, DE TRANSFORMATION, DE CONDITIONNEMENT ET OU CONSERVATION DES PRODUITS ET SOUS PRODUITS DE LA PECHE"
MATRAVIA,"LOT 29 PARC INDUSTRIEL DE BOUSKOURA, NOUACEUR",MEDIOUNA/NOUACEUR,PP.7.0228.19,"CONDITIONNEMENT DES PRODUITS DE LA PECHE A L'ETAT FRAIS, FILETAGE, DECORTICAGE DES CREVETTES, CUISSON DES CRUSTAC2S ET CONGELATION","ETABLISSEMENTS OU ENTREPRISES DE PRODUCTION, DE TRAITEMENT, DE TRANSFORMATION, DE CONDITIONNEMENT ET OU CONSERVATION DES PRODUITS ET SOUS PRODUITS DE LA PECHE"
MED PECHE,Nouveau port de pêche de Tanger,TANGER,PP.34.0204.19,CONDITIONNEMENT DES PRODUITS DE LA PECHE A L'ETAT FRAIS ET CONGELATION,"ETABLISSEMENTS OU ENTREPRISES DE PRODUCTION, DE TRAITEMENT, DE TRANSFORMATION, DE CONDITIONNEMENT ET OU CONSERVATION DES PRODUITS ET SOUS PRODUITS DE LA PECHE"
MED SEA FOOD,LOT 814 ZONE INDUSTIRIELLE AL MAJD TANGER,TANGER,5649,CONGELATION,"ETABLISSEMENTS OU ENTREPRISES DE PRODUCTION, DE TRAITEMENT, DE TRANSFORMATION, DE CONDITIONNEMENT ET OU CONSERVATION DES PRODUITS ET SOUS PRODUITS DE LA PECHE"
MELLALE PECHE,Z.I ESSALAM DAKHLA,DAKHLA,3280,CONGELATION,"ETABLISSEMENTS OU ENTREPRISES DE PRODUCTION, DE TRAITEMENT, DE TRANSFORMATION, DE CONDITIONNEMENT ET OU CONSERVATION DES PRODUITS ET SOUS PRODUITS DE LA PECHE"
MER FRUIT,PORT DE BENI NSAR NADOR,NADOR,4279,CONGELATION,"ETABLISSEMENTS OU ENTREPRISES DE PRODUCTION, DE TRAITEMENT, DE TRANSFORMATION, DE CONDITIONNEMENT ET OU CONSERVATION DES PRODUITS ET SOUS PRODUITS DE LA PECHE"
MERZAGA,LOT N° 656 AL MASSAR ROUTE DE SAFI MARRAKECH,MARRAKECH,PEF.19.124.17,ENTREPOSAGE,ENTREPOSAGE DES PRODUITS DE LA PECHE SOUS TEMPERATURE DIRIGEE Y COMPRIS LES COQUILLAGES
MERVEILLES DES MERS,BP 270 ZONE INDUSTRIEL ROUTE TELEMZOUNE TAN TAN,TAN TAN,5898,CONSERVE DE POISSON,"ETABLISSEMENTS OU ENTREPRISES DE PRODUCTION, DE TRAITEMENT, DE TRANSFORMATION, DE CONDITIONNEMENT ET OU CONSERVATION DES PRODUITS ET SOUS PRODUITS DE LA PECHE"
MERVEILLES DES MERS 2,ZONE INDUSTRIEL ROUTE TELEMZOUNE TAN TAN 82000,TAN TAN,PP.68.0224.19,"CONGELATION DES PETITS PELAGIQUES ETETES, EVISCERES ET FILETES","ETABLISSEMENTS OU ENTREPRISES DE PRODUCTION, DE TRAITEMENT, DE TRANSFORMATION, DE CONDITIONNEMENT ET OU CONSERVATION DES PRODUITS ET SOUS PRODUITS DE LA PECHE"
MIDAV,ROUTE SIDI OUASSEL BP 301 SAFI,SAFI,1347,CONSERVE DE POISSON,"ETABLISSEMENTS OU ENTREPRISES DE PRODUCTION, DE TRAITEMENT, DE TRANSFORMATION, DE CONDITIONNEMENT ET OU CONSERVATION DES PRODUITS ET SOUS PRODUITS DE LA PECHE"
MIDL FISH,21 LOT NAMAE BENSOUDA FES,FES,PEF.9.0158.18,ENTREPOSAGE,ENTREPOSAGE DES PRODUITS DE LA PECHE SOUS TEMPERATURE DIRIGEE Y COMPRIS LES COQUILLAGES
MIFACOP,PORT DE BENI NSAR NADOR,NADOR,4690,CONGELATION ET CONDITIONNEMENT DES PRODUITS DE LA PECHE A L'ETAT FRAIS,"ETABLISSEMENTS OU ENTREPRISES DE PRODUCTION, DE TRAITEMENT, DE TRANSFORMATION, DE CONDITIONNEMENT ET OU CONSERVATION DES PRODUITS ET SOUS PRODUITS DE LA PECHE"
MIPROMER,PARCELLE N 85 BP 1712 NOUVEAU PORT AGADIR,AGADIR,2348,CONGELATION ET ENTREPOSAGE,"ETABLISSEMENTS OU ENTREPRISES DE PRODUCTION, DE TRAITEMENT, DE TRANSFORMATION, DE CONDITIONNEMENT ET OU CONSERVATION DES PRODUITS ET SOUS PRODUITS DE LA PECHE"
MOHDAVNOR,ZONE FRANCHE DE TANGER,TANGER,3515,DECORTICAGE DES CREVETTES,"ETABLISSEMENTS OU ENTREPRISES DE PRODUCTION, DE TRAITEMENT, DE TRANSFORMATION, DE CONDITIONNEMENT ET OU CONSERVATION DES PRODUITS ET SOUS PRODUITS DE LA PECHE"
MOUSSAOUI FISH FOOD,N°97 HAY RAJAA ANGLE RUE DES PLEIADES ET ALLEE DES LIONS CASABLANCA,CASABLANCA,PP.5.0001.14,CONGELATION ET ENTREPOSAGE,"ETABLISSEMENTS OU ENTREPRISES DE PRODUCTION, DE TRAITEMENT, DE TRANSFORMATION, DE CONDITIONNEMENT ET OU CONSERVATION DES PRODUITS ET SOUS PRODUITS DE LA PECHE"
MOUSSAOUI FISH FOOD 2,N° 97 HAY RAJJA RUE DES PLEIADES ET A LLEE DES LIONS CASABLANCA,CASABLANCA,PEF.5.0129.17,ENTREPOSAGE,ENTREPOSAGE DES PRODUITS DE LA PECHE SOUS TEMPERATURE DIRIGEE Y COMPRIS LES COQUILLAGES
MOUTEI ET GONZALEZ,AVANT PORT DE MEHDIA KENITRA,KENITRA,2388,CONDITIONNEMENT DES PRODUITS DE LA PECHE A L'ETAT FRAIS,"ETABLISSEMENTS OU ENTREPRISES DE PRODUCTION, DE TRAITEMENT, DE TRANSFORMATION, DE CONDITIONNEMENT ET OU CONSERVATION DES PRODUITS ET SOUS PRODUITS DE LA PECHE"
MULTI MEAT,LOT N° 280 (E63) ZONE INDUSTRIELLE TASSILA II AGADIR,AGADIR,PEF.25.0045.16,ENTREPOSAGE,ENTREPOSAGE DES PRODUITS DE LA PECHE SOUS TEMPERATURE DIRIGEE Y COMPRIS LES COQUILLAGES
NABAOCTOPUS,N° 674 FARHAT HACHAD Z.I DCHEIRA EL JIHADIA INEZGANE AIT MELLOUL AGADIR,AGADIR,PP.26.0040.14,CONGELATION,"ETABLISSEMENTS OU ENTREPRISES DE PRODUCTION, DE TRAITEMENT, DE TRANSFORMATION, DE CONDITIONNEMENT ET OU CONSERVATION DES PRODUITS ET SOUS PRODUITS DE LA PECHE"
NEPTON FRIGO,"Z.I. EXTRA PORTUAIRE BP 317, EL OUATIA, TANTAN PLAGE",TAN TAN,3879,CONGELATION,"ETABLISSEMENTS OU ENTREPRISES DE PRODUCTION, DE TRAITEMENT, DE TRANSFORMATION, DE CONDITIONNEMENT ET OU CONSERVATION DES PRODUITS ET SOUS PRODUITS DE LA PECHE"
NERMINE FISH,Lot n° 33 ZONE INDUSTRIELLE GZENAYA TANGER,TANGER,PEF.34.0227.19,ENTREPOSAGE,ENTREPOSAGE DES PRODUITS DE LA PECHE SOUS TEMPERATURE DIRIGEE Y COMPRIS LES COQUILLAGES
NEW INDUS FISH,"LOT 80,ZONE INDUSTRIELLE BASSE,ROUTE DJORF,SAFI",SAFI,4984,CONGELATION,"ETABLISSEMENTS OU ENTREPRISES DE PRODUCTION, DE TRAITEMENT, DE TRANSFORMATION, DE CONDITIONNEMENT ET OU CONSERVATION DES PRODUITS ET SOUS PRODUITS DE LA PECHE"
NOBLEMAR,PORT DE PECHE DE MOHAMMEDIA,MOHAMMEDIA,PP.6.0167.18,CONDITIONNEMENT DES PRODUITS DE LA PECHE A L'ETAT FRAIS ET CRUSTACES VIVANTS,"ETABLISSEMENTS OU ENTREPRISES DE PRODUCTION, DE TRAITEMENT, DE TRANSFORMATION, DE CONDITIONNEMENT ET OU CONSERVATION DES PRODUITS ET SOUS PRODUITS DE LA PECHE"
NOR-DANSKE,PORT DE MEHDIA KENITRA,MEHDIA,PP.60.0121.16,"FUMAGE, EVISCERATION ET ETETEGE ET FILETAGE","ETABLISSEMENTS OU ENTREPRISES DE PRODUCTION, DE TRAITEMENT, DE TRANSFORMATION, DE CONDITIONNEMENT ET OU CONSERVATION DES PRODUITS ET SOUS PRODUITS DE LA PECHE"
NOUN’S FISH,"Km 42, CENTRE SIDI RAHAL ROUTE COTIERE CASA AZEMOUR SIDI RAHAL PLAGE",CASABLANCA,3339,CONGELATION,"ETABLISSEMENTS OU ENTREPRISES DE PRODUCTION, DE TRAITEMENT, DE TRANSFORMATION, DE CONDITIONNEMENT ET OU CONSERVATION DES PRODUITS ET SOUS PRODUITS DE LA PECHE"
NOUNE MAROC,QUARTIER MUNICIPAL INDUSTRIEL LOT N° 71 KENITRA,KENITRA,4512,EXPIDITION DES ANGUILLES VIVANTES,"ETABLISSEMENTS OU ENTREPRISES DE PRODUCTION, DE TRAITEMENT, DE TRANSFORMATION, DE CONDITIONNEMENT ET OU CONSERVATION DES PRODUITS ET SOUS PRODUITS DE LA PECHE"
NOUVELLE OUGALA,PORT DE PECHE DE TAN TAN,TAN TAN,PP.68.0012.14,HUILE DE POISSON A CONSOMMATION HUMAINE,"ETABLISSEMENTS OU ENTREPRISES DE PRODUCTION, DE TRAITEMENT, DE TRANSFORMATION, DE CONDITIONNEMENT ET OU CONSERVATION DES PRODUITS ET SOUS PRODUITS DE LA PECHE"
NOUVELLE AVEIRO MAROC II,QI AIT MELLOUL AGADIR,AGADIR,3148,"CONGELATION, ENTREPOSAGE","ETABLISSEMENTS OU ENTREPRISES DE PRODUCTION, DE TRAITEMENT, DE TRANSFORMATION, DE CONDITIONNEMENT ET OU CONSERVATION DES PRODUITS ET SOUS PRODUITS DE LA PECHE"
NOUVELLE COSARNO,RUE AL BAHARA QI. ANZA. BP.6196. AGADIR,AGADIR,2081,CONSERVE DE POISSON,"ETABLISSEMENTS OU ENTREPRISES DE PRODUCTION, DE TRAITEMENT, DE TRANSFORMATION, DE CONDITIONNEMENT ET OU CONSERVATION DES PRODUITS ET SOUS PRODUITS DE LA PECHE"
NOUVELLE COSARNO 2,RUE AL BAHARA QI. ANZA. BP.6196. AGADIR,AGADIR,PEF.25.0195.18,ENTREPOSAGE,"ETABLISSEMENTS OU ENTREPRISES DE PRODUCTION, DE TRAITEMENT, DE TRANSFORMATION, DE CONDITIONNEMENT ET OU CONSERVATION DES PRODUITS ET SOUS PRODUITS DE LA PECHE"
NOUVELLE UNITE DIPROMER,"ZONE INDUSTRIELLE 2EME TRANCHE, LOT N° 26-27-28-29 BOUJDOUR",BOUJDOUR,PP.72.0251.20,"ETETAGE, EVISCERATION ET FILETAE DES PETITS PELAGIQUES, MARINADE DE POISSON, CONDITIONNEMENT DE FILET DE POISSON, TRAITEMENT ET CONGELATION DES PRODUITS DE LA PECHE ET CONGELATION EN iqf PAR IMMERSION EN SAUMURE","ETABLISSEMENTS OU ENTREPRISES DE PRODUCTION, DE TRAITEMENT, DE TRANSFORMATION, DE CONDITIONNEMENT ET OU CONSERVATION DES PRODUITS ET SOUS PRODUITS DE LA PECHE"
O-2A-FISH,N° 136 Zone Industrielle Al Marsa Layoune,LAAYOUNE,PP.71.0250.20,"ETETAGE, EVISCERATION DES PETITS PELAGIQUES, FILETAGE ET CONGELATION DES CEPHALOPODES EN IQF ET SALAGE DE LA SARDINE CONGELATION, FILETAGE ET PREPARATION DU POISSON PANE","ETABLISSEMENTS OU ENTREPRISES DE PRODUCTION, DE TRAITEMENT, DE TRANSFORMATION, DE CONDITIONNEMENT ET OU CONSERVATION DES PRODUITS ET SOUS PRODUITS DE LA PECHE"
OCEAMIC BOUJDOUR,"LOT H 13, ZONE INDUSTRIELLE BOUJDOUR",BOUJDOUR,PP.72.0139.17,"ETABLISSEMENTS OU ENTREPRISES DE PRODUCTION, DE TRAITEMENT, DE TRANSFORMATION, DE CONDITIONNEMENT ET OU CONSERVATION DES PRODUITS ET SOUS PRODUITS DE LA PECHE",
OCEAMIC LAAYOUNE,ZI LOT N 47 EL MARSA LAAYOUNE,LAAYOUNE,3336,CONGELATION,"ETABLISSEMENTS OU ENTREPRISES DE PRODUCTION, DE TRAITEMENT, DE TRANSFORMATION, DE CONDITIONNEMENT ET OU CONSERVATION DES PRODUITS ET SOUS PRODUITS DE LA PECHE"
OCEAMIC LAAYOUNE II,MUNICIPALITE EL MARSA LOT N° 60 ZON E INDUSTRIELLE LAAYOUNE,LAAYOUNE,6127,CONSERVE DE POISSON,"ETABLISSEMENTS OU ENTREPRISES DE PRODUCTION, DE TRAITEMENT, DE TRANSFORMATION, DE CONDITIONNEMENT ET OU CONSERVATION DES PRODUITS ET SOUS PRODUITS DE LA PECHE"
OCEAN DELIGHTS,LOT 238 PE 26 ZONE INDUSTRIELLE AGADIR,AGADIR,PP.25.3535.17,CONGELATION,"ETABLISSEMENTS OU ENTREPRISES DE PRODUCTION, DE TRAITEMENT, DE TRANSFORMATION, DE CONDITIONNEMENT ET OU CONSERVATION DES PRODUITS ET SOUS PRODUITS DE LA PECHE"
OLVEA ATLANTIC,Z I LOT 631 BP 1761 AIT MELLOUL AGADIR,AGADIR,4079,FILTRATION DE L'HUILE DE POISSON DESTINEE A LA CONSOMATION HUMAINE,"ETABLISSEMENTS OU ENTREPRISES DE PRODUCTION, DE TRAITEMENT, DE TRANSFORMATION, DE CONDITIONNEMENT ET OU CONSERVATION DES PRODUITS ET SOUS PRODUITS DE LA PECHE"
OMNIUM MAROCAIN DE PECHE INDUSTRIE,PORT DE PECHE DE TAN TAN,TAN TAN,1425,CONGELATION,"ETABLISSEMENTS OU ENTREPRISES DE PRODUCTION, DE TRAITEMENT, DE TRANSFORMATION, DE CONDITIONNEMENT ET OU CONSERVATION DES PRODUITS ET SOUS PRODUITS DE LA PECHE"
OPROP CONGELATION,PORT DE PECHE DE TAN TAN,TAN TAN,3211,CONGELATION,"ETABLISSEMENTS OU ENTREPRISES DE PRODUCTION, DE TRAITEMENT, DE TRANSFORMATION, DE CONDITIONNEMENT ET OU CONSERVATION DES PRODUITS ET SOUS PRODUITS DE LA PECHE"
ORGAFOOD,ROUTE DU DJORF EL YOUDI SAFI,SAFI,6043,CONSERVE DE POISSON,"ETABLISSEMENTS OU ENTREPRISES DE PRODUCTION, DE TRAITEMENT, DE TRANSFORMATION, DE CONDITIONNEMENT ET OU CONSERVATION DES PRODUITS ET SOUS PRODUITS DE LA PECHE"
OULAD LAKHLIGA FISH,LOT 140 ZONE INDUSTRIELLE ASSALAM DAKHLA,DAKHLA,PEF.74.0277.21,ENTREPOSAGE DES PRODUTS DE LA PECHE ET DE L'AQUACULTURE,ENTREPOSAGE DES PRODUITS DE LA PECHE SOUS TEMPERATURE DIRIGEE Y COMPRIS LES COQUILLAGES
OUARZA FOOD,237 HAY EL MASSIRA OURZAZAT,OURZAZAT,6046,ENTREPOSAGE,ENTREPOSAGE DES PRODUITS DE LA PECHE SOUS TEMPERATURE DIRIGEE Y COMPRIS LES COQUILLAGES
OUGALA II,PORT DE PECHE DE TAN TAN,TAN TAN,3653,CONGELATION,"ETABLISSEMENTS OU ENTREPRISES DE PRODUCTION, DE TRAITEMENT, DE TRANSFORMATION, DE CONDITIONNEMENT ET OU CONSERVATION DES PRODUITS ET SOUS PRODUITS DE LA PECHE"
OUJDA SAMAK,Lot Laayoune n° 33 Ain BORJA Casablanca,CASABLANCA,PEF.5.0207.19,ENTREPOSAGE,ENTREPOSAGE DES PRODUITS DE LA PECHE SOUS TEMPERATURE DIRIGEE Y COMPRIS LES COQUILLAGES
OVERSEAS LINK INTERNATIONAL,ROUTE LAAYOUNE QUARTIER INDUSTRIEL AL WATAYA N° 56/914 ZONE EXTRA PORTUAIRE TAN TAN PORT,TAN TAN,5889,"CONDITIONNEMENT DES PRODUITS DE LA PECHE A L'ETAT FRAIS,CONGELATION ET FILETAGE","ETABLISSEMENTS OU ENTREPRISES DE PRODUCTION, DE TRAITEMENT, DE TRANSFORMATION, DE CONDITIONNEMENT ET OU CONSERVATION DES PRODUITS ET SOUS PRODUITS DE LA PECHE"
PALACE FISHES,Z.I LOT N° 52 WIFAK OULFA SASABLANCA,CASABLANCA,4572,CONGELATION ET ENTREPOSAGE,"ETABLISSEMENTS OU ENTREPRISES DE PRODUCTION, DE TRAITEMENT, DE TRANSFORMATION, DE CONDITIONNEMENT ET OU CONSERVATION DES PRODUITS ET SOUS PRODUITS DE LA PECHE ENTREPOSAGE DES PRODUITS DE LA PECHE SOUS TEMPERATURE DIRIGEE Y COMPRIS LES COQUILLAGES"
PAMAPECHE,PARCELLE N° 30 ZI NOUVEAU PORT D’ANZA AGADIR,AGADIR,3276,CONGELATION,"ETABLISSEMENTS OU ENTREPRISES DE PRODUCTION, DE TRAITEMENT, DE TRANSFORMATION, DE CONDITIONNEMENT ET OU CONSERVATION DES PRODUITS ET SOUS PRODUITS DE LA PECHE"
PATY'S,LOT 169 à 180ZONE INDUSTRIELLE SUD- OUEST DE MOHAMMEDIA,MOHAMMEDIA,PP.6.0190.18,"ELABORATION DES PRODUITS PRECUITS, PANES ET SURGEL2S 0 BASE DES PRODUITS DE LA PECHE","ETABLISSEMENTS OU ENTREPRISES DE PRODUCTION, DE TRAITEMENT, DE TRANSFORMATION, DE CONDITIONNEMENT ET OU CONSERVATION DES PRODUITS ET SOUS PRODUITS DE LA PECHE"
PECHE ET FROID DU SOUSS,ANCIEN PORT DE PECHE AGADIR,AGADIR,1322,CONGELATION,"ETABLISSEMENTS OU ENTREPRISES DE PRODUCTION, DE TRAITEMENT, DE TRANSFORMATION, DE CONDITIONNEMENT ET OU CONSERVATION DES PRODUITS ET SOUS PRODUITS DE LA PECHE"
PELAGIQUE INDUSTRIE,"N°1-11,LOT PARC HALIOPOLIS, CR DRARGA TIKIOUINE, AGADIR",AGADIR,PP.25.0220.19,CONSERVE DE POISSON,"ETABLISSEMENTS OU ENTREPRISES DE PRODUCTION, DE TRAITEMENT, DE TRANSFORMATION, DE CONDITIONNEMENT ET OU CONSERVATION DES PRODUITS ET SOUS PRODUITS DE LA PECHE"
PELAPRO,LOT N° 35 ZONE INDUSTRIELLE EL MARSA,LAAYOUNE,PP.71.0186.18,CONDITIONNEMENT DES PRODUITS DE LA PECHE A L'ETAT FRAIS ET CONGELATION,"ETABLISSEMENTS OU ENTREPRISES DE PRODUCTION, DE TRAITEMENT, DE TRANSFORMATION, DE CONDITIONNEMENT ET OU CONSERVATION DES PRODUITS ET SOUS PRODUITS DE LA PECHE"
PESBAK ET BENJELLOUN II,MAGASIN N° 1 PORT DE PECHE TANGER,TANGER,5443,CONGELATION,"ETABLISSEMENTS OU ENTREPRISES DE PRODUCTION, DE TRAITEMENT, DE TRANSFORMATION, DE CONDITIONNEMENT ET OU CONSERVATION DES PRODUITS ET SOUS PRODUITS DE LA PECHE"
PESCAB,LOCAL N° 13-14 PORT DE PECHE DE TANGER,TANGER,PP.34.0164.18,CONDITIONNEMENT DES PRODUITS DE LA PECHE A L'ETAT FRAIS ET FILETAGE,"ETABLISSEMENTS OU ENTREPRISES DE PRODUCTION, DE TRAITEMENT, DE TRANSFORMATION, DE CONDITIONNEMENT ET OU CONSERVATION DES PRODUITS ET SOUS PRODUITS DE LA PECHE"
PESCA DEL SUR,ZI VILLE DE DAKHLA,DAKHLA,2385,CONGELATION,"ETABLISSEMENTS OU ENTREPRISES DE PRODUCTION, DE TRAITEMENT, DE TRANSFORMATION, DE CONDITIONNEMENT ET OU CONSERVATION DES PRODUITS ET SOUS PRODUITS DE LA PECHE"
PESCA GHARB,AVANT PORT DE MEHDIA,KENITRA,3287,"CONDITIONNEMENT DES PRODUITS DE LA PECHE A L'ETAT FRAIS, CONGELATION, PREPARATION DES PRODUITS SEMI CUITS, DECORTICAGE DES OURSINS ET MARINADE","ETABLISSEMENTS OU ENTREPRISES DE PRODUCTION, DE TRAITEMENT, DE TRANSFORMATION, DE CONDITIONNEMENT ET OU CONSERVATION DES PRODUITS ET SOUS PRODUITS DE LA PECHE"
PESCA MAREE IMPORT EXPORT,Km 16.5 DOUAR AARABA DAR BOUAZZA PROVINCE DE NOUCEUR CASABLANCA,CASABLANCA,PP.7.3389.17,CONDITIONNEMENT DES PRODUITS DE LA PECHE A L'ETAT FRAIS,"ETABLISSEMENTS OU ENTREPRISES DE PRODUCTION, DE TRAITEMENT, DE TRANSFORMATION, DE CONDITIONNEMENT ET OU CONSERVATION DES PRODUITS ET SOUS PRODUITS DE LA PECHE"
PESCA ZERHOUN,PORT DE PECHE DE TANGER,TANGER,PP.34.3583.19,CONDITIONNEMENT DES PRODUITS DE LA PECHE A L'ETAT FRAIS,"ETABLISSEMENTS OU ENTREPRISES DE PRODUCTION, DE TRAITEMENT, DE TRANSFORMATION, DE CONDITIONNEMENT ET OU CONSERVATION DES PRODUITS ET SOUS PRODUITS DE LA PECHE"
PESCADAK,Z I ESSALAM DAKHLA,DAKHLA,3411,CONGELATION,"ETABLISSEMENTS OU ENTREPRISES DE PRODUCTION, DE TRAITEMENT, DE TRANSFORMATION, DE CONDITIONNEMENT ET OU CONSERVATION DES PRODUITS ET SOUS PRODUITS DE LA PECHE"
PESCADOS LA COSTA DEL MAR,N° 10 PORT DE M DIQ BP 251,NADOR,PP.50.0142.17,CONDITIONNEMENT DES PRODUITS DE LA PECHE A L'ETAT FRAIS,"ETABLISSEMENTS OU ENTREPRISES DE PRODUCTION, DE TRAITEMENT, DE TRANSFORMATION, DE CONDITIONNEMENT ET OU CONSERVATION DES PRODUITS ET SOUS PRODUITS DE LA PECHE"
PESCADOS DEL CANTO,PORT DE PECHE DE BENI ENSAR,M'DIQ,2515,CONGELATION,"ETABLISSEMENTS OU ENTREPRISES DE PRODUCTION, DE TRAITEMENT, DE TRANSFORMATION, DE CONDITIONNEMENT ET OU CONSERVATION DES PRODUITS ET SOUS PRODUITS DE LA PECHE"
PESCADOS PUNTAMAR,Port de Mehdia kENITRA,KENITRA,PP.60.0198.19,CONDITIONNEMENT DES PRODUITS DE LA PECHE A L'ETAT FRAIS,"ETABLISSEMENTS OU ENTREPRISES DE PRODUCTION, DE TRAITEMENT, DE TRANSFORMATION, DE CONDITIONNEMENT ET OU CONSERVATION DES PRODUITS ET SOUS PRODUITS DE LA PECHE"
PESCONDA,NOUVELLE ZI LOT 181 ET 182 DAKHLA,DAKHLA,3122,CONGELATION,"ETABLISSEMENTS OU ENTREPRISES DE PRODUCTION, DE TRAITEMENT, DE TRANSFORMATION, DE CONDITIONNEMENT ET OU CONSERVATION DES PRODUITS ET SOUS PRODUITS DE LA PECHE"
PINK SALMON,N 442 ZI SIDI GHANEM MARRAKECH,MARRAKECH,4116,FUMAGE,"ETABLISSEMENTS OU ENTREPRISES DE PRODUCTION, DE TRAITEMENT, DE TRANSFORMATION, DE CONDITIONNEMENT ET OU CONSERVATION DES PRODUITS ET SOUS PRODUITS DE LA PECHE"
PLURI FISH,LOT AL MASSAR N° 31 ROUTE DE SAFI MARRAKECH,MARRAKECH,PEF.19.0149.17,ENTREPOSAGE,ENTREPOSAGE DES PRODUITS DE LA PECHE SOUS TEMPERATURE DIRIGEE Y COMPRIS LES COQUILLAGES
POLE FISHS,"DOUAR HART HAMRI, DAR BOUAZZA,NOUACEUR CASABLANCA",CASABLANCA,PEF.7.0072.15,ENTREPOSAGE,ENTREPOSAGE DES PRODUITS DE LA PECHE SOUS TEMPERATURE DIRIGEE Y COMPRIS LES COQUILLAGES
POLYVALENT ENNAJAH,29 RUE DE LA PYRAMIDE BELVEDERE CASABLANCA,CASABLANCA,1310,CONDITIONNEMENT DES PRODUITS DE LA PECHE A L'ETAT FRAIS,"ETABLISSEMENTS OU ENTREPRISES DE PRODUCTION, DE TRAITEMENT, DE TRANSFORMATION, DE CONDITIONNEMENT ET OU CONSERVATION DES PRODUITS ET SOUS PRODUITS DE LA PECHE"
POULPO MAR,LOT 121 NOUVELLE ZI DAKHLA,DAKHLA,3237,CONGELATION,"ETABLISSEMENTS OU ENTREPRISES DE PRODUCTION, DE TRAITEMENT, DE TRANSFORMATION, DE CONDITIONNEMENT ET OU CONSERVATION DES PRODUITS ET SOUS PRODUITS DE LA PECHE"
PRO CO SAF,ZI ROUTE DE JORF LYOUDI,SAFI,3694,CONGELATION,"ETABLISSEMENTS OU ENTREPRISES DE PRODUCTION, DE TRAITEMENT, DE TRANSFORMATION, DE CONDITIONNEMENT ET OU CONSERVATION DES PRODUITS ET SOUS PRODUITS DE LA PECHE"
PROCESSING AND TRADING SEAFOOD,"LOT HALIOPOLIS N° 11,12 COMMUNE DRARGA AGADIR",AGADIR,PEF.25.0109.16,ENTREPOSAGE,"ETABLISSEMENTS OU ENTREPRISES DE PRODUCTION, DE TRAITEMENT, DE TRANSFORMATION, DE CONDITIONNEMENT ET OU CONSERVATION DES PRODUITS ET SOUS PRODUITS DE LA PECHE"
PROCESSING AND TRADING SEAFOOD 2,LOT HALIOPOLIS N° 11 ET 12 AGADIR COMMUNE DRARGAR,AGADIR,PP.25.0122.17,CONGELATION,"ETABLISSEMENTS OU ENTREPRISES DE PRODUCTION, DE TRAITEMENT, DE TRANSFORMATION, DE CONDITIONNEMENT ET OU CONSERVATION DES PRODUITS ET SOUS PRODUITS DE LA PECHE"
RAISSMER,ZI LOT 32 ET 33 DAKHLA,DAKHLA,3223,CONGELATION,"ETABLISSEMENTS OU ENTREPRISES DE PRODUCTION, DE TRAITEMENT, DE TRANSFORMATION, DE CONDITIONNEMENT ET OU CONSERVATION DES PRODUITS ET SOUS PRODUITS DE LA PECHE"
RAOIHANE,RUE ASSINAA QUARTIER INDUSTRIEL ANZA AGADIR,AGADIR,2580,CONGELATION,"ETABLISSEMENTS OU ENTREPRISES DE PRODUCTION, DE TRAITEMENT, DE TRANSFORMATION, DE CONDITIONNEMENT ET OU CONSERVATION DES PRODUITS ET SOUS PRODUITS DE LA PECHE"
RAYLO,RUE ALMILAHA Q I D'ANZA,AGADIR,PP.25.0219.19,DECORTICAGE ET MARINADE DES CREVETTESET CONGELATION DU JUS DE L'EXTRAIT DES ISSUES DE DECOPRTICAGEDES CREVETTES,"ETABLISSEMENTS OU ENTREPRISES DE PRODUCTION, DE TRAITEMENT, DE TRANSFORMATION, DE CONDITIONNEMENT ET OU CONSERVATION DES PRODUITS ET SOUS PRODUITS DE LA PECHE"
REGIE AUTONOME DES FRIGORIFIQUES DE CASABLANCA,"AVENUE 10 MARS SIDI OTHMAN, CASABLANCA",CASABLANCA,PEF.5.0067.15,ENTREPOSAGE,ENTREPOSAGE DES PRODUITS DE LA PECHE SOUS TEMPERATURE DIRIGEE Y COMPRIS LES COQUILLAGES
REINA D’EL COSTA,KHALIL II RUE 4 N 97 LA VILETTE CASABLANCA,CASABLANCA,1393,CONDITIONNEMENT DES PRODUITS DE LA PECHE A L'ETAT FRAIS,"ETABLISSEMENTS OU ENTREPRISES DE PRODUCTION, DE TRAITEMENT, DE TRANSFORMATION, DE CONDITIONNEMENT ET OU CONSERVATION DES PRODUITS ET SOUS PRODUITS DE LA PECHE"
REKTA KRIFA,RUE PRESIDENT BEKKAI Q.I AGADIR,AGADIR,2022,CONGELATION,"ETABLISSEMENTS OU ENTREPRISES DE PRODUCTION, DE TRAITEMENT, DE TRANSFORMATION, DE CONDITIONNEMENT ET OU CONSERVATION DES PRODUITS ET SOUS PRODUITS DE LA PECHE"
RESTAURANT LANGOS,"DOUAR LAHFARI, COMMUNE RURALE MEJATIA OULED TALEB MEDIOUNA CASABLANCA",CASABLANCA,PP.8.0048.15,CONGELATION,"ETABLISSEMENTS OU ENTREPRISES DE PRODUCTION, DE TRAITEMENT, DE TRANSFORMATION, DE CONDITIONNEMENT ET OU CONSERVATION DES PRODUITS ET SOUS PRODUITS DE LA PECHE"
RESTINGA MAR,"Z.I N° 18 BP 77 SELOUANE, PR DE NADOR",NADOR,3192,"CONGELATION, CONDITIONNEMENT DES PRODUITS DE LA PECHE A L'ETAT FRAIS, MARINADE, PREPARATION DE POISSON SALE CONGELE, CUISSON DE POULPE ET CONGELATION DE POULPE CUIT","ETABLISSEMENTS OU ENTREPRISES DE PRODUCTION, DE TRAITEMENT, DE TRANSFORMATION, DE CONDITIONNEMENT ET OU CONSERVATION DES PRODUITS ET SOUS PRODUITS DE LA PECHE"
REYTE MAROC,STALLE N 8 PORT DE PECHE CASABLANCA,CASABLANCA,1301,CONDITIONNEMENT DES PRODUITS DE LA PECHE A L'ETAT FRAIS,"ETABLISSEMENTS OU ENTREPRISES DE PRODUCTION, DE TRAITEMENT, DE TRANSFORMATION, DE CONDITIONNEMENT ET OU CONSERVATION DES PRODUITS ET SOUS PRODUITS DE LA PECHE"
RGUIMAR QUESADA,LOTS 41 ZONE INDUSTRIELLE BP 808 SAFI,SAFI,5108,CONDITIONNEMENT DES PRODUITS DE LA PECHE A L'ETAT FRAIS,"ETABLISSEMENTS OU ENTREPRISES DE PRODUCTION, DE TRAITEMENT, DE TRANSFORMATION, DE CONDITIONNEMENT ET OU CONSERVATION DES PRODUITS ET SOUS PRODUITS DE LA PECHE"
RIJAL SAKIA AL HAMRA,ZI LOTS 181-192 ESSALAM DAKHLA,DAKHLA,3400,CONGELATION,"ETABLISSEMENTS OU ENTREPRISES DE PRODUCTION, DE TRAITEMENT, DE TRANSFORMATION, DE CONDITIONNEMENT ET OU CONSERVATION DES PRODUITS ET SOUS PRODUITS DE LA PECHE"
RIJAL SAKIA EL HAMRA,ZONE INDUSTRIELLE EL MRSA LAAYOUNE,LAAYOUNE,PP.71.0027.14,CONGELATION ET FILETAGE,"ETABLISSEMENTS OU ENTREPRISES DE PRODUCTION, DE TRAITEMENT, DE TRANSFORMATION, DE CONDITIONNEMENT ET OU CONSERVATION DES PRODUITS ET SOUS PRODUITS DE LA PECHE"
RIO EXPORT,QI HAY ES SALAM DAKHLA NOUVEAU QI,DAKHLA,2914,CONGELATION,"ETABLISSEMENTS OU ENTREPRISES DE PRODUCTION, DE TRAITEMENT, DE TRANSFORMATION, DE CONDITIONNEMENT ET OU CONSERVATION DES PRODUITS ET SOUS PRODUITS DE LA PECHE"
RIO GLACE,LOT 99 /100 HAY ESSALAM DAKHLA,DAKHLA,3031,"CONGELATION DES PETITS PELAGIQUES, ETETAGE ET EVISCERATION ET PREPARATION DE LA PATE DE SARDINES ET MAQUEREAUX","ETABLISSEMENTS OU ENTREPRISES DE PRODUCTION, DE TRAITEMENT, DE TRANSFORMATION, DE CONDITIONNEMENT ET OU CONSERVATION DES PRODUITS ET SOUS PRODUITS DE LA PECHE"
SAFA SAMAK,19 LOT ENNACER AFOURER AZILAL,AZILAL,3939,ENTREPOSAGE,ENTREPOSAGE DES PRODUITS DE LA PECHE SOUS TEMPERATURE DIRIGEE Y COMPRIS LES COQUILLAGES
SAFI PESCADOS,LOT 33 Z.I SAFI,SAFI,PP.52.0108.16,CONDITIONNEMENT DES PRODUITS DE LA PECHE A L'ETAT FRAIS,"ETABLISSEMENTS OU ENTREPRISES DE PRODUCTION, DE TRAITEMENT, DE TRANSFORMATION, DE CONDITIONNEMENT ET OU CONSERVATION DES PRODUITS ET SOUS PRODUITS DE LA PECHE"
SAHARA SEALAN FOOD,N° 112 A2 ZONE INDUSTRIELLE TASSILA- INEZGANE-AIT MELLOUL,AGADIR,PP.26.0241.20,"CONDITIONNEMENT DES PRODUITS DE LA PECHE A L'ETAT FRAIS, CONGELATION ET FILETAGE DES PRODUITS DE LA PECHE ET STOCKAGE DE SES PROPRES PRODUITS DE LA PECHE A L'ETAT CONGELE","ETABLISSEMENTS OU ENTREPRISES DE PRODUCTION, DE TRAITEMENT, DE TRANSFORMATION, DE CONDITIONNEMENT ET OU CONSERVATION DES PRODUITS ET SOUS PRODUITS DE LA PECHE"
SAIF AL BAHR,"N° 43, RUE AL KHOUZAMA, QUARTIER LA GIRONDE CASABLANCA",CASABLANCA,PP.5.5446.18,CONDITIONNEMENT DES PRODUITS DE LA PECHE A L'ETAT FRAIS ET FILETAGE,"ETABLISSEMENTS OU ENTREPRISES DE PRODUCTION, DE TRAITEMENT, DE TRANSFORMATION, DE CONDITIONNEMENT ET OU CONSERVATION DES PRODUITS ET SOUS PRODUITS DE LA PECHE"
SAIF AL BAHR ENTREPOSAGE,"N° 43, RUE AL KHOUZAMA, QUARTIER LA GIRONDE CASABLANCA",CASABLANCA,PEF.5.0171.18,ENTREPOSAGE,ENTREPOSAGE DES PRODUITS DE LA PECHE SOUS TEMPERATURE DIRIGEE Y COMPRIS LES COQUILLAGES
SAITO,QI N° 35 TASSILLA D'CHEIRA EL JIHADIA INEZGANE AGADIR,AGADIR,2372,CONGELATION,"ETABLISSEMENTS OU ENTREPRISES DE PRODUCTION, DE TRAITEMENT, DE TRANSFORMATION, DE CONDITIONNEMENT ET OU CONSERVATION DES PRODUITS ET SOUS PRODUITS DE LA PECHE"
SALYM MENARA SERVICE,N° 9 ZONE INDUSTRIELLE AL MAAZOUZIA SIDI GHANEM MARRAKECH,MARRAKECH,PP.19.0105.16,CONDITIONNEMENT DES PRODUITS DE LA PECHE A L'ETAT FRAIS ET CONGELATION,"ETABLISSEMENTS OU ENTREPRISES DE PRODUCTION, DE TRAITEMENT, DE TRANSFORMATION, DE CONDITIONNEMENT ET OU CONSERVATION DES PRODUITS ET SOUS PRODUITS DE LA PECHE"
SALYM MENARA SERVICE 2,N°9 ZONE INDUSTRIELLE AL MAAZOUZIA SIDI GHANEM MARRAKECH,MARRAKECH,PEF.19.0106.16,ENTREPOSAGE,ENTREPOSAGE DES PRODUITS DE LA PECHE SOUS TEMPERATURE DIRIGEE Y COMPRIS LES COQUILLAGES
SAMAK ANWAL,N° 7 PORT DE BENI NSAR NADOR,NADOR,3191,CONGELATION,"ETABLISSEMENTS OU ENTREPRISES DE PRODUCTION, DE TRAITEMENT, DE TRANSFORMATION, DE CONDITIONNEMENT ET OU CONSERVATION DES PRODUITS ET SOUS PRODUITS DE LA PECHE"
SAMAK ANWAL,N° 7 PORT DE BENI NSAR NADOR,NADOR,PEF.50.0159.18,ENTREPOSAGE,ENTREPOSAGE DES PRODUITS DE LA PECHE SOUS TEMPERATURE DIRIGEE Y COMPRIS LES COQUILLAGES
SAMAK BEN PROJET,"ZI LOT 2263, LOTISSEMENT OULED ZAERS, AIN AOUDA",RABAT (AIN AOUDA),PP.1.0232.19,"CONDITIONNEMENT DES PRODUITS DE LA PECHE A L'ETAT FRAIS, ETETAGE ET EVISCERATION, FILETAGE, ET CONGELATION","ETABLISSEMENTS OU ENTREPRISES DE PRODUCTION, DE TRAITEMENT, DE TRANSFORMATION, DE CONDITIONNEMENT ET OU CONSERVATION DES PRODUITS ET SOUS PRODUITS DE LA PECHE"
SAMAK BEN PROJET ENTREPOSAGE,"ZI LOT 2263, LOTISSEMENT OULED ZAERS, AIN AOUDA",RABAT (AIN AOUDA),PEF.1.0233.19,ENTREPOSAGE,ENTREPOSAGE DES PRODUITS DE LA PECHE SOUS TEMPERATURE DIRIGEE Y COMPRIS LES COQUILLAGES
SAMARA,QUARTIER INDUSTRIEL ESSAOUIRA,ESSAOUIRA,4521,CONSERVE DE POISSON,"ETABLISSEMENTS OU ENTREPRISES DE PRODUCTION, DE TRAITEMENT, DE TRANSFORMATION, DE CONDITIONNEMENT ET OU CONSERVATION DES PRODUITS ET SOUS PRODUITS DE LA PECHE"
SAREX,ROUTE DU DJORF EL YOUDI BP 294 SAFI,SAFI,3516,CONSERVE DE POISSON,"ETABLISSEMENTS OU ENTREPRISES DE PRODUCTION, DE TRAITEMENT, DE TRANSFORMATION, DE CONDITIONNEMENT ET OU CONSERVATION DES PRODUITS ET SOUS PRODUITS DE LA PECHE"
SARGA FRIGO,ZI AVENUE MOHAMED V DAKHLA,DAKHLA,PP.74.2500.19,CONGELATION,"ETABLISSEMENTS OU ENTREPRISES DE PRODUCTION, DE TRAITEMENT, DE TRANSFORMATION, DE CONDITIONNEMENT ET OU CONSERVATION DES PRODUITS ET SOUS PRODUITS DE LA PECHE"
SARGA FRIGO II,ZI LOT N°1 DAKHLA,DAKHLA,3437,CONGELATION,"ETABLISSEMENTS OU ENTREPRISES DE PRODUCTION, DE TRAITEMENT, DE TRANSFORMATION, DE CONDITIONNEMENT ET OU CONSERVATION DES PRODUITS ET SOUS PRODUITS DE LA PECHE"
SAVEUR DE L'OCEAN,ROUTE DE TETOUAN Z I 3éme RUE N° 85 90000 TANGER,TANGER,4577,SEMI-CONSERVE,"ETABLISSEMENTS OU ENTREPRISES DE PRODUCTION, DE TRAITEMENT, DE TRANSFORMATION, DE CONDITIONNEMENT ET OU CONSERVATION DES PRODUITS ET SOUS PRODUITS DE LA PECHE"
SCANDIMAR,LOT 14 ZI SUD OUEST MOHAMMEDIA,MOHAMMADIA,4188,"CONGELATION, Conditionnement des produits de la pêche à l'état frais, Fumage, Séchage, congélation de la chair de crabe cuite, Emulsion de poisson en conserve, boulettes de poisson en conserve et Terrine de poisson en semiconserve","ETABLISSEMENTS OU ENTREPRISES DE PRODUCTION, DE TRAITEMENT, DE TRANSFORMATION, DE CONDITIONNEMENT ET OU CONSERVATION DES PRODUITS ET SOUS PRODUITS DE LA PECHE"
SELECT FISH,"LOT N° B775 QUARTIER 9INDUSTRIEL, INZGANE-AIT MELLOUL",AGADIR,PP.26.0246.20,CONDITIONNEMENT ET FILETAGE DE POISSON FRAIS,"ETABLISSEMENTS OU ENTREPRISES DE PRODUCTION, DE TRAITEMENT, DE TRANSFORMATION, DE CONDITIONNEMENT ET OU CONSERVATION DES PRODUITS ET SOUS PRODUITS DE LA PECHE"
SEPOMER SAHARA 2,"ZONE INDUSTRIELLE EL MARSA,LAAYOUNE",LAAYOUNE,PP.71.0185.18,HUILE DE POISSON A CONSOMMATION HUMAINE,"ETABLISSEMENTS OU ENTREPRISES DE PRODUCTION, DE TRAITEMENT, DE TRANSFORMATION, DE CONDITIONNEMENT ET OU CONSERVATION DES PRODUITS ET SOUS PRODUITS DE LA PECHE"
SCERO,"ZONE INDUSTRIELLE, ROUTE DE DJORF ELYOUDI SAFI",SAFI,PP.52.0016.14,CONSERVE DE POISSON,"ETABLISSEMENTS OU ENTREPRISES DE PRODUCTION, DE TRAITEMENT, DE TRANSFORMATION, DE CONDITIONNEMENT ET OU CONSERVATION DES PRODUITS ET SOUS PRODUITS DE LA PECHE"
SERCODA,ZI N 1 DAKHLA,DAKHLA,2381,CONGELATION,"ETABLISSEMENTS OU ENTREPRISES DE PRODUCTION, DE TRAITEMENT, DE TRANSFORMATION, DE CONDITIONNEMENT ET OU CONSERVATION DES PRODUITS ET SOUS PRODUITS DE LA PECHE"
SHRIMPALIDA,12 Z.I OUJDA,OUJDA,4275,DECORTICAGE DES CREVETTES,"ETABLISSEMENTS OU ENTREPRISES DE PRODUCTION, DE TRAITEMENT, DE TRANSFORMATION, DE CONDITIONNEMENT ET OU CONSERVATION DES PRODUITS ET SOUS PRODUITS DE LA PECHE"
SHRIMPMADELEINE,"Z.I N° 40 BP 6000 SELOUANE,NADOR",NADOR,6099,DECORTICAGE DES CREVETTES ET CONGELATION DES CREVETTES DECORTIQUESET CONGELATION DU CALAMAR,"ETABLISSEMENTS OU ENTREPRISES DE PRODUCTION, DE TRAITEMENT, DE TRANSFORMATION, DE CONDITIONNEMENT ET OU CONSERVATION DES PRODUITS ET SOUS PRODUITS DE LA PECHE"
SIALCO,QI ANZA BP 6294 ANZA 80002 AGADIR,AGADIR,1898,SEMI-CONSERVE,"ETABLISSEMENTS OU ENTREPRISES DE PRODUCTION, DE TRAITEMENT, DE TRANSFORMATION, DE CONDITIONNEMENT ET OU CONSERVATION DES PRODUITS ET SOUS PRODUITS DE LA PECHE"
BINEG,ANCIEN PORT D'AGADIR,AGADIR,PP.25.3976.20,CONGELATION ET ENTREPOSAGE,"ETABLISSEMENTS OU ENTREPRISES DE PRODUCTION, DE TRAITEMENT, DE TRANSFORMATION, DE CONDITIONNEMENT ET OU CONSERVATION DES PRODUITS ET SOUS PRODUITS DE LA PECHE"
SIGMA PECHE,PORT DE PECHE D'AGADIR,AGADIR,2824,CONGELATION,"ETABLISSEMENTS OU ENTREPRISES DE PRODUCTION, DE TRAITEMENT, DE TRANSFORMATION, DE CONDITIONNEMENT ET OU CONSERVATION DES PRODUITS ET SOUS PRODUITS DE LA PECHE"
SILVER FOOD,DOUAR BOUHALA COMMUNE DE SAHEL OULED HARIZ BERRACHID,CASABLANCA,4123,CONSERVE DE POISSON,"ETABLISSEMENTS OU ENTREPRISES DE PRODUCTION, DE TRAITEMENT, DE TRANSFORMATION, DE CONDITIONNEMENT ET OU CONSERVATION DES PRODUITS ET SOUS PRODUITS DE LA PECHE"
SIMACOM,"LOT 85 SECTEUR 13S, ZI OUELED SALEH, NOUACEUR-CASABLANCA",CASABLANCA,PEF.7.0230.19,ENTREPOSAGE,ENTREPOSAGE DES PRODUITS DE LA PECHE SOUS TEMPERATURE DIRIGEE Y COMPRIS LES COQUILLAGES
SIMPA,"16 RUE DE TINGHIRT, ROCHE NOIRE, AÏN SEBAA, CASABLANCA ZONE INDUSTRIELLE",CASABLANCA,3711,CONSERVE DE POISSON ET SEMI CONSERVE,"ETABLISSEMENTS OU ENTREPRISES DE PRODUCTION, DE TRAITEMENT, DE TRANSFORMATION, DE CONDITIONNEMENT ET OU CONSERVATION DES PRODUITS ET SOUS PRODUITS DE LA PECHE"
SINGLE FISHERIE EL KHALIFA,ZI LOTS 207 ET 208 DAKHLA,DAKHLA,3458,CONGELATION,"ETABLISSEMENTS OU ENTREPRISES DE PRODUCTION, DE TRAITEMENT, DE TRANSFORMATION, DE CONDITIONNEMENT ET OU CONSERVATION DES PRODUITS ET SOUS PRODUITS DE LA PECHE"
SJOVIK MOROCCO S.A,ZONE INDUSTRIELLE ESALAM DAKHLA,DAKHLA,3120,CONGELATION,"ETABLISSEMENTS OU ENTREPRISES DE PRODUCTION, DE TRAITEMENT, DE TRANSFORMATION, DE CONDITIONNEMENT ET OU CONSERVATION DES PRODUITS ET SOUS PRODUITS DE LA PECHE"
SMOCO,Z.I HAY ESSALAM DAKHLA,DAKHLA,3110,CONGELATION,"ETABLISSEMENTS OU ENTREPRISES DE PRODUCTION, DE TRAITEMENT, DE TRANSFORMATION, DE CONDITIONNEMENT ET OU CONSERVATION DES PRODUITS ET SOUS PRODUITS DE LA PECHE"
SOBIFISH,Z.I HAY ESSALAM DAKHLA,DAKHLA,PP.74.0187.18,EVISCERATION ET CONGELATION,"ETABLISSEMENTS OU ENTREPRISES DE PRODUCTION, DE TRAITEMENT, DE TRANSFORMATION, DE CONDITIONNEMENT ET OU CONSERVATION DES PRODUITS ET SOUS PRODUITS DE LA PECHE"
SOCCOPO,"LOT N° 80 ZONE INDUSTRIELLE,PORT DE LAAYOUNE BP 52",LAAYOUNE,2908,CONGELATION,"ETABLISSEMENTS OU ENTREPRISES DE PRODUCTION, DE TRAITEMENT, DE TRANSFORMATION, DE CONDITIONNEMENT ET OU CONSERVATION DES PRODUITS ET SOUS PRODUITS DE LA PECHE"
SOCIETE DE CONGELATION EL MOSTAKIM,LOT 110 ZONE INDUSTRIELLE EL MARSA LAAYOUNE,LAAYOUNE,PP.71.3335.18,CONGELATION,"ETABLISSEMENTS OU ENTREPRISES DE PRODUCTION, DE TRAITEMENT, DE TRANSFORMATION, DE CONDITIONNEMENT ET OU CONSERVATION DES PRODUITS ET SOUS PRODUITS DE LA PECHE"
SOCOPTER,PARCELLE 81 NOUVEAU PORT BP 1798 AGADIR,AGADIR,2330,CONGELATION,"ETABLISSEMENTS OU ENTREPRISES DE PRODUCTION, DE TRAITEMENT, DE TRANSFORMATION, DE CONDITIONNEMENT ET OU CONSERVATION DES PRODUITS ET SOUS PRODUITS DE LA PECHE"
SOGSACO,"ZONE INDUSTRIEL,PORT DE LAAYOUNE",LAAYOUNE,PP.71.0161.18,CONDITIONNEMENT DES PRODUITS DE LA PECHE A L'ETAT FRAIS ET CONGELATION,"ETABLISSEMENTS OU ENTREPRISES DE PRODUCTION, DE TRAITEMENT, DE TRANSFORMATION, DE CONDITIONNEMENT ET OU CONSERVATION DES PRODUITS ET SOUS PRODUITS DE LA PECHE"
SOGENCO I,ROUTE DU JORF EL YOUDI BP 56 SAFI,SAFI,1905,CONSERVE DE POISSON,"ETABLISSEMENTS OU ENTREPRISES DE PRODUCTION, DE TRAITEMENT, DE TRANSFORMATION, DE CONDITIONNEMENT ET OU CONSERVATION DES PRODUITS ET SOUS PRODUITS DE LA PECHE"
SOGENCO II,ROUTE DU JORF EL YOUDI BP 56 SAFI,SAFI,1638,CONSERVE DE POISSON,"ETABLISSEMENTS OU ENTREPRISES DE PRODUCTION, DE TRAITEMENT, DE TRANSFORMATION, DE CONDITIONNEMENT ET OU CONSERVATION DES PRODUITS ET SOUS PRODUITS DE LA PECHE"
SOGLAMA,PARCELLE N° 2 NOUVEAU PORT D'AGADIR,AGADIR,6225,SEMI-CONSERVE,"ETABLISSEMENTS OU ENTREPRISES DE PRODUCTION, DE TRAITEMENT, DE TRANSFORMATION, DE CONDITIONNEMENT ET OU CONSERVATION DES PRODUITS ET SOUS PRODUITS DE LA PECHE"
SOLACOP,NOUVELLE ZI LOT N 87 DAKHLA,DAKHLA,3210,CONGELATION DES PRODUITS DE LA PECHE ET FILETAGE,"ETABLISSEMENTS OU ENTREPRISES DE PRODUCTION, DE TRAITEMENT, DE TRANSFORMATION, DE CONDITIONNEMENT ET OU CONSERVATION DES PRODUITS ET SOUS PRODUITS DE LA PECHE"
SOLICOMA,RUE DE L'OCEAN QUARTIER INDUSTRIEL ANZA AGADIR 80090 AGADIR,AGADIR,4696,"CONGELATION, ETEVISCERATION ET FILETAGE","ETABLISSEMENTS OU ENTREPRISES DE PRODUCTION, DE TRAITEMENT, DE TRANSFORMATION, DE CONDITIONNEMENT ET OU CONSERVATION DES PRODUITS ET SOUS PRODUITS DE LA PECHE"
SOLICOMA III,QUARTIER INDUSTRIEL ANZA AGADIR,AGADIR,PEF.25.0177.18,ENTREPOSAGE,ENTREPOSAGE DES PRODUITS DE LA PECHE SOUS TEMPERATURE DIRIGEE Y COMPRIS LES COQUILLAGES
SOMAFACO,"KM 10.500 ROUTE D'ELJADIDA, LISSASFA 20230 CASABLANCA",CASABLANCA,1518,CHARCUTERIE A BASE DE SURIMI DE POISSON CONGELE,"ETABLISSEMENTS OU ENTREPRISES DE PRODUCTION, DE TRAITEMENT, DE TRANSFORMATION, DE CONDITIONNEMENT ET OU CONSERVATION DES PRODUITS ET SOUS PRODUITS DE LA PECHE"
SOMAFISH,"NOT 44 – 46, NOUVEAU PORT D'AGADIR",AGADIR,3665,"CONDITIONNEMENT DES PRODUITS DE LA PECHE A L'ETAT FRAIS, CONGELATION, FILETAGE, FUMAGE DU POISSON ISSU DE LA PECHE ET DE L'AQUACULTURE, ENTREPOSAGE ET PREPARARTION DE BURGERS DE POISSONS CONGELES, DE BOULETTES DE POISSON CONGELES ET DU MERGUEZ","ETABLISSEMENTS OU ENTREPRISES DE PRODUCTION, DE TRAITEMENT, DE TRANSFORMATION, DE CONDITIONNEMENT ET OU CONSERVATION DES PRODUITS ET SOUS PRODUITS DE LA PECHE ENTREPOSAGE DES PRODUITS DE LA PECHE SOUS TEMPERATURE DIRIGEE Y COMPRIS LES COQUILLAGES"
SOMECOP,ZONE INDUSTRIELLE LOTISSEMENT 38 ROUTE DE MARTIL TETOUAN,M'DIQ,1795,"CONDITIONNEMENT DES PRODUITS DE LA PECHE A L'ETAT FRAIS, CONGELATION, FILETAGE, SEMI- CONSERVE, CUISSON DE POISSON, DECORTICAGE ET CONGELATION DES OURSINS DE MER, DECORTICAGE DE L'ENGOUSTINE CONGELEE ET PRE-CUISSON ET CONGELATION DES ANEMONES DE MER","ETABLISSEMENTS OU ENTREPRISES DE PRODUCTION, DE TRAITEMENT, DE TRANSFORMATION, DE CONDITIONNEMENT ET OU CONSERVATION DES PRODUITS ET SOUS PRODUITS DE LA PECHE"
SOMECOP 2,NOUVEAU PORT DE TANGER,TANGER,PP.34.0197.19,CONDITIONNEMENT DES PRODUITS DE LA PECHE A L'ETAT FRAIS,"ETABLISSEMENTS OU ENTREPRISES DE PRODUCTION, DE TRAITEMENT, DE TRANSFORMATION, DE CONDITIONNEMENT ET OU CONSERVATION DES PRODUITS ET SOUS PRODUITS DE LA PECHE"
SOMERPIP II,ZONE INDUSTRIELLE D'EL JADIDA LOT 266,EL JADIDA,4645,CONDITIONNEMENT DES PRODUITS DE LA PECHE A L'ETAT FRAIS,"ETABLISSEMENTS OU ENTREPRISES DE PRODUCTION, DE TRAITEMENT, DE TRANSFORMATION, DE CONDITIONNEMENT ET OU CONSERVATION DES PRODUITS ET SOUS PRODUITS DE LA PECHE"
SOPCODA,"Z.I. EXTRA PORTUAIRE BP 217, EL OUATIA, TANTAN PLAGE",TAN TAN,3748,CONGELATION,"ETABLISSEMENTS OU ENTREPRISES DE PRODUCTION, DE TRAITEMENT, DE TRANSFORMATION, DE CONDITIONNEMENT ET OU CONSERVATION DES PRODUITS ET SOUS PRODUITS DE LA PECHE"
SOPIMAS,LOT B 37 Z I PORT DE LAAYOUNE,LAAYOUNE,PP.71.3702.19,CONDITIONNEMENT DES PRODUITS DE LA PECHA A L'ETAT FRAIS ETCONGELATION,"ETABLISSEMENTS OU ENTREPRISES DE PRODUCTION, DE TRAITEMENT, DE TRANSFORMATION, DE CONDITIONNEMENT ET OU CONSERVATION DES PRODUITS ET SOUS PRODUITS DE LA PECHE"
SOSAFRED,ZI ESSALAM DAKHLA,DAKHLA,3282,CONGELATION,"ETABLISSEMENTS OU ENTREPRISES DE PRODUCTION, DE TRAITEMENT, DE TRANSFORMATION, DE CONDITIONNEMENT ET OU CONSERVATION DES PRODUITS ET SOUS PRODUITS DE LA PECHE"
SOTRA PECHE,NOUVELLE ZI LOT 69 ET 71 DAKHLA,DAKHLA,3363,CONGELATION,"ETABLISSEMENTS OU ENTREPRISES DE PRODUCTION, DE TRAITEMENT, DE TRANSFORMATION, DE CONDITIONNEMENT ET OU CONSERVATION DES PRODUITS ET SOUS PRODUITS DE LA PECHE"
SOTRAGEL CONGELATION,BP N° 62 ZONE INDUSTRIELLE EL MARSA LAAYOUNE,LAAYOUNE,PP.71.0126.17,"CONDITIONNEMENT POISSON FRAIS, CONGELATION ET FILETAGE","ETABLISSEMENTS OU ENTREPRISES DE PRODUCTION, DE TRAITEMENT, DE TRANSFORMATION, DE CONDITIONNEMENT ET OU CONSERVATION DES PRODUITS ET SOUS PRODUITS DE LA PECHE"
FRESH CORP MOROCCO (SOTRET),"COMMUNE OUELD SEBBAH, HANGAR N°3 EL GARA BERCHID",BERRECHID,PP.59.6092.20,"CONDITIONNEMENT DES PRODUITS DE LA PECHE A L'ETAT FRAIS, CONGELATION, ENTREPOSAGE ET PLATS CUISINES","ETABLISSEMENTS OU ENTREPRISES DE PRODUCTION, DE TRAITEMENT, DE TRANSFORMATION, DE CONDITIONNEMENT ET OU CONSERVATION DES PRODUITS ET SOUS PRODUITS DE LA PECHE"
SOUFISH,PORT DE PECHE SE BENI ENSAR NADOR,NADOR,PP.50.0196.18,CONDITIONNEMENT DES PRODUITS DE LA PECHE A L'ETAT FRAIS ET CONGELATION,"ETABLISSEMENTS OU ENTREPRISES DE PRODUCTION, DE TRAITEMENT, DE TRANSFORMATION, DE CONDITIONNEMENT ET OU CONSERVATION DES PRODUITS ET SOUS PRODUITS DE LA PECHE"
SOUSS POISSONS,"Avenue Alfarabi, lot D4 ZI Tassila Dceira- Inzegane AIT Melloul",AGADIR,PP.26.0201.19,CONGELATION ET FILETAGE,"ETABLISSEMENTS OU ENTREPRISES DE PRODUCTION, DE TRAITEMENT, DE TRANSFORMATION, DE CONDITIONNEMENT ET OU CONSERVATION DES PRODUITS ET SOUS PRODUITS DE LA PECHE"
SOVAPEC,PORT DE PECHE DE TAN TAN,TAN TAN,4971,HUILE DE POISSON A CONSOMMATION HUMAINE,"ETABLISSEMENTS OU ENTREPRISES DE PRODUCTION, DE TRAITEMENT, DE TRANSFORMATION, DE CONDITIONNEMENT ET OU CONSERVATION DES PRODUITS ET SOUS PRODUITS DE LA PECHE"
SOZACOP,QI HAY ES SALAM DAKHLA OU NOUVELLE ZI DAKHLA,DAKHLA,2939,CONGELATION,"ETABLISSEMENTS OU ENTREPRISES DE PRODUCTION, DE TRAITEMENT, DE TRANSFORMATION, DE CONDITIONNEMENT ET OU CONSERVATION DES PRODUITS ET SOUS PRODUITS DE LA PECHE"
SP.MAR,"Z.I ROUTE DE DJORF EL YOUDI,SAFI",SAFI,PP.52.0107.16,CONDITIONNEMENT DES PRODUITS DE LA PECHE A L'ETAT FRAIS,"ETABLISSEMENTS OU ENTREPRISES DE PRODUCTION, DE TRAITEMENT, DE TRANSFORMATION, DE CONDITIONNEMENT ET OU CONSERVATION DES PRODUITS ET SOUS PRODUITS DE LA PECHE"
SUPER CONGEL,QI HAY ES SALAM DAKHLA NOUVELLE ZI,DAKHLA,2921,"ETETAGE, EVISCERATION, CONGELATION DES PETITS PELAGIQUES ET CONDITIONNEMENT DES PRODUITS DE L'AQUACULTURE FRAIS","ETABLISSEMENTS OU ENTREPRISES DE PRODUCTION, DE TRAITEMENT, DE TRANSFORMATION, DE CONDITIONNEMENT ET OU CONSERVATION DES PRODUITS ET SOUS PRODUITS DE LA PECHE"
SYNEDAKH,ZONE INDUSTRIELLE HAY ESSALAM DAKHLA,DAKHLA,PP.74.2599.18,CONDITIONNEMENT DES PRODUITS DE LA PECHE A L'ETAT FRAIS,"ETABLISSEMENTS OU ENTREPRISES DE PRODUCTION, DE TRAITEMENT, DE TRANSFORMATION, DE CONDITIONNEMENT ET OU CONSERVATION DES PRODUITS ET SOUS PRODUITS DE LA PECHE"
TAJMID FISH,ZI MOULAY RACHID RUE 3 LOT 124 CASABLANCA,CASABLANCA,3746,CONGELATION,"ETABLISSEMENTS OU ENTREPRISES DE PRODUCTION, DE TRAITEMENT, DE TRANSFORMATION, DE CONDITIONNEMENT ET OU CONSERVATION DES PRODUITS ET SOUS PRODUITS DE LA PECHE"
TAM,BD DES ZENETAS ET HASSAN II. MOHAMMEDIA,MOHAMMADIA,2723,CONSERVE DE POISSON,"ETABLISSEMENTS OU ENTREPRISES DE PRODUCTION, DE TRAITEMENT, DE TRANSFORMATION, DE CONDITIONNEMENT ET OU CONSERVATION DES PRODUITS ET SOUS PRODUITS DE LA PECHE"
TAN TAN FRIGO,Lot n° 6 ZONE INDUSTRIELLE HAY ESSALAM DAKHLA,DAKHLA,PP.74.0229.19,"ETETAGE, EVISCERATION ET CONGELATION","ETABLISSEMENTS OU ENTREPRISES DE PRODUCTION, DE TRAITEMENT, DE TRANSFORMATION, DE CONDITIONNEMENT ET OU CONSERVATION DES PRODUITS ET SOUS PRODUITS DE LA PECHE"
TARIFET DOS MAR,PORT DE MEHDIA KENITRA,KENITRA,PP.60.0089.16,CONDITIONNEMENT DES PRODUITS DE LA PECHE A L'ETAT FRAIS,"ETABLISSEMENTS OU ENTREPRISES DE PRODUCTION, DE TRAITEMENT, DE TRANSFORMATION, DE CONDITIONNEMENT ET OU CONSERVATION DES PRODUITS ET SOUS PRODUITS DE LA PECHE"
TAYART FRIGO,RUE OUED ESDDAHAB N° 5 DAKHLA,DAKHLA,3224,CONGELATION,"ETABLISSEMENTS OU ENTREPRISES DE PRODUCTION, DE TRAITEMENT, DE TRANSFORMATION, DE CONDITIONNEMENT ET OU CONSERVATION DES PRODUITS ET SOUS PRODUITS DE LA PECHE"
TAZA FOOD SERVICES SARL,"LOT 81,82,83,84,85 ZONE INDUSTRIELLE 2 TAZA",TAZA,PP.42.0069.15,DECORTICAGE DES CREVETTES,"ETABLISSEMENTS OU ENTREPRISES DE PRODUCTION, DE TRAITEMENT, DE TRANSFORMATION, DE CONDITIONNEMENT ET OU CONSERVATION DES PRODUITS ET SOUS PRODUITS DE LA PECHE"
TAZA FOOD SERVICES SARL,"LOT 81,82,83,84,85 ZONEINDUSTRIELLE 2 TAZA",TAZA,PEF.42.0070.15,ENTREPOSAGE,ENTREPOSAGE DES PRODUITS DE LA PECHE SOUS TEMPERATURE DIRIGEE Y COMPRIS LES COQUILLAGES
TECHLA,Z I Hay SalamDAKHLA,DAKHLA,3397,"ETETAGE, EVISCERATION ET CONGELATION DES PETITS PELAGIQUES","ETABLISSEMENTS OU ENTREPRISES DE PRODUCTION, DE TRAITEMENT, DE TRANSFORMATION, DE CONDITIONNEMENT ET OU CONSERVATION DES PRODUITS ET SOUS PRODUITS DE LA PECHE"
THALASSA PRODUCTS,PARCELLE N° 9 NOUVEAU PORT AGADIR,AGADIR,2742,CONGELATION,"ETABLISSEMENTS OU ENTREPRISES DE PRODUCTION, DE TRAITEMENT, DE TRANSFORMATION, DE CONDITIONNEMENT ET OU CONSERVATION DES PRODUITS ET SOUS PRODUITS DE LA PECHE"
TICHNA PECHE,N° 209 210 ZONE INDUSTRIELLE ESSALAM DAKHLA,DAKHLA,PP.74.2582.18,EVISCERATION ET CONGELATION,"ETABLISSEMENTS OU ENTREPRISES DE PRODUCTION, DE TRAITEMENT, DE TRANSFORMATION, DE CONDITIONNEMENT ET OU CONSERVATION DES PRODUITS ET SOUS PRODUITS DE LA PECHE"
TIRES MER,85 QI HAY ES SALAM DAKHLA ZI HAY ESSALAM,DAKHLA,3009,CONGELATION,"ETABLISSEMENTS OU ENTREPRISES DE PRODUCTION, DE TRAITEMENT, DE TRANSFORMATION, DE CONDITIONNEMENT ET OU CONSERVATION DES PRODUITS ET SOUS PRODUITS DE LA PECHE"
TISSIR PORT,LOT N° 32 ZONE INDUSTRIELLE EL MARSA PORT DE LAAYOUNE,LAAYOUNE,PP.71.5042.20,"CONGELATION DES PRODUITS DE LA PECHE, CONDITIONNEMENT DES PRODUITS DE LA PECHE A L'ETAT FRAIS ET FILETAGE","ETABLISSEMENTS OU ENTREPRISES DE PRODUCTION, DE TRAITEMENT, DE TRANSFORMATION, DE CONDITIONNEMENT ET OU CONSERVATION DES PRODUITS ET SOUS PRODUITS DE LA PECHE"
TK FISH,N 42 ZONE INDUSTRIELLE ROUTE DE MARTIL TETOUAN,M'DIQ,PP.40.2004.18,"CONDITIONNEMENT DES PRODUITS DE LA PECHE A L'ETAT FRAIS ET DECORTICAGE DES CREVETTES, SAUMURAGE DES CREVETTES DECORTIQUES, MARINADE, CONDITIONNEMENT DES PRODUITS DE L'AQUACULTURE, CONDITIONNEMENT ET TRANSFORMATION DES TRANCHES DE SAUMON FARCIES AU FROMAGE BLANC ET RECUPERATION ET CONDITIONNEMENT DE LA CARAPACE FRAICHE DES CREVETTES DESTINEE A LA CONSOMMATION HUMAINE ET CONGELATION DES CREVETTES","ETABLISSEMENTS OU ENTREPRISES DE PRODUCTION, DE TRAITEMENT, DE TRANSFORMATION, DE CONDITIONNEMENT ET OU CONSERVATION DES PRODUITS ET SOUS PRODUITS DE LA PECHE"
TOP QUALITY FISH SERVICE,PARCELLE N 8 NOUVEAU PORT AGADIR BP 5231,AGADIR,2503,SEMI-CONSERVE,"ETABLISSEMENTS OU ENTREPRISES DE PRODUCTION, DE TRAITEMENT, DE TRANSFORMATION, DE CONDITIONNEMENT ET OU CONSERVATION DES PRODUITS ET SOUS PRODUITS DE LA PECHE"
UNIMER / ETAMAR,11 ROUTE DE ZENATAS RUE L – AIN SEBAA CASABLANCA Q.I ANZA AGADIR BP 124,AGADIR,1654,CONSERVE DE POISSON,"ETABLISSEMENTS OU ENTREPRISES DE PRODUCTION, DE TRAITEMENT, DE TRANSFORMATION, DE CONDITIONNEMENT ET OU CONSERVATION DES PRODUITS ET SOUS PRODUITS DE LA PECHE"
UNIMER CNA 1,ROUTE ELL YOUDI SAFI BP 129 SAFI,SAFI,4138,CONSERVE DE POISSON,"ETABLISSEMENTS OU ENTREPRISES DE PRODUCTION, DE TRAITEMENT, DE TRANSFORMATION, DE CONDITIONNEMENT ET OU CONSERVATION DES PRODUITS ET SOUS PRODUITS DE LA PECHE"
UNIMER CNA 2,ROUTE DU JORF EL YOUDI BP 41 SAFI,SAFI,1061,CONSERVE DE POISSON,"ETABLISSEMENTS OU ENTREPRISES DE PRODUCTION, DE TRAITEMENT, DE TRANSFORMATION, DE CONDITIONNEMENT ET OU CONSERVATION DES PRODUITS ET SOUS PRODUITS DE LA PECHE"
UNIMER CNA 3,N° 4 RUE EL BAHARA BP 85 Q.I ANZA AGADIR,AGADIR,1592,CONSERVE DE POISSON,"ETABLISSEMENTS OU ENTREPRISES DE PRODUCTION, DE TRAITEMENT, DE TRANSFORMATION, DE CONDITIONNEMENT ET OU CONSERVATION DES PRODUITS ET SOUS PRODUITS DE LA PECHE"
UNIMER/ ETAMAR,ROUTE EL YOUDI BP 114 SAFI,SAFI,3530,CONSERVE DE POISSON,"ETABLISSEMENTS OU ENTREPRISES DE PRODUCTION, DE TRAITEMENT, DE TRANSFORMATION, DE CONDITIONNEMENT ET OU CONSERVATION DES PRODUITS ET SOUS PRODUITS DE LA PECHE"
UNIMER-MEHDIA,BP 228 PORT DE MEHDIA,KENITRA,1172,SEMI-CONSERVE,"ETABLISSEMENTS OU ENTREPRISES DE PRODUCTION, DE TRAITEMENT, DE TRANSFORMATION, DE CONDITIONNEMENT ET OU CONSERVATION DES PRODUITS ET SOUS PRODUITS DE LA PECHE"
UNION MAREE,"1, PLACE PRINCE SIDI MOHAMED BP 1544 CASA CARE 20300 SAFI",SAFI,1896,CONDITIONNEMENT DES PRODUITSS DE LA PECHE A L'ETAT FRAIS ET DES ŒUFS D'OURSINS,"ETABLISSEMENTS OU ENTREPRISES DE PRODUCTION, DE TRAITEMENT, DE TRANSFORMATION, DE CONDITIONNEMENT E T O U CONSERVATION DES PRODUITS ET SOUS PRODUITS DE LA PECHE"
UPA II,ROUTE EL YOUDI SAFI,SAFI,1897,CONSERVE DE POISSON,"ETABLISSEMENTS OU ENTREPRISES DE PRODUCTION, DE TRAITEMENT, DE TRANSFORMATION, DE CONDITIONNEMENT ET OU CONSERVATION DES PRODUITS ET SOUS PRODUITS DE LA PECHE"
UPA III,ROUTE EL YOUDI SAFI,SAFI,1433,CONSERVE DE POISSON,"ETABLISSEMENTS OU ENTREPRISES DE PRODUCTION, DE TRAITEMENT, DE TRANSFORMATION, DE CONDITIONNEMENT ET OU CONSERVATION DES PRODUITS ET SOUS PRODUITS DE LA PECHE"
VAL FISH,"LOT 113, ZONE INDUSTRIELLE EL MARSA, LAAYOUNE",LAAYOUNE,PP.71.0217.19,MARINADE DES PETITS PELAGIQUES ET CEPHALOPODES ET CONGELATION ET FILETAGE,"ETABLISSEMENTS OU ENTREPRISES DE PRODUCTION, DE TRAITEMENT, DE TRANSFORMATION, DE CONDITIONNEMENT ET OU CONSERVATION DES PRODUITS ET SOUS PRODUITS DE LA PECHE"
VALOFISH,PORT DE PECHE TANGER,TANGER,PP.34.3747.18,CONDITIONNEMENT DES PRODUITS DE LA PECHE A L'ETAT FRAIS,"ETABLISSEMENTS OU ENTREPRISES DE PRODUCTION, DE TRAITEMENT, DE TRANSFORMATION, DE CONDITIONNEMENT ET OU CONSERVATION DES PRODUITS ET SOUS PRODUITS DE LA PECHE"
VANELLI MAROC,QI AIT MELLOUL AGADIR,AGADIR,1363,SEMI-CONSERVE,"ETABLISSEMENTS OU ENTREPRISES DE PRODUCTION, DE TRAITEMENT, DE TRANSFORMATION, DE CONDITIONNEMENT ET OU CONSERVATION DES PRODUITS ET SOUS PRODUITS DE LA PECHE"
VITA MER,LOT N° 508 LOTISSEMENT AL MASSAR ROUTE DE SAFI MARRAKECH,MARRAKECH,PEF.19.0104.16,ENTREPOSAGE,ENTREPOSAGE DES PRODUITS DE LA PECHE SOUS TEMPERATURE DIRIGEE Y COMPRIS LES COQUILLAGES
VMM,"KM 9 ROUTE EL JADIDA, ZI DE LISSASFA. CASA 9 RUE SAINT EMILLON 20300 CASA",CASABLANCA,3305,CONSERVE DE POISSON,"ETABLISSEMENTS OU ENTREPRISES DE PRODUCTION, DE TRAITEMENT, DE TRANSFORMATION, DE CONDITIONNEMENT ET OU CONSERVATION DES PRODUITS ET SOUS PRODUITS DE LA PECHE"
VMM,"Z.I LISSASFA,KM 9,ROUTE EL JADIDA CASABLANCA",CASABLANCA,PEF.5.0054.15,ENTREPOSAGE,ENTREPOSAGE DES PRODUITS DE LA PECHE SOUS TEMPERATURE DIRIGEE Y COMPRIS LES COQUILLAGES
WELL FISHING,ZONE INDUSTRIELLE PORT LAAYOUNE,LAAYOUNE,2422,CONGELATION,"ETABLISSEMENTS OU ENTREPRISES DE PRODUCTION, DE TRAITEMENT, DE TRANSFORMATION, DE CONDITIONNEMENT ET OU CONSERVATION DES PRODUITS ET SOUS PRODUITS DE LA PECHE"
ZAKAMINE,zone industrielle PORTUAIRE-PORT DE BENI ENSAR,NADOR,PP.50.0268.20,DECORTICAGE DES CREVETTES,"ETABLISSEMENTS OU ENTREPRISES DE PRODUCTION, DE TRAITEMENT, DE TRANSFORMATION, DE CONDITIONNEMENT ET OU CONSERVATION DES PRODUITS ET SOUS PRODUITS DE LA PECHE"
FISHMARK,A62 ZI TASSILA INEZGANE AIT MEOUL AGADIR,AGADIR,PP.26.0169.18,CONDITIONNEMENT DES PRODUITS DE LA PECHE A L'ETAT FRAIS,"ETABLISSEMENTS OU ENTREPRISES DE PRODUCTION, DE TRAITEMENT, DE TRANSFORMATION, DE CONDITIONNEMENT ET OU CONSERVATION DES PRODUITS ET SOUS PRODUITS DE LA PECHE"
